{
  "durationSeconds": 18.000000000000902,
  "steps": 900,
  "survivalRate": 1.0,
  "fell": false,
  "motionCommand": [
    0.13111111111111284,
    0.02499999999999996,
    0.041666666666666664
  ],
  "meanMotionCommand": [
    0.13111111111111284,
    0.02499999999999996,
    0.041666666666666664
  ],
  "meanMeasuredMotion": [
    0.041667499727853934,
    0.012422361502754551,
    0.015573547301681426
  ],
  "planarVelocityTrackingError": 0.09032362153637791,
  "yawRateTrackingError": 0.026093119364985238,
  "meanVelocityTrackingError": 0.32411036508128516,
  "meanPlanarVelocityTrackingError": 0.21895107379983,
  "meanYawRateTrackingError": 0.18002758061260565,
  "meanUpright": 0.8925539717776367,
  "meanAbsolutePitchRad": 0.20976666407550862,
  "minimumPitchRad": -0.6347069051786498,
  "maximumPitchRad": 1.0411296058614832,
  "maximumBackwardPitchRad": 0.6347069051786498,
  "maximumAbsolutePitchRad": 1.0411296058614832,
  "maximumAbsolutePitchRateRadPerSec": 5.6934438997790044,
  "meanBodyTiltRad": 0.21849389279769854,
  "maximumBodyTiltRad": 1.0411296064250561,
  "initialBodyTiltRad": 0.0,
  "minimumBodyTiltRad": 0.0,
  "finalBodyTiltRad": 0.11100670076742489,
  "finalBaseHeightM": 0.4200797695273792,
  "selfRightingTask": true,
  "recoveryTriggered": true,
  "selfRightingSuccess": 1.0,
  "timeToStableStandSeconds": 5.479999999999401,
  "stableStandingDwellSeconds": 2.02,
  "finalStableStandingDwellSeconds": 0.0,
  "minimumJointLimitMarginRad": 0.02838196454511377,
  "disallowedCollisionSteps": 0,
  "meanEnergy": 166.52152803902646,
  "meanSmoothness": 111.6463162100252,
  "peakActuator": 8.0,
  "motionQualityFootEvidenceAvailable": true,
  "motionQualityContactThresholdNewton": 1.0,
  "meanJointJerkRadPerSec3": 18676.407035929817,
  "peakJointJerkRadPerSec3": 53950.942748760586,
  "meanBodyAngularJerkRadPerSec3": 1981.5852430331338,
  "peakBodyAngularJerkRadPerSec3": 14735.598911161858,
  "meanActionSlewRatePerSec": 403.70798608994613,
  "peakActionSlewRatePerSec": 800.0,
  "actuatorSaturationRate": 0.3701851851851851,
  "meanFootSlipSpeedMps": 0.052011647216583204,
  "peakFootSlipSpeedMps": 1.0807283034908644,
  "totalFootSlipDistanceM": 1.6404473532110326,
  "meanFootContactImpactNPerSec": 514.0963925165196,
  "peakFootContactImpactNPerSec": 14426.242001327671,
  "peakFootContactForceNewton": 288.5248400265534,
  "motionCommandSchedule": [
    {
      "atStep": 0,
      "atSeconds": 0.0,
      "command": [
        0.2,
        0.0,
        0.0
      ]
    },
    {
      "atStep": 400,
      "atSeconds": 8.0,
      "command": [
        0.2,
        0.0,
        0.0
      ]
    },
    {
      "atStep": 500,
      "atSeconds": 10.0,
      "command": [
        0.12,
        0.0,
        0.25
      ]
    },
    {
      "atStep": 650,
      "atSeconds": 13.0,
      "command": [
        0.0,
        0.15,
        0.0
      ]
    },
    {
      "atStep": 800,
      "atSeconds": 16.0,
      "command": [
        0.0,
        0.0,
        0.0
      ]
    }
  ],
  "transitionCount": 4,
  "transitions": [
    {
      "index": 1,
      "atStep": 400,
      "atSeconds": 8.0,
      "endStep": 500,
      "fromCommand": [
        0.2,
        0.0,
        0.0
      ],
      "toCommand": [
        0.2,
        0.0,
        0.0
      ],
      "sampleCount": 100,
      "peakPlanarTrackingError": 0.7957045051170968,
      "peakYawRateTrackingError": 0.5605975368562629,
      "terminalMeasuredMotion": [
        -0.0063247048457962295,
        0.0005559768485850706,
        0.024958349049192242
      ],
      "terminalPlanarTrackingError": 0.20632545393130994,
      "terminalYawRateTrackingError": 0.024958349049192242,
      "planarOvershootMps": 0.0,
      "yawRateOvershootRadPerSec": 0.0,
      "planarSettlingTimeSeconds": 2.0,
      "yawRateSettlingTimeSeconds": 0.26,
      "planarSettled": false,
      "yawRateSettled": true,
      "planarBraking": false
    },
    {
      "index": 2,
      "atStep": 500,
      "atSeconds": 10.0,
      "endStep": 650,
      "fromCommand": [
        0.2,
        0.0,
        0.0
      ],
      "toCommand": [
        0.12,
        0.0,
        0.25
      ],
      "sampleCount": 150,
      "peakPlanarTrackingError": 0.34240850290093594,
      "peakYawRateTrackingError": 0.7914431906562164,
      "terminalMeasuredMotion": [
        -0.009527571232859595,
        0.019291742250193172,
        0.0680444634407135
      ],
      "terminalPlanarTrackingError": 0.13095634016164093,
      "terminalYawRateTrackingError": 0.18195553655928648,
      "planarOvershootMps": 0.3383914844890813,
      "yawRateOvershootRadPerSec": 0.32527164440880096,
      "planarSettlingTimeSeconds": 3.0,
      "yawRateSettlingTimeSeconds": 2.98,
      "planarSettled": false,
      "yawRateSettled": true,
      "planarBraking": false
    },
    {
      "index": 3,
      "atStep": 650,
      "atSeconds": 13.0,
      "endStep": 800,
      "fromCommand": [
        0.12,
        0.0,
        0.25
      ],
      "toCommand": [
        0.0,
        0.15,
        0.0
      ],
      "sampleCount": 150,
      "peakPlanarTrackingError": 0.2606551971682126,
      "peakYawRateTrackingError": 0.6495917118543956,
      "terminalMeasuredMotion": [
        0.04975806953726651,
        0.01950657466186596,
        -0.19444453357051333
      ],
      "terminalPlanarTrackingError": 0.1396581524314088,
      "terminalYawRateTrackingError": 0.19444453357051333,
      "planarOvershootMps": 0.06978030853550281,
      "yawRateOvershootRadPerSec": 0.6495917118543956,
      "planarSettlingTimeSeconds": 3.0,
      "yawRateSettlingTimeSeconds": 2.48,
      "planarSettled": false,
      "yawRateSettled": true,
      "planarBraking": false
    },
    {
      "index": 4,
      "atStep": 800,
      "atSeconds": 16.0,
      "endStep": 900,
      "fromCommand": [
        0.0,
        0.15,
        0.0
      ],
      "toCommand": [
        0.0,
        0.0,
        0.0
      ],
      "sampleCount": 100,
      "peakPlanarTrackingError": 0.23463151052809753,
      "peakYawRateTrackingError": 0.6276731702847723,
      "terminalMeasuredMotion": [
        -0.0484366618576003,
        -0.0140820256171131,
        -0.023813405072771823
      ],
      "terminalPlanarTrackingError": 0.05044218133059416,
      "terminalYawRateTrackingError": 0.023813405072771823,
      "planarOvershootMps": 0.05720231472383536,
      "yawRateOvershootRadPerSec": 0.0,
      "planarSettlingTimeSeconds": 0.76,
      "yawRateSettlingTimeSeconds": 0.2,
      "planarSettled": true,
      "yawRateSettled": true,
      "planarBraking": true
    }
  ],
  "maximumTransitionTerminalPlanarTrackingError": 0.20632545393130994,
  "maximumTransitionTerminalYawRateTrackingError": 0.19444453357051333,
  "maximumPlanarSettlingTimeSeconds": 3.0,
  "maximumPlanarBrakingSettlingTimeSeconds": 0.76,
  "maximumYawRateSettlingTimeSeconds": 2.98,
  "maximumPlanarOvershootMps": 0.3383914844890813,
  "maximumYawRateOvershootRadPerSec": 0.6495917118543956,
  "unsettledPlanarTransitionCount": 3,
  "unsettledYawRateTransitionCount": 0,
  "initialBasePosition": [
    1.0179830559280731,
    0.14308442119829026,
    0.47629785310774786
  ],
  "finalBasePosition": [
    0.7601139862606283,
    0.21955199477938803,
    0.4200797695273792
  ],
  "netDisplacement": [
    -0.25786906966744483,
    0.07646757358109776,
    -0.05621808358036867
  ],
  "targetPlanarDisplacement": [
    0.76,
    0.44999999999999996
  ],
  "forwardDisplacement": -0.18293037053434524,
  "targetDistance": 0.8832326986700617,
  "forwardProgress": 0.0,
  "signedForwardProgress": -0.207114581253383,
  "backwardDisplacement": 0.18293037053434524,
  "meanForwardVelocity": -0.018293037053432874,
  "lateralDrift": 0.19718069488847348,
  "distanceTraveled": 2.9535034967977705,
  "episodeInitialBasePosition": [
    0.0,
    0.0,
    0.44
  ],
  "mobilityMeasurementStartedAtSeconds": 8.0,
  "recoveryEvaluationStartedAtSeconds": 2.7,
  "missionStageDurationsSeconds": {
    "approach": 2.48,