{
  "durationSeconds": 4.999999999999671,
  "steps": 250,
  "survivalRate": 1.0,
  "fell": false,
  "motionCommand": [
    0.25,
    0.0,
    0.0
  ],
  "meanMotionCommand": [
    0.25,
    0.0,
    0.0
  ],
  "meanMeasuredMotion": [
    -0.021613911512955136,
    1.2309091714350214e-13,
    2.230218295275761e-13
  ],
  "planarVelocityTrackingError": 0.2716139115129551,
  "yawRateTrackingError": 2.230218295275761e-13,
  "meanVelocityTrackingError": 0.27161391151295516,
  "meanPlanarVelocityTrackingError": 0.27161391151295516,
  "meanYawRateTrackingError": 7.731232125347258e-13,
  "meanUpright": 0.9427086187389265,
  "meanAbsolutePitchRad": 0.11465420588362757,
  "maximumAbsolutePitchRad": 0.18308796909564684,
  "maximumAbsolutePitchRateRadPerSec": 2.6160996654429307,
  "meanEnergy": 193.0360107350359,
  "meanSmoothness": 137.77097619320088,
  "peakActuator": 8.0,
  "motionCommandSchedule": [
    {
      "atStep": 0,
      "atSeconds": 0.0,
      "command": [
        0.25,
        0.0,
        0.0
      ]
    }
  ],
  "transitionCount": 0,
  "transitions": [],
  "maximumTransitionTerminalPlanarTrackingError": 0.0,
  "maximumTransitionTerminalYawRateTrackingError": 0.0,
  "maximumPlanarSettlingTimeSeconds": 0.0,
  "maximumPlanarBrakingSettlingTimeSeconds": 0.0,
  "maximumYawRateSettlingTimeSeconds": 0.0,
  "maximumPlanarOvershootMps": 0.0,
  "maximumYawRateOvershootRadPerSec": 0.0,
  "unsettledPlanarTransitionCount": 0,
  "unsettledYawRateTransitionCount": 0,
  "initialBasePosition": [
    0.0,
    0.0,
    0.44
  ],
  "finalBasePosition": [
    -0.1030577559046203,
    6.098309711916783e-13,
    0.4202850621395815
  ],
  "netDisplacement": [
    -0.1030577559046203,
    6.098309711916783e-13,
    -0.019714937860418502
  ],
  "targetPlanarDisplacement": [
    1.25,
    0.0
  ],
  "forwardDisplacement": -0.1030577559046203,
  "targetDistance": 1.25,
  "forwardProgress": 0.0,
  "signedForwardProgress": -0.08244620472369624,
  "backwardDisplacement": 0.1030577559046203,
  "meanForwardVelocity": -0.020611551180925412,
  "lateralDrift": 6.098309711916783e-13,
  "distanceTraveled": 0.20020091847795696
}
