{
  "terms": {
    "survival": 25.0,
    "velocityTracking": 15.728044352868217,
    "forwardProgress": 0.0,
    "upright": 14.140629281083898,
    "lateralDrift": -6.0983097119167835e-12,
    "transitionTracking": 0.0,
    "energy": -1.930360107350359,
    "smoothness": -0.6888548809660044,
    "componentMass": -1.5075,
    "sensorChannels": -5.3500000000000005,
    "trainingSteps": -0.0
  },
  "total": 45.39195864562965
}
