{
  "durationSeconds": 4.999999999999671,
  "steps": 250,
  "survivalRate": 1.0,
  "fell": false,
  "motionCommand": [
    0.25,
    0.0,
    0.0
  ],
  "meanMotionCommand": [
    0.25,
    0.0,
    0.0
  ],
  "meanMeasuredMotion": [
    0.10748203205253724,
    0.006552746846896012,
    1.9679198157491988e-05
  ],
  "planarVelocityTrackingError": 0.1426685307946834,
  "yawRateTrackingError": 1.9679198157491988e-05,
  "meanVelocityTrackingError": 0.16752700417351857,
  "meanPlanarVelocityTrackingError": 0.16303444482517457,
  "meanYawRateTrackingError": 0.024833314834642607,
  "meanUpright": 0.9208262235669183,
  "meanAbsolutePitchRad": 0.15866727589995852,
  "minimumPitchRad": -0.4156317277113088,
  "maximumPitchRad": -0.01433338519080677,
  "maximumBackwardPitchRad": 0.4156317277113088,
  "maximumAbsolutePitchRad": 0.4156317277113088,
  "maximumAbsolutePitchRateRadPerSec": 3.7464530206296116,
  "meanEnergy": 183.40163430611906,
  "meanSmoothness": 125.72831479054499,
  "peakActuator": 8.0,
  "motionCommandSchedule": [
    {
      "atStep": 0,
      "atSeconds": 0.0,
      "command": [
        0.25,
        0.0,
        0.0
      ]
    }
  ],
  "transitionCount": 0,
  "transitions": [],
  "maximumTransitionTerminalPlanarTrackingError": 0.0,
  "maximumTransitionTerminalYawRateTrackingError": 0.0,
  "maximumPlanarSettlingTimeSeconds": 0.0,
  "maximumPlanarBrakingSettlingTimeSeconds": 0.0,
  "maximumYawRateSettlingTimeSeconds": 0.0,
  "maximumPlanarOvershootMps": 0.0,
  "maximumYawRateOvershootRadPerSec": 0.0,
  "unsettledPlanarTransitionCount": 0,
  "unsettledYawRateTransitionCount": 0,
  "initialBasePosition": [
    0.0,
    0.0,
    0.44
  ],
  "finalBasePosition": [
    0.5359619416054828,
    0.03290815600147479,
    0.4190360182537983
  ],
  "netDisplacement": [
    0.5359619416054828,
    0.03290815600147479,
    -0.020963981746201676
  ],
  "targetPlanarDisplacement": [
    1.25,
    0.0
  ],
  "forwardDisplacement": 0.5359619416054828,
  "targetDistance": 1.25,
  "forwardProgress": 0.42876955328438626,
  "signedForwardProgress": 0.42876955328438626,
  "backwardDisplacement": 0.0,
  "meanForwardVelocity": 0.10719238832110362,
  "lateralDrift": 0.03290815600147479,
  "distanceTraveled": 0.6293613301911036
}
