{
  "terms": {
    "survival": 25.0,
    "velocityTracking": 17.1302247644009,
    "forwardProgress": 21.438477664219313,
    "upright": 13.812393353503776,
    "lateralDrift": -0.3290815600147479,
    "transitionTracking": 0.0,
    "energy": -1.8340163430611907,
    "smoothness": -0.6286415739527249,
    "componentMass": -1.5075,
    "sensorChannels": -5.3500000000000005,
    "trainingSteps": -0.0
  },
  "total": 67.73185630509532
}
