{
  "durationSeconds": 6.499999999999506,
  "steps": 325,
  "survivalRate": 1.0,
  "fell": false,
  "motionCommand": [
    0.0,
    0.0,
    0.038461538461538464
  ],
  "meanMotionCommand": [
    0.0,
    0.0,
    0.038461538461538464
  ],
  "meanMeasuredMotion": [
    -0.012016525339090011,
    -0.014364389399667051,
    0.06908258309202911
  ],
  "planarVelocityTrackingError": 0.018727855297664478,
  "yawRateTrackingError": 0.030621044630490646,
  "meanVelocityTrackingError": 0.3902317350227659,
  "meanPlanarVelocityTrackingError": 0.11988647863912233,
  "meanYawRateTrackingError": 0.3406326152277195,
  "meanUpright": 0.9534680203500076,
  "meanEnergy": 199.1820969102646,
  "meanSmoothness": 138.34123657134487,
  "peakActuator": 8.0,
  "motionCommandSchedule": [
    {
      "atStep": 0,
      "atSeconds": 0.0,
      "command": [
        0.0,
        0.0,
        0.5
      ]
    },
    {
      "atStep": 125,
      "atSeconds": 2.5,
      "command": [
        0.0,
        0.0,
        -0.5
      ]
    },
    {
      "atStep": 225,
      "atSeconds": 4.5,
      "command": [
        0.0,
        0.0,
        0.0
      ]
    }
  ],
  "transitionCount": 2,
  "transitions": [
    {
      "index": 1,
      "atStep": 125,
      "atSeconds": 2.5,
      "endStep": 225,
      "fromCommand": [
        0.0,
        0.0,
        0.5
      ],
      "toCommand": [
        0.0,
        0.0,
        -0.5
      ],
      "sampleCount": 100,
      "peakPlanarTrackingError": 0.27840585195367457,
      "peakYawRateTrackingError": 1.0077827890990623,
      "terminalMeasuredMotion": [
        -0.001022730270309468,
        -0.02558712971659847,
        0.2247807127670228
      ],
      "terminalPlanarTrackingError": 0.02560756107753809,
      "terminalYawRateTrackingError": 0.7247807127670228,
      "planarOvershootMps": 0.0,
      "yawRateOvershootRadPerSec": 0.0,
      "planarSettlingTimeSeconds": 1.04,
      "yawRateSettlingTimeSeconds": 2.0,
      "planarSettled": true,
      "yawRateSettled": false
    },
    {
      "index": 2,
      "atStep": 225,
      "atSeconds": 4.5,
      "endStep": 325,
      "fromCommand": [
        0.0,
        0.0,
        -0.5
      ],
      "toCommand": [
        0.0,
        0.0,
        0.0
      ],
      "sampleCount": 100,
      "peakPlanarTrackingError": 0.27633898584987066,
      "peakYawRateTrackingError": 0.39688078603936683,
      "terminalMeasuredMotion": [
        -0.0724222370225102,
        -0.05102604394252082,
        -0.024077583050492058
      ],
      "terminalPlanarTrackingError": 0.08859253679497338,
      "terminalYawRateTrackingError": 0.024077583050492058,
      "planarOvershootMps": 0.0,
      "yawRateOvershootRadPerSec": 0.054824023412224344,
      "planarSettlingTimeSeconds": 1.18,
      "yawRateSettlingTimeSeconds": 0.2,
      "planarSettled": true,
      "yawRateSettled": true
    }
  ],
  "maximumTransitionTerminalPlanarTrackingError": 0.08859253679497338,
  "maximumTransitionTerminalYawRateTrackingError": 0.7247807127670228,
  "maximumPlanarSettlingTimeSeconds": 1.18,
  "maximumYawRateSettlingTimeSeconds": 2.0,
  "maximumPlanarOvershootMps": 0.0,
  "maximumYawRateOvershootRadPerSec": 0.054824023412224344,
  "unsettledPlanarTransitionCount": 0,
  "unsettledYawRateTransitionCount": 1,
  "initialBasePosition": [
    0.0,
    0.0,
    0.44
  ],
  "finalBasePosition": [
    -0.07643241402015628,
    -0.09192255847350526,
    0.42042474339343877
  ],
  "netDisplacement": [
    -0.07643241402015628,
    -0.09192255847350526,
    -0.01957525660656123
  ],
  "targetPlanarDisplacement": [
    0.0,
    0.0
  ],
  "forwardDisplacement": 0.0,
  "targetDistance": 0.0,
  "forwardProgress": 1.0,
  "meanForwardVelocity": 0.0,
  "lateralDrift": 0.11954777567677108,
  "distanceTraveled": 0.6884554069484881
}
