{
  "durationSeconds": 6.499999999999506,
  "steps": 325,
  "survivalRate": 1.0,
  "fell": false,
  "motionCommand": [
    0.030769230769230813,
    0.0,
    0.0
  ],
  "meanMotionCommand": [
    0.030769230769230813,
    0.0,
    0.0
  ],
  "meanMeasuredMotion": [
    0.041102571902510474,
    0.02604796329554296,
    0.025281431914142925
  ],
  "planarVelocityTrackingError": 0.028022746668067398,
  "yawRateTrackingError": 0.025281431914142925,
  "meanVelocityTrackingError": 0.5489558738639768,
  "meanPlanarVelocityTrackingError": 0.2619207392939024,
  "meanYawRateTrackingError": 0.37902232774003525,
  "meanUpright": 0.6493556417928885,
  "meanEnergy": 607.8999842480721,
  "meanSmoothness": 31.339879590846724,
  "peakActuator": 8.0,
  "motionCommandSchedule": [
    {
      "atStep": 0,
      "atSeconds": 0.0,
      "command": [
        0.2,
        0.0,
        0.0
      ]
    },
    {
      "atStep": 125,
      "atSeconds": 2.5,
      "command": [
        -0.15,
        0.0,
        0.0
      ]
    },
    {
      "atStep": 225,
      "atSeconds": 4.5,
      "command": [
        0.0,
        0.0,
        0.0
      ]
    }
  ],
  "transitionCount": 2,
  "transitions": [
    {
      "index": 1,
      "atStep": 125,
      "atSeconds": 2.5,
      "endStep": 225,
      "fromCommand": [
        0.2,
        0.0,
        0.0
      ],
      "toCommand": [
        -0.15,
        0.0,
        0.0
      ],
      "sampleCount": 100,
      "peakPlanarTrackingError": 0.6081304124290169,
      "peakYawRateTrackingError": 2.090687275114029,
      "terminalMeasuredMotion": [
        -0.3100277522207105,
        0.04674254449926733,
        -0.4046054801840916
      ],
      "terminalPlanarTrackingError": 0.16671456729116116,
      "terminalYawRateTrackingError": 0.4046054801840916,
      "planarOvershootMps": 0.355242591078219,
      "yawRateOvershootRadPerSec": 0.0,
      "planarSettlingTimeSeconds": 2.0,
      "yawRateSettlingTimeSeconds": 2.0,
      "planarSettled": false,
      "yawRateSettled": false,
      "planarBraking": false
    },
    {
      "index": 2,
      "atStep": 225,
      "atSeconds": 4.5,
      "endStep": 325,
      "fromCommand": [
        -0.15,
        0.0,
        0.0
      ],
      "toCommand": [
        0.0,
        0.0,
        0.0
      ],
      "sampleCount": 100,
      "peakPlanarTrackingError": 0.5256387726587628,
      "peakYawRateTrackingError": 2.1677976458706785,
      "terminalMeasuredMotion": [
        0.13419607494084035,
        -0.01927762032270074,
        0.16918740463655024
      ],
      "terminalPlanarTrackingError": 0.13557364483864054,
      "terminalYawRateTrackingError": 0.16918740463655024,
      "planarOvershootMps": 0.3701886601800704,
      "yawRateOvershootRadPerSec": 0.0,
      "planarSettlingTimeSeconds": 2.0,
      "yawRateSettlingTimeSeconds": 1.98,
      "planarSettled": false,
      "yawRateSettled": true,
      "planarBraking": true
    }
  ],
  "maximumTransitionTerminalPlanarTrackingError": 0.16671456729116116,
  "maximumTransitionTerminalYawRateTrackingError": 0.4046054801840916,
  "maximumPlanarSettlingTimeSeconds": 2.0,
  "maximumPlanarBrakingSettlingTimeSeconds": 2.0,
  "maximumYawRateSettlingTimeSeconds": 2.0,
  "maximumPlanarOvershootMps": 0.3701886601800704,
  "maximumYawRateOvershootRadPerSec": 0.0,
  "unsettledPlanarTransitionCount": 2,
  "unsettledYawRateTransitionCount": 1,
  "initialBasePosition": [
    0.0,
    0.0,
    0.44
  ],
  "finalBasePosition": [
    0.2707445541716627,
    0.17041853154728887,
    0.2237194597242661
  ],
  "netDisplacement": [
    0.2707445541716627,
    0.17041853154728887,
    -0.2162805402757339
  ],
  "targetPlanarDisplacement": [
    0.2,
    0.0
  ],
  "forwardDisplacement": 0.2707445541716627,
  "targetDistance": 0.2,
  "forwardProgress": 1.0,
  "signedForwardProgress": 1.3537227708583135,
  "backwardDisplacement": 0.0,
  "meanForwardVelocity": 0.04165300833410512,
  "lateralDrift": 0.17041853154728887,
  "distanceTraveled": 1.7787890602393281
}
