{
  "terms": {
    "survival": 30.0,
    "velocityTracking": 12.911923662556395,
    "forwardProgress": 10.0,
    "upright": 9.740334626893327,
    "lateralDrift": -0.8520926577364443,
    "transitionTracking": 5.049222592461502,
    "energy": -3.0394999212403606,
    "smoothness": -0.03133987959084673,
    "componentMass": -1.2060000000000002,
    "sensorChannels": -1.07,
    "trainingSteps": -0.0
  },
  "total": 61.502548423343576
}
