{
  "durationSeconds": 4.999999999999671,
  "steps": 250,
  "survivalRate": 1.0,
  "fell": false,
  "motionCommand": [
    0.0,
    0.0,
    0.5
  ],
  "meanMeasuredMotion": [
    -0.01698384128485796,
    -0.0017137083934977576,
    0.1828172332031057
  ],
  "planarVelocityTrackingError": 0.017070080879925273,
  "yawRateTrackingError": 0.3171827667968943,
  "meanVelocityTrackingError": 0.4133842692009411,
  "meanPlanarVelocityTrackingError": 0.1505037028708073,
  "meanYawRateTrackingError": 0.36384081454514017,
  "meanUpright": 0.9544749814042548,
  "meanEnergy": 192.2108612390685,
  "meanSmoothness": 131.28697915817153,
  "peakActuator": 8.0,
  "initialBasePosition": [
    0.0,
    0.0,
    0.44
  ],
  "finalBasePosition": [
    -0.08515721630820744,
    -0.008361850852047761,
    0.42213582687394824
  ],
  "netDisplacement": [
    -0.08515721630820744,
    -0.008361850852047761,
    -0.017864173126051763
  ],
  "forwardDisplacement": 0.0,
  "targetDistance": 0.0,
  "forwardProgress": 1.0,
  "meanForwardVelocity": 0.0,
  "lateralDrift": 0.08556676947878027,
  "distanceTraveled": 0.7237868719035045
}
