{
  "terms": {
    "survival": 30.0,
    "velocityTracking": 21.225650131906832,
    "forwardProgress": 25.0,
    "upright": 14.317124721063822,
    "lateralDrift": -0.8556676947878027,
    "energy": -0.9610543061953425,
    "smoothness": -0.13128697915817153,
    "componentMass": -1.2060000000000002,
    "sensorChannels": -1.07,
    "trainingSteps": -0.0
  },
  "total": 86.31876587282933
}
