{
  "count": 8192.000100000001,
  "mean": [
    0.1072010726069795,
    0.2918733484991441,
    -0.5097454898606235,
    -0.11364007229285984,
    0.26714200649886244,
    -0.4808681045542227,
    0.15956299995095236,
    0.19337630609510595,
    -0.5889538297028495,
    -0.1750885644400394,
    0.1550650064701945,
    -0.5734857460265841,
    -0.004519453444043005,
    0.017284700656386667,
    0.016753595402395738,
    0.015522567168245894,
    0.01797878036681904,
    0.021460892811264703,
    0.005709189338832587,
    0.02287962072814306,
    -0.008366285633210622,
    -0.0027122112094699886,
    0.02358951543755435,
    -0.00758859774835973,
    0.2550044228700146,
    0.5592276478243186,
    0.108004090359238,
    0.04818938588846872,
    -0.02689041141420638,
    0.0070805768894367585,
    0.00040486697883472495,
    0.00011344450726595145,
    0.02173755624782626,
    -0.014112060890564725,
    0.012395556840637758,
    0.023247036193238348,
    -0.017268105452146264,
    0.012200548859325186,
    -0.2563022032090425,
    0.2677842473234073,
    1.5654220797632645,
    0.2681702418607726,
    -0.18397927155944394,
    -0.021159577195868286,
    -0.31703793805966446,
    -0.18317283388131697,
    -0.02540742371774409,
    -0.17857124964996068,
    0.4403696964324521,
    1.0050574878286191,
    0.18896513738189383,
    0.4485099767703652,
    0.8838310977476918,
    0.2703942569586853,
    -0.1843724522281884,
    -0.018168696256054145,
    -0.31635646570881887,
    -0.18445022880627496,
    -0.021947242518814157,
    -0.18035135330640747,
    0.44363646749999586,
    1.0022042330885288,
    0.18683037609837883,
    0.4518811728774211,
    0.8803126606006662,
    0.26731724482108565,
    -0.18394255093228895,
    -0.019626644103073715,
    -0.32022946244504297,
    -0.18883422146621562,
    -0.018240236980020696,
    -0.18497557990024074,
    0.44759293890321233,
    1.0035941428816098,
    0.18350327456306811,
    0.4514247779597186,
    0.884274024263,
    0.2662594435684671,
    -0.18372693133111356,
    -0.02280366888471556,
    -0.32280275875156655,
    -0.19023491767641645,
    -0.02115600510986659,
    -0.1854432552731226,
    0.4467072740676508,
    1.0071482465157195,
    0.1849314564925079,
    0.45368593368511445,
    0.8843351938611455,
    0.26722360177556265,
    -0.18479682147053178,
    -0.024610456816058654,
    -0.3178685585731232,
    -0.18414929709905634,
    -0.027370917678171968,
    -0.1780787093846355,
    0.4383429860971804,
    1.005684848565409,
    0.18961263612896287,
    0.44843554569942334,
    0.8844699390923456,
    0.2697277303905973,
    -0.18319829752275887,
    -0.022070012553201852,
    -0.31647031842326145,
    -0.18247046846411052,
    -0.026330180636008598,
    -0.1780148068255399,
    0.44044680389893526,
    1.0053489279620391,
    0.19042271595628507,
    0.45151438724835513,
    0.8822922715686358,
    0.2690809249831045,
    -0.1851630346855085,
    -0.01718080265653421,
    -0.318549364140772,
    -0.1852855012203483,
    -0.020969954387080228,
    -0.18264396451516832,
    0.444528312079625,
    1.0030175493957683,
    0.1854996992536068,
    0.44987726205177886,
    0.883013787354919,
    0.2687017798188383,
    -0.18318704939589553,
    -0.02057744382908553,
    -0.3195836647024577,
    -0.18821611839958843,
    -0.019220819068602353,
    -0.18431502737561667,
    0.44814344822646435,
    1.0041707347299842,
    0.18489882176376368,
    0.4544213713010315,
    0.883083164706237,
    0.5493062919657925,
    0.16174804687857838,
    0.013732910534308775,
    0.02416992157995703,
    7.112668857063764,
    7.719160138637219,
    10.813813759060656,
    10.343100097743202
  ],
  "variance": [
    0.03384334842910303,
    0.15810400783008416,
    0.11047038895910602,
    0.03040883618147794,
    0.19039492253553472,
    0.10605084669433656,
    0.04588383254017154,
    0.20773933357986582,
    0.04856180446615097,
    0.04311574409454883,
    0.2401496571942195,
    0.043600023007976205,
    10.49975125159129,
    14.21887022099927,
    33.87750482402433,
    10.783515911305184,
    14.233510339902224,
    34.16815606970616,
    11.136209814647579,
    12.8761898514052,
    26.47487132268362,
    11.476756863881695,
    13.137006382040921,
    27.85320035338267,
    0.02374981264946399,
    0.19513635469637675,
    0.070687434420582,
    0.3211584619107618,
    0.08557334560088868,
    0.050416149519080626,
    0.03795877885923782,
    0.05272412305349212,
    3.4567515345573647,
    1.3924712094652547,
    0.32066827157847333,
    3.2624986456501732,
    1.3497337704690018,
    0.30611793879342647,
    109.41693710858722,
    31.837209133063762,
    255.1139125342143,
    33.5133992523861,
    46.95377322512018,
    54.90643846668143,
    33.61626199940981,
    46.82515031810995,
    55.10760024395074,
    34.71922081754877,
    44.27313399425964,
    48.36708308328975,
    35.588725154936164,
    45.17510759004406,
    48.845007325329235,
    33.560401653043506,
    47.03363685065943,
    55.00558224181983,
    33.6576481750808,
    46.90708788498592,
    55.20162118616443,
    34.77143900671454,
    44.34184463400984,
    48.44769195123839,
    35.65788442297611,
    45.244898680346566,
    48.938624098623166,
    33.63904121586551,
    47.11490762005755,
    55.092656090531264,
    33.72277141612879,
    46.97832449112892,
    55.27147396795823,
    34.842498693425334,
    44.415003195861104,
    48.52749242797973,
    35.73179160739851,
    45.3261922366584,
    49.02082784159095,
    33.710919628083396,
    47.19179649687312,
    55.190202823012285,
    33.794136665851525,
    47.04826962673839,
    55.372737317770806,
    34.90358351622491,
    44.484362708638145,
    48.5971557575705,
    35.805332604017856,
    45.387739973839146,
    49.08301209594595,
    33.47157410537793,
    46.91162346480849,
    54.857801737538715,
    33.575116927083535,
    46.78289271517404,
    55.04509263126861,
    34.69612131044384,
    44.22881160250024,
    48.32132965468176,
    35.56134700734644,
    45.13303174731937,
    48.79534065572488,
    33.52405071005818,
    46.982111568485394,
    54.943357713603376,
    33.626711336762284,
    46.85234343533052,
    55.14430439629857,
    34.728911413837864,
    44.300984855851674,
    48.39248682777506,
    35.59824164038621,
    45.199327804407986,
    48.87244058105385,
    33.57831672443595,
    47.06234970600804,
    55.044919320387564,
    33.673153469793746,
    46.934485426758414,
    55.24095055644393,
    34.78922835760646,
    44.36401296789335,
    48.481281581304586,
    35.67555545235854,
    45.269803184067186,
    48.969604273975584,
    33.66282944755326,
    47.143794072669834,
    55.13127120733775,
    33.7475790118008,
    47.005775721933944,
    55.31031069747558,
    34.86705289335826,
    44.44830494788647,
    48.55241446700248,
    35.75623050085219,
    45.35356298844979,
    49.04708208020075,
    0.24757035514727857,
    0.005259066362140416,
    0.0018713560372886032,
    0.005458307492839068,
    446.73958962838105,
    476.9186652672172,
    521.9000619897981,
    518.9378094865144
  ]
}
