{
  "durationSeconds": 3.999999999999781,
  "steps": 200,
  "survivalRate": 1.0,
  "fell": false,
  "motionCommand": [
    0.20000000000000015,
    0.0,
    0.0
  ],
  "meanMotionCommand": [
    0.20000000000000015,
    0.0,
    0.0
  ],
  "meanMeasuredMotion": [
    -0.02910127141854,
    0.000953290766914143,
    -0.011718439468703799
  ],
  "planarVelocityTrackingError": 0.22910325473217938,
  "yawRateTrackingError": 0.011718439468703799,
  "meanVelocityTrackingError": 0.2315863380340431,
  "meanPlanarVelocityTrackingError": 0.22977264878793108,
  "meanYawRateTrackingError": 0.01990584347297526,
  "meanUpright": 0.9457899902520857,
  "meanAbsolutePitchRad": 0.10263665455273674,
  "minimumPitchRad": -0.13528547647537062,
  "maximumPitchRad": 0.0010019934319825082,
  "maximumBackwardPitchRad": 0.13528547647537062,
  "maximumAbsolutePitchRad": 0.13528547647537062,
  "maximumAbsolutePitchRateRadPerSec": 0.31798809981892273,
  "meanBodyTiltRad": 0.10848123809455154,
  "maximumBodyTiltRad": 0.13557387139991597,
  "meanEnergy": 2.865026560030431,
  "meanSmoothness": 0.04867365695909411,
  "peakActuator": 5.586269727299387,
  "motionQualityFootEvidenceAvailable": true,
  "motionQualityContactThresholdNewton": 1.0,
  "meanJointJerkRadPerSec3": 140.10669613979172,
  "peakJointJerkRadPerSec3": 9663.119939815013,
  "meanBodyAngularJerkRadPerSec3": 20.167875957017618,
  "peakBodyAngularJerkRadPerSec3": 274.3192074110117,
  "meanActionSlewRatePerSec": 6.543695750944607,
  "peakActionSlewRatePerSec": 190.38625626897039,
  "actuatorSaturationRate": 0.0,
  "meanFootSlipSpeedMps": 0.009564434215682972,
  "peakFootSlipSpeedMps": 0.30017882872384866,
  "totalFootSlipDistanceM": 0.13485852244112992,
  "meanFootContactImpactNPerSec": 36.58855849874351,
  "peakFootContactImpactNPerSec": 7410.972909880643,
  "peakFootContactForceNewton": 148.21945819761285,
  "motionCommandSchedule": [
    {
      "atStep": 0,
      "atSeconds": 0.0,
      "command": [
        0.2,
        0.0,
        0.0
      ]
    }
  ],
  "transitionCount": 0,
  "transitions": [],
  "maximumTransitionTerminalPlanarTrackingError": 0.0,
  "maximumTransitionTerminalYawRateTrackingError": 0.0,
  "maximumPlanarSettlingTimeSeconds": 0.0,
  "maximumPlanarBrakingSettlingTimeSeconds": 0.0,
  "maximumYawRateSettlingTimeSeconds": 0.0,
  "maximumPlanarOvershootMps": 0.0,
  "maximumYawRateOvershootRadPerSec": 0.0,
  "unsettledPlanarTransitionCount": 0,
  "unsettledYawRateTransitionCount": 0,
  "initialBasePosition": [
    0.0,
    0.0,
    0.38
  ],
  "finalBasePosition": [
    -0.11556933356407263,
    0.003687852510836757,
    0.3022300060785293
  ],
  "netDisplacement": [
    -0.11556933356407263,
    0.003687852510836757,
    -0.07776999392147071
  ],
  "targetPlanarDisplacement": [
    0.8,
    0.0
  ],
  "forwardDisplacement": -0.11556933356407263,
  "targetDistance": 0.8,
  "forwardProgress": 0.0,
  "signedForwardProgress": -0.14446166695509077,
  "backwardDisplacement": 0.11556933356407263,
  "meanForwardVelocity": -0.02889233339101974,
  "lateralDrift": 0.003687852510836757,
  "distanceTraveled": 0.15298048018528068
}
