{
  "terms": {
    "survival": 10.0,
    "velocityTracking": 1.6239218788286987,
    "forwardProgress": 0.0,
    "upright": 1.8915799805041713,
    "lateralDrift": -0.003687852510836757,
    "transitionTracking": 0.0,
    "energy": -0.0028650265600304314,
    "smoothness": -4.867365695909411e-05,
    "jointJerk": 0.0,
    "bodyAngularJerk": 0.0,
    "actionSlew": 0.0,
    "actuatorSaturation": 0.0,
    "footSlip": 0.0,
    "footImpact": 0.0,
    "componentMass": 0.0,
    "sensorChannels": 0,
    "trainingSteps": 0
  },
  "total": 13.508900306605044
}
