{
  "durationSeconds": 4.999999999999671,
  "steps": 250,
  "survivalRate": 1.0,
  "fell": false,
  "motionCommand": [
    0,
    0,
    0.5
  ],
  "meanVelocityTrackingError": 0.532238959378414,
  "meanPlanarVelocityTrackingError": 0.17275247608134298,
  "meanYawRateTrackingError": 0.4882721746906131,
  "meanUpright": 0.9605843673817648,
  "meanEnergy": 205.12561831462838,
  "meanSmoothness": 140.42842362731454,
  "peakActuator": 8.0,
  "initialBasePosition": [
    0.0,
    0.0,
    0.44
  ],
  "finalBasePosition": [
    0.20856134698365045,
    -0.15303986785251478,
    0.4104288053412708
  ],
  "netDisplacement": [
    0.20856134698365045,
    -0.15303986785251478,
    -0.029571194658729205
  ],
  "forwardDisplacement": 0.0,
  "targetDistance": 0.0,
  "forwardProgress": 1.0,
  "meanForwardVelocity": 0.0,
  "lateralDrift": 0.25868714039926655,
  "distanceTraveled": 0.8236735942321455
}
