{
  "terms": {
    "survival": 30.0,
    "velocityTracking": 19.579191493845155,
    "forwardProgress": 25.0,
    "upright": 14.408765510726472,
    "lateralDrift": -2.5868714039926655,
    "energy": -1.025628091573142,
    "smoothness": -0.14042842362731456,
    "componentMass": -1.2060000000000002,
    "sensorChannels": -1.07,
    "trainingSteps": -0.0
  },
  "total": 82.9590290853785
}
