{
  "terms": {
    "survival": 10.0,
    "velocityTracking": 4.521922455521533,
    "forwardProgress": 0.0,
    "upright": 1.7846133023340354,
    "lateralDrift": -0.33503209173028625,
    "transitionTracking": 0.23655611412717323,
    "energy": -0.33291669258266515,
    "smoothness": -0.11160038021855391,
    "jointJerk": 0.0,
    "bodyAngularJerk": 0.0,
    "actionSlew": 0.0,
    "actuatorSaturation": -0.18620370370370368,
    "footSlip": 0.0,
    "footImpact": 0.0,
    "selfRighting": 100.0,
    "recoveryTime": -10.959999999998802,
    "jointLimitMargin": 0.05676392909022754,
    "componentMass": -3.015,
    "sensorChannels": -2.14,
    "trainingSteps": -0.08192
  },
  "total": 99.43718293283895
}
