{
  "durationSeconds": 6.499999999999506,
  "steps": 325,
  "survivalRate": 1.0,
  "fell": false,
  "motionCommand": [
    0.0,
    0.0,
    0.038461538461538464
  ],
  "meanMotionCommand": [
    0.0,
    0.0,
    0.038461538461538464
  ],
  "meanMeasuredMotion": [
    0.03151725753517293,
    0.010448554256672545,
    0.11355442859917413
  ],
  "planarVelocityTrackingError": 0.033204063133795,
  "yawRateTrackingError": 0.07509289013763566,
  "meanVelocityTrackingError": 0.40534253655212776,
  "meanPlanarVelocityTrackingError": 0.1278285180242141,
  "meanYawRateTrackingError": 0.3657806093532966,
  "meanUpright": 0.9643389175693986,
  "meanEnergy": 202.6017824459302,
  "meanSmoothness": 139.931826860544,
  "peakActuator": 8.0,
  "motionCommandSchedule": [
    {
      "atStep": 0,
      "atSeconds": 0.0,
      "command": [
        0.0,
        0.0,
        0.5
      ]
    },
    {
      "atStep": 125,
      "atSeconds": 2.5,
      "command": [
        0.0,
        0.0,
        -0.5
      ]
    },
    {
      "atStep": 225,
      "atSeconds": 4.5,
      "command": [
        0.0,
        0.0,
        0.0
      ]
    }
  ],
  "transitionCount": 2,
  "transitions": [
    {
      "index": 1,
      "atStep": 125,
      "atSeconds": 2.5,
      "endStep": 225,
      "fromCommand": [
        0.0,
        0.0,
        0.5
      ],
      "toCommand": [
        0.0,
        0.0,
        -0.5
      ],
      "sampleCount": 100,
      "peakPlanarTrackingError": 0.3665050153292116,
      "peakYawRateTrackingError": 1.1642417656821409,
      "terminalMeasuredMotion": [
        -0.05176956727928317,
        -0.012594899166037832,
        -0.03561846710652446
      ],
      "terminalPlanarTrackingError": 0.05327963570902946,
      "terminalYawRateTrackingError": 0.46438153289347556,
      "planarOvershootMps": 0.0,
      "yawRateOvershootRadPerSec": 0.0,
      "planarSettlingTimeSeconds": 1.56,
      "yawRateSettlingTimeSeconds": 2.0,
      "planarSettled": true,
      "yawRateSettled": false
    },
    {
      "index": 2,
      "atStep": 225,
      "atSeconds": 4.5,
      "endStep": 325,
      "fromCommand": [
        0.0,
        0.0,
        -0.5
      ],
      "toCommand": [
        0.0,
        0.0,
        0.0
      ],
      "sampleCount": 100,
      "peakPlanarTrackingError": 0.1803835975228331,
      "peakYawRateTrackingError": 0.3406198368524268,
      "terminalMeasuredMotion": [
        0.10124819212172301,
        0.057772960202529144,
        0.07746184535674713
      ],
      "terminalPlanarTrackingError": 0.11657148595810361,
      "terminalYawRateTrackingError": 0.07746184535674713,
      "planarOvershootMps": 0.0,
      "yawRateOvershootRadPerSec": 0.3406198368524268,
      "planarSettlingTimeSeconds": 0.2,
      "yawRateSettlingTimeSeconds": 0.2,
      "planarSettled": true,
      "yawRateSettled": true
    }
  ],
  "maximumTransitionTerminalPlanarTrackingError": 0.11657148595810361,
  "maximumTransitionTerminalYawRateTrackingError": 0.46438153289347556,
  "maximumPlanarSettlingTimeSeconds": 1.56,
  "maximumYawRateSettlingTimeSeconds": 2.0,
  "maximumPlanarOvershootMps": 0.0,
  "maximumYawRateOvershootRadPerSec": 0.3406198368524268,
  "unsettledPlanarTransitionCount": 0,
  "unsettledYawRateTransitionCount": 1,
  "initialBasePosition": [
    0.0,
    0.0,
    0.44
  ],
  "finalBasePosition": [
    0.20206070023615288,
    0.061708077300251366,
    0.414101292864478
  ],
  "netDisplacement": [
    0.20206070023615288,
    0.061708077300251366,
    -0.025898707135522003
  ],
  "targetPlanarDisplacement": [
    0.0,
    0.0
  ],
  "forwardDisplacement": 0.0,
  "targetDistance": 0.0,
  "forwardProgress": 1.0,
  "meanForwardVelocity": 0.0,
  "lateralDrift": 0.2112733144152811,
  "distanceTraveled": 0.7585225245680453
}
