{
  "terms": {
    "survival": 30.0,
    "velocityTracking": 14.231405852887702,
    "forwardProgress": 10.0,
    "upright": 14.46508376354098,
    "lateralDrift": -1.0563665720764055,
    "transitionTracking": 5.472881742104851,
    "energy": -1.013008912229651,
    "smoothness": -0.139931826860544,
    "componentMass": -1.2060000000000002,
    "sensorChannels": -1.07,
    "trainingSteps": -0.0
  },
  "total": 69.68406404736693
}
