{
  "durationSeconds": 18.000000000000902,
  "steps": 900,
  "survivalRate": 1.0,
  "fell": false,
  "motionCommand": [
    0.13111111111111284,
    0.02499999999999996,
    0.041666666666666664
  ],
  "meanMotionCommand": [
    0.13111111111111284,
    0.02499999999999996,
    0.041666666666666664
  ],
  "meanMeasuredMotion": [
    0.06287563994926679,
    0.11708882231467509,
    -0.07207162661253892
  ],
  "planarVelocityTrackingError": 0.11461426926863397,
  "yawRateTrackingError": 0.1137382932792056,
  "meanVelocityTrackingError": 0.7521307588582814,
  "meanPlanarVelocityTrackingError": 0.3474639828914542,
  "meanYawRateTrackingError": 0.6084739894873488,
  "meanUpright": 0.7289400179762012,
  "meanAbsolutePitchRad": 0.36581047864926464,
  "minimumPitchRad": -1.0689741533326957,
  "maximumPitchRad": 0.020801072571296573,
  "maximumBackwardPitchRad": 1.0689741533326957,
  "maximumAbsolutePitchRad": 1.0689741533326957,
  "maximumAbsolutePitchRateRadPerSec": 4.618677168731554,
  "meanBodyTiltRad": 0.5635013650883756,
  "maximumBodyTiltRad": 1.6964774224197627,
  "initialBodyTiltRad": 0.0,
  "minimumBodyTiltRad": 0.0,
  "finalBodyTiltRad": 1.6964774224197627,
  "finalBaseHeightM": 0.17621108867053456,
  "selfRightingTask": true,
  "recoveryTriggered": true,
  "selfRightingSuccess": 0.0,
  "timeToStableStandSeconds": 15.3,
  "stableStandingDwellSeconds": 0.0,
  "finalStableStandingDwellSeconds": 0.0,
  "minimumJointLimitMarginRad": -0.046833964254751836,
  "disallowedCollisionSteps": 0,
  "meanEnergy": 332.0998968201658,
  "meanSmoothness": 71.67815035758419,
  "peakActuator": 8.0,
  "motionQualityFootEvidenceAvailable": true,
  "motionQualityContactThresholdNewton": 1.0,
  "meanJointJerkRadPerSec3": 13863.451636642712,
  "peakJointJerkRadPerSec3": 55022.67464505137,
  "meanBodyAngularJerkRadPerSec3": 3258.1908882982066,
  "peakBodyAngularJerkRadPerSec3": 20077.229220559588,
  "meanActionSlewRatePerSec": 302.7030385742104,
  "peakActionSlewRatePerSec": 800.0,
  "actuatorSaturationRate": 0.695,
  "meanFootSlipSpeedMps": 0.17203371996557834,
  "peakFootSlipSpeedMps": 0.943819475265158,
  "totalFootSlipDistanceM": 1.1663886213666212,
  "meanFootContactImpactNPerSec": 368.1129560148182,
  "peakFootContactImpactNPerSec": 13934.1421274171,
  "peakFootContactForceNewton": 278.68361399065566,
  "motionCommandSchedule": [
    {
      "atStep": 0,
      "atSeconds": 0.0,
      "command": [
        0.2,
        0.0,
        0.0
      ]
    },
    {
      "atStep": 400,
      "atSeconds": 8.0,
      "command": [
        0.2,
        0.0,
        0.0
      ]
    },
    {
      "atStep": 500,
      "atSeconds": 10.0,
      "command": [
        0.12,
        0.0,
        0.25
      ]
    },
    {
      "atStep": 650,
      "atSeconds": 13.0,
      "command": [
        0.0,
        0.15,
        0.0
      ]
    },
    {
      "atStep": 800,
      "atSeconds": 16.0,
      "command": [
        0.0,
        0.0,
        0.0
      ]
    }
  ],
  "transitionCount": 4,
  "transitions": [
    {
      "index": 1,
      "atStep": 400,
      "atSeconds": 8.0,
      "endStep": 500,
      "fromCommand": [
        0.2,
        0.0,
        0.0
      ],
      "toCommand": [
        0.2,
        0.0,
        0.0
      ],
      "sampleCount": 100,
      "peakPlanarTrackingError": 0.5953116810763175,
      "peakYawRateTrackingError": 1.6073564609921693,
      "terminalMeasuredMotion": [
        0.2017742070443013,
        0.09396650759384281,
        -0.3652802672945261
      ],
      "terminalPlanarTrackingError": 0.09398325574281713,
      "terminalYawRateTrackingError": 0.3652802672945261,
      "planarOvershootMps": 0.0,
      "yawRateOvershootRadPerSec": 0.0,
      "planarSettlingTimeSeconds": 1.92,
      "yawRateSettlingTimeSeconds": 2.0,
      "planarSettled": true,
      "yawRateSettled": false,
      "planarBraking": false
    },
    {
      "index": 2,
      "atStep": 500,
      "atSeconds": 10.0,
      "endStep": 650,
      "fromCommand": [
        0.2,
        0.0,
        0.0
      ],
      "toCommand": [
        0.12,
        0.0,
        0.25
      ],
      "sampleCount": 150,
      "peakPlanarTrackingError": 0.6015095415228767,
      "peakYawRateTrackingError": 1.7556113048655524,
      "terminalMeasuredMotion": [
        0.19202626770569345,
        0.10831525232542713,
        -0.2958869007934751
      ],
      "terminalPlanarTrackingError": 0.1300768124068743,
      "terminalYawRateTrackingError": 0.5458869007934751,
      "planarOvershootMps": 0.24410788937070077,
      "yawRateOvershootRadPerSec": 0.9203947858787831,
      "planarSettlingTimeSeconds": 3.0,
      "yawRateSettlingTimeSeconds": 3.0,
      "planarSettled": false,
      "yawRateSettled": false,
      "planarBraking": false
    },
    {
      "index": 3,
      "atStep": 650,
      "atSeconds": 13.0,
      "endStep": 800,
      "fromCommand": [
        0.12,
        0.0,
        0.25
      ],
      "toCommand": [
        0.0,
        0.15,
        0.0
      ],
      "sampleCount": 150,
      "peakPlanarTrackingError": 0.9290980430887571,
      "peakYawRateTrackingError": 3.044349913225665,
      "terminalMeasuredMotion": [
        0.4920416366325616,
        -0.4695045382609743,
        2.2433987544782275
      ],
      "terminalPlanarTrackingError": 0.7911326343325705,
      "terminalYawRateTrackingError": 2.2433987544782275,
      "planarOvershootMps": 0.0,
      "yawRateOvershootRadPerSec": 0.7358351868961271,
      "planarSettlingTimeSeconds": 3.0,
      "yawRateSettlingTimeSeconds": 3.0,
      "planarSettled": false,
      "yawRateSettled": false,
      "planarBraking": false
    },
    {
      "index": 4,
      "atStep": 800,
      "atSeconds": 16.0,
      "endStep": 900,
      "fromCommand": [
        0.0,
        0.15,
        0.0
      ],
      "toCommand": [
        0.0,
        0.0,
        0.0
      ],
      "sampleCount": 100,
      "peakPlanarTrackingError": 0.8808718163567564,
      "peakYawRateTrackingError": 3.9021373303104947,
      "terminalMeasuredMotion": [
        -0.004428407431173224,
        0.1311125717581772,
        0.040491485182388064
      ],
      "terminalPlanarTrackingError": 0.1311873365284151,
      "terminalYawRateTrackingError": 0.040491485182388064,
      "planarOvershootMps": 0.7009296939619412,
      "yawRateOvershootRadPerSec": 0.0,
      "planarSettlingTimeSeconds": 2.0,
      "yawRateSettlingTimeSeconds": 0.26,
      "planarSettled": false,
      "yawRateSettled": true,
      "planarBraking": true
    }
  ],
  "maximumTransitionTerminalPlanarTrackingError": 0.7911326343325705,
  "maximumTransitionTerminalYawRateTrackingError": 2.2433987544782275,
  "maximumPlanarSettlingTimeSeconds": 3.0,
  "maximumPlanarBrakingSettlingTimeSeconds": 2.0,
  "maximumYawRateSettlingTimeSeconds": 3.0,
  "maximumPlanarOvershootMps": 0.7009296939619412,
  "maximumYawRateOvershootRadPerSec": 0.9203947858787831,
  "unsettledPlanarTransitionCount": 3,
  "unsettledYawRateTransitionCount": 3,
  "initialBasePosition": [
    -0.031009038756378032,
    1.8601352236613895,
    0.3004901485345118
  ],
  "finalBasePosition": [
    1.117942794874324,
    2.101457862709808,
    0.17621108867053456
  ],
  "netDisplacement": [
    1.1489518336307019,
    0.24132263904841844,
    -0.12427905986397722
  ],
  "targetPlanarDisplacement": [
    0.76,
    0.44999999999999996
  ],
  "forwardDisplacement": 1.1115967316534778,
  "targetDistance": 0.8832326986700617,
  "forwardProgress": 1.0,
  "signedForwardProgress": 1.2585547764788125,
  "backwardDisplacement": 0.0,
  "meanForwardVelocity": 0.11115967316533776,
  "lateralDrift": 0.37772958356203834,
  "distanceTraveled": 5.372467623071528,
  "episodeInitialBasePosition": [
    0.0,
    0.0,
    0.44
  ],
  "mobilityMeasurementStartedAtSeconds": 8.0,
  "recoveryEvaluationStartedAtSeconds": 2.7,
  "missionStageDurationsSeconds": {
    "approach": 2.48,
    "impact": 0.16,
    "recover": 5.34,
    "resume": 2.0,
    "redirect": 3.0,
    "traverse": 3.0,