{
  "terms": {
    "survival": 10.0,
    "velocityTracking": 3.424401957254437,
    "forwardProgress": 20.0,
    "upright": 1.4578800359524025,
    "lateralDrift": -0.7554591671240767,
    "transitionTracking": 0.17158757130645458,
    "energy": -0.6641997936403315,
    "smoothness": -0.0716781503575842,
    "jointJerk": 0.0,
    "bodyAngularJerk": 0.0,
    "actionSlew": 0.0,
    "actuatorSaturation": -0.3475,
    "footSlip": 0.0,
    "footImpact": 0.0,
    "selfRighting": 0.0,
    "recoveryTime": -30.6,
    "jointLimitMargin": -0.09366792850950367,
    "componentMass": -3.015,
    "sensorChannels": -2.14,
    "trainingSteps": -0.0
  },
  "total": -2.6336354751181963
}
