{
  "durationSeconds": 1.7600000000000013,
  "steps": 88,
  "survivalRate": 0.348,
  "fell": true,
  "motionCommand": [
    0.25,
    0.0,
    0.0
  ],
  "meanMotionCommand": [
    0.25,
    0.0,
    0.0
  ],
  "meanMeasuredMotion": [
    0.1829040466546939,
    -0.001817101430192792,
    0.004073369781092275
  ],
  "planarVelocityTrackingError": 0.06712055432520729,
  "yawRateTrackingError": 0.004073369781092275,
  "meanVelocityTrackingError": 0.24720274833074107,
  "meanPlanarVelocityTrackingError": 0.21139645800427428,
  "meanYawRateTrackingError": 0.06015341193963624,
  "meanUpright": 0.4685230433689325,
  "meanEnergy": 577.5016910419625,
  "meanSmoothness": 31.32835680115177,
  "peakActuator": 8.0,
  "motionCommandSchedule": [
    {
      "atStep": 0,
      "atSeconds": 0.0,
      "command": [
        0.25,
        0.0,
        0.0
      ]
    }
  ],
  "transitionCount": 0,
  "transitions": [],
  "maximumTransitionTerminalPlanarTrackingError": 0.0,
  "maximumTransitionTerminalYawRateTrackingError": 0.0,
  "maximumPlanarSettlingTimeSeconds": 0.0,
  "maximumPlanarBrakingSettlingTimeSeconds": 0.0,
  "maximumYawRateSettlingTimeSeconds": 0.0,
  "maximumPlanarOvershootMps": 0.0,
  "maximumYawRateOvershootRadPerSec": 0.0,
  "unsettledPlanarTransitionCount": 0,
  "unsettledYawRateTransitionCount": 0,
  "initialBasePosition": [
    0.0,
    0.0,
    0.44
  ],
  "finalBasePosition": [
    0.3238009497950374,
    -0.0035136870799409065,
    0.187652397549719
  ],
  "netDisplacement": [
    0.3238009497950374,
    -0.0035136870799409065,
    -0.252347602450281
  ],
  "targetPlanarDisplacement": [
    1.25,
    0.0
  ],
  "forwardDisplacement": 0.3238009497950374,
  "targetDistance": 1.25,
  "forwardProgress": 0.2590407598360299,
  "signedForwardProgress": 0.2590407598360299,
  "backwardDisplacement": 0.0,
  "meanForwardVelocity": 0.18397781238354383,
  "lateralDrift": 0.0035136870799409065,
  "distanceTraveled": 0.40649656160428554
}
