{
  "terms": {
    "survival": 8.7,
    "velocityTracking": 12.02691384386062,
    "forwardProgress": 10.361630393441196,
    "upright": 7.027845650533988,
    "lateralDrift": -0.03513687079940907,
    "transitionTracking": 0.0,
    "energy": -5.775016910419626,
    "smoothness": -0.15664178400575884,
    "componentMass": -1.5075,
    "sensorChannels": -5.3500000000000005,
    "trainingSteps": -0.0
  },
  "total": 25.292094322611007
}
