{
  "count": 4096.0001,
  "mean": [
    0.17018236545997986,
    0.48079409930713285,
    -0.3739432506242424,
    -0.1773494612457465,
    0.48307306974721714,
    -0.3709090995948839,
    0.1603202210218892,
    0.3008287748923682,
    -0.48942168531129904,
    -0.1585976836581403,
    0.30303942978271536,
    -0.48504115386313124,
    0.006293695820083164,
    0.05150627027734663,
    0.10300954588304886,
    -0.0332037000343883,
    0.0651473196106519,
    0.07545799303345774,
    -0.0077763165518700324,
    0.05792969739861768,
    0.0658472235993256,
    -0.008734047161925336,
    0.05762971902652392,
    0.05334009238340063,
    0.34994121773919507,
    0.8736710073859045,
    -0.019443438655453935,
    0.17140282071128357,
    0.051591631718412405,
    0.11016576362131211,
    -0.009513792740324704,
    -0.04648000397388603,
    -0.030592790288051813,
    0.26882425772714225,
    0.06291031151621657,
    -0.02987586017000222,
    0.2663760916885148,
    0.06262050220347887,
    -2.7501253471150346,
    -0.06457951047846071,
    6.891144100543798,
    0.14827815834188057,
    -1.224174232110474,
    -0.11011511935900554,
    -0.1557095100474021,
    -1.2926107175919417,
    -0.12162001667667875,
    0.21115269285364527,
    0.25469460989537585,
    0.5788347021308117,
    -0.14667176635702378,
    0.2603125401847836,
    0.5670831106133363,
    0.13904578607740226,
    -1.2207992000438308,
    -0.10400761479099649,
    -0.16050503748518077,
    -1.2955726004978347,
    -0.10485919213011916,
    0.20177845794463758,
    0.2488833270886238,
    0.5858414005982853,
    -0.16282854586068043,
    0.26088632449061755,
    0.5766002486723228,
    0.14513875920381458,
    -1.2119242286640566,
    -0.10846271368092877,
    -0.1511543224209907,
    -1.2804174002646231,
    -0.11657979383752062,
    0.2032504380968547,
    0.24665518027525052,
    0.5903917729318497,
    -0.17081703478725208,
    0.25952825830425347,
    0.5798787189472674,
    0.1541477057919831,
    -1.2072710092450134,
    -0.11238722726471427,
    -0.1349159576023778,
    -1.2699441779674625,
    -0.11855903934479438,
    0.20881398900466894,
    0.2295485154529135,
    0.6034164665304037,
    -0.16907001534098698,
    0.2475233636400428,
    0.588840553608803,
    0.13336812664116646,
    -1.205353176860545,
    -0.118122252931391,
    -0.13467724635721512,
    -1.2844689798155924,
    -0.1438228300574859,
    0.2054320866203,
    0.24063948351401063,
    0.5978049648651448,
    -0.15102858815221026,
    0.22726472908070475,
    0.5748731699552507,
    0.13061545129603563,
    -1.2224406849020928,
    -0.11210849289257135,
    -0.15616118661946246,
    -1.29257905624274,
    -0.13445884123984073,
    0.20389007289501804,
    0.24802358726763735,
    0.5937552404312747,
    -0.15110867323366786,
    0.23644855037538826,
    0.5738745945441057,
    0.13351920582904023,
    -1.220736293655274,
    -0.10573299248227258,
    -0.1727199564716625,
    -1.2854773020857295,
    -0.13111370099346178,
    0.19537626863637514,
    0.2488635431153922,
    0.58902634032157,
    -0.16812376525182895,
    0.2544796276813761,
    0.5671898979871786,
    0.14406179245769726,
    -1.225275156416007,
    -0.10015163108299033,
    -0.17033118461138308,
    -1.2869646624940856,
    -0.1354139046312793,
    0.196864387543379,
    0.24202690690476322,
    0.6030552905278291,
    -0.16684226577346672,
    0.25385261786574065,
    0.5716320120771536,
    2.1098770929867614,
    0.24999999389648467,
    0.0,
    0.0,
    12.804756501417504,
    12.73591365157966,
    8.546598231698189,
    8.407182060897183
  ],
  "variance": [
    0.03767963716067298,
    0.06616243057011316,
    0.10639111247096525,
    0.03251604826728989,
    0.06597113697904146,
    0.10682899681324215,
    0.03553647291244415,
    0.07361765184300743,
    0.10148764826933578,
    0.03503044022577829,
    0.07202917807177188,
    0.09868346546467238,
    16.079617029018767,
    31.483518861717975,
    82.8650922724644,
    17.00432529374072,
    31.129191567723062,
    82.68647732260604,
    23.11456976119566,
    39.97183823601834,
    80.46966892608164,
    22.930632270780936,
    41.170293951649306,
    80.53502035636302,
    0.007021217782689097,
    0.02614978021280633,
    0.02235830677422273,
    0.0871318104400176,
    0.06859668525956357,
    0.11924428501900157,
    0.045497969011163646,
    0.08510959811132453,
    3.9420682462281182,
    3.088680740528834,
    0.5858534454431921,
    3.7923533626964128,
    3.012398069608081,
    0.5762774351674746,
    138.59318289699556,
    51.34036044156147,
    177.50937584605458,
    32.157860034849975,
    48.361194401429536,
    54.9740289938966,
    32.80700076246622,
    48.265482278690065,
    55.05989862670718,
    38.99895747419842,
    51.017841744038286,
    54.67747087852399,
    38.98686725116007,
    51.10766956859016,
    54.66595482309094,
    32.39153613996313,
    48.67610551605276,
    55.31037345594985,
    33.05415685939335,
    48.529489310853535,
    55.369289469636676,
    39.28416994478279,
    51.335232429458486,
    55.007093587349445,
    39.29474260499604,
    51.37872636940488,
    54.98666180376766,
    32.647320724832625,
    49.011237432602584,
    55.64877700688734,
    33.28887101716734,
    48.875103203976764,
    55.68872560274224,
    39.55840400064426,
    51.63064757268632,
    55.30410566580323,
    39.57819715297939,
    51.70789019040658,
    55.31307031542745,
    32.91995924781995,
    49.34408909853641,
    55.98110983162666,
    33.58417168744924,
    49.219923899834384,
    56.04753103226614,
    39.82909413713598,
    51.99083569547979,
    55.63965139733148,
    39.85734207234209,
    52.00596864557981,
    55.652562021506654,
    31.342149933020337,
    47.61103346214004,
    54.1168853266932,
    31.991271788137908,
    47.46161546742818,
    54.19184815973943,
    38.18895038796425,
    50.20148249317231,
    53.82241912486122,
    38.1679328733884,
    50.296816126844035,
    53.82427588850842,
    31.606462916990104,
    47.86695306332206,
    54.427737379405826,
    32.270433751145305,
    47.73495909500603,
    54.54810954933739,
    38.469546553065044,
    50.53842282915099,
    54.154053450062406,
    38.45579043137985,
    50.61696270764518,
    54.15104493057167,
    31.876229527065554,
    48.1608781167401,
    54.76903269241995,
    32.54306609878417,
    48.05421450342308,
    54.878907073867246,
    38.767016226558276,
    50.832450789242266,
    54.49484383631465,
    38.75901924151687,
    50.917328428836896,
    54.50520338113943,
    32.159646875848075,
    48.49116515034244,
    55.12498293462915,
    32.80064507318937,
    48.332382758400826,
    55.199100198017916,
    39.03025843501671,
    51.12477130797053,
    54.794550299935075,
    39.060133665343,
    51.22348145017696,
    54.79121816106007,
    2.220798700735599,
    1e-06,
    1e-06,
    1e-06,
    921.568195821147,
    936.5051790423993,
    745.4933936192133,
    797.1265051330106
  ]
}
