{
  "durationSeconds": 6.499999999999506,
  "steps": 325,
  "survivalRate": 1.0,
  "fell": false,
  "motionCommand": [
    0.0,
    0.009230769230769237,
    0.0
  ],
  "meanMotionCommand": [
    0.0,
    0.009230769230769237,
    0.0
  ],
  "meanMeasuredMotion": [
    -0.050895452561978034,
    0.006229631313101969,
    -0.019291338948352204
  ],
  "planarVelocityTrackingError": 0.05098385940951721,
  "yawRateTrackingError": 0.019291338948352204,
  "meanVelocityTrackingError": 0.20105086103312955,
  "meanPlanarVelocityTrackingError": 0.12028220857172715,
  "meanYawRateTrackingError": 0.14009361171407111,
  "meanUpright": 0.9426844452622436,
  "meanEnergy": 195.9466586572935,
  "meanSmoothness": 139.07383570827284,
  "peakActuator": 8.0,
  "motionCommandSchedule": [
    {
      "atStep": 0,
      "atSeconds": 0.0,
      "command": [
        0.0,
        0.12,
        0.0
      ]
    },
    {
      "atStep": 125,
      "atSeconds": 2.5,
      "command": [
        0.0,
        -0.12,
        0.0
      ]
    },
    {
      "atStep": 225,
      "atSeconds": 4.5,
      "command": [
        0.0,
        0.0,
        0.0
      ]
    }
  ],
  "transitionCount": 2,
  "transitions": [
    {
      "index": 1,
      "atStep": 125,
      "atSeconds": 2.5,
      "endStep": 225,
      "fromCommand": [
        0.0,
        0.12,
        0.0
      ],
      "toCommand": [
        0.0,
        -0.12,
        0.0
      ],
      "sampleCount": 100,
      "peakPlanarTrackingError": 0.24918042706564686,
      "peakYawRateTrackingError": 0.8017821925066565,
      "terminalMeasuredMotion": [
        -0.01431010186620545,
        -0.0039872288032877885,
        -0.01894906297884995
      ],
      "terminalPlanarTrackingError": 0.11689201040345688,
      "terminalYawRateTrackingError": 0.01894906297884995,
      "planarOvershootMps": 0.04034758422277246,
      "yawRateOvershootRadPerSec": 0.0,
      "planarSettlingTimeSeconds": 1.98,
      "yawRateSettlingTimeSeconds": 1.78,
      "planarSettled": true,
      "yawRateSettled": true
    },
    {
      "index": 2,
      "atStep": 225,
      "atSeconds": 4.5,
      "endStep": 325,
      "fromCommand": [
        0.0,
        -0.12,
        0.0
      ],
      "toCommand": [
        0.0,
        0.0,
        0.0
      ],
      "sampleCount": 100,
      "peakPlanarTrackingError": 0.2513711826826696,
      "peakYawRateTrackingError": 0.4681373632290624,
      "terminalMeasuredMotion": [
        -0.08216940210786887,
        0.015345007707762981,
        0.0501007417802528
      ],
      "terminalPlanarTrackingError": 0.08358995097687251,
      "terminalYawRateTrackingError": 0.0501007417802528,
      "planarOvershootMps": 0.07176350059219887,
      "yawRateOvershootRadPerSec": 0.0,
      "planarSettlingTimeSeconds": 1.02,
      "yawRateSettlingTimeSeconds": 0.2,
      "planarSettled": true,
      "yawRateSettled": true
    }
  ],
  "maximumTransitionTerminalPlanarTrackingError": 0.11689201040345688,
  "maximumTransitionTerminalYawRateTrackingError": 0.0501007417802528,
  "maximumPlanarSettlingTimeSeconds": 1.98,
  "maximumYawRateSettlingTimeSeconds": 1.78,
  "maximumPlanarOvershootMps": 0.07176350059219887,
  "maximumYawRateOvershootRadPerSec": 0.0,
  "unsettledPlanarTransitionCount": 0,
  "unsettledYawRateTransitionCount": 0,
  "initialBasePosition": [
    0.0,
    0.0,
    0.44
  ],
  "finalBasePosition": [
    -0.32037687069896825,
    0.03863752232177404,
    0.4205458528721758
  ],
  "netDisplacement": [
    -0.32037687069896825,
    0.03863752232177404,
    -0.01945414712782423
  ],
  "targetPlanarDisplacement": [
    0.0,
    0.06
  ],
  "forwardDisplacement": 0.03863752232177404,
  "targetDistance": 0.06,
  "forwardProgress": 0.6439587053629007,
  "meanForwardVelocity": 0.005944234203350304,
  "lateralDrift": 0.32037687069896825,
  "distanceTraveled": 0.5561912365432032
}
