{
  "terms": {
    "survival": 30.0,
    "velocityTracking": 16.65208414470994,
    "forwardProgress": 6.4395870536290065,
    "upright": 14.140266678933655,
    "lateralDrift": -1.6018843534948413,
    "transitionTracking": 6.0014928680190005,
    "energy": -0.9797332932864676,
    "smoothness": -0.13907383570827284,
    "componentMass": -1.2060000000000002,
    "sensorChannels": -1.07,
    "trainingSteps": -0.0
  },
  "total": 68.23673926280202
}
