{
  "durationSeconds": 6.499999999999506,
  "steps": 325,
  "survivalRate": 1.0,
  "fell": false,
  "motionCommand": [
    0.0,
    0.0,
    0.038461538461538464
  ],
  "meanMotionCommand": [
    0.0,
    0.0,
    0.038461538461538464
  ],
  "meanMeasuredMotion": [
    -0.011268654454290185,
    -0.020314433060971228,
    0.07621085186572914
  ],
  "planarVelocityTrackingError": 0.023230556682931103,
  "yawRateTrackingError": 0.037749313404190674,
  "meanVelocityTrackingError": 0.40462646811485187,
  "meanPlanarVelocityTrackingError": 0.11849923161016843,
  "meanYawRateTrackingError": 0.3611276858934052,
  "meanUpright": 0.9541539315958969,
  "meanEnergy": 201.07062677295687,
  "meanSmoothness": 139.68456088228757,
  "peakActuator": 8.0,
  "motionCommandSchedule": [
    {
      "atStep": 0,
      "atSeconds": 0.0,
      "command": [
        0.0,
        0.0,
        0.5
      ]
    },
    {
      "atStep": 125,
      "atSeconds": 2.5,
      "command": [
        0.0,
        0.0,
        -0.5
      ]
    },
    {
      "atStep": 225,
      "atSeconds": 4.5,
      "command": [
        0.0,
        0.0,
        0.0
      ]
    }
  ],
  "transitionCount": 2,
  "transitions": [
    {
      "index": 1,
      "atStep": 125,
      "atSeconds": 2.5,
      "endStep": 225,
      "fromCommand": [
        0.0,
        0.0,
        0.5
      ],
      "toCommand": [
        0.0,
        0.0,
        -0.5
      ],
      "sampleCount": 100,
      "peakPlanarTrackingError": 0.20783429686865248,
      "peakYawRateTrackingError": 1.025831802374586,
      "terminalMeasuredMotion": [
        0.06313914547752776,
        -0.015840037811163672,
        0.2465650509409429
      ],
      "terminalPlanarTrackingError": 0.06509576399038197,
      "terminalYawRateTrackingError": 0.7465650509409429,
      "planarOvershootMps": 0.0,
      "yawRateOvershootRadPerSec": 0.0,
      "planarSettlingTimeSeconds": 1.84,
      "yawRateSettlingTimeSeconds": 2.0,
      "planarSettled": true,
      "yawRateSettled": false
    },
    {
      "index": 2,
      "atStep": 225,
      "atSeconds": 4.5,
      "endStep": 325,
      "fromCommand": [
        0.0,
        0.0,
        -0.5
      ],
      "toCommand": [
        0.0,
        0.0,
        0.0
      ],
      "sampleCount": 100,
      "peakPlanarTrackingError": 0.23107305710282333,
      "peakYawRateTrackingError": 0.49125715999646935,
      "terminalMeasuredMotion": [
        -0.07066293573427124,
        -0.055629734164630976,
        -0.03313140931723597
      ],
      "terminalPlanarTrackingError": 0.08993285167175151,
      "terminalYawRateTrackingError": 0.03313140931723597,
      "planarOvershootMps": 0.0,
      "yawRateOvershootRadPerSec": 0.153719673741592,
      "planarSettlingTimeSeconds": 1.4,
      "yawRateSettlingTimeSeconds": 0.28,
      "planarSettled": true,
      "yawRateSettled": true
    }
  ],
  "maximumTransitionTerminalPlanarTrackingError": 0.08993285167175151,
  "maximumTransitionTerminalYawRateTrackingError": 0.7465650509409429,
  "maximumPlanarSettlingTimeSeconds": 1.84,
  "maximumYawRateSettlingTimeSeconds": 2.0,
  "maximumPlanarOvershootMps": 0.0,
  "maximumYawRateOvershootRadPerSec": 0.153719673741592,
  "unsettledPlanarTransitionCount": 0,
  "unsettledYawRateTransitionCount": 1,
  "initialBasePosition": [
    0.0,
    0.0,
    0.44
  ],
  "finalBasePosition": [
    -0.0725854945013501,
    -0.12773054612430762,
    0.42060863180008373
  ],
  "netDisplacement": [
    -0.0725854945013501,
    -0.12773054612430762,
    -0.01939136819991627
  ],
  "targetPlanarDisplacement": [
    0.0,
    0.0
  ],
  "forwardDisplacement": 0.0,
  "targetDistance": 0.0,
  "forwardProgress": 1.0,
  "meanForwardVelocity": 0.0,
  "lateralDrift": 0.14691407837651027,
  "distanceTraveled": 0.6981061649607679
}
