{
  "durationSeconds": 4.999999999999671,
  "steps": 250,
  "survivalRate": 1.0,
  "fell": false,
  "motionCommand": [
    0.25,
    0.0,
    0.0
  ],
  "meanMotionCommand": [
    0.25,
    0.0,
    0.0
  ],
  "meanMeasuredMotion": [
    0.04992451234275534,
    -0.03985983712662541,
    -0.1287330729663756
  ],
  "planarVelocityTrackingError": 0.20400737088900822,
  "yawRateTrackingError": 0.1287330729663756,
  "meanVelocityTrackingError": 0.7259080900108889,
  "meanPlanarVelocityTrackingError": 0.2913644948681961,
  "meanYawRateTrackingError": 0.5885301673556396,
  "meanUpright": 0.540130469618332,
  "meanEnergy": 643.4718396856719,
  "meanSmoothness": 31.2623799743959,
  "peakActuator": 8.0,
  "motionCommandSchedule": [
    {
      "atStep": 0,
      "atSeconds": 0.0,
      "command": [
        0.25,
        0.0,
        0.0
      ]
    }
  ],
  "transitionCount": 0,
  "transitions": [],
  "maximumTransitionTerminalPlanarTrackingError": 0.0,
  "maximumTransitionTerminalYawRateTrackingError": 0.0,
  "maximumPlanarSettlingTimeSeconds": 0.0,
  "maximumPlanarBrakingSettlingTimeSeconds": 0.0,
  "maximumYawRateSettlingTimeSeconds": 0.0,
  "maximumPlanarOvershootMps": 0.0,
  "maximumYawRateOvershootRadPerSec": 0.0,
  "unsettledPlanarTransitionCount": 0,
  "unsettledYawRateTransitionCount": 0,
  "initialBasePosition": [
    0.0,
    0.0,
    0.44
  ],
  "finalBasePosition": [
    0.25906122326817804,
    -0.20379906202023104,
    0.24269645325783076
  ],
  "netDisplacement": [
    0.25906122326817804,
    -0.20379906202023104,
    -0.19730354674216924
  ],
  "targetPlanarDisplacement": [
    1.25,
    0.0
  ],
  "forwardDisplacement": 0.25906122326817804,
  "targetDistance": 1.25,
  "forwardProgress": 0.20724897861454245,
  "signedForwardProgress": 0.20724897861454245,
  "backwardDisplacement": 0.0,
  "meanForwardVelocity": 0.05181224465363901,
  "lateralDrift": 0.20379906202023104,
  "distanceTraveled": 1.1438308694153259
}
