{
  "terms": {
    "survival": 25.0,
    "velocityTracking": 11.588102585389596,
    "forwardProgress": 10.362448930727123,
    "upright": 8.10195704427498,
    "lateralDrift": -2.0379906202023106,
    "transitionTracking": 0.0,
    "energy": -6.434718396856718,
    "smoothness": -0.1563118998719795,
    "componentMass": -1.5075,
    "sensorChannels": -5.3500000000000005,
    "trainingSteps": -0.0
  },
  "total": 39.56598764346069
}
