{
  "durationSeconds": 18.000000000000902,
  "steps": 900,
  "survivalRate": 1.0,
  "fell": false,
  "motionCommand": [
    0.13111111111111284,
    0.02499999999999996,
    0.041666666666666664
  ],
  "meanMotionCommand": [
    0.13111111111111284,
    0.02499999999999996,
    0.041666666666666664
  ],
  "meanMeasuredMotion": [
    0.04613506961204515,
    0.003467061134759214,
    -0.01094699253370868
  ],
  "planarVelocityTrackingError": 0.08766182227757685,
  "yawRateTrackingError": 0.05261365920037535,
  "meanVelocityTrackingError": 0.3454775110079033,
  "meanPlanarVelocityTrackingError": 0.20605680907508137,
  "meanYawRateTrackingError": 0.21701905505588387,
  "meanUpright": 0.8939822232366433,
  "meanAbsolutePitchRad": 0.20654911436956075,
  "minimumPitchRad": -0.6347068903185646,
  "maximumPitchRad": 1.0411296058620785,
  "maximumBackwardPitchRad": 0.6347068903185646,
  "maximumAbsolutePitchRad": 1.0411296058620785,
  "maximumAbsolutePitchRateRadPerSec": 5.693444375371632,
  "meanBodyTiltRad": 0.21563268441481445,
  "maximumBodyTiltRad": 1.0411296064256514,
  "initialBodyTiltRad": 0.0,
  "minimumBodyTiltRad": 0.0,
  "finalBodyTiltRad": 0.09716503003431315,
  "finalBaseHeightM": 0.4231489332824583,
  "selfRightingTask": true,
  "recoveryTriggered": true,
  "selfRightingSuccess": 1.0,
  "timeToStableStandSeconds": 5.479999999999401,
  "stableStandingDwellSeconds": 1.98,
  "finalStableStandingDwellSeconds": 0.0,
  "minimumJointLimitMarginRad": 0.02838196425104844,
  "disallowedCollisionSteps": 0,
  "meanEnergy": 160.81154160921702,
  "meanSmoothness": 108.13935190953373,
  "peakActuator": 8.0,
  "motionQualityFootEvidenceAvailable": true,
  "motionQualityContactThresholdNewton": 1.0,
  "meanJointJerkRadPerSec3": 18276.126386357228,
  "peakJointJerkRadPerSec3": 53950.942805875675,
  "meanBodyAngularJerkRadPerSec3": 2146.0997337587974,
  "peakBodyAngularJerkRadPerSec3": 14735.6048709821,
  "meanActionSlewRatePerSec": 398.8556189678685,
  "peakActionSlewRatePerSec": 800.0,
  "actuatorSaturationRate": 0.34027777777777773,
  "meanFootSlipSpeedMps": 0.05188447822318548,
  "peakFootSlipSpeedMps": 1.0807284712338092,
  "totalFootSlipDistanceM": 1.6945470587692384,
  "meanFootContactImpactNPerSec": 509.22639988841775,
  "peakFootContactImpactNPerSec": 14426.248313876285,
  "peakFootContactForceNewton": 288.5249662775257,
  "motionCommandSchedule": [
    {
      "atStep": 0,
      "atSeconds": 0.0,
      "command": [
        0.2,
        0.0,
        0.0
      ]
    },
    {
      "atStep": 400,
      "atSeconds": 8.0,
      "command": [
        0.2,
        0.0,
        0.0
      ]
    },
    {
      "atStep": 500,
      "atSeconds": 10.0,
      "command": [
        0.12,
        0.0,
        0.25
      ]
    },
    {
      "atStep": 650,
      "atSeconds": 13.0,
      "command": [
        0.0,
        0.15,
        0.0
      ]
    },
    {
      "atStep": 800,
      "atSeconds": 16.0,
      "command": [
        0.0,
        0.0,
        0.0
      ]
    }
  ],
  "transitionCount": 4,
  "transitions": [
    {
      "index": 1,
      "atStep": 400,
      "atSeconds": 8.0,
      "endStep": 500,
      "fromCommand": [
        0.2,
        0.0,
        0.0
      ],
      "toCommand": [
        0.2,
        0.0,
        0.0
      ],
      "sampleCount": 100,
      "peakPlanarTrackingError": 0.7957045187748581,
      "peakYawRateTrackingError": 0.5605974664201545,
      "terminalMeasuredMotion": [
        -0.008614743580762325,
        -0.0010668305958186324,
        -0.032416786371517195
      ],
      "terminalPlanarTrackingError": 0.20861747138431957,
      "terminalYawRateTrackingError": 0.032416786371517195,
      "planarOvershootMps": 0.0,
      "yawRateOvershootRadPerSec": 0.0,
      "planarSettlingTimeSeconds": 2.0,
      "yawRateSettlingTimeSeconds": 0.26,
      "planarSettled": false,
      "yawRateSettled": true,
      "planarBraking": false
    },
    {
      "index": 2,
      "atStep": 500,
      "atSeconds": 10.0,
      "endStep": 650,
      "fromCommand": [
        0.2,
        0.0,
        0.0
      ],
      "toCommand": [
        0.12,
        0.0,
        0.25
      ],
      "sampleCount": 150,
      "peakPlanarTrackingError": 0.315190841338699,
      "peakYawRateTrackingError": 0.8931502542775845,
      "terminalMeasuredMotion": [
        0.007006627703582425,
        -0.0016059352414068643,
        0.0592037895753504
      ],
      "terminalPlanarTrackingError": 0.11300478401783004,
      "terminalYawRateTrackingError": 0.19079621042464961,
      "planarOvershootMps": 0.3128984225035278,
      "yawRateOvershootRadPerSec": 0.40640366911626313,
      "planarSettlingTimeSeconds": 3.0,
      "yawRateSettlingTimeSeconds": 2.98,
      "planarSettled": true,
      "yawRateSettled": true,
      "planarBraking": false
    },
    {
      "index": 3,
      "atStep": 650,
      "atSeconds": 13.0,
      "endStep": 800,
      "fromCommand": [
        0.12,
        0.0,
        0.25
      ],
      "toCommand": [
        0.0,
        0.15,
        0.0
      ],
      "sampleCount": 150,
      "peakPlanarTrackingError": 0.1634658769566101,
      "peakYawRateTrackingError": 1.0694260726448337,
      "terminalMeasuredMotion": [
        0.0038204968688987347,
        0.028919133084162198,
        -0.19833226826402017
      ],
      "terminalPlanarTrackingError": 0.12114112649887358,
      "terminalYawRateTrackingError": 0.19833226826402017,
      "planarOvershootMps": 0.02589865308881656,
      "yawRateOvershootRadPerSec": 1.0694260726448337,
      "planarSettlingTimeSeconds": 3.0,
      "yawRateSettlingTimeSeconds": 2.88,
      "planarSettled": false,
      "yawRateSettled": true,
      "planarBraking": false
    },
    {
      "index": 4,
      "atStep": 800,
      "atSeconds": 16.0,
      "endStep": 900,
      "fromCommand": [
        0.0,
        0.15,
        0.0
      ],
      "toCommand": [
        0.0,
        0.0,
        0.0
      ],
      "sampleCount": 100,
      "peakPlanarTrackingError": 0.1342460982112729,
      "peakYawRateTrackingError": 1.0611127535279112,
      "terminalMeasuredMotion": [
        -0.042458909851259934,
        0.014585480741911221,
        -0.006046352388349311
      ],
      "terminalPlanarTrackingError": 0.04489426772128131,
      "terminalYawRateTrackingError": 0.006046352388349311,
      "planarOvershootMps": 0.08382362546413781,
      "yawRateOvershootRadPerSec": 0.0,
      "planarSettlingTimeSeconds": 0.2,
      "yawRateSettlingTimeSeconds": 0.26,
      "planarSettled": true,
      "yawRateSettled": true,
      "planarBraking": true
    }
  ],
  "maximumTransitionTerminalPlanarTrackingError": 0.20861747138431957,
  "maximumTransitionTerminalYawRateTrackingError": 0.19833226826402017,
  "maximumPlanarSettlingTimeSeconds": 3.0,
  "maximumPlanarBrakingSettlingTimeSeconds": 0.2,
  "maximumYawRateSettlingTimeSeconds": 2.98,
  "maximumPlanarOvershootMps": 0.3128984225035278,
  "maximumYawRateOvershootRadPerSec": 1.0694260726448337,
  "unsettledPlanarTransitionCount": 2,
  "unsettledYawRateTransitionCount": 0,
  "initialBasePosition": [
    1.017983065972739,
    -0.14308443248699398,
    0.4762978460770211
  ],
  "finalBasePosition": [
    0.8333709748925845,
    0.04547947284207922,
    0.4231489332824583
  ],
  "netDisplacement": [
    -0.18461209108015442,
    0.1885639053290732,
    -0.0531489127945628
  ],
  "targetPlanarDisplacement": [
    0.76,
    0.44999999999999996
  ],
  "forwardDisplacement": -0.06278235838225997,
  "targetDistance": 0.8832326986700617,
  "forwardProgress": 0.0,
  "signedForwardProgress": -0.07108246612336168,
  "backwardDisplacement": 0.06278235838225997,
  "meanForwardVelocity": -0.00627823583822543,
  "lateralDrift": 0.25631298453628987,
  "distanceTraveled": 2.8431547962115022,
  "episodeInitialBasePosition": [
    0.0,
    0.0,
    0.44
  ],
  "mobilityMeasurementStartedAtSeconds": 8.0,
  "recoveryEvaluationStartedAtSeconds": 2.7,
  "missionStageDurationsSeconds": {
    "approach": 2.48,