{
  "terms": {
    "survival": 10.0,
    "velocityTracking": 4.459383342279257,
    "forwardProgress": 0.0,
    "upright": 1.7879644464732867,
    "lateralDrift": -0.5126259690725797,
    "transitionTracking": 0.22806904499165384,
    "energy": -0.321623083218434,
    "smoothness": -0.10813935190953373,
    "jointJerk": 0.0,
    "bodyAngularJerk": 0.0,
    "actionSlew": 0.0,
    "actuatorSaturation": -0.17013888888888887,
    "footSlip": 0.0,
    "footImpact": 0.0,
    "selfRighting": 100.0,
    "recoveryTime": -10.959999999998802,
    "jointLimitMargin": 0.05676392850209688,
    "componentMass": -3.015,
    "sensorChannels": -2.14,
    "trainingSteps": -0.0
  },
  "total": 99.30465346915805
}
