{
  "durationSeconds": 6.499999999999506,
  "steps": 325,
  "survivalRate": 1.0,
  "fell": false,
  "motionCommand": [
    0.0,
    0.009230769230769237,
    0.0
  ],
  "meanMotionCommand": [
    0.0,
    0.009230769230769237,
    0.0
  ],
  "meanMeasuredMotion": [
    0.10366276002219568,
    0.21694019345814328,
    0.0006131006765604201
  ],
  "planarVelocityTrackingError": 0.2321404159733642,
  "yawRateTrackingError": 0.0006131006765604201,
  "meanVelocityTrackingError": 1.0649128998636237,
  "meanPlanarVelocityTrackingError": 0.4131251849772002,
  "meanYawRateTrackingError": 0.9245911913293735,
  "meanUpright": 0.8839867368812692,
  "meanEnergy": 502.4966576500409,
  "meanSmoothness": 39.034199913282734,
  "peakActuator": 8.0,
  "motionCommandSchedule": [
    {
      "atStep": 0,
      "atSeconds": 0.0,
      "command": [
        0.0,
        0.12,
        0.0
      ]
    },
    {
      "atStep": 125,
      "atSeconds": 2.5,
      "command": [
        0.0,
        -0.12,
        0.0
      ]
    },
    {
      "atStep": 225,
      "atSeconds": 4.5,
      "command": [
        0.0,
        0.0,
        0.0
      ]
    }
  ],
  "transitionCount": 2,
  "transitions": [
    {
      "index": 1,
      "atStep": 125,
      "atSeconds": 2.5,
      "endStep": 225,
      "fromCommand": [
        0.0,
        0.12,
        0.0
      ],
      "toCommand": [
        0.0,
        -0.12,
        0.0
      ],
      "sampleCount": 100,
      "peakPlanarTrackingError": 0.6271309214916403,
      "peakYawRateTrackingError": 2.3322538859761925,
      "terminalMeasuredMotion": [
        0.35246892939328855,
        0.228433783973106,
        -0.6285112190456275
      ],
      "terminalPlanarTrackingError": 0.49562127476680023,
      "terminalYawRateTrackingError": 0.6285112190456275,
      "planarOvershootMps": 0.18557602335884976,
      "yawRateOvershootRadPerSec": 0.0,
      "planarSettlingTimeSeconds": 2.0,
      "yawRateSettlingTimeSeconds": 2.0,
      "planarSettled": false,
      "yawRateSettled": false
    },
    {
      "index": 2,
      "atStep": 225,
      "atSeconds": 4.5,
      "endStep": 325,
      "fromCommand": [
        0.0,
        -0.12,
        0.0
      ],
      "toCommand": [
        0.0,
        0.0,
        0.0
      ],
      "sampleCount": 100,
      "peakPlanarTrackingError": 1.1910073533688161,
      "peakYawRateTrackingError": 3.086987919889844,
      "terminalMeasuredMotion": [
        0.11689826739281864,
        -0.18652431955028398,
        -0.6704016083967028
      ],
      "terminalPlanarTrackingError": 0.22012843229155876,
      "terminalYawRateTrackingError": 0.6704016083967028,
      "planarOvershootMps": 0.833777930371592,
      "yawRateOvershootRadPerSec": 0.0,
      "planarSettlingTimeSeconds": 2.0,
      "yawRateSettlingTimeSeconds": 2.0,
      "planarSettled": false,
      "yawRateSettled": false
    }
  ],
  "maximumTransitionTerminalPlanarTrackingError": 0.49562127476680023,
  "maximumTransitionTerminalYawRateTrackingError": 0.6704016083967028,
  "maximumPlanarSettlingTimeSeconds": 2.0,
  "maximumYawRateSettlingTimeSeconds": 2.0,
  "maximumPlanarOvershootMps": 0.833777930371592,
  "maximumYawRateOvershootRadPerSec": 0.0,
  "unsettledPlanarTransitionCount": 2,
  "unsettledYawRateTransitionCount": 2,
  "initialBasePosition": [
    0.0,
    0.0,
    0.44
  ],
  "finalBasePosition": [
    0.6761440389214128,
    1.4078084602367134,
    0.24198706193888744
  ],
  "netDisplacement": [
    0.6761440389214128,
    1.4078084602367134,
    -0.19801293806111256
  ],
  "targetPlanarDisplacement": [
    0.0,
    0.06
  ],
  "forwardDisplacement": 1.4078084602367134,
  "targetDistance": 0.06,
  "forwardProgress": 1.0,
  "meanForwardVelocity": 0.21658591695951082,
  "lateralDrift": 0.6761440389214128,
  "distanceTraveled": 2.702192642952266
}
