{
  "terms": {
    "survival": 30.0,
    "velocityTracking": 9.685638557113421,
    "forwardProgress": 10.0,
    "upright": 13.259801053219038,
    "lateralDrift": -3.380720194607064,
    "transitionTracking": 4.285836240081403,
    "energy": -2.5124832882502046,
    "smoothness": -0.03903419991328273,
    "componentMass": -1.2060000000000002,
    "sensorChannels": -1.07,
    "trainingSteps": -0.0
  },
  "total": 59.023038167643314
}
