{
  "proposal": {
    "strategy": "coordinate-kp-increase",
    "hypothesis": "Increase kp by one bounded step.",
    "expectedEffect": "Test whether kp=30 improves the complete locked quadruped score.",
    "values": {
      "/config/kp": 30
    }
  },
  "previous": {
    "assembly": "force-sensing",
    "controller": "force-aware-gait",
    "assemblyHash": "d89572552c790a7256a7fe23403e257b121aab1b617e4b133032638dcb972cea",
    "aggregateScore": 83.88756383453581,
    "cases": [
      {
        "case": {
          "id": "nominal",
          "task": "velocity-track",
          "scenario": "nominal",
          "seed": 42,
          "weight": 1
        },
        "metrics": {
          "durationSeconds": 2.999999999999891,
          "steps": 150,
          "survivalRate": 1,
          "fell": false,
          "meanVelocityTrackingError": 0.20523508292003026,
          "meanUpright": 0.9382299255749118,
          "meanEnergy": 1.0342395049736128,
          "meanSmoothness": 0.37956790354516445,
          "peakActuator": 5.599999999999999
        },
        "score": {
          "terms": {
            "survival": 50,
            "velocityTracking": 16.594273004021936,
            "upright": 18.764598511498235,
            "energy": -0.02068479009947226,
            "smoothness": -0.003795679035451645,
            "componentMass": -1.4275,
            "sensorChannels": -0.5,
            "trainingSteps": 0
          },
          "total": 83.40689104638524
        },
        "resultHash": "41b0eef7166d09a357cc50bfa864e7805e9e34447cdd73a8269c1a1e4fdb3932"
      },
      {
        "case": {
          "id": "low-friction",
          "task": "velocity-track",
          "scenario": "low-friction",
          "seed": 43,
          "weight": 1.2
        },
        "metrics": {
          "durationSeconds": 2.999999999999891,
          "steps": 150,
          "survivalRate": 1,
          "fell": false,
          "meanVelocityTrackingError": 0.20523508292003026,
          "meanUpright": 0.9382299255749118,
          "meanEnergy": 1.0342395049736128,
          "meanSmoothness": 0.37956790354516445,
          "peakActuator": 5.599999999999999
        },
        "score": {
          "terms": {
            "survival": 50,
            "velocityTracking": 16.594273004021936,
            "upright": 18.764598511498235,
            "energy": -0.02068479009947226,
            "smoothness": -0.003795679035451645,
            "componentMass": -1.4275,
            "sensorChannels": -0.5,
            "trainingSteps": 0
          },
          "total": 83.40689104638524
        },
        "resultHash": "178fa8bba3ba3f8ba44db8617987087234323701e6bf9f6b1bc12715405f4663"
      },
      {
        "case": {
          "id": "lateral-push",
          "task": "stand",
          "scenario": "lateral-push",
          "seed": 44,
          "weight": 1.5
        },
        "metrics": {
          "durationSeconds": 2.0000000000000013,
          "steps": 100,
          "survivalRate": 1,
          "fell": false,
          "meanVelocityTrackingError": 0.09989910086689079,
          "meanUpright": 0.9197895116771901,
          "meanEnergy": 2.666634830066838,
          "meanSmoothness": 0.589303552821172,
          "peakActuator": 5.599999999999999
        },
        "score": {
          "terms": {
            "survival": 50,
            "velocityTracking": 18.18348608907572,
            "upright": 18.395790233543803,
            "energy": -0.053332696601336764,
            "smoothness": -0.00589303552821172,
            "componentMass": -1.4275,
            "sensorChannels": -0.5,
            "trainingSteps": 0
          },
          "total": 84.59255059048998
        },
        "resultHash": "a4207a35d156921d25d2e77e351807e1526e633756f775c4bb43482070ca912a"
      }
    ]
  },
  "candidate": {
    "assembly": "force-sensing",
    "controller": "force-aware-gait",
    "assemblyHash": "d89572552c790a7256a7fe23403e257b121aab1b617e4b133032638dcb972cea",
    "aggregateScore": 83.97336485851835,
    "cases": [
      {
        "case": {
          "id": "nominal",
          "task": "velocity-track",
          "scenario": "nominal",
          "seed": 42,
          "weight": 1
        },
        "metrics": {
          "durationSeconds": 2.999999999999891,
          "steps": 150,
          "survivalRate": 1,
          "fell": false,
          "meanVelocityTrackingError": 0.20398946658959094,
          "meanUpright": 0.9395233677824253,
          "meanEnergy": 1.104527538067565,
          "meanSmoothness": 0.4060324310823327,
          "peakActuator": 5.999999999999998
        },
        "score": {
          "terms": {
            "survival": 50,
            "velocityTracking": 16.61144100924056,
            "upright": 18.790467355648506,
            "energy": -0.0220905507613513,
            "smoothness": -0.004060324310823328,
            "componentMass": -1.4275,
            "sensorChannels": -0.5,
            "trainingSteps": 0
          },
          "total": 83.4482574898169
        },
        "resultHash": "cc4c5b5e648b061ba2f9a4a4199db9107a59fc76d5c08f957a965563ff228194"
      },
      {
        "case": {
          "id": "low-friction",
          "task": "velocity-track",
          "scenario": "low-friction",
          "seed": 43,
          "weight": 1.2
        },
        "metrics": {
          "durationSeconds": 2.999999999999891,
          "steps": 150,
          "survivalRate": 1,
          "fell": false,
          "meanVelocityTrackingError": 0.20398946658959094,
          "meanUpright": 0.9395233677824253,
          "meanEnergy": 1.104527538067565,
          "meanSmoothness": 0.4060324310823327,
          "peakActuator": 5.999999999999998
        },
        "score": {
          "terms": {
            "survival": 50,
            "velocityTracking": 16.61144100924056,
            "upright": 18.790467355648506,
            "energy": -0.0220905507613513,
            "smoothness": -0.004060324310823328,
            "componentMass": -1.4275,
            "sensorChannels": -0.5,
            "trainingSteps": 0
          },
          "total": 83.4482574898169
        },
        "resultHash": "905852d52e3aa91099a5767cc5b3cd2aa2463af91190d2a81ad7b66b56997683"
      },
      {
        "case": {
          "id": "lateral-push",
          "task": "stand",
          "scenario": "lateral-push",
          "seed": 44,
          "weight": 1.5
        },
        "metrics": {
          "durationSeconds": 2.0000000000000013,
          "steps": 100,
          "survivalRate": 1,
          "fell": false,
          "meanVelocityTrackingError": 0.09648684338131173,
          "meanUpright": 0.9246535546627935,
          "meanEnergy": 2.7890217637916073,
          "meanSmoothness": 0.6341264430979656,
          "peakActuator": 5.999999999999998
        },
        "score": {
          "terms": {
            "survival": 50,
            "velocityTracking": 18.240072939064756,
            "upright": 18.49307109325587,
            "energy": -0.055780435275832145,
            "smoothness": -0.006341264430979657,
            "componentMass": -1.4275,
            "sensorChannels": -0.5,
            "trainingSteps": 0
          },
          "total": 84.74352233261382
        },
        "resultHash": "cd7142b277cef9c7c81e3cd091751cc2ad9d893aa36ad702aaf75ad4f2e2636b"
      }
    ]
  },
  "scoreDelta": 0.08580102398254041
}
