{
  "previous": {
    "assembly": "force-sensing",
    "controller": "force-aware-gait",
    "assemblyHash": "d89572552c790a7256a7fe23403e257b121aab1b617e4b133032638dcb972cea",
    "aggregateScore": 84.25444528948661,
    "cases": [
      {
        "case": {
          "id": "nominal",
          "task": "velocity-track",
          "scenario": "nominal",
          "seed": 42,
          "weight": 1
        },
        "metrics": {
          "durationSeconds": 2.999999999999891,
          "steps": 150,
          "survivalRate": 1,
          "fell": false,
          "meanVelocityTrackingError": 0.19201303753477256,
          "meanUpright": 0.9480218653247192,
          "meanEnergy": 1.6480993707090124,
          "meanSmoothness": 0.4632488268850761,
          "peakActuator": 6
        },
        "score": {
          "terms": {
            "survival": 50,
            "velocityTracking": 16.778339976349944,
            "upright": 18.960437306494384,
            "energy": -0.03296198741418025,
            "smoothness": -0.004632488268850762,
            "componentMass": -1.4275,
            "sensorChannels": -0.5,
            "trainingSteps": 0
          },
          "total": 83.7736828071613
        },
        "resultHash": "4287f1353ecb95d474901b26dfe47f1fb265c60309ed0f4d1eee337d2d6315d4"
      },
      {
        "case": {
          "id": "low-friction",
          "task": "velocity-track",
          "scenario": "low-friction",
          "seed": 43,
          "weight": 1.2
        },
        "metrics": {
          "durationSeconds": 2.999999999999891,
          "steps": 150,
          "survivalRate": 1,
          "fell": false,
          "meanVelocityTrackingError": 0.19201303753477256,
          "meanUpright": 0.9480218653247192,
          "meanEnergy": 1.6480993707090124,
          "meanSmoothness": 0.4632488268850761,
          "peakActuator": 6
        },
        "score": {
          "terms": {
            "survival": 50,
            "velocityTracking": 16.778339976349944,
            "upright": 18.960437306494384,
            "energy": -0.03296198741418025,
            "smoothness": -0.004632488268850762,
            "componentMass": -1.4275,
            "sensorChannels": -0.5,
            "trainingSteps": 0
          },
          "total": 83.7736828071613
        },
        "resultHash": "d42489399a591c8368a8e4261d3dc02b534303f9c224185998e5790af1a987c9"
      },
      {
        "case": {
          "id": "lateral-push",
          "task": "stand",
          "scenario": "lateral-push",
          "seed": 44,
          "weight": 1.5
        },
        "metrics": {
          "durationSeconds": 2.0000000000000013,
          "steps": 100,
          "survivalRate": 1,
          "fell": false,
          "meanVelocityTrackingError": 0.10380359598361799,
          "meanUpright": 0.9420049531699565,
          "meanEnergy": 3.227784202096481,
          "meanSmoothness": 0.764525064075128,
          "peakActuator": 6
        },
        "score": {
          "terms": {
            "survival": 50,
            "velocityTracking": 18.11916546818065,
            "upright": 18.84009906339913,
            "energy": -0.06455568404192963,
            "smoothness": -0.00764525064075128,
            "componentMass": -1.4275,
            "sensorChannels": -0.5,
            "trainingSteps": 0
          },
          "total": 84.9595635968971
        },
        "resultHash": "57b28b15a5018a086ff2cccca9017f3baac72ba98445f092fdb95c7d9ad0d4f6"
      }
    ]
  },
  "candidate": {
    "assembly": "force-sensing",
    "controller": "force-aware-gait",
    "assemblyHash": "d89572552c790a7256a7fe23403e257b121aab1b617e4b133032638dcb972cea",
    "aggregateScore": 84.22871108364329,
    "cases": [
      {
        "case": {
          "id": "nominal",
          "task": "velocity-track",
          "scenario": "nominal",
          "seed": 42,
          "weight": 1
        },
        "metrics": {
          "durationSeconds": 2.999999999999891,
          "steps": 150,
          "survivalRate": 1,
          "fell": false,
          "meanVelocityTrackingError": 0.19216531901991843,
          "meanUpright": 0.9486367523238622,
          "meanEnergy": 1.7791436598826924,
          "meanSmoothness": 0.4313531467326401,
          "peakActuator": 6
        },
        "score": {
          "terms": {
            "survival": 50,
            "velocityTracking": 16.776196791601052,
            "upright": 18.972735046477244,
            "energy": -0.035582873197653846,
            "smoothness": -0.004313531467326401,
            "componentMass": -1.4275,
            "sensorChannels": -0.5,
            "trainingSteps": 0
          },
          "total": 83.78153543341331
        },
        "resultHash": "fbeefd21d776a0002e5cb97019381565e9f8d14f20111134e1fca233ed1f74c3"
      },
      {
        "case": {
          "id": "low-friction",
          "task": "velocity-track",
          "scenario": "low-friction",
          "seed": 43,
          "weight": 1.2
        },
        "metrics": {
          "durationSeconds": 2.999999999999891,
          "steps": 150,
          "survivalRate": 1,
          "fell": false,
          "meanVelocityTrackingError": 0.19216531901991843,
          "meanUpright": 0.9486367523238622,
          "meanEnergy": 1.7791436598826924,
          "meanSmoothness": 0.4313531467326401,
          "peakActuator": 6
        },
        "score": {
          "terms": {
            "survival": 50,
            "velocityTracking": 16.776196791601052,
            "upright": 18.972735046477244,
            "energy": -0.035582873197653846,
            "smoothness": -0.004313531467326401,
            "componentMass": -1.4275,
            "sensorChannels": -0.5,
            "trainingSteps": 0
          },
          "total": 83.78153543341331
        },
        "resultHash": "4ba4518098cefb71806bf87920d365b822e930f17a6feaeb6787db9e9c5100d8"
      },
      {
        "case": {
          "id": "lateral-push",
          "task": "stand",
          "scenario": "lateral-push",
          "seed": 44,
          "weight": 1.5
        },
        "metrics": {
          "durationSeconds": 2.0000000000000013,
          "steps": 100,
          "survivalRate": 1,
          "fell": false,
          "meanVelocityTrackingError": 0.10844424169732252,
          "meanUpright": 0.9421993825486109,
          "meanEnergy": 3.419228446267748,
          "meanSmoothness": 0.6841607823438609,
          "peakActuator": 6
        },
        "score": {
          "terms": {
            "survival": 50,
            "velocityTracking": 18.043307229757165,
            "upright": 18.843987650972217,
            "energy": -0.06838456892535497,
            "smoothness": -0.006841607823438609,
            "componentMass": -1.4275,
            "sensorChannels": -0.5,
            "trainingSteps": 0
          },
          "total": 84.88456870398059
        },
        "resultHash": "bbf38235b0ff04eb688715ed866a81187fd37317bf832578c29d91df02d9a9c1"
      }
    ]
  },
  "delta": -0.02573420584332098,
  "gateReasons": []
}
