{
  "durationSeconds": 4.999999999999671,
  "steps": 250,
  "survivalRate": 1.0,
  "fell": false,
  "meanVelocityTrackingError": 0.4099549076422801,
  "meanUpright": 0.7002377289222127,
  "meanEnergy": 504.8912542868884,
  "meanSmoothness": 39.503100899071924,
  "peakActuator": 8.0,
  "initialBasePosition": [
    0.0,
    0.0,
    0.44
  ],
  "finalBasePosition": [
    1.1096007221680395,
    -0.40765689522106585,
    0.25602325525933706
  ],
  "netDisplacement": [
    1.1096007221680395,
    -0.40765689522106585,
    -0.18397674474066295
  ],
  "forwardDisplacement": 1.1096007221680395,
  "targetDistance": 1.25,
  "forwardProgress": 0.8876805777344317,
  "meanForwardVelocity": 0.22192014443362248,
  "lateralDrift": 0.40765689522106585,
  "distanceTraveled": 1.7173686812889482
}
