{
  "terms": {
    "survival": 25.0,
    "velocityTracking": 10.63863810019494,
    "forwardProgress": 35.507223109377264,
    "upright": 10.50356593383319,
    "lateralDrift": -4.076568952210659,
    "energy": -5.048912542868884,
    "smoothness": -0.19751550449535962,
    "componentMass": -1.5075,
    "sensorChannels": -5.3500000000000005,
    "trainingSteps": -0.0
  },
  "total": 65.46893014383049
}
