{
  "terms": {
    "survival": 25.0,
    "velocityTracking": 12.806089698511894,
    "forwardProgress": 7.808428489905768,
    "upright": 7.106027887189914,
    "lateralDrift": -3.4167302675275035,
    "transitionTracking": 0.0,
    "energy": -6.358068174228148,
    "smoothness": -0.15239638738055802,
    "componentMass": -1.5075,
    "sensorChannels": -5.3500000000000005,
    "trainingSteps": -0.0
  },
  "total": 35.935851246471366
}
