{
  "durationSeconds": 4.999999999999671,
  "steps": 250,
  "survivalRate": 1.0,
  "fell": false,
  "motionCommand": [
    0.25,
    0.0,
    0.0
  ],
  "meanMotionCommand": [
    0.25,
    0.0,
    0.0
  ],
  "meanMeasuredMotion": [
    -0.08590596202356222,
    -0.004094293670878042,
    0.031012144268103857
  ],
  "planarVelocityTrackingError": 0.3359309133789836,
  "yawRateTrackingError": 0.031012144268103857,
  "meanVelocityTrackingError": 0.5207184541588822,
  "meanPlanarVelocityTrackingError": 0.38854886805646344,
  "meanYawRateTrackingError": 0.22585491560012327,
  "meanUpright": 0.5530695919293331,
  "meanEnergy": 623.1053279706106,
  "meanSmoothness": 29.386834249829214,
  "peakActuator": 8.0,
  "motionCommandSchedule": [
    {
      "atStep": 0,
      "atSeconds": 0.0,
      "command": [
        0.25,
        0.0,
        0.0
      ]
    }
  ],
  "transitionCount": 0,
  "transitions": [],
  "maximumTransitionTerminalPlanarTrackingError": 0.0,
  "maximumTransitionTerminalYawRateTrackingError": 0.0,
  "maximumPlanarSettlingTimeSeconds": 0.0,
  "maximumPlanarBrakingSettlingTimeSeconds": 0.0,
  "maximumYawRateSettlingTimeSeconds": 0.0,
  "maximumPlanarOvershootMps": 0.0,
  "maximumYawRateOvershootRadPerSec": 0.0,
  "unsettledPlanarTransitionCount": 0,
  "unsettledYawRateTransitionCount": 0,
  "initialBasePosition": [
    0.0,
    0.0,
    0.44
  ],
  "finalBasePosition": [
    -0.41679577757329556,
    -0.01988711860460272,
    0.2655483025020717
  ],
  "netDisplacement": [
    -0.41679577757329556,
    -0.01988711860460272,
    -0.17445169749792833
  ],
  "targetPlanarDisplacement": [
    1.25,
    0.0
  ],
  "forwardDisplacement": -0.41679577757329556,
  "targetDistance": 1.25,
  "forwardProgress": 0.0,
  "signedForwardProgress": -0.33343662205863644,
  "backwardDisplacement": 0.41679577757329556,
  "meanForwardVelocity": -0.08335915551466459,
  "lateralDrift": 0.01988711860460272,
  "distanceTraveled": 1.0314619590717935
}
