{
  "durationSeconds": 6.499999999999506,
  "steps": 325,
  "survivalRate": 1.0,
  "fell": false,
  "motionCommand": [
    0.0,
    0.0,
    0.038461538461538464
  ],
  "meanMotionCommand": [
    0.0,
    0.0,
    0.038461538461538464
  ],
  "meanMeasuredMotion": [
    -0.011403067154746541,
    -0.021441584259507877,
    0.08266985248628182
  ],
  "planarVelocityTrackingError": 0.024285211057210012,
  "yawRateTrackingError": 0.04420831402474336,
  "meanVelocityTrackingError": 0.38411021839551973,
  "meanPlanarVelocityTrackingError": 0.11520194323785245,
  "meanYawRateTrackingError": 0.33839696140849923,
  "meanUpright": 0.9526496374388853,
  "meanEnergy": 200.3971316721382,
  "meanSmoothness": 139.13603328830328,
  "peakActuator": 8.0,
  "motionCommandSchedule": [
    {
      "atStep": 0,
      "atSeconds": 0.0,
      "command": [
        0.0,
        0.0,
        0.5
      ]
    },
    {
      "atStep": 125,
      "atSeconds": 2.5,
      "command": [
        0.0,
        0.0,
        -0.5
      ]
    },
    {
      "atStep": 225,
      "atSeconds": 4.5,
      "command": [
        0.0,
        0.0,
        0.0
      ]
    }
  ],
  "transitionCount": 2,
  "transitions": [
    {
      "index": 1,
      "atStep": 125,
      "atSeconds": 2.5,
      "endStep": 225,
      "fromCommand": [
        0.0,
        0.0,
        0.5
      ],
      "toCommand": [
        0.0,
        0.0,
        -0.5
      ],
      "sampleCount": 100,
      "peakPlanarTrackingError": 0.18524089607685895,
      "peakYawRateTrackingError": 1.0350283847659,
      "terminalMeasuredMotion": [
        0.047405339720558395,
        -0.014856674080590604,
        0.2668288064967045
      ],
      "terminalPlanarTrackingError": 0.0496788385407554,
      "terminalYawRateTrackingError": 0.7668288064967045,
      "planarOvershootMps": 0.0,
      "yawRateOvershootRadPerSec": 0.0,
      "planarSettlingTimeSeconds": 0.2,
      "yawRateSettlingTimeSeconds": 2.0,
      "planarSettled": true,
      "yawRateSettled": false
    },
    {
      "index": 2,
      "atStep": 225,
      "atSeconds": 4.5,
      "endStep": 325,
      "fromCommand": [
        0.0,
        0.0,
        -0.5
      ],
      "toCommand": [
        0.0,
        0.0,
        0.0
      ],
      "sampleCount": 100,
      "peakPlanarTrackingError": 0.24928948204836648,
      "peakYawRateTrackingError": 0.28308755759438237,
      "terminalMeasuredMotion": [
        -0.07634858324492547,
        -0.06017826354940583,
        -0.02738307414441739
      ],
      "terminalPlanarTrackingError": 0.09721383423838945,
      "terminalYawRateTrackingError": 0.02738307414441739,
      "planarOvershootMps": 0.0,
      "yawRateOvershootRadPerSec": 0.09068328322848375,
      "planarSettlingTimeSeconds": 1.24,
      "yawRateSettlingTimeSeconds": 0.2,
      "planarSettled": true,
      "yawRateSettled": true
    }
  ],
  "maximumTransitionTerminalPlanarTrackingError": 0.09721383423838945,
  "maximumTransitionTerminalYawRateTrackingError": 0.7668288064967045,
  "maximumPlanarSettlingTimeSeconds": 1.24,
  "maximumYawRateSettlingTimeSeconds": 2.0,
  "maximumPlanarOvershootMps": 0.0,
  "maximumYawRateOvershootRadPerSec": 0.09068328322848375,
  "unsettledPlanarTransitionCount": 0,
  "unsettledYawRateTransitionCount": 1,
  "initialBasePosition": [
    0.0,
    0.0,
    0.44
  ],
  "finalBasePosition": [
    -0.07325455579110778,
    -0.13509332047175232,
    0.4205939652815944
  ],
  "netDisplacement": [
    -0.07325455579110778,
    -0.13509332047175232,
    -0.01940603471840563
  ],
  "targetPlanarDisplacement": [
    0.0,
    0.0
  ],
  "forwardDisplacement": 0.0,
  "targetDistance": 0.0,
  "forwardProgress": 1.0,
  "meanForwardVelocity": 0.0,
  "lateralDrift": 0.15367639760300245,
  "distanceTraveled": 0.6667521867643048
}
