{
  "terms": {
    "survival": 30.0,
    "velocityTracking": 14.449716311743067,
    "forwardProgress": 10.0,
    "upright": 14.28974456158328,
    "lateralDrift": -0.7683819880150122,
    "transitionTracking": 5.775088125748507,
    "energy": -1.001985658360691,
    "smoothness": -0.1391360332883033,
    "componentMass": -1.2060000000000002,
    "sensorChannels": -1.07,
    "trainingSteps": -0.0
  },
  "total": 70.32904531941084
}
