{
  "durationSeconds": 6.499999999999506,
  "steps": 325,
  "survivalRate": 1.0,
  "fell": false,
  "motionCommand": [
    0.030769230769230813,
    0.0,
    0.0
  ],
  "meanMotionCommand": [
    0.030769230769230813,
    0.0,
    0.0
  ],
  "meanMeasuredMotion": [
    0.034210053784007016,
    0.036169587680610175,
    0.0473009614845995
  ],
  "planarVelocityTrackingError": 0.03633288229695465,
  "yawRateTrackingError": 0.0473009614845995,
  "meanVelocityTrackingError": 0.5832531265719912,
  "meanPlanarVelocityTrackingError": 0.33268745512723913,
  "meanYawRateTrackingError": 0.3748806177256854,
  "meanUpright": 0.5453956165377198,
  "meanEnergy": 630.4048505155231,
  "meanSmoothness": 31.28758907876742,
  "peakActuator": 8.0,
  "motionCommandSchedule": [
    {
      "atStep": 0,
      "atSeconds": 0.0,
      "command": [
        0.2,
        0.0,
        0.0
      ]
    },
    {
      "atStep": 125,
      "atSeconds": 2.5,
      "command": [
        -0.15,
        0.0,
        0.0
      ]
    },
    {
      "atStep": 225,
      "atSeconds": 4.5,
      "command": [
        0.0,
        0.0,
        0.0
      ]
    }
  ],
  "transitionCount": 2,
  "transitions": [
    {
      "index": 1,
      "atStep": 125,
      "atSeconds": 2.5,
      "endStep": 225,
      "fromCommand": [
        0.2,
        0.0,
        0.0
      ],
      "toCommand": [
        -0.15,
        0.0,
        0.0
      ],
      "sampleCount": 100,
      "peakPlanarTrackingError": 0.78643451547963,
      "peakYawRateTrackingError": 2.434952568673094,
      "terminalMeasuredMotion": [
        0.1994475572093879,
        0.3467362662960987,
        -0.47299018881531224
      ],
      "terminalPlanarTrackingError": 0.49228003575664886,
      "terminalYawRateTrackingError": 0.47299018881531224,
      "planarOvershootMps": 0.35024712081318277,
      "yawRateOvershootRadPerSec": 0.0,
      "planarSettlingTimeSeconds": 2.0,
      "yawRateSettlingTimeSeconds": 2.0,
      "planarSettled": false,
      "yawRateSettled": false,
      "planarBraking": false
    },
    {
      "index": 2,
      "atStep": 225,
      "atSeconds": 4.5,
      "endStep": 325,
      "fromCommand": [
        -0.15,
        0.0,
        0.0
      ],
      "toCommand": [
        0.0,
        0.0,
        0.0
      ],
      "sampleCount": 100,
      "peakPlanarTrackingError": 0.816354811468385,
      "peakYawRateTrackingError": 1.7429607585178188,
      "terminalMeasuredMotion": [
        -0.45373186037810037,
        0.2442046052453645,
        -0.15899332119126544
      ],
      "terminalPlanarTrackingError": 0.5152751598371653,
      "terminalYawRateTrackingError": 0.15899332119126544,
      "planarOvershootMps": 0.6047183130881729,
      "yawRateOvershootRadPerSec": 0.0,
      "planarSettlingTimeSeconds": 2.0,
      "yawRateSettlingTimeSeconds": 1.96,
      "planarSettled": false,
      "yawRateSettled": true,
      "planarBraking": true
    }
  ],
  "maximumTransitionTerminalPlanarTrackingError": 0.5152751598371653,
  "maximumTransitionTerminalYawRateTrackingError": 0.47299018881531224,
  "maximumPlanarSettlingTimeSeconds": 2.0,
  "maximumPlanarBrakingSettlingTimeSeconds": 2.0,
  "maximumYawRateSettlingTimeSeconds": 2.0,
  "maximumPlanarOvershootMps": 0.6047183130881729,
  "maximumYawRateOvershootRadPerSec": 0.0,
  "unsettledPlanarTransitionCount": 2,
  "unsettledYawRateTransitionCount": 1,
  "initialBasePosition": [
    0.0,
    0.0,
    0.44
  ],
  "finalBasePosition": [
    0.23669003520933007,
    0.23314466738954162,
    0.25706855145317614
  ],
  "netDisplacement": [
    0.23669003520933007,
    0.23314466738954162,
    -0.18293144854682386
  ],
  "targetPlanarDisplacement": [
    0.2,
    0.0
  ],
  "forwardDisplacement": 0.23669003520933007,
  "targetDistance": 0.2,
  "forwardProgress": 1.0,
  "signedForwardProgress": 1.1834501760466503,
  "backwardDisplacement": 0.0,
  "meanForwardVelocity": 0.03641385157066893,
  "lateralDrift": 0.23314466738954162,
  "distanceTraveled": 2.1661686651787697
}
