{
  "terms": {
    "survival": 30.0,
    "velocityTracking": 12.632218856439817,
    "forwardProgress": 10.0,
    "upright": 8.180934248065798,
    "lateralDrift": -1.165723336947708,
    "transitionTracking": 4.5502918768161384,
    "energy": -3.1520242525776156,
    "smoothness": -0.03128758907876742,
    "componentMass": -1.2060000000000002,
    "sensorChannels": -1.07,
    "trainingSteps": -0.0
  },
  "total": 58.73840980271766
}
