{
  "previous": {
    "assembly": "force-sensing",
    "controller": "force-residual-trot",
    "assemblyHash": "d89572552c790a7256a7fe23403e257b121aab1b617e4b133032638dcb972cea",
    "aggregateScore": 84.23980305153188,
    "cases": [
      {
        "case": {
          "id": "nominal",
          "task": "velocity-track",
          "scenario": "nominal",
          "seed": 42,
          "weight": 1
        },
        "metrics": {
          "durationSeconds": 2.999999999999891,
          "steps": 150,
          "survivalRate": 1,
          "fell": false,
          "meanVelocityTrackingError": 0.19192643860488035,
          "meanUpright": 0.9484631494003065,
          "meanEnergy": 1.680469269997711,
          "meanSmoothness": 0.4698406931288186,
          "peakActuator": 6
        },
        "score": {
          "terms": {
            "survival": 50,
            "velocityTracking": 16.77955899980664,
            "upright": 18.96926298800613,
            "energy": -0.03360938539995422,
            "smoothness": -0.004698406931288186,
            "componentMass": -1.4275,
            "sensorChannels": -0.5,
            "trainingSteps": -0.02048
          },
          "total": 83.76253419548152
        },
        "resultHash": "5d10f844be40b8cbb6ff59f985c7a07ec52f8dbc857a9b3b0db226739fe50f0c"
      },
      {
        "case": {
          "id": "low-friction",
          "task": "velocity-track",
          "scenario": "low-friction",
          "seed": 43,
          "weight": 1.2
        },
        "metrics": {
          "durationSeconds": 2.999999999999891,
          "steps": 150,
          "survivalRate": 1,
          "fell": false,
          "meanVelocityTrackingError": 0.19192643860488035,
          "meanUpright": 0.9484631494003065,
          "meanEnergy": 1.680469269997711,
          "meanSmoothness": 0.4698406931288186,
          "peakActuator": 6
        },
        "score": {
          "terms": {
            "survival": 50,
            "velocityTracking": 16.77955899980664,
            "upright": 18.96926298800613,
            "energy": -0.03360938539995422,
            "smoothness": -0.004698406931288186,
            "componentMass": -1.4275,
            "sensorChannels": -0.5,
            "trainingSteps": -0.02048
          },
          "total": 83.76253419548152
        },
        "resultHash": "8f626e03b442b0c02796e9506dc4c08a50d4affccf7cb2e902e5b922dccaef5a"
      },
      {
        "case": {
          "id": "lateral-push",
          "task": "stand",
          "scenario": "lateral-push",
          "seed": 44,
          "weight": 1.5
        },
        "metrics": {
          "durationSeconds": 2.0000000000000013,
          "steps": 100,
          "survivalRate": 1,
          "fell": false,
          "meanVelocityTrackingError": 0.10412642795785589,
          "meanUpright": 0.9424170199509405,
          "meanEnergy": 3.3193182523623386,
          "meanSmoothness": 0.8044323912183237,
          "peakActuator": 6
        },
        "score": {
          "terms": {
            "survival": 50,
            "velocityTracking": 18.113867663679716,
            "upright": 18.84834039901881,
            "energy": -0.06638636504724678,
            "smoothness": -0.008044323912183236,
            "componentMass": -1.4275,
            "sensorChannels": -0.5,
            "trainingSteps": -0.02048
          },
          "total": 84.9397973737391
        },
        "resultHash": "233ba148c8148497664aee14262c552da70b9c3d50ff97ba798ed5a2f855a525"
      }
    ]
  },
  "candidate": {
    "assembly": "force-sensing",
    "controller": "force-residual-trot",
    "assemblyHash": "d89572552c790a7256a7fe23403e257b121aab1b617e4b133032638dcb972cea",
    "aggregateScore": 84.23989166385351,
    "cases": [
      {
        "case": {
          "id": "nominal",
          "task": "velocity-track",
          "scenario": "nominal",
          "seed": 42,
          "weight": 1
        },
        "metrics": {
          "durationSeconds": 2.999999999999891,
          "steps": 150,
          "survivalRate": 1,
          "fell": false,
          "meanVelocityTrackingError": 0.19192862379166695,
          "meanUpright": 0.9484623431819017,
          "meanEnergy": 1.6805019004492772,
          "meanSmoothness": 0.46985930155227634,
          "peakActuator": 6
        },
        "score": {
          "terms": {
            "survival": 50,
            "velocityTracking": 16.779528237502696,
            "upright": 18.969246863638034,
            "energy": -0.03361003800898554,
            "smoothness": -0.004698593015522764,
            "componentMass": -1.4275,
            "sensorChannels": -0.5,
            "trainingSteps": -0.02048
          },
          "total": 83.76248647011622
        },
        "resultHash": "ccfb97bda52cd02a637f623a0c015acb4691afa5b9b41232bb1c81926c090b12"
      },
      {
        "case": {
          "id": "low-friction",
          "task": "velocity-track",
          "scenario": "low-friction",
          "seed": 43,
          "weight": 1.2
        },
        "metrics": {
          "durationSeconds": 2.999999999999891,
          "steps": 150,
          "survivalRate": 1,
          "fell": false,
          "meanVelocityTrackingError": 0.19192862379166695,
          "meanUpright": 0.9484623431819017,
          "meanEnergy": 1.6805019004492772,
          "meanSmoothness": 0.46985930155227634,
          "peakActuator": 6
        },
        "score": {
          "terms": {
            "survival": 50,
            "velocityTracking": 16.779528237502696,
            "upright": 18.969246863638034,
            "energy": -0.03361003800898554,
            "smoothness": -0.004698593015522764,
            "componentMass": -1.4275,
            "sensorChannels": -0.5,
            "trainingSteps": -0.02048
          },
          "total": 83.76248647011622
        },
        "resultHash": "3d0e10123a27e92e50cdf00036196ee4c936bc590fe8ff2499829350c1f46b50"
      },
      {
        "case": {
          "id": "lateral-push",
          "task": "stand",
          "scenario": "lateral-push",
          "seed": 44,
          "weight": 1.5
        },
        "metrics": {
          "durationSeconds": 2.0000000000000013,
          "steps": 100,
          "survivalRate": 1,
          "fell": false,
          "meanVelocityTrackingError": 0.10410446362995707,
          "meanUpright": 0.9424153610701476,
          "meanEnergy": 3.320900887507601,
          "meanSmoothness": 0.8051264698617395,
          "peakActuator": 6
        },
        "score": {
          "terms": {
            "survival": 50,
            "velocityTracking": 18.114228009047377,
            "upright": 18.84830722140295,
            "energy": -0.06641801775015202,
            "smoothness": -0.008051264698617396,
            "componentMass": -1.4275,
            "sensorChannels": -0.5,
            "trainingSteps": -0.02048
          },
          "total": 84.94008594800155
        },
        "resultHash": "b12a35fc65256bfc46d4a48d7fa0aa9d909997be6e1a72591dcd474ebaa741bb"
      }
    ]
  },
  "delta": 0.00008861232163326349,
  "gateReasons": []
}
