{
  "durationSeconds": 6.499999999999506,
  "steps": 325,
  "survivalRate": 1.0,
  "fell": false,
  "motionCommand": [
    0.0,
    0.009230769230769237,
    0.0
  ],
  "meanMotionCommand": [
    0.0,
    0.009230769230769237,
    0.0
  ],
  "meanMeasuredMotion": [
    0.18837048260767783,
    0.12492831863383917,
    -0.06687955058287844
  ],
  "planarVelocityTrackingError": 0.22106415732932658,
  "yawRateTrackingError": 0.06687955058287844,
  "meanVelocityTrackingError": 0.9391578896927516,
  "meanPlanarVelocityTrackingError": 0.45091609206636,
  "meanYawRateTrackingError": 0.7716137715972746,
  "meanUpright": 0.8497094779178664,
  "meanEnergy": 513.0449599832484,
  "meanSmoothness": 40.036544690242636,
  "peakActuator": 8.0,
  "motionCommandSchedule": [
    {
      "atStep": 0,
      "atSeconds": 0.0,
      "command": [
        0.0,
        0.12,
        0.0
      ]
    },
    {
      "atStep": 125,
      "atSeconds": 2.5,
      "command": [
        0.0,
        -0.12,
        0.0
      ]
    },
    {
      "atStep": 225,
      "atSeconds": 4.5,
      "command": [
        0.0,
        0.0,
        0.0
      ]
    }
  ],
  "transitionCount": 2,
  "transitions": [
    {
      "index": 1,
      "atStep": 125,
      "atSeconds": 2.5,
      "endStep": 225,
      "fromCommand": [
        0.0,
        0.12,
        0.0
      ],
      "toCommand": [
        0.0,
        -0.12,
        0.0
      ],
      "sampleCount": 100,
      "peakPlanarTrackingError": 0.5688246129170186,
      "peakYawRateTrackingError": 1.7358746691904687,
      "terminalMeasuredMotion": [
        0.4199330221005832,
        -0.2493755676558907,
        0.3820227211866129
      ],
      "terminalPlanarTrackingError": 0.4394107196653409,
      "terminalYawRateTrackingError": 0.3820227211866129,
      "planarOvershootMps": 0.4052092642473253,
      "yawRateOvershootRadPerSec": 0.0,
      "planarSettlingTimeSeconds": 2.0,
      "yawRateSettlingTimeSeconds": 2.0,
      "planarSettled": false,
      "yawRateSettled": false
    },
    {
      "index": 2,
      "atStep": 225,
      "atSeconds": 4.5,
      "endStep": 325,
      "fromCommand": [
        0.0,
        -0.12,
        0.0
      ],
      "toCommand": [
        0.0,
        0.0,
        0.0
      ],
      "sampleCount": 100,
      "peakPlanarTrackingError": 1.3878254209588343,
      "peakYawRateTrackingError": 3.0490299534309147,
      "terminalMeasuredMotion": [
        0.059480310097411615,
        -0.12679965335120943,
        0.13467221484709327
      ],
      "terminalPlanarTrackingError": 0.14005734318225205,
      "terminalYawRateTrackingError": 0.13467221484709327,
      "planarOvershootMps": 0.5330145056899696,
      "yawRateOvershootRadPerSec": 0.0,
      "planarSettlingTimeSeconds": 2.0,
      "yawRateSettlingTimeSeconds": 1.96,
      "planarSettled": false,
      "yawRateSettled": true
    }
  ],
  "maximumTransitionTerminalPlanarTrackingError": 0.4394107196653409,
  "maximumTransitionTerminalYawRateTrackingError": 0.3820227211866129,
  "maximumPlanarSettlingTimeSeconds": 2.0,
  "maximumYawRateSettlingTimeSeconds": 2.0,
  "maximumPlanarOvershootMps": 0.5330145056899696,
  "maximumYawRateOvershootRadPerSec": 0.0,
  "unsettledPlanarTransitionCount": 2,
  "unsettledYawRateTransitionCount": 1,
  "initialBasePosition": [
    0.0,
    0.0,
    0.44
  ],
  "finalBasePosition": [
    1.2239598414570398,
    0.8157568303301538,
    0.2553323333371915
  ],
  "netDisplacement": [
    1.2239598414570398,
    0.8157568303301538,
    -0.18466766666280848
  ],
  "targetPlanarDisplacement": [
    0.0,
    0.06
  ],
  "forwardDisplacement": 0.8157568303301538,
  "targetDistance": 0.06,
  "forwardProgress": 1.0,
  "meanForwardVelocity": 0.12550105082003318,
  "lateralDrift": 1.2239598414570398,
  "distanceTraveled": 3.0492222951010923
}
