{
  "terms": {
    "survival": 30.0,
    "velocityTracking": 10.313755319412843,
    "forwardProgress": 10.0,
    "upright": 12.745642168767997,
    "lateralDrift": -6.119799207285199,
    "transitionTracking": 4.721102486381359,
    "energy": -2.5652247999162423,
    "smoothness": -0.040036544690242634,
    "componentMass": -1.2060000000000002,
    "sensorChannels": -1.07,
    "trainingSteps": -0.0
  },
  "total": 56.779439422670514
}
