{
  "count": 4096.0001,
  "mean": [
    0.27525417305685945,
    -0.5129396707969865,
    0.2805082260980715,
    -0.5076185226880336,
    0.2585035940911411,
    -0.559417072351845,
    0.24904594345529119,
    -0.5577089181680228,
    -0.005836401577072617,
    0.0644860896517336,
    -0.007439922392187238,
    0.0645077795263724,
    0.048128092574701,
    0.014453117725505164,
    0.0551280502309727,
    0.010518030740032578,
    0.4210628631018879,
    0.9901600232666112,
    -0.0015584070881537596,
    -0.0738895886429794,
    0.0058066876406055335,
    0.07303390782370837,
    0.003923982873026298,
    -0.0047103475610325764,
    -0.0037295046701345883,
    -0.10773257038922462,
    0.00344111273849271,
    -0.0035748116298182746,
    -0.11361345471398215,
    0.003276144449633229,
    1.4615430235783569,
    -0.0275117868640265,
    10.121516690927896,
    11.066071022400056,
    11.585423342858144,
    19.004747441937212,
    18.018550241393392
  ],
  "variance": [
    0.018662028234848145,
    0.009597098141824025,
    0.018584873591945234,
    0.009932254795954247,
    0.013789889071620239,
    0.011241016466279207,
    0.012391102217644417,
    0.010855319638060707,
    5.904434742677643,
    15.35185544143314,
    5.81998525897837,
    15.171586303393925,
    3.3129109704432675,
    6.378121464047545,
    3.573267809628071,
    7.159237611737906,
    0.0005880380699655667,
    0.003131530343951129,
    0.0002840732441746246,
    0.009486647351201354,
    0.0012030542395704289,
    0.08080361360633376,
    0.004937466616860735,
    0.012239501592034288,
    0.028178296227742237,
    0.5241155613214127,
    0.01779396107062174,
    0.02767814306986552,
    0.5030299036334114,
    0.01771152382146432,
    16.075186784078547,
    5.783764402642902,
    58.77285544988333,
    289.09623192109524,
    267.78846008028404,
    314.57036103416056,
    334.0642631069788
  ]
}
