{
  "durationSeconds": 6.499999999999506,
  "steps": 325,
  "survivalRate": 1.0,
  "fell": false,
  "motionCommand": [
    0.0,
    0.0,
    0.038461538461538464
  ],
  "meanMotionCommand": [
    0.0,
    0.0,
    0.038461538461538464
  ],
  "meanMeasuredMotion": [
    0.018003654441227222,
    -0.00017276197582380821,
    0.08860691614840324
  ],
  "planarVelocityTrackingError": 0.01800448332886593,
  "yawRateTrackingError": 0.05014537768686478,
  "meanVelocityTrackingError": 0.45770429867941514,
  "meanPlanarVelocityTrackingError": 0.11852855461750351,
  "meanYawRateTrackingError": 0.4267357806932845,
  "meanUpright": 0.9554459208317649,
  "meanEnergy": 185.58109214847155,
  "meanSmoothness": 128.62790263301733,
  "peakActuator": 8.0,
  "motionCommandSchedule": [
    {
      "atStep": 0,
      "atSeconds": 0.0,
      "command": [
        0.0,
        0.0,
        0.5
      ]
    },
    {
      "atStep": 125,
      "atSeconds": 2.5,
      "command": [
        0.0,
        0.0,
        -0.5
      ]
    },
    {
      "atStep": 225,
      "atSeconds": 4.5,
      "command": [
        0.0,
        0.0,
        0.0
      ]
    }
  ],
  "transitionCount": 2,
  "transitions": [
    {
      "index": 1,
      "atStep": 125,
      "atSeconds": 2.5,
      "endStep": 225,
      "fromCommand": [
        0.0,
        0.0,
        0.5
      ],
      "toCommand": [
        0.0,
        0.0,
        -0.5
      ],
      "sampleCount": 100,
      "peakPlanarTrackingError": 0.21819709254265834,
      "peakYawRateTrackingError": 1.002798138113579,
      "terminalMeasuredMotion": [
        0.057790334239052596,
        -0.01103944957233459,
        0.26053936246645076
      ],
      "terminalPlanarTrackingError": 0.058835297044559344,
      "terminalYawRateTrackingError": 0.7605393624664507,
      "planarOvershootMps": 0.0,
      "yawRateOvershootRadPerSec": 0.0,
      "planarSettlingTimeSeconds": 1.86,
      "yawRateSettlingTimeSeconds": 2.0,
      "planarSettled": true,
      "yawRateSettled": false
    },
    {
      "index": 2,
      "atStep": 225,
      "atSeconds": 4.5,
      "endStep": 325,
      "fromCommand": [
        0.0,
        0.0,
        -0.5
      ],
      "toCommand": [
        0.0,
        0.0,
        0.0
      ],
      "sampleCount": 100,
      "peakPlanarTrackingError": 0.2230086356203751,
      "peakYawRateTrackingError": 0.9877648170749311,
      "terminalMeasuredMotion": [
        0.10856689533271516,
        0.04973781091528895,
        0.03487632754044891
      ],
      "terminalPlanarTrackingError": 0.11941784036244235,
      "terminalYawRateTrackingError": 0.03487632754044891,
      "planarOvershootMps": 0.0,
      "yawRateOvershootRadPerSec": 0.8380749671830865,
      "planarSettlingTimeSeconds": 2.0,
      "yawRateSettlingTimeSeconds": 0.2,
      "planarSettled": true,
      "yawRateSettled": true
    }
  ],
  "maximumTransitionTerminalPlanarTrackingError": 0.11941784036244235,
  "maximumTransitionTerminalYawRateTrackingError": 0.7605393624664507,
  "maximumPlanarSettlingTimeSeconds": 2.0,
  "maximumYawRateSettlingTimeSeconds": 2.0,
  "maximumPlanarOvershootMps": 0.0,
  "maximumYawRateOvershootRadPerSec": 0.8380749671830865,
  "unsettledPlanarTransitionCount": 0,
  "unsettledYawRateTransitionCount": 1,
  "initialBasePosition": [
    0.0,
    0.0,
    0.44
  ],
  "finalBasePosition": [
    0.11281814107136806,
    -0.0010433484534248876,
    0.41910689982773913
  ],
  "netDisplacement": [
    0.11281814107136806,
    -0.0010433484534248876,
    -0.02089310017226087
  ],
  "targetPlanarDisplacement": [
    0.0,
    0.0
  ],
  "forwardDisplacement": 0.0,
  "targetDistance": 0.0,
  "forwardProgress": 1.0,
  "meanForwardVelocity": 0.0,
  "lateralDrift": 0.11282296544052708,
  "distanceTraveled": 0.6932569565999123
}
