{
  "terms": {
    "survival": 30.0,
    "velocityTracking": 13.720203760199304,
    "forwardProgress": 10.0,
    "upright": 14.331688812476473,
    "lateralDrift": -0.5641148272026354,
    "transitionTracking": 4.465593382227954,
    "energy": -0.9279054607423578,
    "smoothness": -0.12862790263301732,
    "componentMass": -1.2060000000000002,
    "sensorChannels": -1.07,
    "trainingSteps": -0.0
  },
  "total": 68.62083776432573
}
