{
  "durationSeconds": 1.340000000000001,
  "steps": 67,
  "survivalRate": 0.264,
  "fell": true,
  "motionCommand": [
    0.25,
    0.0,
    0.0
  ],
  "meanMotionCommand": [
    0.25,
    0.0,
    0.0
  ],
  "meanMeasuredMotion": [
    0.16339056625145,
    -1.4010230739336588e-14,
    1.2560244579054084e-14
  ],
  "planarVelocityTrackingError": 0.08660943374855001,
  "yawRateTrackingError": 1.2560244579054084e-14,
  "meanVelocityTrackingError": 0.14859426744602205,
  "meanPlanarVelocityTrackingError": 0.14859426744602205,
  "meanYawRateTrackingError": 2.0983443160122166e-13,
  "meanUpright": 0.7771488659456091,
  "meanEnergy": 488.1787940200415,
  "meanSmoothness": 28.809529581512773,
  "peakActuator": 8.0,
  "motionCommandSchedule": [
    {
      "atStep": 0,
      "atSeconds": 0.0,
      "command": [
        0.25,
        0.0,
        0.0
      ]
    }
  ],
  "transitionCount": 0,
  "transitions": [],
  "maximumTransitionTerminalPlanarTrackingError": 0.0,
  "maximumTransitionTerminalYawRateTrackingError": 0.0,
  "maximumPlanarSettlingTimeSeconds": 0.0,
  "maximumPlanarBrakingSettlingTimeSeconds": 0.0,
  "maximumYawRateSettlingTimeSeconds": 0.0,
  "maximumPlanarOvershootMps": 0.0,
  "maximumYawRateOvershootRadPerSec": 0.0,
  "unsettledPlanarTransitionCount": 0,
  "unsettledYawRateTransitionCount": 0,
  "initialBasePosition": [
    0.0,
    0.0,
    0.44
  ],
  "finalBasePosition": [
    0.2203103315946463,
    -1.868416140117508e-14,
    0.18889141023028921
  ],
  "netDisplacement": [
    0.2203103315946463,
    -1.868416140117508e-14,
    -0.2511085897697108
  ],
  "targetPlanarDisplacement": [
    1.25,
    0.0
  ],
  "forwardDisplacement": 0.2203103315946463,
  "targetDistance": 1.25,
  "forwardProgress": 0.17624826527571705,
  "signedForwardProgress": 0.17624826527571705,
  "backwardDisplacement": 0.0,
  "meanForwardVelocity": 0.1644106952198852,
  "lateralDrift": 1.868416140117508e-14,
  "distanceTraveled": 0.2609508653088468
}
