{
  "terms": {
    "survival": 6.6000000000000005,
    "velocityTracking": 17.412589081148184,
    "forwardProgress": 8.812413263785853,
    "upright": 11.657232989184136,
    "lateralDrift": -1.8684161401175079e-13,
    "transitionTracking": 0.0,
    "energy": -4.881787940200415,
    "smoothness": -0.14404764790756386,
    "componentMass": -1.5075,
    "sensorChannels": -5.3500000000000005,
    "trainingSteps": -0.0
  },
  "total": 32.598899746010005
}
