{
  "durationSeconds": 2.0000000000000013,
  "steps": 100,
  "survivalRate": 1.0,
  "fell": false,
  "meanVelocityTrackingError": 0.1669934436049548,
  "meanUpright": 0.8245403875016771,
  "meanEnergy": 5.324745456122243,
  "meanSmoothness": 0.1634429083559506,
  "peakActuator": 6.0
}
