{
  "terms": {
    "survival": 50.0,
    "velocityTracking": 17.138056867070375,
    "upright": 16.490807750033543,
    "energy": -0.10649490912244486,
    "smoothness": -0.001634429083559506,
    "componentMass": -1.4075,
    "sensorChannels": -0.30000000000000004,
    "trainingSteps": -0.0
  },
  "total": 81.81323527889792
}
