{
  "durationSeconds": 3.9799999999997833,
  "steps": 199,
  "survivalRate": 0.792,
  "fell": true,
  "motionCommand": [
    0.0,
    0.1200000000000001,
    0.0
  ],
  "meanMotionCommand": [
    0.0,
    0.1200000000000001,
    0.0
  ],
  "meanMeasuredMotion": [
    0.3522319911396752,
    0.04944423591424279,
    -0.05729988100661967
  ],
  "planarVelocityTrackingError": 0.3592290236436155,
  "yawRateTrackingError": 0.05729988100661967,
  "meanVelocityTrackingError": 0.9918736338728406,
  "meanPlanarVelocityTrackingError": 0.4572564784627096,
  "meanYawRateTrackingError": 0.8140246880868146,
  "meanUpright": 0.8184636518956399,
  "meanAbsolutePitchRad": 0.2159964166358184,
  "minimumPitchRad": -0.22775703203677733,
  "maximumPitchRad": 1.0939651161575676,
  "maximumBackwardPitchRad": 0.22775703203677733,
  "maximumAbsolutePitchRad": 1.0939651161575676,
  "maximumAbsolutePitchRateRadPerSec": 6.859072238297939,
  "meanBodyTiltRad": 0.41154767034614476,
  "maximumBodyTiltRad": 2.653544132147885,
  "meanEnergy": 641.4860924359787,
  "meanSmoothness": 42.278385724103465,
  "peakActuator": 8.0,
  "motionQualityFootEvidenceAvailable": true,
  "motionQualityContactThresholdNewton": 1.0,
  "meanJointJerkRadPerSec3": 11254.953954026758,
  "peakJointJerkRadPerSec3": 56467.93669780495,
  "meanBodyAngularJerkRadPerSec3": 2945.6829392519035,
  "peakBodyAngularJerkRadPerSec3": 19647.05310498187,
  "meanActionSlewRatePerSec": 185.94040623977105,
  "peakActionSlewRatePerSec": 800.0,
  "actuatorSaturationRate": 0.7592127303182582,
  "meanFootSlipSpeedMps": 0.23269842400393342,
  "peakFootSlipSpeedMps": 0.8459925441574789,
  "totalFootSlipDistanceM": 0.3769714468863721,
  "meanFootContactImpactNPerSec": 609.368754252649,
  "peakFootContactImpactNPerSec": 25331.579581946575,
  "peakFootContactForceNewton": 506.6315916389315,
  "motionCommandSchedule": [
    {
      "atStep": 0,
      "atSeconds": 0.0,
      "command": [
        0.0,
        0.12,
        0.0
      ]
    }
  ],
  "transitionCount": 0,
  "transitions": [],
  "maximumTransitionTerminalPlanarTrackingError": 0.0,
  "maximumTransitionTerminalYawRateTrackingError": 0.0,
  "maximumPlanarSettlingTimeSeconds": 0.0,
  "maximumPlanarBrakingSettlingTimeSeconds": 0.0,
  "maximumYawRateSettlingTimeSeconds": 0.0,
  "maximumPlanarOvershootMps": 0.0,
  "maximumYawRateOvershootRadPerSec": 0.0,
  "unsettledPlanarTransitionCount": 0,
  "unsettledYawRateTransitionCount": 0,
  "initialBasePosition": [
    0.0,
    0.0,
    0.44
  ],
  "finalBasePosition": [
    1.3966313082080921,
    0.19998122074029615,
    0.18916507385342973
  ],
  "netDisplacement": [
    1.3966313082080921,
    0.19998122074029615,
    -0.25083492614657027
  ],
  "targetPlanarDisplacement": [
    0.0,
    0.6
  ],
  "forwardDisplacement": 0.19998122074029615,
  "targetDistance": 0.6,
  "forwardProgress": 0.33330203456716023,
  "signedForwardProgress": 0.33330203456716023,
  "backwardDisplacement": 0.0,
  "meanForwardVelocity": 0.05024653787444901,
  "lateralDrift": 1.3966313082080921,
  "distanceTraveled": 1.7441443614527632
}
