{
  "terms": {
    "survival": 23.76,
    "velocityTracking": 15.0611963981221,
    "forwardProgress": 8.332550864179005,
    "upright": 16.369273037912798,
    "lateralDrift": -13.966313082080921,
    "transitionTracking": 0.0,
    "energy": -3.2074304621798935,
    "smoothness": -0.042278385724103466,
    "jointJerk": 0.0,
    "bodyAngularJerk": 0.0,
    "actionSlew": 0.0,
    "actuatorSaturation": 0.0,
    "footSlip": 0.0,
    "footImpact": 0.0,
    "componentMass": -1.2060000000000002,
    "sensorChannels": -1.07,
    "trainingSteps": -0.0
  },
  "total": 44.030998370228986
}
