{
  "durationSeconds": 5.999999999999561,
  "steps": 300,
  "survivalRate": 1.0,
  "fell": false,
  "motionCommand": [
    0.0,
    0.0,
    0.0
  ],
  "meanMotionCommand": [
    0.0,
    0.0,
    0.0
  ],
  "meanMeasuredMotion": [
    0.13071348497793334,
    -1.5587981311305412e-15,
    -5.8607406631996164e-15
  ],
  "planarVelocityTrackingError": 0.13071348497793334,
  "yawRateTrackingError": 5.8607406631996164e-15,
  "meanVelocityTrackingError": 0.14838211581042343,
  "meanPlanarVelocityTrackingError": 0.14838211581042343,
  "meanYawRateTrackingError": 2.9606952912816285e-14,
  "meanUpright": 0.8875419309330539,
  "meanAbsolutePitchRad": 0.23542939156712436,
  "minimumPitchRad": -1.5706535776198673,
  "maximumPitchRad": 0.013477150554473539,
  "maximumBackwardPitchRad": 1.5706535776198673,
  "maximumAbsolutePitchRad": 1.5706535776198673,
  "maximumAbsolutePitchRateRadPerSec": 4.664244876656395,
  "meanBodyTiltRad": 0.23543034322829612,
  "maximumBodyTiltRad": 1.5709390759717363,
  "initialBodyTiltRad": 1.5707963267948963,
  "minimumBodyTiltRad": 0.00014735486330424448,
  "finalBodyTiltRad": 0.08805000938272038,
  "finalBaseHeightM": 0.42355574958848924,
  "selfRightingTask": true,
  "selfRightingSuccess": 1.0,
  "timeToStableStandSeconds": 4.319999999999746,
  "stableStandingDwellSeconds": 1.7,
  "finalStableStandingDwellSeconds": 1.7,
  "minimumJointLimitMarginRad": 0.052969039238839444,
  "disallowedCollisionSteps": 0,
  "meanEnergy": 116.89472908156755,
  "meanSmoothness": 74.30003702028398,
  "peakActuator": 8.0,
  "motionQualityFootEvidenceAvailable": true,
  "motionQualityContactThresholdNewton": 1.0,
  "meanJointJerkRadPerSec3": 13504.539329857895,
  "peakJointJerkRadPerSec3": 47189.198227568784,
  "meanBodyAngularJerkRadPerSec3": 481.8259165424975,
  "peakBodyAngularJerkRadPerSec3": 6831.690445893909,
  "meanActionSlewRatePerSec": 287.9304195607648,
  "peakActionSlewRatePerSec": 800.0,
  "actuatorSaturationRate": 0.1888888888888889,
  "meanFootSlipSpeedMps": 0.01887606218531554,
  "peakFootSlipSpeedMps": 0.10271627569411934,
  "totalFootSlipDistanceM": 0.24010351099721386,
  "meanFootContactImpactNPerSec": 149.0207100074379,
  "peakFootContactImpactNPerSec": 2584.058544146535,
  "peakFootContactForceNewton": 51.6811708829307,
  "motionCommandSchedule": [
    {
      "atStep": 0,
      "atSeconds": 0.0,
      "command": [
        0.0,
        0.0,
        0.0
      ]
    }
  ],
  "transitionCount": 0,
  "transitions": [],
  "maximumTransitionTerminalPlanarTrackingError": 0.0,
  "maximumTransitionTerminalYawRateTrackingError": 0.0,
  "maximumPlanarSettlingTimeSeconds": 0.0,
  "maximumPlanarBrakingSettlingTimeSeconds": 0.0,
  "maximumYawRateSettlingTimeSeconds": 0.0,
  "maximumPlanarOvershootMps": 0.0,
  "maximumYawRateOvershootRadPerSec": 0.0,
  "unsettledPlanarTransitionCount": 0,
  "unsettledYawRateTransitionCount": 0,
  "initialBasePosition": [
    0.0,
    0.0,
    0.18
  ],
  "finalBasePosition": [
    0.785667521458471,
    -9.322246398544845e-15,
    0.42355574958848924
  ],
  "netDisplacement": [
    0.785667521458471,
    -9.322246398544845e-15,
    0.24355574958848925
  ],
  "targetPlanarDisplacement": [
    0.0,
    0.0
  ],
  "forwardDisplacement": 0.0,
  "targetDistance": 0.0,
  "forwardProgress": 1.0,
  "signedForwardProgress": 1.0,
  "backwardDisplacement": 0.0,
  "meanForwardVelocity": 0.0,
  "lateralDrift": 0.785667521458471,
  "distanceTraveled": 0.8076954251453378
}
