{
  "durationSeconds": 6.499999999999506,
  "steps": 325,
  "survivalRate": 1.0,
  "fell": false,
  "motionCommand": [
    0.0,
    0.0,
    0.038461538461538464
  ],
  "meanMotionCommand": [
    0.0,
    0.0,
    0.038461538461538464
  ],
  "meanMeasuredMotion": [
    0.008010085816190116,
    -0.0037388968132766173,
    0.10860135636996093
  ],
  "planarVelocityTrackingError": 0.008839729869348957,
  "yawRateTrackingError": 0.07013981790842247,
  "meanVelocityTrackingError": 0.41141131550837295,
  "meanPlanarVelocityTrackingError": 0.13380380317351517,
  "meanYawRateTrackingError": 0.3665658070766466,
  "meanUpright": 0.9584242744946353,
  "meanEnergy": 202.4645964170962,
  "meanSmoothness": 140.33389539190244,
  "peakActuator": 8.0,
  "motionCommandSchedule": [
    {
      "atStep": 0,
      "atSeconds": 0.0,
      "command": [
        0.0,
        0.0,
        0.5
      ]
    },
    {
      "atStep": 125,
      "atSeconds": 2.5,
      "command": [
        0.0,
        0.0,
        -0.5
      ]
    },
    {
      "atStep": 225,
      "atSeconds": 4.5,
      "command": [
        0.0,
        0.0,
        0.0
      ]
    }
  ],
  "transitionCount": 2,
  "transitions": [
    {
      "index": 1,
      "atStep": 125,
      "atSeconds": 2.5,
      "endStep": 225,
      "fromCommand": [
        0.0,
        0.0,
        0.5
      ],
      "toCommand": [
        0.0,
        0.0,
        -0.5
      ],
      "sampleCount": 100,
      "peakPlanarTrackingError": 0.4157583198127363,
      "peakYawRateTrackingError": 1.206697640215924,
      "terminalMeasuredMotion": [
        -0.04823363130157921,
        -0.05860058114858861,
        0.006465166427770626
      ],
      "terminalPlanarTrackingError": 0.07589803225044112,
      "terminalYawRateTrackingError": 0.5064651664277706,
      "planarOvershootMps": 0.0,
      "yawRateOvershootRadPerSec": 0.0,
      "planarSettlingTimeSeconds": 1.96,
      "yawRateSettlingTimeSeconds": 2.0,
      "planarSettled": true,
      "yawRateSettled": false
    },
    {
      "index": 2,
      "atStep": 225,
      "atSeconds": 4.5,
      "endStep": 325,
      "fromCommand": [
        0.0,
        0.0,
        -0.5
      ],
      "toCommand": [
        0.0,
        0.0,
        0.0
      ],
      "sampleCount": 100,
      "peakPlanarTrackingError": 0.23365363020776284,
      "peakYawRateTrackingError": 0.43923041039553273,
      "terminalMeasuredMotion": [
        -0.1072360203017193,
        -0.09078809059732135,
        0.0028634529667099424
      ],
      "terminalPlanarTrackingError": 0.14050637510254893,
      "terminalYawRateTrackingError": 0.0028634529667099424,
      "planarOvershootMps": 0.0,
      "yawRateOvershootRadPerSec": 0.43923041039553273,
      "planarSettlingTimeSeconds": 2.0,
      "yawRateSettlingTimeSeconds": 0.48,
      "planarSettled": false,
      "yawRateSettled": true
    }
  ],
  "maximumTransitionTerminalPlanarTrackingError": 0.14050637510254893,
  "maximumTransitionTerminalYawRateTrackingError": 0.5064651664277706,
  "maximumPlanarSettlingTimeSeconds": 2.0,
  "maximumYawRateSettlingTimeSeconds": 2.0,
  "maximumPlanarOvershootMps": 0.0,
  "maximumYawRateOvershootRadPerSec": 0.43923041039553273,
  "unsettledPlanarTransitionCount": 1,
  "unsettledYawRateTransitionCount": 1,
  "initialBasePosition": [
    0.0,
    0.0,
    0.44
  ],
  "finalBasePosition": [
    0.05730217122471057,
    -0.02880144616912048,
    0.42193293054401665
  ],
  "netDisplacement": [
    0.05730217122471057,
    -0.02880144616912048,
    -0.018067069455983353
  ],
  "targetPlanarDisplacement": [
    0.0,
    0.0
  ],
  "forwardDisplacement": 0.0,
  "targetDistance": 0.0,
  "forwardProgress": 1.0,
  "meanForwardVelocity": 0.0,
  "lateralDrift": 0.06413315935223209,
  "distanceTraveled": 0.8056971758828241
}
