{
  "terms": {
    "survival": 30.0,
    "velocityTracking": 14.170213728799705,
    "forwardProgress": 10.0,
    "upright": 14.376364117419529,
    "lateralDrift": -0.3206657967611604,
    "transitionTracking": 4.929182474877805,
    "energy": -1.012322982085481,
    "smoothness": -0.14033389539190244,
    "componentMass": -1.2060000000000002,
    "sensorChannels": -1.07,
    "trainingSteps": -0.0
  },
  "total": 69.7264376468585
}
