{
  "durationSeconds": 6.499999999999506,
  "steps": 325,
  "survivalRate": 1.0,
  "fell": false,
  "motionCommand": [
    0.0,
    0.009230769230769237,
    0.0
  ],
  "meanMotionCommand": [
    0.0,
    0.009230769230769237,
    0.0
  ],
  "meanMeasuredMotion": [
    0.141022103364479,
    0.18467160469410485,
    0.05117734880924353
  ],
  "planarVelocityTrackingError": 0.22509269287432457,
  "yawRateTrackingError": 0.05117734880924353,
  "meanVelocityTrackingError": 1.0865051159679842,
  "meanPlanarVelocityTrackingError": 0.44008445308643596,
  "meanYawRateTrackingError": 0.9293756096721446,
  "meanUpright": 0.8825474584379416,
  "meanEnergy": 509.18395375765414,
  "meanSmoothness": 39.86347464064591,
  "peakActuator": 8.0,
  "motionCommandSchedule": [
    {
      "atStep": 0,
      "atSeconds": 0.0,
      "command": [
        0.0,
        0.12,
        0.0
      ]
    },
    {
      "atStep": 125,
      "atSeconds": 2.5,
      "command": [
        0.0,
        -0.12,
        0.0
      ]
    },
    {
      "atStep": 225,
      "atSeconds": 4.5,
      "command": [
        0.0,
        0.0,
        0.0
      ]
    }
  ],
  "transitionCount": 2,
  "transitions": [
    {
      "index": 1,
      "atStep": 125,
      "atSeconds": 2.5,
      "endStep": 225,
      "fromCommand": [
        0.0,
        0.12,
        0.0
      ],
      "toCommand": [
        0.0,
        -0.12,
        0.0
      ],
      "sampleCount": 100,
      "peakPlanarTrackingError": 0.6271309214916403,
      "peakYawRateTrackingError": 2.3322538859761925,
      "terminalMeasuredMotion": [
        0.35246892939328855,
        0.228433783973106,
        -0.6285112190456275
      ],
      "terminalPlanarTrackingError": 0.49562127476680023,
      "terminalYawRateTrackingError": 0.6285112190456275,
      "planarOvershootMps": 0.18557602335884976,
      "yawRateOvershootRadPerSec": 0.0,
      "planarSettlingTimeSeconds": 2.0,
      "yawRateSettlingTimeSeconds": 2.0,
      "planarSettled": false,
      "yawRateSettled": false
    },
    {
      "index": 2,
      "atStep": 225,
      "atSeconds": 4.5,
      "endStep": 325,
      "fromCommand": [
        0.0,
        -0.12,
        0.0
      ],
      "toCommand": [
        0.0,
        0.0,
        0.0
      ],
      "sampleCount": 100,
      "peakPlanarTrackingError": 1.3592806637448773,
      "peakYawRateTrackingError": 3.9927985443350575,
      "terminalMeasuredMotion": [
        0.1302462463546962,
        -0.2766445795618123,
        -0.5120714176249901
      ],
      "terminalPlanarTrackingError": 0.30577166005112394,
      "terminalYawRateTrackingError": 0.5120714176249901,
      "planarOvershootMps": 0.6650565571401056,
      "yawRateOvershootRadPerSec": 0.0,
      "planarSettlingTimeSeconds": 2.0,
      "yawRateSettlingTimeSeconds": 2.0,
      "planarSettled": false,
      "yawRateSettled": false
    }
  ],
  "maximumTransitionTerminalPlanarTrackingError": 0.49562127476680023,
  "maximumTransitionTerminalYawRateTrackingError": 0.6285112190456275,
  "maximumPlanarSettlingTimeSeconds": 2.0,
  "maximumYawRateSettlingTimeSeconds": 2.0,
  "maximumPlanarOvershootMps": 0.6650565571401056,
  "maximumYawRateOvershootRadPerSec": 0.0,
  "unsettledPlanarTransitionCount": 2,
  "unsettledYawRateTransitionCount": 2,
  "initialBasePosition": [
    0.0,
    0.0,
    0.44
  ],
  "finalBasePosition": [
    0.9179450684144976,
    1.2013452054265061,
    0.22173391047188887
  ],
  "netDisplacement": [
    0.9179450684144976,
    1.2013452054265061,
    -0.21826608952811113
  ],
  "targetPlanarDisplacement": [
    0.0,
    0.06
  ],
  "forwardDisplacement": 1.2013452054265061,
  "targetDistance": 0.06,
  "forwardProgress": 1.0,
  "meanForwardVelocity": 0.1848223392963996,
  "lateralDrift": 0.9179450684144976,
  "distanceTraveled": 2.8789209295475353
}
