{
  "durationSeconds": 4.999999999999671,
  "steps": 250,
  "survivalRate": 1.0,
  "fell": false,
  "motionCommand": [
    0.0,
    0.0,
    -0.5
  ],
  "meanMotionCommand": [
    0.0,
    0.0,
    -0.5
  ],
  "meanMeasuredMotion": [
    0.01893797186572244,
    -0.007364221989186133,
    0.11018388940680746
  ],
  "planarVelocityTrackingError": 0.02031941298101171,
  "yawRateTrackingError": 0.6101838894068075,
  "meanVelocityTrackingError": 0.6324695935843224,
  "meanPlanarVelocityTrackingError": 0.11349755940924376,
  "meanYawRateTrackingError": 0.6157720309736314,
  "meanUpright": 0.9478541204145767,
  "meanEnergy": 187.63062789396403,
  "meanSmoothness": 128.29267190042935,
  "peakActuator": 8.0,
  "motionCommandSchedule": [
    {
      "atStep": 0,
      "atSeconds": 0.0,
      "command": [
        0.0,
        0.0,
        -0.5
      ]
    }
  ],
  "transitionCount": 0,
  "transitions": [],
  "maximumTransitionTerminalPlanarTrackingError": 0.0,
  "maximumTransitionTerminalYawRateTrackingError": 0.0,
  "maximumPlanarSettlingTimeSeconds": 0.0,
  "maximumYawRateSettlingTimeSeconds": 0.0,
  "maximumPlanarOvershootMps": 0.0,
  "maximumYawRateOvershootRadPerSec": 0.0,
  "unsettledPlanarTransitionCount": 0,
  "unsettledYawRateTransitionCount": 0,
  "initialBasePosition": [
    0.0,
    0.0,
    0.44
  ],
  "finalBasePosition": [
    0.09203439503373033,
    -0.03591773981850893,
    0.4233480573420019
  ],
  "netDisplacement": [
    0.09203439503373033,
    -0.03591773981850893,
    -0.016651942657998076
  ],
  "targetPlanarDisplacement": [
    0.0,
    0.0
  ],
  "forwardDisplacement": 0.0,
  "targetDistance": 0.0,
  "forwardProgress": 1.0,
  "meanForwardVelocity": 0.0,
  "lateralDrift": 0.09879480706441421,
  "distanceTraveled": 0.48637559878172404
}
