{
  "terms": {
    "survival": 30.0,
    "velocityTracking": 18.377065103020186,
    "forwardProgress": 25.0,
    "upright": 14.21781180621865,
    "lateralDrift": -0.9879480706441421,
    "transitionTracking": 0.0,
    "energy": -0.9381531394698202,
    "smoothness": -0.12829267190042937,
    "componentMass": -1.2060000000000002,
    "sensorChannels": -1.07,
    "trainingSteps": -0.0
  },
  "total": 83.26448302722444
}
