{
  "previous": {
    "assembly": "force-sensing",
    "controller": "force-aware-gait",
    "assemblyHash": "d89572552c790a7256a7fe23403e257b121aab1b617e4b133032638dcb972cea",
    "aggregateScore": 84.1160568259157,
    "cases": [
      {
        "case": {
          "id": "nominal",
          "task": "velocity-track",
          "scenario": "nominal",
          "seed": 42,
          "weight": 1
        },
        "metrics": {
          "durationSeconds": 2.999999999999891,
          "steps": 150,
          "survivalRate": 1,
          "fell": false,
          "meanVelocityTrackingError": 0.19822274958187755,
          "meanUpright": 0.9430565496240639,
          "meanEnergy": 1.2553681043595677,
          "meanSmoothness": 0.38844674595721174,
          "peakActuator": 6
        },
        "score": {
          "terms": {
            "survival": 50,
            "velocityTracking": 16.691387312566917,
            "upright": 18.86113099248128,
            "energy": -0.025107362087191356,
            "smoothness": -0.0038844674595721173,
            "componentMass": -1.4275,
            "sensorChannels": -0.5,
            "trainingSteps": 0
          },
          "total": 83.59602647550143
        },
        "resultHash": "8bef9394b62ced67d6e4f0a94199a272f5666b309673f3737ad2374f5b2a5bdd"
      },
      {
        "case": {
          "id": "low-friction",
          "task": "velocity-track",
          "scenario": "low-friction",
          "seed": 43,
          "weight": 1.2
        },
        "metrics": {
          "durationSeconds": 2.999999999999891,
          "steps": 150,
          "survivalRate": 1,
          "fell": false,
          "meanVelocityTrackingError": 0.19822274958187755,
          "meanUpright": 0.9430565496240639,
          "meanEnergy": 1.2553681043595677,
          "meanSmoothness": 0.38844674595721174,
          "peakActuator": 6
        },
        "score": {
          "terms": {
            "survival": 50,
            "velocityTracking": 16.691387312566917,
            "upright": 18.86113099248128,
            "energy": -0.025107362087191356,
            "smoothness": -0.0038844674595721173,
            "componentMass": -1.4275,
            "sensorChannels": -0.5,
            "trainingSteps": 0
          },
          "total": 83.59602647550143
        },
        "resultHash": "95206d4776a604a59b0047e7ab6a3fec45f66bc81a5ddb19ebe8c29461644db2"
      },
      {
        "case": {
          "id": "lateral-push",
          "task": "stand",
          "scenario": "lateral-push",
          "seed": 44,
          "weight": 1.5
        },
        "metrics": {
          "durationSeconds": 2.0000000000000013,
          "steps": 100,
          "survivalRate": 1,
          "fell": false,
          "meanVelocityTrackingError": 0.10082351887073912,
          "meanUpright": 0.9351917793727084,
          "meanEnergy": 2.976901169370328,
          "meanSmoothness": 0.6246040160620541,
          "peakActuator": 6
        },
        "score": {
          "terms": {
            "survival": 50,
            "velocityTracking": 18.168216482617176,
            "upright": 18.70383558745417,
            "energy": -0.059538023387406554,
            "smoothness": -0.006246040160620541,
            "componentMass": -1.4275,
            "sensorChannels": -0.5,
            "trainingSteps": 0
          },
          "total": 84.87876800652332
        },
        "resultHash": "27299bba011f7c4d287dadbb63da3f74e8c407229f264d7ccfd2f05f3c484e7f"
      }
    ]
  },
  "candidate": {
    "assembly": "force-sensing",
    "controller": "force-aware-gait",
    "assemblyHash": "d89572552c790a7256a7fe23403e257b121aab1b617e4b133032638dcb972cea",
    "aggregateScore": 84.13103977460088,
    "cases": [
      {
        "case": {
          "id": "nominal",
          "task": "velocity-track",
          "scenario": "nominal",
          "seed": 42,
          "weight": 1
        },
        "metrics": {
          "durationSeconds": 2.999999999999891,
          "steps": 150,
          "survivalRate": 1,
          "fell": false,
          "meanVelocityTrackingError": 0.19587348434154445,
          "meanUpright": 0.9432234512854368,
          "meanEnergy": 1.3537797514072731,
          "meanSmoothness": 0.42208224484496193,
          "peakActuator": 6
        },
        "score": {
          "terms": {
            "survival": 50,
            "velocityTracking": 16.724177149067007,
            "upright": 18.864469025708736,
            "energy": -0.027075595028145463,
            "smoothness": -0.004220822448449619,
            "componentMass": -1.4275,
            "sensorChannels": -0.5,
            "trainingSteps": 0
          },
          "total": 83.62984975729914
        },
        "resultHash": "493f414f340b65f43a5519f639543d24c77f2d1f993e6d856c809834fbf69c86"
      },
      {
        "case": {
          "id": "low-friction",
          "task": "velocity-track",
          "scenario": "low-friction",
          "seed": 43,
          "weight": 1.2
        },
        "metrics": {
          "durationSeconds": 2.999999999999891,
          "steps": 150,
          "survivalRate": 1,
          "fell": false,
          "meanVelocityTrackingError": 0.19587348434154445,
          "meanUpright": 0.9432234512854368,
          "meanEnergy": 1.3537797514072731,
          "meanSmoothness": 0.42208224484496193,
          "peakActuator": 6
        },
        "score": {
          "terms": {
            "survival": 50,
            "velocityTracking": 16.724177149067007,
            "upright": 18.864469025708736,
            "energy": -0.027075595028145463,
            "smoothness": -0.004220822448449619,
            "componentMass": -1.4275,
            "sensorChannels": -0.5,
            "trainingSteps": 0
          },
          "total": 83.62984975729914
        },
        "resultHash": "6faaf1a26452ce385119b5de8466fae49927431c225751aabb9794ddbc66b122"
      },
      {
        "case": {
          "id": "lateral-push",
          "task": "stand",
          "scenario": "lateral-push",
          "seed": 44,
          "weight": 1.5
        },
        "metrics": {
          "durationSeconds": 2.0000000000000013,
          "steps": 100,
          "survivalRate": 1,
          "fell": false,
          "meanVelocityTrackingError": 0.1028383160447979,
          "meanUpright": 0.9362618447393374,
          "meanEnergy": 3.0028003552540667,
          "meanSmoothness": 0.6587028931509025,
          "peakActuator": 6
        },
        "score": {
          "terms": {
            "survival": 50,
            "velocityTracking": 18.135024607893286,
            "upright": 18.725236894786747,
            "energy": -0.060056007105081334,
            "smoothness": -0.006587028931509024,
            "componentMass": -1.4275,
            "sensorChannels": -0.5,
            "trainingSteps": 0
          },
          "total": 84.86611846664344
        },
        "resultHash": "605ea09292e29fbe04f84bf77938071135ea0b55f008a9416cc277a31ef4abb9"
      }
    ]
  },
  "delta": 0.014982948685172914,
  "gateReasons": []
}
