{
  "previous": {
    "assembly": "force-sensing",
    "controller": "force-aware-gait",
    "assemblyHash": "d89572552c790a7256a7fe23403e257b121aab1b617e4b133032638dcb972cea",
    "aggregateScore": 84.25444528948661,
    "cases": [
      {
        "case": {
          "id": "nominal",
          "task": "velocity-track",
          "scenario": "nominal",
          "seed": 42,
          "weight": 1
        },
        "metrics": {
          "durationSeconds": 2.999999999999891,
          "steps": 150,
          "survivalRate": 1,
          "fell": false,
          "meanVelocityTrackingError": 0.19201303753477256,
          "meanUpright": 0.9480218653247192,
          "meanEnergy": 1.6480993707090124,
          "meanSmoothness": 0.4632488268850761,
          "peakActuator": 6
        },
        "score": {
          "terms": {
            "survival": 50,
            "velocityTracking": 16.778339976349944,
            "upright": 18.960437306494384,
            "energy": -0.03296198741418025,
            "smoothness": -0.004632488268850762,
            "componentMass": -1.4275,
            "sensorChannels": -0.5,
            "trainingSteps": 0
          },
          "total": 83.7736828071613
        },
        "resultHash": "4287f1353ecb95d474901b26dfe47f1fb265c60309ed0f4d1eee337d2d6315d4"
      },
      {
        "case": {
          "id": "low-friction",
          "task": "velocity-track",
          "scenario": "low-friction",
          "seed": 43,
          "weight": 1.2
        },
        "metrics": {
          "durationSeconds": 2.999999999999891,
          "steps": 150,
          "survivalRate": 1,
          "fell": false,
          "meanVelocityTrackingError": 0.19201303753477256,
          "meanUpright": 0.9480218653247192,
          "meanEnergy": 1.6480993707090124,
          "meanSmoothness": 0.4632488268850761,
          "peakActuator": 6
        },
        "score": {
          "terms": {
            "survival": 50,
            "velocityTracking": 16.778339976349944,
            "upright": 18.960437306494384,
            "energy": -0.03296198741418025,
            "smoothness": -0.004632488268850762,
            "componentMass": -1.4275,
            "sensorChannels": -0.5,
            "trainingSteps": 0
          },
          "total": 83.7736828071613
        },
        "resultHash": "d42489399a591c8368a8e4261d3dc02b534303f9c224185998e5790af1a987c9"
      },
      {
        "case": {
          "id": "lateral-push",
          "task": "stand",
          "scenario": "lateral-push",
          "seed": 44,
          "weight": 1.5
        },
        "metrics": {
          "durationSeconds": 2.0000000000000013,
          "steps": 100,
          "survivalRate": 1,
          "fell": false,
          "meanVelocityTrackingError": 0.10380359598361799,
          "meanUpright": 0.9420049531699565,
          "meanEnergy": 3.227784202096481,
          "meanSmoothness": 0.764525064075128,
          "peakActuator": 6
        },
        "score": {
          "terms": {
            "survival": 50,
            "velocityTracking": 18.11916546818065,
            "upright": 18.84009906339913,
            "energy": -0.06455568404192963,
            "smoothness": -0.00764525064075128,
            "componentMass": -1.4275,
            "sensorChannels": -0.5,
            "trainingSteps": 0
          },
          "total": 84.9595635968971
        },
        "resultHash": "57b28b15a5018a086ff2cccca9017f3baac72ba98445f092fdb95c7d9ad0d4f6"
      }
    ]
  },
  "candidate": {
    "assembly": "force-sensing",
    "controller": "force-aware-gait",
    "assemblyHash": "d89572552c790a7256a7fe23403e257b121aab1b617e4b133032638dcb972cea",
    "aggregateScore": 84.21410505190163,
    "cases": [
      {
        "case": {
          "id": "nominal",
          "task": "velocity-track",
          "scenario": "nominal",
          "seed": 42,
          "weight": 1
        },
        "metrics": {
          "durationSeconds": 2.999999999999891,
          "steps": 150,
          "survivalRate": 1,
          "fell": false,
          "meanVelocityTrackingError": 0.1915793090127379,
          "meanUpright": 0.9478892409923438,
          "meanEnergy": 1.498348031635209,
          "meanSmoothness": 0.41083633061989167,
          "peakActuator": 6
        },
        "score": {
          "terms": {
            "survival": 50,
            "velocityTracking": 16.784447202738562,
            "upright": 18.95778481984688,
            "energy": -0.029966960632704178,
            "smoothness": -0.004108363306198916,
            "componentMass": -1.4275,
            "sensorChannels": -0.5,
            "trainingSteps": 0
          },
          "total": 83.78065669864654
        },
        "resultHash": "7162ce3a5e84035ca9f6024d356a3d2c68f7e69b8a0338b2b1be30955eb6b9bb"
      },
      {
        "case": {
          "id": "low-friction",
          "task": "velocity-track",
          "scenario": "low-friction",
          "seed": 43,
          "weight": 1.2
        },
        "metrics": {
          "durationSeconds": 2.999999999999891,
          "steps": 150,
          "survivalRate": 1,
          "fell": false,
          "meanVelocityTrackingError": 0.1915793090127379,
          "meanUpright": 0.9478892409923438,
          "meanEnergy": 1.498348031635209,
          "meanSmoothness": 0.41083633061989167,
          "peakActuator": 6
        },
        "score": {
          "terms": {
            "survival": 50,
            "velocityTracking": 16.784447202738562,
            "upright": 18.95778481984688,
            "energy": -0.029966960632704178,
            "smoothness": -0.004108363306198916,
            "componentMass": -1.4275,
            "sensorChannels": -0.5,
            "trainingSteps": 0
          },
          "total": 83.78065669864654
        },
        "resultHash": "cbd0e35efb97bdfa8169199f30be70b0bafbfff05a801adf7700f3cf1c4076a7"
      },
      {
        "case": {
          "id": "lateral-push",
          "task": "stand",
          "scenario": "lateral-push",
          "seed": 44,
          "weight": 1.5
        },
        "metrics": {
          "durationSeconds": 2.0000000000000013,
          "steps": 100,
          "survivalRate": 1,
          "fell": false,
          "meanVelocityTrackingError": 0.11095824636039588,
          "meanUpright": 0.942113928425087,
          "meanEnergy": 3.048833672644416,
          "meanSmoothness": 0.6449341414979736,
          "peakActuator": 6
        },
        "score": {
          "terms": {
            "survival": 50,
            "velocityTracking": 18.002476749708542,
            "upright": 18.84227856850174,
            "energy": -0.06097667345288832,
            "smoothness": -0.006449341414979735,
            "componentMass": -1.4275,
            "sensorChannels": -0.5,
            "trainingSteps": 0
          },
          "total": 84.84982930334242
        },
        "resultHash": "ea790d859f222cf3fbe039247c54f8738b838ca517597684da98adaa36392e16"
      }
    ]
  },
  "delta": -0.04034023758498506,
  "gateReasons": []
}
