{
  "durationSeconds": 4.999999999999671,
  "steps": 250,
  "survivalRate": 1.0,
  "fell": false,
  "motionCommand": [
    0.25,
    0.0,
    0.0
  ],
  "meanMotionCommand": [
    0.25,
    0.0,
    0.0
  ],
  "meanMeasuredMotion": [
    0.06774546806509318,
    0.015435501149816228,
    0.010667965846032988
  ],
  "planarVelocityTrackingError": 0.1829069957835346,
  "yawRateTrackingError": 0.010667965846032988,
  "meanVelocityTrackingError": 0.19186248667356354,
  "meanPlanarVelocityTrackingError": 0.18638046593041768,
  "meanYawRateTrackingError": 0.033640899519329956,
  "meanUpright": 0.9333522155238743,
  "meanAbsolutePitchRad": 0.13342905294419896,
  "minimumPitchRad": -0.23342887370342616,
  "maximumPitchRad": -0.01435782228789071,
  "maximumBackwardPitchRad": 0.23342887370342616,
  "maximumAbsolutePitchRad": 0.23342887370342616,
  "maximumAbsolutePitchRateRadPerSec": 2.5226117175188785,
  "meanEnergy": 185.48559128293755,
  "meanSmoothness": 127.94995308236342,
  "peakActuator": 8.0,
  "motionCommandSchedule": [
    {
      "atStep": 0,
      "atSeconds": 0.0,
      "command": [
        0.25,
        0.0,
        0.0
      ]
    }
  ],
  "transitionCount": 0,
  "transitions": [],
  "maximumTransitionTerminalPlanarTrackingError": 0.0,
  "maximumTransitionTerminalYawRateTrackingError": 0.0,
  "maximumPlanarSettlingTimeSeconds": 0.0,
  "maximumPlanarBrakingSettlingTimeSeconds": 0.0,
  "maximumYawRateSettlingTimeSeconds": 0.0,
  "maximumPlanarOvershootMps": 0.0,
  "maximumYawRateOvershootRadPerSec": 0.0,
  "unsettledPlanarTransitionCount": 0,
  "unsettledYawRateTransitionCount": 0,
  "initialBasePosition": [
    0.0,
    0.0,
    0.44
  ],
  "finalBasePosition": [
    0.3378208491814487,
    0.07697003213369447,
    0.4189511426538908
  ],
  "netDisplacement": [
    0.3378208491814487,
    0.07697003213369447,
    -0.02104885734610923
  ],
  "targetPlanarDisplacement": [
    1.25,
    0.0
  ],
  "forwardDisplacement": 0.3378208491814487,
  "targetDistance": 1.25,
  "forwardProgress": 0.27025667934515896,
  "signedForwardProgress": 0.27025667934515896,
  "backwardDisplacement": 0.0,
  "meanForwardVelocity": 0.06756416983629418,
  "lateralDrift": 0.07697003213369447,
  "distanceTraveled": 0.45739993176844473
}
