{
  "durationSeconds": 4.999999999999671,
  "steps": 250,
  "survivalRate": 1.0,
  "fell": false,
  "motionCommand": [
    0.25,
    0.0,
    0.0
  ],
  "meanMotionCommand": [
    0.25,
    0.0,
    0.0
  ],
  "meanMeasuredMotion": [
    -0.06822382850756337,
    -0.023034999626828163,
    0.01804848838238508
  ],
  "planarVelocityTrackingError": 0.31905644678930883,
  "yawRateTrackingError": 0.01804848838238508,
  "meanVelocityTrackingError": 0.49360790667683896,
  "meanPlanarVelocityTrackingError": 0.37018680806393106,
  "meanYawRateTrackingError": 0.196735177951636,
  "meanUpright": 0.5460024792267066,
  "meanEnergy": 612.3985489449084,
  "meanSmoothness": 28.943793083222328,
  "peakActuator": 8.0,
  "motionCommandSchedule": [
    {
      "atStep": 0,
      "atSeconds": 0.0,
      "command": [
        0.25,
        0.0,
        0.0
      ]
    }
  ],
  "transitionCount": 0,
  "transitions": [],
  "maximumTransitionTerminalPlanarTrackingError": 0.0,
  "maximumTransitionTerminalYawRateTrackingError": 0.0,
  "maximumPlanarSettlingTimeSeconds": 0.0,
  "maximumPlanarBrakingSettlingTimeSeconds": 0.0,
  "maximumYawRateSettlingTimeSeconds": 0.0,
  "maximumPlanarOvershootMps": 0.0,
  "maximumYawRateOvershootRadPerSec": 0.0,
  "unsettledPlanarTransitionCount": 0,
  "unsettledYawRateTransitionCount": 0,
  "initialBasePosition": [
    0.0,
    0.0,
    0.44
  ],
  "finalBasePosition": [
    -0.3310595953025354,
    -0.11428325809867342,
    0.2735258220169491
  ],
  "netDisplacement": [
    -0.3310595953025354,
    -0.11428325809867342,
    -0.16647417798305092
  ],
  "targetPlanarDisplacement": [
    1.25,
    0.0
  ],
  "forwardDisplacement": -0.3310595953025354,
  "targetDistance": 1.25,
  "forwardProgress": 0.0,
  "signedForwardProgress": -0.2648476762420283,
  "backwardDisplacement": 0.3310595953025354,
  "meanForwardVelocity": -0.06621191906051144,
  "lateralDrift": 0.11428325809867342,
  "distanceTraveled": 1.0655782189611498
}
