{
  "terms": {
    "survival": 25.0,
    "velocityTracking": 13.390395103423389,
    "forwardProgress": 0.0,
    "upright": 8.1900371884006,
    "lateralDrift": -1.1428325809867341,
    "transitionTracking": 0.0,
    "energy": -6.123985489449084,
    "smoothness": -0.14471896541611165,
    "componentMass": -1.5075,
    "sensorChannels": -5.3500000000000005,
    "trainingSteps": -0.0
  },
  "total": 32.31139525597206
}
