{
  "count": 8192.000100000001,
  "mean": [
    0.13733352370133628,
    0.3216671803912055,
    -0.4271210542158883,
    -0.15525584815579682,
    0.3287059286464636,
    -0.4620471756771568,
    0.18173791325589123,
    0.23512817696699473,
    -0.5199101688412127,
    -0.20615903189488285,
    0.2515415169863997,
    -0.5190044976269353,
    -0.003911694968094921,
    -0.0012985924940117086,
    0.016207897010611583,
    7.716627175242122e-05,
    0.004034355539524568,
    0.012014006409523098,
    0.0032045452736185103,
    0.01771003115998334,
    -0.023462629657968838,
    -0.01087224208888583,
    0.025182112036985668,
    -0.026075911311783495,
    0.3292126693185143,
    0.7852754235705622,
    -0.08906722308216271,
    0.11784013379279781,
    -0.07685120055813466,
    0.04562439813317739,
    0.010291443263152344,
    -8.149116342525469e-05,
    -0.020579431303816613,
    0.04450525163048307,
    -0.016998438594511795,
    -0.020332853337169197,
    0.03720253201982021,
    -0.0170040752488173,
    0.2983977859769241,
    -0.03316491147694444,
    6.340381565690382,
    0.16064643273661416,
    -0.17940245075190944,
    -0.018620255135932413,
    -0.18706004990255087,
    -0.08491274163271999,
    0.06886387920188308,
    0.035881054692168186,
    0.053734129286761044,
    0.7789536434517592,
    0.07006625001577116,
    -0.057499300600635316,
    0.7027904966487486,
    0.1608867011563112,
    -0.1797645619775316,
    -0.019442452379316764,
    -0.1870345629260501,
    -0.08558707836073629,
    0.07143186515888811,
    0.036672917390098404,
    0.06082781993342511,
    0.7738295849559914,
    0.06970994489109181,
    -0.052894765294855324,
    0.6984411436207543,
    0.16338242266209466,
    -0.18370147753484284,
    -0.016302720211866795,
    -0.18457628071132173,
    -0.09004388001902747,
    0.07485398837611806,
    0.038762303707272495,
    0.05364144105827633,
    0.7826085962621989,
    0.07321411154800067,
    -0.06208322143914872,
    0.708345777983988,
    0.1670858347850482,
    -0.1819102803443366,
    -0.017549323963548177,
    -0.18113342497495213,
    -0.08862820678743999,
    0.07309009686736521,
    0.0419216149293821,
    0.05492842109340548,
    0.7824216437947293,
    0.07662558468812007,
    -0.05990283138611605,
    0.7049746043618964,
    0.1645442463867212,
    -0.18002656029583156,
    -0.018652840371520103,
    -0.1831685327849546,
    -0.08688962497663684,
    0.06999820717213806,
    0.03977585927704699,
    0.04989623976179986,
    0.7818413666917965,
    0.07396981259162823,
    -0.0606767686678874,
    0.7058521540164344,
    0.16039205941084944,
    -0.17710191118693164,
    -0.01952602205544414,
    -0.18686712321051532,
    -0.08207814498627942,
    0.06858089129409706,
    0.03612576782699779,
    0.059290045099048436,
    0.7750535992912291,
    0.06951147941660944,
    -0.05131182599697482,
    0.6971986217246454,
    0.16072789841289759,
    -0.18120224059641407,
    -0.018241885985167173,
    -0.18681872735913957,
    -0.08689896355654429,
    0.07289896172067513,
    0.035933894963141255,
    0.05501809073739528,
    0.780665911527745,
    0.07051246296966923,
    -0.059590991141663385,
    0.7052974673844823,
    0.16316473812394072,
    -0.1814015199200214,
    -0.017272641074980492,
    -0.18439214172040735,
    -0.08715463784243797,
    0.07439555907853106,
    0.0388357265080351,
    0.0588280938243297,
    0.7786668561227448,
    0.07271999857618242,
    -0.05599120932670947,
    0.7030055032610067,
    0.3530088208122087,
    0.14873046833215406,
    0.016479492641170438,
    0.045776366628706454,
    11.584760043142145,
    11.701284202175275,
    13.426198046526569,
    13.047911299120875
  ],
  "variance": [
    0.01643057291445077,
    0.09713490805848457,
    0.08167168689866491,
    0.015835004038068822,
    0.077579136752182,
    0.08315277901118001,
    0.025139198562493106,
    0.1300786702298204,
    0.029476153311026456,
    0.0225799071788328,
    0.11664981515940896,
    0.03399899911326685,
    5.736792659439915,
    11.197505800984986,
    26.93599348072877,
    5.605457569680264,
    11.033376084962175,
    26.730148600665842,
    6.51950046974188,
    11.443014709184027,
    22.332338875557568,
    6.546954579352463,
    11.546243382313204,
    22.57625218831985,
    0.019400495199787655,
    0.13749966625467397,
    0.08205380870879678,
    0.10005072895989797,
    0.03601593985701036,
    0.05358806889470084,
    0.0304830724454499,
    0.051265380950764945,
    2.1015058860011315,
    1.0614707870414342,
    0.18754652771138303,
    2.0206325728462007,
    0.9892919722344461,
    0.17920768930941042,
    33.19390221436873,
    25.047582503078615,
    226.13829896704115,
    17.229589758078248,
    44.803977434960515,
    51.05815104681616,
    16.868839714188685,
    44.641602557022125,
    50.20914023682188,
    18.64023281104002,
    45.87560866195163,
    46.94123615983699,
    18.760580770328964,
    46.421822624096585,
    47.676284442527844,
    17.246231103164675,
    44.86707147274568,
    51.14125373606335,
    16.885703082300832,
    44.70221475921487,
    50.27723785043211,
    18.657953177820925,
    45.93793928976365,
    46.99328326061341,
    18.777295965107186,
    46.49346626650258,
    47.74487836666943,
    17.270034325450226,
    44.93549157220646,
    51.223527055053566,
    16.90760497434418,
    44.75823151289005,
    50.35536252713535,
    18.681799877012107,
    45.998457798995716,
    47.0648411107735,
    18.802506178138863,
    46.570289263384254,
    47.809092677352716,
    17.299892574977235,
    44.995945988434265,
    51.30554244416763,
    16.93350365175092,
    44.818413970744345,
    50.427029970659845,
    18.705206895504404,
    46.06260517893345,
    47.1127336130329,
    18.833325894008834,
    46.64553729559238,
    47.87942838934629,
    17.19693547707692,
    44.779225604814116,
    51.02724220442518,
    16.839090526502087,
    44.60999534550531,
    50.185613541492145,
    18.60896123619907,
    45.84615835911021,
    46.915079676304984,
    18.7287154286478,
    46.39942770130506,
    47.64861125211683,
    17.229608352534687,
    44.843792433272114,
    51.111420979397785,
    16.869692289736257,
    44.67668150308869,
    50.253660151318286,
    18.640482887421996,
    45.912440760114315,
    46.96718623677928,
    18.76118823426611,
    46.467539745225864,
    47.72208665326416,
    17.246527263133405,
    44.91174456502848,
    51.19208490321637,
    16.885870852557115,
    44.734940629677844,
    50.32442915465781,
    18.65840775938908,
    45.98004689381993,
    47.0372498510574,
    18.779257281262232,
    46.545003919735755,
    47.78976193002064,
    17.270073255624723,
    44.97577102281985,
    51.278227669677065,
    16.908141203796387,
    44.79328695056996,
    50.40247961711321,
    18.681566991273847,
    46.031160103982856,
    47.089991661005975,
    18.802836637377542,
    46.6145444039766,
    47.85122558646652,
    0.22837674821194517,
    0.0058675415427403435,
    0.0022003625237217166,
    0.009348628122481977,
    396.33049718030594,
    433.18765726488124,
    502.7132781125182,
    508.3120852825994
  ]
}
