{
  "terms": {
    "survival": 10.0,
    "velocityTracking": 3.983227746541388,
    "forwardProgress": 4.027648336523258,
    "upright": 0.43482018963157454,
    "lateralDrift": -0.35345512562040976,
    "transitionTracking": 0.22094255020088166,
    "energy": -0.7230783426999189,
    "smoothness": -0.06418534803717012,
    "jointJerk": 0.0,
    "bodyAngularJerk": 0.0,
    "actionSlew": 0.0,
    "actuatorSaturation": -0.3223015873015873,
    "footSlip": 0.0,
    "footImpact": 0.0,
    "selfRighting": 0.0,
    "recoveryTime": -30.6,
    "jointLimitMargin": -0.14822231279940984,
    "componentMass": -3.115,
    "sensorChannels": -0.22,
    "trainingSteps": -0.0
  },
  "total": -16.879603893561395
}
