{
  "terms": {
    "survival": 8.953846153846154,
    "velocityTracking": 7.178096652854649,
    "forwardProgress": 10.0,
    "upright": 10.197931198958242,
    "lateralDrift": -2.019252452913264,
    "transitionTracking": 26.785714285714285,
    "energy": -2.4548231658931723,
    "smoothness": -0.045352316187647373,
    "componentMass": -1.2060000000000002,
    "sensorChannels": -1.07,
    "trainingSteps": -0.0
  },
  "total": 56.32016035637925
}
