{
  "durationSeconds": 4.999999999999671,
  "steps": 250,
  "survivalRate": 1.0,
  "fell": false,
  "motionCommand": [
    0.25,
    0.0,
    0.0
  ],
  "meanMotionCommand": [
    0.25,
    0.0,
    0.0
  ],
  "meanMeasuredMotion": [
    0.13907121239353656,
    0.05233148569779856,
    -0.028260171088087923
  ],
  "planarVelocityTrackingError": 0.12265308930140639,
  "yawRateTrackingError": 0.028260171088087923,
  "meanVelocityTrackingError": 0.5609894410026768,
  "meanPlanarVelocityTrackingError": 0.2952150661863912,
  "meanYawRateTrackingError": 0.37076005950436186,
  "meanUpright": 0.5418147809390611,
  "meanEnergy": 626.4817038731431,
  "meanSmoothness": 33.882611529837384,
  "peakActuator": 8.0,
  "motionCommandSchedule": [
    {
      "atStep": 0,
      "atSeconds": 0.0,
      "command": [
        0.25,
        0.0,
        0.0
      ]
    }
  ],
  "transitionCount": 0,
  "transitions": [],
  "maximumTransitionTerminalPlanarTrackingError": 0.0,
  "maximumTransitionTerminalYawRateTrackingError": 0.0,
  "maximumPlanarSettlingTimeSeconds": 0.0,
  "maximumPlanarBrakingSettlingTimeSeconds": 0.0,
  "maximumYawRateSettlingTimeSeconds": 0.0,
  "maximumPlanarOvershootMps": 0.0,
  "maximumYawRateOvershootRadPerSec": 0.0,
  "unsettledPlanarTransitionCount": 0,
  "unsettledYawRateTransitionCount": 0,
  "initialBasePosition": [
    0.0,
    0.0,
    0.44
  ],
  "finalBasePosition": [
    0.7052824743556785,
    0.2590324424833823,
    0.23834097230023882
  ],
  "netDisplacement": [
    0.7052824743556785,
    0.2590324424833823,
    -0.20165902769976118
  ],
  "targetPlanarDisplacement": [
    1.25,
    0.0
  ],
  "forwardDisplacement": 0.7052824743556785,
  "targetDistance": 1.25,
  "forwardProgress": 0.5642259794845428,
  "signedForwardProgress": 0.5642259794845428,
  "backwardDisplacement": 0.0,
  "meanForwardVelocity": 0.14105649487114497,
  "lateralDrift": 0.2590324424833823,
  "distanceTraveled": 1.3544175807207501
}
