{
  "terms": {
    "survival": 25.0,
    "velocityTracking": 12.812386474025935,
    "forwardProgress": 28.21129897422714,
    "upright": 8.127221714085916,
    "lateralDrift": -2.590324424833823,
    "transitionTracking": 0.0,
    "energy": -6.264817038731431,
    "smoothness": -0.16941305764918693,
    "componentMass": -1.5075,
    "sensorChannels": -5.3500000000000005,
    "trainingSteps": -0.0
  },
  "total": 58.26885264112455
}
