{
  "count": 4096.0001,
  "mean": [
    0.2729998984082399,
    -0.5136790396817094,
    0.28120552489299017,
    -0.5106215005299497,
    0.2564631992142334,
    -0.559514039011136,
    0.24816219193527383,
    -0.5587666338867363,
    -0.005182092123749735,
    0.05587600164582459,
    -0.0029102546717712195,
    0.058929440247197734,
    0.042419588577391344,
    0.022401678351786913,
    0.0413583677640668,
    0.031245849526613384,
    0.4209522018938064,
    0.9909577678656035,
    -0.0028408820815507816,
    -0.07261019802752783,
    -0.009200145996387953,
    0.07637904994845596,
    0.004017211829200541,
    -0.0039891160021614655,
    -0.009080287343373036,
    -0.10747809190995715,
    -0.008563179328019945,
    -0.009196553387881104,
    -0.112847305481627,
    -0.008679373947037843,
    1.4365970912097707,
    -0.07021262799986323,
    10.219998777379939,
    11.341611317556842,
    11.555226416364944,
    19.289822150117537,
    17.928428641877794
  ],
  "variance": [
    0.018911710609547435,
    0.00953365741719398,
    0.018825376902971248,
    0.00986686831597758,
    0.01500629193696159,
    0.011211366203544492,
    0.012637340507459776,
    0.010973482373622598,
    5.8741953140213985,
    15.443320038104767,
    5.679074507946554,
    15.291021791882475,
    3.400317375323195,
    6.584000576168922,
    3.4359760206984413,
    6.92548745174542,
    0.0005867579982181921,
    0.002703230771689063,
    0.0004114665046732366,
    0.008313882324216133,
    0.001226206375321597,
    0.08000219980629432,
    0.005956925594758492,
    0.0113451909283047,
    0.031102152539934147,
    0.5330785835855163,
    0.02269011507443232,
    0.030709322828319802,
    0.5091407024949601,
    0.022714803558067032,
    15.335072445230237,
    5.72393117396501,
    58.608117088472845,
    300.12053588258584,
    273.0403790213294,
    351.6866880014994,
    327.6500751337479
  ]
}
