{
  "durationSeconds": 5.999999999999561,
  "steps": 300,
  "survivalRate": 0.9966666666666667,
  "fell": false,
  "motionCommand": [
    0.0,
    0.0,
    0.0
  ],
  "meanMotionCommand": [
    0.0,
    0.0,
    0.0
  ],
  "meanMeasuredMotion": [
    -9.499119240717694e-05,
    0.001437582833036275,
    -0.005734870036859223
  ],
  "planarVelocityTrackingError": 0.0014407177823833296,
  "yawRateTrackingError": 0.005734870036859223,
  "meanVelocityTrackingError": 0.016161148576930556,
  "meanPlanarVelocityTrackingError": 0.011456192625413482,
  "meanYawRateTrackingError": 0.006962536943125053,
  "meanUpright": 0.008764720164322913,
  "meanAbsolutePitchRad": 0.06704905745502364,
  "minimumPitchRad": -0.028840461082054326,
  "maximumPitchRad": 1.5685845965439185,
  "maximumBackwardPitchRad": 0.028840461082054326,
  "maximumAbsolutePitchRad": 1.5685845965439185,
  "maximumAbsolutePitchRateRadPerSec": 6.546218470465674,
  "meanBodyTiltRad": 3.0745042852590805,
  "maximumBodyTiltRad": 3.1415888599636883,
  "initialBodyTiltRad": 1.5707963267948963,
  "minimumBodyTiltRad": 1.5707963267948963,
  "finalBodyTiltRad": 3.1414896902729255,
  "finalBaseHeightM": 0.05994715112726267,
  "selfRightingTask": true,
  "selfRightingSuccess": 0.0,
  "timeToStableStandSeconds": 6.0,
  "stableStandingDwellSeconds": 0.0,
  "finalStableStandingDwellSeconds": 0.0,
  "minimumJointLimitMarginRad": -0.009497131190690067,
  "disallowedCollisionSteps": 0,
  "meanEnergy": 187.35444508104914,
  "meanSmoothness": 110.21935206988455,
  "peakActuator": 8.0,
  "motionQualityFootEvidenceAvailable": true,
  "motionQualityContactThresholdNewton": 1.0,
  "meanJointJerkRadPerSec3": 18728.954473695005,
  "peakJointJerkRadPerSec3": 44877.68897207251,
  "meanBodyAngularJerkRadPerSec3": 231.10694579267536,
  "peakBodyAngularJerkRadPerSec3": 21236.79860461705,
  "meanActionSlewRatePerSec": 416.4893773573793,
  "peakActionSlewRatePerSec": 800.0,
  "actuatorSaturationRate": 0.28861111111111115,
  "meanFootSlipSpeedMps": 0.6397011034116971,
  "peakFootSlipSpeedMps": 0.6397011034116971,
  "totalFootSlipDistanceM": 0.025588044136467883,
  "meanFootContactImpactNPerSec": 1.0909157852901008,
  "peakFootContactImpactNPerSec": 652.3676396034804,
  "peakFootContactForceNewton": 20.369704071448844,
  "motionCommandSchedule": [
    {
      "atStep": 0,
      "atSeconds": 0.0,
      "command": [
        0.0,
        0.0,
        0.0
      ]
    }
  ],
  "transitionCount": 0,
  "transitions": [],
  "maximumTransitionTerminalPlanarTrackingError": 0.0,
  "maximumTransitionTerminalYawRateTrackingError": 0.0,
  "maximumPlanarSettlingTimeSeconds": 0.0,
  "maximumPlanarBrakingSettlingTimeSeconds": 0.0,
  "maximumYawRateSettlingTimeSeconds": 0.0,
  "maximumPlanarOvershootMps": 0.0,
  "maximumYawRateOvershootRadPerSec": 0.0,
  "unsettledPlanarTransitionCount": 0,
  "unsettledYawRateTransitionCount": 0,
  "initialBasePosition": [
    0.0,
    0.0,
    0.18
  ],
  "finalBasePosition": [
    0.0007646855000095953,
    0.008472340180591694,
    0.05994715112726267
  ],
  "netDisplacement": [
    0.0007646855000095953,
    0.008472340180591694,
    -0.12005284887273732
  ],
  "targetPlanarDisplacement": [
    0.0,
    0.0
  ],
  "forwardDisplacement": 0.0,
  "targetDistance": 0.0,
  "forwardProgress": 1.0,
  "signedForwardProgress": 1.0,
  "backwardDisplacement": 0.0,
  "meanForwardVelocity": 0.0,
  "lateralDrift": 0.00850677918189919,
  "distanceTraveled": 0.039762539372216195
}
