{
  "terms": {
    "survival": 0.0,
    "velocityTracking": 0.0,
    "forwardProgress": 0.0,
    "upright": 0.017529440328645826,
    "lateralDrift": 0.0,
    "transitionTracking": 0.0,
    "energy": -0.3747088901620983,
    "smoothness": -0.11021935206988455,
    "jointJerk": 0.0,
    "bodyAngularJerk": 0.0,
    "actionSlew": 0.0,
    "actuatorSaturation": -0.14430555555555558,
    "footSlip": 0.0,
    "footImpact": 0.0,
    "selfRighting": 0.0,
    "recoveryTime": -12.0,
    "jointLimitMargin": -0.018994262381380134,
    "componentMass": -3.015,
    "sensorChannels": -0.2,
    "trainingSteps": -0.0
  },
  "total": -15.845698619840272
}
