{
  "durationSeconds": 8.999999999999675,
  "steps": 450,
  "survivalRate": 1.0,
  "fell": false,
  "motionCommand": [
    0.20000000000000165,
    0.0,
    0.0
  ],
  "meanMotionCommand": [
    0.20000000000000165,
    0.0,
    0.0
  ],
  "meanMeasuredMotion": [
    -0.030287765108030756,
    -0.004436377349684872,
    0.011667957488894634
  ],
  "planarVelocityTrackingError": 0.2303304934272514,
  "yawRateTrackingError": 0.011667957488894634,
  "meanVelocityTrackingError": 0.36745678536318777,
  "meanPlanarVelocityTrackingError": 0.3040428942213251,
  "meanYawRateTrackingError": 0.1508801112025225,
  "meanUpright": 0.3545625387121757,
  "meanAbsolutePitchRad": 1.3851585127102373,
  "minimumPitchRad": 0.986410174155053,
  "maximumPitchRad": 1.570520661362681,
  "maximumBackwardPitchRad": 0.0,
  "maximumAbsolutePitchRad": 1.570520661362681,
  "maximumAbsolutePitchRateRadPerSec": 2.619118024814603,
  "meanBodyTiltRad": 1.409744086498509,
  "maximumBodyTiltRad": 1.7412830505172399,
  "initialBodyTiltRad": 1.5707963267948963,
  "minimumBodyTiltRad": 0.9864101741552803,
  "finalBodyTiltRad": 1.546932468966227,
  "finalBaseHeightM": 0.25110225678165,
  "selfRightingTask": true,
  "selfRightingSuccess": 0.0,
  "timeToStableStandSeconds": 9.0,
  "stableStandingDwellSeconds": 0.0,
  "finalStableStandingDwellSeconds": 0.0,
  "minimumJointLimitMarginRad": 0.32825997945022056,
  "disallowedCollisionSteps": 0,
  "meanEnergy": 233.63608800082062,
  "meanSmoothness": 165.54463391879997,
  "peakActuator": 8.0,
  "motionQualityFootEvidenceAvailable": true,
  "motionQualityContactThresholdNewton": 1.0,
  "meanJointJerkRadPerSec3": 26725.661447652623,
  "peakJointJerkRadPerSec3": 50626.30155018631,
  "meanBodyAngularJerkRadPerSec3": 3353.678465512487,
  "peakBodyAngularJerkRadPerSec3": 15163.381722097483,
  "meanActionSlewRatePerSec": 586.249366057352,
  "peakActionSlewRatePerSec": 800.0,
  "actuatorSaturationRate": 0.5038888888888889,
  "meanFootSlipSpeedMps": 0.04209722322988672,
  "peakFootSlipSpeedMps": 0.25100372477620286,
  "totalFootSlipDistanceM": 0.2231152831183997,
  "meanFootContactImpactNPerSec": 35.56273978272945,
  "peakFootContactImpactNPerSec": 1733.271609386012,
  "peakFootContactForceNewton": 34.66543218772024,
  "motionCommandSchedule": [
    {
      "atStep": 0,
      "atSeconds": 0.0,
      "command": [
        0.2,
        0.0,
        0.0
      ]
    }
  ],
  "transitionCount": 0,
  "transitions": [],
  "maximumTransitionTerminalPlanarTrackingError": 0.0,
  "maximumTransitionTerminalYawRateTrackingError": 0.0,
  "maximumPlanarSettlingTimeSeconds": 0.0,
  "maximumPlanarBrakingSettlingTimeSeconds": 0.0,
  "maximumYawRateSettlingTimeSeconds": 0.0,
  "maximumPlanarOvershootMps": 0.0,
  "maximumYawRateOvershootRadPerSec": 0.0,
  "unsettledPlanarTransitionCount": 0,
  "unsettledYawRateTransitionCount": 0,
  "initialBasePosition": [
    -0.1481188698887374,
    0.01694078832145597,
    0.2517391085034493
  ],
  "finalBasePosition": [
    -0.2285926607746209,
    -0.023049358391661133,
    0.25110225678165
  ],
  "netDisplacement": [
    -0.0804737908858835,
    -0.039990146713117104,
    -0.0006368517217993364
  ],
  "targetPlanarDisplacement": [
    0.8,
    0.0
  ],
  "forwardDisplacement": -0.0804737908858835,
  "targetDistance": 0.8,
  "forwardProgress": 0.0,
  "signedForwardProgress": -0.10059223860735436,
  "backwardDisplacement": 0.0804737908858835,
  "meanForwardVelocity": -0.020118447721472508,
  "lateralDrift": 0.039990146713117104,
  "distanceTraveled": 2.0866239187498965,
  "episodeInitialBasePosition": [
    0.0,
    0.0,
    0.18
  ],
  "mobilityMeasurementStartedAtSeconds": 5.0
}
