{
  "terms": {
    "survival": 10.0,
    "velocityTracking": 2.925138141705608,
    "forwardProgress": 0.0,
    "upright": 0.7091250774243514,
    "lateralDrift": -0.039990146713117104,
    "transitionTracking": 1.0,
    "energy": -0.4672721760016412,
    "smoothness": -0.16554463391879998,
    "jointJerk": 0.0,
    "bodyAngularJerk": 0.0,
    "actionSlew": 0.0,
    "actuatorSaturation": -0.25194444444444447,
    "footSlip": 0.0,
    "footImpact": 0.0,
    "selfRighting": 0.0,
    "recoveryTime": -18.0,
    "jointLimitMargin": 0.6565199589004411,
    "componentMass": -3.015,
    "sensorChannels": -2.14,
    "trainingSteps": -0.0
  },
  "total": -8.788968223047602
}
