{
  "durationSeconds": 6.499999999999506,
  "steps": 325,
  "survivalRate": 1.0,
  "fell": false,
  "motionCommand": [
    0.0,
    0.009230769230769237,
    0.0
  ],
  "meanMotionCommand": [
    0.0,
    0.009230769230769237,
    0.0
  ],
  "meanMeasuredMotion": [
    -0.045768453854480765,
    0.005378895774372083,
    -0.01575476975475844
  ],
  "planarVelocityTrackingError": 0.04593025470595424,
  "yawRateTrackingError": 0.01575476975475844,
  "meanVelocityTrackingError": 0.2089348455019376,
  "meanPlanarVelocityTrackingError": 0.11943910937656656,
  "meanYawRateTrackingError": 0.14966280914193245,
  "meanUpright": 0.9426427356391379,
  "meanEnergy": 194.11455362828835,
  "meanSmoothness": 137.43440514531508,
  "peakActuator": 8.0,
  "motionCommandSchedule": [
    {
      "atStep": 0,
      "atSeconds": 0.0,
      "command": [
        0.0,
        0.12,
        0.0
      ]
    },
    {
      "atStep": 125,
      "atSeconds": 2.5,
      "command": [
        0.0,
        -0.12,
        0.0
      ]
    },
    {
      "atStep": 225,
      "atSeconds": 4.5,
      "command": [
        0.0,
        0.0,
        0.0
      ]
    }
  ],
  "transitionCount": 2,
  "transitions": [
    {
      "index": 1,
      "atStep": 125,
      "atSeconds": 2.5,
      "endStep": 225,
      "fromCommand": [
        0.0,
        0.12,
        0.0
      ],
      "toCommand": [
        0.0,
        -0.12,
        0.0
      ],
      "sampleCount": 100,
      "peakPlanarTrackingError": 0.2573523280440336,
      "peakYawRateTrackingError": 0.7642663222931944,
      "terminalMeasuredMotion": [
        -0.008869870197663391,
        -0.005212979197253749,
        -0.07495261575066763
      ],
      "terminalPlanarTrackingError": 0.11512920890066733,
      "terminalYawRateTrackingError": 0.07495261575066763,
      "planarOvershootMps": 0.025414353514606802,
      "yawRateOvershootRadPerSec": 0.0,
      "planarSettlingTimeSeconds": 1.98,
      "yawRateSettlingTimeSeconds": 1.8,
      "planarSettled": true,
      "yawRateSettled": true
    },
    {
      "index": 2,
      "atStep": 225,
      "atSeconds": 4.5,
      "endStep": 325,
      "fromCommand": [
        0.0,
        -0.12,
        0.0
      ],
      "toCommand": [
        0.0,
        0.0,
        0.0
      ],
      "sampleCount": 100,
      "peakPlanarTrackingError": 0.2627499776206,
      "peakYawRateTrackingError": 0.5165935326103194,
      "terminalMeasuredMotion": [
        -0.08648526565482971,
        0.019035354947507844,
        0.01159044381253263
      ],
      "terminalPlanarTrackingError": 0.08855532684917423,
      "terminalYawRateTrackingError": 0.01159044381253263,
      "planarOvershootMps": 0.06432898993053111,
      "yawRateOvershootRadPerSec": 0.0,
      "planarSettlingTimeSeconds": 1.12,
      "yawRateSettlingTimeSeconds": 0.2,
      "planarSettled": true,
      "yawRateSettled": true
    }
  ],
  "maximumTransitionTerminalPlanarTrackingError": 0.11512920890066733,
  "maximumTransitionTerminalYawRateTrackingError": 0.07495261575066763,
  "maximumPlanarSettlingTimeSeconds": 1.98,
  "maximumYawRateSettlingTimeSeconds": 1.8,
  "maximumPlanarOvershootMps": 0.06432898993053111,
  "maximumYawRateOvershootRadPerSec": 0.0,
  "unsettledPlanarTransitionCount": 0,
  "unsettledYawRateTransitionCount": 0,
  "initialBasePosition": [
    0.0,
    0.0,
    0.44
  ],
  "finalBasePosition": [
    -0.2883360222288449,
    0.032343516175958514,
    0.4204476017750089
  ],
  "netDisplacement": [
    -0.2883360222288449,
    0.032343516175958514,
    -0.019552398224991108
  ],
  "targetPlanarDisplacement": [
    0.0,
    0.06
  ],
  "forwardDisplacement": 0.032343516175958514,
  "targetDistance": 0.06,
  "forwardProgress": 0.539058602932642,
  "meanForwardVelocity": 0.004975925565532457,
  "lateralDrift": 0.2883360222288449,
  "distanceTraveled": 0.5425118098025744
}
