{
  "terms": {
    "survival": 30.0,
    "velocityTracking": 16.543488736728573,
    "forwardProgress": 5.390586029326419,
    "upright": 14.139641034587068,
    "lateralDrift": -1.4416801111442246,
    "transitionTracking": 5.958989265060931,
    "energy": -0.9705727681414418,
    "smoothness": -0.13743440514531508,
    "componentMass": -1.2060000000000002,
    "sensorChannels": -1.07,
    "trainingSteps": -0.0
  },
  "total": 67.20701778127201
}
