{
  "durationSeconds": 6.499999999999506,
  "steps": 325,
  "survivalRate": 1.0,
  "fell": false,
  "motionCommand": [
    0.0,
    0.009230769230769237,
    0.0
  ],
  "meanMotionCommand": [
    0.0,
    0.009230769230769237,
    0.0
  ],
  "meanMeasuredMotion": [
    -0.06771558249700203,
    -0.03402892250836397,
    0.2749724923258114
  ],
  "planarVelocityTrackingError": 0.08035422230519762,
  "yawRateTrackingError": 0.2749724923258114,
  "meanVelocityTrackingError": 1.0451642967011823,
  "meanPlanarVelocityTrackingError": 0.38131819728475835,
  "meanYawRateTrackingError": 0.9212627671630725,
  "meanUpright": 0.9383696340362899,
  "meanEnergy": 508.5092575167778,
  "meanSmoothness": 40.759202690359395,
  "peakActuator": 8.0,
  "motionCommandSchedule": [
    {
      "atStep": 0,
      "atSeconds": 0.0,
      "command": [
        0.0,
        0.12,
        0.0
      ]
    },
    {
      "atStep": 125,
      "atSeconds": 2.5,
      "command": [
        0.0,
        -0.12,
        0.0
      ]
    },
    {
      "atStep": 225,
      "atSeconds": 4.5,
      "command": [
        0.0,
        0.0,
        0.0
      ]
    }
  ],
  "transitionCount": 2,
  "transitions": [
    {
      "index": 1,
      "atStep": 125,
      "atSeconds": 2.5,
      "endStep": 225,
      "fromCommand": [
        0.0,
        0.12,
        0.0
      ],
      "toCommand": [
        0.0,
        -0.12,
        0.0
      ],
      "sampleCount": 100,
      "peakPlanarTrackingError": 0.6237178072359709,
      "peakYawRateTrackingError": 3.6385700472603877,
      "terminalMeasuredMotion": [
        -0.04515604557941557,
        -0.15429888487880764,
        0.10693085823572361
      ],
      "terminalPlanarTrackingError": 0.05670521983292152,
      "terminalYawRateTrackingError": 0.10693085823572361,
      "planarOvershootMps": 0.43173039136283664,
      "yawRateOvershootRadPerSec": 0.0,
      "planarSettlingTimeSeconds": 1.9,
      "yawRateSettlingTimeSeconds": 2.0,
      "planarSettled": true,
      "yawRateSettled": true
    },
    {
      "index": 2,
      "atStep": 225,
      "atSeconds": 4.5,
      "endStep": 325,
      "fromCommand": [
        0.0,
        -0.12,
        0.0
      ],
      "toCommand": [
        0.0,
        0.0,
        0.0
      ],
      "sampleCount": 100,
      "peakPlanarTrackingError": 0.9852557766390562,
      "peakYawRateTrackingError": 2.4125876677665614,
      "terminalMeasuredMotion": [
        0.1546460351703415,
        -0.5481688911085738,
        -1.0221778342254981
      ],
      "terminalPlanarTrackingError": 0.5695652108170846,
      "terminalYawRateTrackingError": 1.0221778342254981,
      "planarOvershootMps": 0.0,
      "yawRateOvershootRadPerSec": 0.0,
      "planarSettlingTimeSeconds": 2.0,
      "yawRateSettlingTimeSeconds": 2.0,
      "planarSettled": false,
      "yawRateSettled": false
    }
  ],
  "maximumTransitionTerminalPlanarTrackingError": 0.5695652108170846,
  "maximumTransitionTerminalYawRateTrackingError": 1.0221778342254981,
  "maximumPlanarSettlingTimeSeconds": 2.0,
  "maximumYawRateSettlingTimeSeconds": 2.0,
  "maximumPlanarOvershootMps": 0.43173039136283664,
  "maximumYawRateOvershootRadPerSec": 0.0,
  "unsettledPlanarTransitionCount": 1,
  "unsettledYawRateTransitionCount": 1,
  "initialBasePosition": [
    0.0,
    0.0,
    0.44
  ],
  "finalBasePosition": [
    -0.44146661815659993,
    -0.21263602507270166,
    0.43273657241054103
  ],
  "netDisplacement": [
    -0.44146661815659993,
    -0.21263602507270166,
    -0.007263427589458971
  ],
  "targetPlanarDisplacement": [
    0.0,
    0.06
  ],
  "forwardDisplacement": -0.21263602507270166,
  "targetDistance": 0.06,
  "forwardProgress": 0.0,
  "meanForwardVelocity": -0.03271323462657197,
  "lateralDrift": 0.44146661815659993,
  "distanceTraveled": 2.5976615535877063
}
