{
  "count": 8192.000100000001,
  "mean": [
    0.19402559508859737,
    0.44015663331351196,
    -0.32356243508949206,
    -0.21011739097517146,
    0.4350447553738875,
    -0.3277897075611088,
    0.18929695627296603,
    0.30080924208136883,
    -0.49746667890628554,
    -0.1841195469645466,
    0.30041393007241773,
    -0.49886782978234545,
    0.010823703681791011,
    0.04346688599685302,
    0.07793005358440443,
    -0.013938362239074319,
    0.04526215931082485,
    0.07399446925716205,
    0.008495532854647679,
    0.010524406368227882,
    0.04258063109079328,
    -0.013638168086993925,
    0.010416038681976911,
    0.042779192054424584,
    0.3246554813854779,
    0.873572009716661,
    -0.0013919318847507593,
    0.31936844847100737,
    -0.0032035195832938045,
    0.17574832238729554,
    0.004927878507444436,
    -0.04163340516127339,
    -0.0022260861678034647,
    0.3771642483633079,
    0.0010971092874311025,
    -0.002405078068401997,
    0.3690242040285624,
    0.0014470606178716354,
    -4.79082693079923,
    0.009214144241875227,
    5.247588842285298,
    11.88685996007979,
    11.52643553853783,
    5.401168973714707,
    5.008308016094165
  ],
  "variance": [
    0.007673265374035977,
    0.02529781709650472,
    0.027789511463426373,
    0.006849122591235652,
    0.024845595080092764,
    0.027477664535872606,
    0.0037287560234186322,
    0.015236498386289907,
    0.014095126686614275,
    0.00434083175575642,
    0.014712673172142662,
    0.013568005606973932,
    3.459034096079479,
    10.718678608619603,
    27.30249912682385,
    3.6363113633916493,
    11.032426727868867,
    27.85440829602944,
    5.070346784342863,
    13.777249373916625,
    28.359575076577837,
    5.175332174145337,
    13.775273413023008,
    28.39900222819713,
    0.006540536256271751,
    0.019728501532985807,
    0.004162186727722616,
    0.0952958695244522,
    0.015663352633350464,
    0.08213749294261502,
    0.008611403727128009,
    0.035698120668054015,
    1.0952269827352694,
    1.4643066042061164,
    0.10586779971483151,
    1.0355387818691077,
    1.4032062324183432,
    0.10295305074133526,
    81.5837206269943,
    13.145649205265164,
    92.40333746904922,
    222.590815602333,
    239.6223799924883,
    209.7138230895246,
    203.71449675887348
  ]
}
