{
  "durationSeconds": 3.219999999999867,
  "steps": 161,
  "survivalRate": 0.49230769230769234,
  "fell": true,
  "motionCommand": [
    0.0,
    0.066335403726708,
    0.0
  ],
  "meanMotionCommand": [
    0.0,
    0.066335403726708,
    0.0
  ],
  "meanMeasuredMotion": [
    -0.20532333450878507,
    0.12047371565905476,
    -1.4629504448659432
  ],
  "planarVelocityTrackingError": 0.21234083100687565,
  "yawRateTrackingError": 1.4629504448659432,
  "meanVelocityTrackingError": 1.7201958336610808,
  "meanPlanarVelocityTrackingError": 0.44281360107503087,
  "meanYawRateTrackingError": 1.5875455255749675,
  "meanUpright": 0.8356762867274932,
  "meanEnergy": 499.13569980587664,
  "meanSmoothness": 39.60035473497245,
  "peakActuator": 8.0,
  "motionCommandSchedule": [
    {
      "atStep": 0,
      "atSeconds": 0.0,
      "command": [
        0.0,
        0.12,
        0.0
      ]
    },
    {
      "atStep": 125,
      "atSeconds": 2.5,
      "command": [
        0.0,
        -0.12,
        0.0
      ]
    },
    {
      "atStep": 225,
      "atSeconds": 4.5,
      "command": [
        0.0,
        0.0,
        0.0
      ]
    }
  ],
  "transitionCount": 2,
  "transitions": [
    {
      "index": 1,
      "atStep": 125,
      "atSeconds": 2.5,
      "endStep": 225,
      "fromCommand": [
        0.0,
        0.12,
        0.0
      ],
      "toCommand": [
        0.0,
        -0.12,
        0.0
      ],
      "sampleCount": 36,
      "peakPlanarTrackingError": 1.2312313705478715,
      "peakYawRateTrackingError": 3.458091354622069,
      "terminalMeasuredMotion": [
        0.020836270582719293,
        -0.5917673509696387,
        -2.4298764174596115
      ],
      "terminalPlanarTrackingError": 0.47222725843888613,
      "terminalYawRateTrackingError": 2.4298764174596115,
      "planarOvershootMps": 0.6235057257805835,
      "yawRateOvershootRadPerSec": 0.0,
      "planarSettlingTimeSeconds": 0.72,
      "yawRateSettlingTimeSeconds": 0.72,
      "planarSettled": false,
      "yawRateSettled": false
    },
    {
      "index": 2,
      "atStep": 225,
      "atSeconds": 4.5,
      "endStep": 325,
      "fromCommand": [
        0.0,
        -0.12,
        0.0
      ],
      "toCommand": [
        0.0,
        0.0,
        0.0
      ],
      "sampleCount": 0,
      "peakPlanarTrackingError": 0.0,
      "peakYawRateTrackingError": 0.0,
      "terminalMeasuredMotion": [
        0.0,
        0.0,
        0.0
      ],
      "terminalPlanarTrackingError": 0.0,
      "terminalYawRateTrackingError": 0.0,
      "planarOvershootMps": 0.0,
      "yawRateOvershootRadPerSec": 0.0,
      "planarSettlingTimeSeconds": 0.0,
      "yawRateSettlingTimeSeconds": 0.0,
      "planarSettled": false,
      "yawRateSettled": false
    }
  ],
  "maximumTransitionTerminalPlanarTrackingError": 0.47222725843888613,
  "maximumTransitionTerminalYawRateTrackingError": 2.4298764174596115,
  "maximumPlanarSettlingTimeSeconds": 0.72,
  "maximumYawRateSettlingTimeSeconds": 0.72,
  "maximumPlanarOvershootMps": 0.6235057257805835,
  "maximumYawRateOvershootRadPerSec": 0.0,
  "unsettledPlanarTransitionCount": 2,
  "unsettledYawRateTransitionCount": 2,
  "initialBasePosition": [
    0.0,
    0.0,
    0.44
  ],
  "finalBasePosition": [
    -0.6657092405985369,
    0.39599847057661763,
    0.1834541837099235
  ],
  "netDisplacement": [
    -0.6657092405985369,
    0.39599847057661763,
    -0.2565458162900765
  ],
  "targetPlanarDisplacement": [
    0.0,
    0.06
  ],
  "forwardDisplacement": 0.39599847057661763,
  "targetDistance": 0.06,
  "forwardProgress": 1.0,
  "meanForwardVelocity": 0.12298089148342671,
  "lateralDrift": 0.6657092405985369,
  "distanceTraveled": 1.4858693080765992
}
