{
  "terms": {
    "survival": 14.76923076923077,
    "velocityTracking": 7.352411819954236,
    "forwardProgress": 10.0,
    "upright": 12.535144300912398,
    "lateralDrift": -3.328546202992684,
    "transitionTracking": 5.0288240446242085,
    "energy": -2.4956784990293834,
    "smoothness": -0.03960035473497245,
    "componentMass": -1.2060000000000002,
    "sensorChannels": -1.07,
    "trainingSteps": -0.0
  },
  "total": 41.54578587796457
}
