{
  "durationSeconds": 14.000000000001345,
  "steps": 700,
  "survivalRate": 1.0,
  "fell": false,
  "motionCommand": [
    0.20000000000000084,
    0.0,
    0.0
  ],
  "meanMotionCommand": [
    0.20000000000000084,
    0.0,
    0.0
  ],
  "meanMeasuredMotion": [
    0.059055907556166215,
    0.04179062035070104,
    -0.09069106720581152
  ],
  "planarVelocityTrackingError": 0.1470091600687271,
  "yawRateTrackingError": 0.09069106720581152,
  "meanVelocityTrackingError": 0.31467871903627653,
  "meanPlanarVelocityTrackingError": 0.2337974808852599,
  "meanYawRateTrackingError": 0.15019279181310524,
  "meanUpright": 0.16959479358925858,
  "meanAbsolutePitchRad": 0.07051014005878065,
  "minimumPitchRad": -0.1465635206824786,
  "maximumPitchRad": 1.3419000380885309,
  "maximumBackwardPitchRad": 0.1465635206824786,
  "maximumAbsolutePitchRad": 1.3419000380885309,
  "maximumAbsolutePitchRateRadPerSec": 4.700373957456858,
  "meanBodyTiltRad": 2.558152131829281,
  "maximumBodyTiltRad": 3.1415673075424575,
  "initialBodyTiltRad": 0.0,
  "minimumBodyTiltRad": 0.0,
  "finalBodyTiltRad": 3.1372752096605763,
  "finalBaseHeightM": 0.05913780235703655,
  "selfRightingTask": true,
  "recoveryTriggered": true,
  "selfRightingSuccess": 0.0,
  "timeToStableStandSeconds": 11.5,
  "stableStandingDwellSeconds": 0.0,
  "finalStableStandingDwellSeconds": 0.0,
  "minimumJointLimitMarginRad": 0.08218681991394672,
  "disallowedCollisionSteps": 0,
  "meanEnergy": 241.2538754585064,
  "meanSmoothness": 162.46458101023524,
  "peakActuator": 8.0,
  "motionQualityFootEvidenceAvailable": true,
  "motionQualityContactThresholdNewton": 1.0,
  "meanJointJerkRadPerSec3": 26287.241220257187,
  "peakJointJerkRadPerSec3": 46811.62482584896,
  "meanBodyAngularJerkRadPerSec3": 2855.1576865575985,
  "peakBodyAngularJerkRadPerSec3": 20840.256021655052,
  "meanActionSlewRatePerSec": 589.5516852262374,
  "peakActionSlewRatePerSec": 800.0,
  "actuatorSaturationRate": 0.5154761904761905,
  "meanFootSlipSpeedMps": 0.03324644673619014,
  "peakFootSlipSpeedMps": 0.20942834830976378,
  "totalFootSlipDistanceM": 0.16290758900733188,
  "meanFootContactImpactNPerSec": 60.599653128449866,
  "peakFootContactImpactNPerSec": 3513.0447228332714,
  "peakFootContactForceNewton": 70.26089445666543,
  "motionCommandSchedule": [
    {
      "atStep": 0,
      "atSeconds": 0.0,
      "command": [
        0.2,
        0.0,
        0.0
      ]
    }
  ],
  "transitionCount": 0,
  "transitions": [],
  "maximumTransitionTerminalPlanarTrackingError": 0.0,
  "maximumTransitionTerminalYawRateTrackingError": 0.0,
  "maximumPlanarSettlingTimeSeconds": 0.0,
  "maximumPlanarBrakingSettlingTimeSeconds": 0.0,
  "maximumYawRateSettlingTimeSeconds": 0.0,
  "maximumPlanarOvershootMps": 0.0,
  "maximumYawRateOvershootRadPerSec": 0.0,
  "unsettledPlanarTransitionCount": 0,
  "unsettledYawRateTransitionCount": 0,
  "initialBasePosition": [
    0.841005706250837,
    0.5783445668489534,
    0.06051861461234506
  ],
  "finalBasePosition": [
    0.8315760896247271,
    0.5866110639502606,
    0.05913780235703655
  ],
  "netDisplacement": [
    -0.009429616626109971,
    0.008266497101307224,
    -0.0013808122553085125
  ],
  "targetPlanarDisplacement": [
    1.2000000000000002,
    0.0
  ],
  "forwardDisplacement": -0.009429616626109971,
  "targetDistance": 1.2000000000000002,
  "forwardProgress": 0.0,
  "signedForwardProgress": -0.007858013855091642,
  "backwardDisplacement": 0.009429616626109971,
  "meanForwardVelocity": -0.0015716027710179763,
  "lateralDrift": 0.008266497101307224,
  "distanceTraveled": 1.6708056259337885,
  "episodeInitialBasePosition": [
    0.0,
    0.0,
    0.44
  ],
  "mobilityMeasurementStartedAtSeconds": 8.0,
  "recoveryEvaluationStartedAtSeconds": 2.5,
  "missionStageDurationsSeconds": {
    "approach": 2.48,
    "disturbance": 0.18,
    "recovery": 11.34
  }
}
