{
  "terms": {
    "survival": 10.0,
    "velocityTracking": 3.0425684557609594,
    "forwardProgress": 0.0,
    "upright": 0.33918958717851716,
    "lateralDrift": -0.01653299420261445,
    "transitionTracking": 1.0,
    "energy": -0.4825077509170128,
    "smoothness": -0.16246458101023523,
    "jointJerk": 0.0,
    "bodyAngularJerk": 0.0,
    "actionSlew": 0.0,
    "actuatorSaturation": -0.25773809523809527,
    "footSlip": 0.0,
    "footImpact": 0.0,
    "selfRighting": 0.0,
    "recoveryTime": -23.0,
    "jointLimitMargin": 0.16437363982789344,
    "componentMass": -3.015,
    "sensorChannels": -2.14,
    "trainingSteps": -0.08192
  },
  "total": -14.610031738600588
}
