{
  "durationSeconds": 2.999999999999891,
  "steps": 150,
  "survivalRate": 1.0,
  "fell": false,
  "meanVelocityTrackingError": 0.19201303753477256,
  "meanUpright": 0.9480218653247192,
  "meanEnergy": 1.6480993707090124,
  "meanSmoothness": 0.4632488268850761,
  "peakActuator": 6.0,
  "initialBasePosition": [
    0.0,
    0.0,
    0.42
  ],
  "finalBasePosition": [
    0.029671224588384414,
    1.8565502706950073e-17,
    0.42881608119270076
  ],
  "netDisplacement": [
    0.029671224588384414,
    1.8565502706950073e-17,
    0.008816081192700775
  ],
  "forwardDisplacement": 0.029671224588384414,
  "targetDistance": 0.6000000000000001,
  "forwardProgress": 0.04945204098064068,
  "meanForwardVelocity": 0.009890408196128497,
  "lateralDrift": 1.8565502706950073e-17,
  "distanceTraveled": 0.07836327980149668
}
