{
  "terms": {
    "survival": 25.0,
    "velocityTracking": 12.583754982262457,
    "forwardProgress": 1.9780816392256273,
    "upright": 14.220327979870788,
    "lateralDrift": -1.8565502706950073e-16,
    "energy": -0.016480993707090125,
    "smoothness": -0.002316244134425381,
    "componentMass": -1.4275,
    "sensorChannels": -0.5,
    "trainingSteps": -0.0
  },
  "total": 51.83586736351736
}
