{
  "durationSeconds": 0.7800000000000006,
  "steps": 39,
  "survivalRate": 0.152,
  "fell": true,
  "motionCommand": [
    0.25,
    0.0,
    0.0
  ],
  "meanMotionCommand": [
    0.25,
    0.0,
    0.0
  ],
  "meanMeasuredMotion": [
    0.14550946634509535,
    -4.175128124590159e-15,
    1.2838332647335115e-13
  ],
  "planarVelocityTrackingError": 0.10449053365490465,
  "yawRateTrackingError": 1.2838332647335115e-13,
  "meanVelocityTrackingError": 0.24091154553005795,
  "meanPlanarVelocityTrackingError": 0.24091154553005795,
  "meanYawRateTrackingError": 1.8228234294826556e-13,
  "meanUpright": 0.9087302163457576,
  "meanEnergy": 423.0065419255232,
  "meanSmoothness": 22.55141510999401,
  "peakActuator": 8.0,
  "motionCommandSchedule": [
    {
      "atStep": 0,
      "atSeconds": 0.0,
      "command": [
        0.25,
        0.0,
        0.0
      ]
    }
  ],
  "transitionCount": 0,
  "transitions": [],
  "maximumTransitionTerminalPlanarTrackingError": 0.0,
  "maximumTransitionTerminalYawRateTrackingError": 0.0,
  "maximumPlanarSettlingTimeSeconds": 0.0,
  "maximumPlanarBrakingSettlingTimeSeconds": 0.0,
  "maximumYawRateSettlingTimeSeconds": 0.0,
  "maximumPlanarOvershootMps": 0.0,
  "maximumYawRateOvershootRadPerSec": 0.0,
  "unsettledPlanarTransitionCount": 0,
  "unsettledYawRateTransitionCount": 0,
  "initialBasePosition": [
    0.0,
    0.0,
    0.44
  ],
  "finalBasePosition": [
    0.11181130049950641,
    -6.305929227278701e-15,
    0.1894029115138423
  ],
  "netDisplacement": [
    0.11181130049950641,
    -6.305929227278701e-15,
    -0.2505970884861577
  ],
  "targetPlanarDisplacement": [
    1.25,
    0.0
  ],
  "forwardDisplacement": 0.11181130049950641,
  "targetDistance": 1.25,
  "forwardProgress": 0.08944904039960513,
  "signedForwardProgress": 0.08944904039960513,
  "backwardDisplacement": 0.0,
  "meanForwardVelocity": 0.14334782115321323,
  "lateralDrift": 6.305929227278701e-15,
  "distanceTraveled": 0.14793848494029402
}
