{
  "terms": {
    "survival": 3.8,
    "velocityTracking": 16.1171842360907,
    "forwardProgress": 4.472452019980257,
    "upright": 13.630953245186364,
    "lateralDrift": -6.3059292272787e-14,
    "transitionTracking": 0.0,
    "energy": -4.230065419255232,
    "smoothness": -0.11275707554997005,
    "componentMass": -1.5075,
    "sensorChannels": -5.3500000000000005,
    "trainingSteps": -0.0
  },
  "total": 26.820267006452056
}
