{
  "durationSeconds": 18.000000000000902,
  "steps": 900,
  "survivalRate": 1.0,
  "fell": false,
  "motionCommand": [
    0.13111111111111284,
    0.02499999999999996,
    0.041666666666666664
  ],
  "meanMotionCommand": [
    0.13111111111111284,
    0.02499999999999996,
    0.041666666666666664
  ],
  "meanMeasuredMotion": [
    0.0568087999565921,
    0.010159883444528525,
    -0.004663630554523727
  ],
  "planarVelocityTrackingError": 0.07576979940770065,
  "yawRateTrackingError": 0.04633029722119039,
  "meanVelocityTrackingError": 0.32089558151980807,
  "meanPlanarVelocityTrackingError": 0.20227221585490057,
  "meanYawRateTrackingError": 0.19070117506089213,
  "meanUpright": 0.8956537757168596,
  "meanAbsolutePitchRad": 0.20302817769426118,
  "minimumPitchRad": -0.6347069051786498,
  "maximumPitchRad": 1.0411296058614832,
  "maximumBackwardPitchRad": 0.6347069051786498,
  "maximumAbsolutePitchRad": 1.0411296058614832,
  "maximumAbsolutePitchRateRadPerSec": 5.6934438997790044,
  "meanBodyTiltRad": 0.21228524738513493,
  "maximumBodyTiltRad": 1.0411296064250561,
  "initialBodyTiltRad": 0.0,
  "minimumBodyTiltRad": 0.0,
  "finalBodyTiltRad": 0.09109372746270966,
  "finalBaseHeightM": 0.42110907128777186,
  "selfRightingTask": true,
  "recoveryTriggered": true,
  "selfRightingSuccess": 1.0,
  "timeToStableStandSeconds": 5.479999999999401,
  "stableStandingDwellSeconds": 1.98,
  "finalStableStandingDwellSeconds": 0.0,
  "minimumJointLimitMarginRad": 0.02838196454511377,
  "disallowedCollisionSteps": 0,
  "meanEnergy": 164.43721653082974,
  "meanSmoothness": 110.13068541758585,
  "peakActuator": 8.0,
  "motionQualityFootEvidenceAvailable": true,
  "motionQualityContactThresholdNewton": 1.0,
  "meanJointJerkRadPerSec3": 18474.132600570236,
  "peakJointJerkRadPerSec3": 53950.942748760586,
  "meanBodyAngularJerkRadPerSec3": 2097.580331728448,
  "peakBodyAngularJerkRadPerSec3": 14735.598911161858,
  "meanActionSlewRatePerSec": 401.51567331330773,
  "peakActionSlewRatePerSec": 800.0,
  "actuatorSaturationRate": 0.3441666666666667,
  "meanFootSlipSpeedMps": 0.04065514280739419,
  "peakFootSlipSpeedMps": 1.0807283034908644,
  "totalFootSlipDistanceM": 1.423743101114943,
  "meanFootContactImpactNPerSec": 479.2253723227862,
  "peakFootContactImpactNPerSec": 14426.242001327671,
  "peakFootContactForceNewton": 288.5248400265534,
  "motionCommandSchedule": [
    {
      "atStep": 0,
      "atSeconds": 0.0,
      "command": [
        0.2,
        0.0,
        0.0
      ]
    },
    {
      "atStep": 400,
      "atSeconds": 8.0,
      "command": [
        0.2,
        0.0,
        0.0
      ]
    },
    {
      "atStep": 500,
      "atSeconds": 10.0,
      "command": [
        0.12,
        0.0,
        0.25
      ]
    },
    {
      "atStep": 650,
      "atSeconds": 13.0,
      "command": [
        0.0,
        0.15,
        0.0
      ]
    },
    {
      "atStep": 800,
      "atSeconds": 16.0,
      "command": [
        0.0,
        0.0,
        0.0
      ]
    }
  ],
  "transitionCount": 4,
  "transitions": [
    {
      "index": 1,
      "atStep": 400,
      "atSeconds": 8.0,
      "endStep": 500,
      "fromCommand": [
        0.2,
        0.0,
        0.0
      ],
      "toCommand": [
        0.2,
        0.0,
        0.0
      ],
      "sampleCount": 100,
      "peakPlanarTrackingError": 0.7957045051170968,
      "peakYawRateTrackingError": 0.5605975368562629,
      "terminalMeasuredMotion": [
        -0.008614745701396708,
        0.0010668319574949551,
        0.03241669058496676
      ],
      "terminalPlanarTrackingError": 0.20861747351188956,
      "terminalYawRateTrackingError": 0.03241669058496676,
      "planarOvershootMps": 0.0,
      "yawRateOvershootRadPerSec": 0.0,
      "planarSettlingTimeSeconds": 2.0,
      "yawRateSettlingTimeSeconds": 0.26,
      "planarSettled": false,
      "yawRateSettled": true,
      "planarBraking": false
    },
    {
      "index": 2,
      "atStep": 500,
      "atSeconds": 10.0,
      "endStep": 650,
      "fromCommand": [
        0.2,
        0.0,
        0.0
      ],
      "toCommand": [
        0.12,
        0.0,
        0.25
      ],
      "sampleCount": 150,
      "peakPlanarTrackingError": 0.23698812209269787,
      "peakYawRateTrackingError": 0.6959786186212452,
      "terminalMeasuredMotion": [
        -0.008405787557700394,
        0.013371852239523297,
        0.011945902894743763
      ],
      "terminalPlanarTrackingError": 0.12910016541673727,
      "terminalYawRateTrackingError": 0.23805409710525624,
      "planarOvershootMps": 0.2355201893582854,
      "yawRateOvershootRadPerSec": 0.6170832570520629,
      "planarSettlingTimeSeconds": 3.0,
      "yawRateSettlingTimeSeconds": 3.0,
      "planarSettled": false,
      "yawRateSettled": true,
      "planarBraking": false
    },
    {
      "index": 3,
      "atStep": 650,
      "atSeconds": 13.0,
      "endStep": 800,
      "fromCommand": [
        0.12,
        0.0,
        0.25
      ],
      "toCommand": [
        0.0,
        0.15,
        0.0
      ],
      "sampleCount": 150,
      "peakPlanarTrackingError": 0.18303503764096993,
      "peakYawRateTrackingError": 0.5291702275798373,
      "terminalMeasuredMotion": [
        0.026667051441090044,
        0.048903891262581586,
        -0.18127656758322455
      ],
      "terminalPlanarTrackingError": 0.10455407612527437,
      "terminalYawRateTrackingError": 0.18127656758322455,
      "planarOvershootMps": 0.015198586546657185,
      "yawRateOvershootRadPerSec": 0.5291702275798373,
      "planarSettlingTimeSeconds": 2.72,
      "yawRateSettlingTimeSeconds": 2.94,
      "planarSettled": true,
      "yawRateSettled": true,
      "planarBraking": false
    },
    {
      "index": 4,
      "atStep": 800,
      "atSeconds": 16.0,
      "endStep": 900,
      "fromCommand": [
        0.0,
        0.15,
        0.0
      ],
      "toCommand": [
        0.0,
        0.0,
        0.0
      ],
      "sampleCount": 100,
      "peakPlanarTrackingError": 0.10045409726187067,
      "peakYawRateTrackingError": 0.4201283016541904,
      "terminalMeasuredMotion": [
        -0.016038015398758827,
        4.138461343554697e-05,
        0.0006291734892934081
      ],
      "terminalPlanarTrackingError": 0.01603806879325109,
      "terminalYawRateTrackingError": 0.0006291734892934081,
      "planarOvershootMps": 0.07792236301809001,
      "yawRateOvershootRadPerSec": 0.0,
      "planarSettlingTimeSeconds": 0.2,
      "yawRateSettlingTimeSeconds": 0.2,
      "planarSettled": true,
      "yawRateSettled": true,
      "planarBraking": true
    }
  ],
  "maximumTransitionTerminalPlanarTrackingError": 0.20861747351188956,
  "maximumTransitionTerminalYawRateTrackingError": 0.23805409710525624,
  "maximumPlanarSettlingTimeSeconds": 3.0,
  "maximumPlanarBrakingSettlingTimeSeconds": 0.2,
  "maximumYawRateSettlingTimeSeconds": 3.0,
  "maximumPlanarOvershootMps": 0.2355201893582854,
  "maximumYawRateOvershootRadPerSec": 0.6170832570520629,
  "unsettledPlanarTransitionCount": 2,
  "unsettledYawRateTransitionCount": 0,
  "initialBasePosition": [
    1.0179830559280731,
    0.14308442119829026,
    0.47629785310774786
  ],
  "finalBasePosition": [
    1.0156874738259496,
    0.18618677040688164,
    0.42110907128777186
  ],
  "netDisplacement": [
    -0.00229558210212355,
    0.04310234920859138,
    -0.055188781819975996
  ],
  "targetPlanarDisplacement": [
    0.76,
    0.44999999999999996
  ],
  "forwardDisplacement": 0.019985010487984706,
  "targetDistance": 0.8832326986700617,
  "forwardProgress": 0.02262711799288837,
  "signedForwardProgress": 0.02262711799288837,
  "backwardDisplacement": 0.0,
  "meanForwardVelocity": 0.0019985010487982902,
  "lateralDrift": 0.03825809143543479,
  "distanceTraveled": 2.6732363490326247,
  "episodeInitialBasePosition": [
    0.0,
    0.0,
    0.44
  ],
  "mobilityMeasurementStartedAtSeconds": 8.0,
  "recoveryEvaluationStartedAtSeconds": 2.7,