{
  "durationSeconds": 3.9399999999997877,
  "steps": 197,
  "survivalRate": 0.784,
  "fell": true,
  "motionCommand": [
    0.25,
    0.0,
    0.0
  ],
  "meanMotionCommand": [
    0.25,
    0.0,
    0.0
  ],
  "meanMeasuredMotion": [
    -0.041384184082928425,
    0.0021573207872490983,
    -0.0019990680729444587
  ],
  "planarVelocityTrackingError": 0.29139217005035156,
  "yawRateTrackingError": 0.0019990680729444587,
  "meanVelocityTrackingError": 0.3109948126850708,
  "meanPlanarVelocityTrackingError": 0.3068586325354285,
  "meanYawRateTrackingError": 0.03145163196664345,
  "meanUpright": 0.7634632086915708,
  "meanAbsolutePitchRad": 0.43171438532814693,
  "minimumPitchRad": -1.5669677223101177,
  "maximumPitchRad": -0.013582165651806968,
  "maximumBackwardPitchRad": 1.5669677223101177,
  "maximumAbsolutePitchRad": 1.5669677223101177,
  "maximumAbsolutePitchRateRadPerSec": 4.9127204508632945,
  "meanEnergy": 183.08224155194932,
  "meanSmoothness": 122.74797418969737,
  "peakActuator": 8.0,
  "motionCommandSchedule": [
    {
      "atStep": 0,
      "atSeconds": 0.0,
      "command": [
        0.25,
        0.0,
        0.0
      ]
    }
  ],
  "transitionCount": 0,
  "transitions": [],
  "maximumTransitionTerminalPlanarTrackingError": 0.0,
  "maximumTransitionTerminalYawRateTrackingError": 0.0,
  "maximumPlanarSettlingTimeSeconds": 0.0,
  "maximumPlanarBrakingSettlingTimeSeconds": 0.0,
  "maximumYawRateSettlingTimeSeconds": 0.0,
  "maximumPlanarOvershootMps": 0.0,
  "maximumYawRateOvershootRadPerSec": 0.0,
  "unsettledPlanarTransitionCount": 0,
  "unsettledYawRateTransitionCount": 0,
  "initialBasePosition": [
    0.0,
    0.0,
    0.44
  ],
  "finalBasePosition": [
    -0.15586349223319157,
    0.007385616700779118,
    0.17446691942898007
  ],
  "netDisplacement": [
    -0.15586349223319157,
    0.007385616700779118,
    -0.26553308057101993
  ],
  "targetPlanarDisplacement": [
    1.25,
    0.0
  ],
  "forwardDisplacement": -0.15586349223319157,
  "targetDistance": 1.25,
  "forwardProgress": 0.0,
  "signedForwardProgress": -0.12469079378655326,
  "backwardDisplacement": 0.15586349223319157,
  "meanForwardVelocity": -0.03955926198812182,
  "lateralDrift": 0.007385616700779118,
  "distanceTraveled": 0.6200627418149731
}
