{
  "terms": {
    "survival": 19.6,
    "velocityTracking": 15.25559049241214,
    "forwardProgress": 0.0,
    "upright": 11.451948130373562,
    "lateralDrift": -0.07385616700779118,
    "transitionTracking": 0.0,
    "energy": -1.8308224155194932,
    "smoothness": -0.6137398709484869,
    "componentMass": -1.5075,
    "sensorChannels": -5.3500000000000005,
    "trainingSteps": -0.0
  },
  "total": 36.93162016930993
}
