{
  "durationSeconds": 1.7000000000000013,
  "steps": 85,
  "survivalRate": 0.336,
  "fell": true,
  "motionCommand": [
    0.25,
    0.0,
    0.0
  ],
  "meanMotionCommand": [
    0.25,
    0.0,
    0.0
  ],
  "meanMeasuredMotion": [
    0.16900734263140424,
    -0.00383410069041143,
    -0.03218431770217353
  ],
  "planarVelocityTrackingError": 0.08108335757558983,
  "yawRateTrackingError": 0.03218431770217353,
  "meanVelocityTrackingError": 0.20812188619108404,
  "meanPlanarVelocityTrackingError": 0.16676591462069948,
  "meanYawRateTrackingError": 0.058464156833868464,
  "meanUpright": 0.5276887456892818,
  "meanEnergy": 537.6775393365914,
  "meanSmoothness": 31.939672139024974,
  "peakActuator": 8.0,
  "motionCommandSchedule": [
    {
      "atStep": 0,
      "atSeconds": 0.0,
      "command": [
        0.25,
        0.0,
        0.0
      ]
    }
  ],
  "transitionCount": 0,
  "transitions": [],
  "maximumTransitionTerminalPlanarTrackingError": 0.0,
  "maximumTransitionTerminalYawRateTrackingError": 0.0,
  "maximumPlanarSettlingTimeSeconds": 0.0,
  "maximumPlanarBrakingSettlingTimeSeconds": 0.0,
  "maximumYawRateSettlingTimeSeconds": 0.0,
  "maximumPlanarOvershootMps": 0.0,
  "maximumYawRateOvershootRadPerSec": 0.0,
  "unsettledPlanarTransitionCount": 0,
  "unsettledYawRateTransitionCount": 0,
  "initialBasePosition": [
    0.0,
    0.0,
    0.44
  ],
  "finalBasePosition": [
    0.28521872641923224,
    -0.005279578681493979,
    0.1845313127315603
  ],
  "netDisplacement": [
    0.28521872641923224,
    -0.005279578681493979,
    -0.25546868726843974
  ],
  "targetPlanarDisplacement": [
    1.25,
    0.0
  ],
  "forwardDisplacement": 0.28521872641923224,
  "targetDistance": 1.25,
  "forwardProgress": 0.22817498113538578,
  "signedForwardProgress": 0.22817498113538578,
  "backwardDisplacement": 0.0,
  "meanForwardVelocity": 0.16777572142307767,
  "lateralDrift": 0.005279578681493979,
  "distanceTraveled": 0.3247303283401922
}
