{
  "terms": {
    "survival": 8.4,
    "velocityTracking": 12.415965782468664,
    "forwardProgress": 9.126999245415432,
    "upright": 7.915331185339227,
    "lateralDrift": -0.052795786814939794,
    "transitionTracking": 0.0,
    "energy": -5.376775393365914,
    "smoothness": -0.15969836069512489,
    "componentMass": -1.5075,
    "sensorChannels": -5.3500000000000005,
    "trainingSteps": -0.0
  },
  "total": 25.411526672347343
}
