{
  "count": 2048.0001,
  "mean": [
    0.2571581863830254,
    -0.5063494539932175,
    0.2664674125172856,
    -0.4996948377855355,
    0.27217050555551187,
    -0.5339206650745405,
    0.28459419962834115,
    -0.5294765912894424,
    0.03881862168110725,
    0.08681778632200633,
    0.0406398715442822,
    0.08826261989171816,
    0.04208271354084162,
    0.07611772894114924,
    0.04541219407475541,
    0.076290021086727,
    0.4286578838751712,
    0.9985619654381609,
    -0.0025902763003978002,
    -0.05227844934217698,
    -0.0018758707334128194,
    0.005915717183569328,
    0.000491369794461768,
    0.0028400503552293488,
    -0.0008670460809404728,
    -0.035676692512075864,
    -0.002704160551118731,
    -0.0008554687270281184,
    -0.035165747588435325,
    -0.0027054330232416097,
    0.8554015884330763,
    -0.04438003773304533,
    9.828580204699492,
    12.714457415617082,
    10.34661348000524,
    15.879078362233924,
    16.48850464526562
  ],
  "variance": [
    0.0004488734681887003,
    0.0010423480657525015,
    0.0005046801470151953,
    0.0011412563353268338,
    0.0005923020522310575,
    0.0009363541919295595,
    0.00032423171278225934,
    0.0009424789122565172,
    0.11832270183820928,
    0.46927890728340543,
    0.10696312289761847,
    0.4737926266940426,
    0.14777628778052787,
    0.34959344662163766,
    0.1501050016719041,
    0.3585222267076305,
    5.7038257921991534e-06,
    1e-06,
    8.495054744792336e-05,
    3.460373387147689e-05,
    1.10872367940229e-05,
    0.003347473466543006,
    0.0028104827425105283,
    0.0006678205284557312,
    0.014367936417678199,
    0.11014169343361756,
    0.00030919444802199965,
    0.014234361289580598,
    0.10353224092295356,
    0.0003047228215732415,
    4.67676903088265,
    1.0090663133389401,
    5.008032745918208,
    68.78314740734682,
    72.46545480533453,
    36.332577798344374,
    36.532929631820465
  ]
}
