{
  "durationSeconds": 1.500000000000001,
  "steps": 75,
  "survivalRate": 0.296,
  "fell": true,
  "motionCommand": [
    0.25,
    0.0,
    0.0
  ],
  "meanMotionCommand": [
    0.25,
    0.0,
    0.0
  ],
  "meanMeasuredMotion": [
    0.2731969209336093,
    0.005701228677024432,
    -0.05604747244738004
  ],
  "planarVelocityTrackingError": 0.023887259140132584,
  "yawRateTrackingError": 0.05604747244738004,
  "meanVelocityTrackingError": 0.3078030320077431,
  "meanPlanarVelocityTrackingError": 0.20232180496313665,
  "meanYawRateTrackingError": 0.1384542582417287,
  "meanUpright": 0.493368756538018,
  "meanEnergy": 541.8187426628577,
  "meanSmoothness": 28.25607274614507,
  "peakActuator": 8.0,
  "motionCommandSchedule": [
    {
      "atStep": 0,
      "atSeconds": 0.0,
      "command": [
        0.25,
        0.0,
        0.0
      ]
    }
  ],
  "transitionCount": 0,
  "transitions": [],
  "maximumTransitionTerminalPlanarTrackingError": 0.0,
  "maximumTransitionTerminalYawRateTrackingError": 0.0,
  "maximumPlanarSettlingTimeSeconds": 0.0,
  "maximumPlanarBrakingSettlingTimeSeconds": 0.0,
  "maximumYawRateSettlingTimeSeconds": 0.0,
  "maximumPlanarOvershootMps": 0.0,
  "maximumYawRateOvershootRadPerSec": 0.0,
  "unsettledPlanarTransitionCount": 0,
  "unsettledYawRateTransitionCount": 0,
  "initialBasePosition": [
    0.0,
    0.0,
    0.44
  ],
  "finalBasePosition": [
    0.4128818846662294,
    0.009351734454884308,
    0.17256396979619013
  ],
  "netDisplacement": [
    0.4128818846662294,
    0.009351734454884308,
    -0.2674360302038099
  ],
  "targetPlanarDisplacement": [
    1.25,
    0.0
  ],
  "forwardDisplacement": 0.4128818846662294,
  "targetDistance": 1.25,
  "forwardProgress": 0.3303055077329835,
  "signedForwardProgress": 0.3303055077329835,
  "backwardDisplacement": 0.0,
  "meanForwardVelocity": 0.27525458977748607,
  "lateralDrift": 0.009351734454884308,
  "distanceTraveled": 0.4340035742279912
}
