{
  "terms": {
    "survival": 7.3999999999999995,
    "velocityTracking": 15.292822780274442,
    "forwardProgress": 16.515275386649176,
    "upright": 7.4005313480702695,
    "lateralDrift": -0.09351734454884308,
    "transitionTracking": 0.0,
    "energy": -5.418187426628577,
    "smoothness": -0.14128036373072536,
    "componentMass": -1.5075,
    "sensorChannels": -5.3500000000000005,
    "trainingSteps": -0.0
  },
  "total": 34.09814438008574
}
