{
  "durationSeconds": 6.499999999999506,
  "steps": 325,
  "survivalRate": 1.0,
  "fell": false,
  "motionCommand": [
    0.0,
    0.0,
    0.038461538461538464
  ],
  "meanMotionCommand": [
    0.0,
    0.0,
    0.038461538461538464
  ],
  "meanMeasuredMotion": [
    0.0006078899530208722,
    0.02190995119631908,
    0.19016515147057425
  ],
  "planarVelocityTrackingError": 0.021918382504648184,
  "yawRateTrackingError": 0.1517036130090358,
  "meanVelocityTrackingError": 0.46839861271112876,
  "meanPlanarVelocityTrackingError": 0.13304179308872877,
  "meanYawRateTrackingError": 0.42808806014161543,
  "meanUpright": 0.9712128275723921,
  "meanEnergy": 191.63806235197535,
  "meanSmoothness": 130.1081618030107,
  "peakActuator": 8.0,
  "motionCommandSchedule": [
    {
      "atStep": 0,
      "atSeconds": 0.0,
      "command": [
        0.0,
        0.0,
        0.5
      ]
    },
    {
      "atStep": 125,
      "atSeconds": 2.5,
      "command": [
        0.0,
        0.0,
        -0.5
      ]
    },
    {
      "atStep": 225,
      "atSeconds": 4.5,
      "command": [
        0.0,
        0.0,
        0.0
      ]
    }
  ],
  "transitionCount": 2,
  "transitions": [
    {
      "index": 1,
      "atStep": 125,
      "atSeconds": 2.5,
      "endStep": 225,
      "fromCommand": [
        0.0,
        0.0,
        0.5
      ],
      "toCommand": [
        0.0,
        0.0,
        -0.5
      ],
      "sampleCount": 100,
      "peakPlanarTrackingError": 0.3438201014294214,
      "peakYawRateTrackingError": 1.3952697706499704,
      "terminalMeasuredMotion": [
        0.007469920829273122,
        0.0018910086843304038,
        -0.07369577998409746
      ],
      "terminalPlanarTrackingError": 0.0077055584508730745,
      "terminalYawRateTrackingError": 0.4263042200159025,
      "planarOvershootMps": 0.0,
      "yawRateOvershootRadPerSec": 0.0,
      "planarSettlingTimeSeconds": 1.64,
      "yawRateSettlingTimeSeconds": 2.0,
      "planarSettled": true,
      "yawRateSettled": false
    },
    {
      "index": 2,
      "atStep": 225,
      "atSeconds": 4.5,
      "endStep": 325,
      "fromCommand": [
        0.0,
        0.0,
        -0.5
      ],
      "toCommand": [
        0.0,
        0.0,
        0.0
      ],
      "sampleCount": 100,
      "peakPlanarTrackingError": 0.10847303514443825,
      "peakYawRateTrackingError": 0.509678757922946,
      "terminalMeasuredMotion": [
        0.009489904691818596,
        0.010295775627724726,
        0.020889885200065267
      ],
      "terminalPlanarTrackingError": 0.014002188644503083,
      "terminalYawRateTrackingError": 0.020889885200065267,
      "planarOvershootMps": 0.0,
      "yawRateOvershootRadPerSec": 0.25622645108865716,
      "planarSettlingTimeSeconds": 0.2,
      "yawRateSettlingTimeSeconds": 0.2,
      "planarSettled": true,
      "yawRateSettled": true
    }
  ],
  "maximumTransitionTerminalPlanarTrackingError": 0.014002188644503083,
  "maximumTransitionTerminalYawRateTrackingError": 0.4263042200159025,
  "maximumPlanarSettlingTimeSeconds": 1.64,
  "maximumYawRateSettlingTimeSeconds": 2.0,
  "maximumPlanarOvershootMps": 0.0,
  "maximumYawRateOvershootRadPerSec": 0.25622645108865716,
  "unsettledPlanarTransitionCount": 0,
  "unsettledYawRateTransitionCount": 1,
  "initialBasePosition": [
    0.0,
    0.0,
    0.44
  ],
  "finalBasePosition": [
    0.003974782532942326,
    0.14132881473581552,
    0.4106914872491606
  ],
  "netDisplacement": [
    0.003974782532942326,
    0.14132881473581552,
    -0.0293085127508394
  ],
  "targetPlanarDisplacement": [
    0.0,
    0.0
  ],
  "forwardDisplacement": 0.0,
  "targetDistance": 0.0,
  "forwardProgress": 1.0,
  "meanForwardVelocity": 0.0,
  "lateralDrift": 0.14138469779581753,
  "distanceTraveled": 0.79359064688852
}
