{
  "terms": {
    "survival": 30.0,
    "velocityTracking": 13.62027982515842,
    "forwardProgress": 10.0,
    "upright": 14.568192413585882,
    "lateralDrift": -0.7069234889790876,
    "transitionTracking": 5.621627522670343,
    "energy": -0.9581903117598768,
    "smoothness": -0.13010816180301069,
    "componentMass": -1.2060000000000002,
    "sensorChannels": -1.07,
    "trainingSteps": -0.0
  },
  "total": 69.73887779887266
}
