{
  "durationSeconds": 4.999999999999671,
  "steps": 250,
  "survivalRate": 1.0,
  "fell": false,
  "motionCommand": [
    0.25,
    0.0,
    0.0
  ],
  "meanMotionCommand": [
    0.25,
    0.0,
    0.0
  ],
  "meanMeasuredMotion": [
    -0.0032858974350747317,
    -7.115425092442559e-14,
    -4.53388530122147e-14
  ],
  "planarVelocityTrackingError": 0.25328589743507474,
  "yawRateTrackingError": 4.53388530122147e-14,
  "meanVelocityTrackingError": 0.25328589743507457,
  "meanPlanarVelocityTrackingError": 0.25328589743507457,
  "meanYawRateTrackingError": 1.1115483917409693e-12,
  "meanUpright": 0.9410118147516064,
  "meanAbsolutePitchRad": 0.1180562427593865,
  "minimumPitchRad": -0.18308796909564684,
  "maximumPitchRad": -0.013754581943502462,
  "maximumBackwardPitchRad": 0.18308796909564684,
  "maximumAbsolutePitchRad": 0.18308796909564684,
  "maximumAbsolutePitchRateRadPerSec": 2.6160996654429307,
  "meanEnergy": 190.41365186948832,
  "meanSmoothness": 134.99197283429166,
  "peakActuator": 8.0,
  "motionCommandSchedule": [
    {
      "atStep": 0,
      "atSeconds": 0.0,
      "command": [
        0.25,
        0.0,
        0.0
      ]
    }
  ],
  "transitionCount": 0,
  "transitions": [],
  "maximumTransitionTerminalPlanarTrackingError": 0.0,
  "maximumTransitionTerminalYawRateTrackingError": 0.0,
  "maximumPlanarSettlingTimeSeconds": 0.0,
  "maximumPlanarBrakingSettlingTimeSeconds": 0.0,
  "maximumYawRateSettlingTimeSeconds": 0.0,
  "maximumPlanarOvershootMps": 0.0,
  "maximumYawRateOvershootRadPerSec": 0.0,
  "unsettledPlanarTransitionCount": 0,
  "unsettledYawRateTransitionCount": 0,
  "initialBasePosition": [
    0.0,
    0.0,
    0.44
  ],
  "finalBasePosition": [
    -0.011028993698904288,
    -3.4537456362892935e-13,
    0.41859739735621765
  ],
  "netDisplacement": [
    -0.011028993698904288,
    -3.4537456362892935e-13,
    -0.021402602643782354
  ],
  "targetPlanarDisplacement": [
    1.25,
    0.0
  ],
  "forwardDisplacement": -0.011028993698904288,
  "targetDistance": 1.25,
  "forwardProgress": 0.0,
  "signedForwardProgress": -0.00882319495912343,
  "backwardDisplacement": 0.011028993698904288,
  "meanForwardVelocity": -0.0022057987397810026,
  "lateralDrift": 3.4537456362892935e-13,
  "distanceTraveled": 0.1887643672160645
}
