{
  "terms": {
    "survival": 25.0,
    "velocityTracking": 15.958050785484147,
    "forwardProgress": 0.0,
    "upright": 14.115177221274097,
    "lateralDrift": -3.4537456362892938e-12,
    "transitionTracking": 0.0,
    "energy": -1.9041365186948833,
    "smoothness": -0.6749598641714583,
    "componentMass": -1.5075,
    "sensorChannels": -5.3500000000000005,
    "trainingSteps": -0.0
  },
  "total": 45.63663162388845
}
