{
  "count": 32768.000100000005,
  "mean": [
    0.18207854339111046,
    0.44245328455547767,
    -0.33558669446462286,
    -0.19281294846749672,
    0.43501686050495575,
    -0.3407902448365263,
    0.17101810767312237,
    0.3171140621100612,
    -0.48842102523072506,
    -0.16639075825113547,
    0.31303339004878816,
    -0.4863777024033025,
    0.009191529316495644,
    0.06022169397142095,
    0.07487660035061722,
    -0.008993064600400077,
    0.052599501698601746,
    0.07716565232585701,
    0.0066178061117506595,
    0.020927756570974988,
    0.0521340302055406,
    -0.0073240941589319585,
    0.015916381750663438,
    0.0542846010454092,
    0.3448612432688034,
    0.8697804656397109,
    -0.0013639389216063074,
    0.22575730173941297,
    -0.008616939860486355,
    0.13307891575763003,
    -0.0023199100937002374,
    -0.040516580324192794,
    -0.010960724547371003,
    0.28734024818513754,
    -0.0162060517787005,
    -0.011857959611576903,
    0.2810970374961708,
    -0.015772655594093042,
    -3.4094845417753405,
    -0.0520599579871258,
    6.2638559352066725,
    0.16524014719100946,
    -1.5565667817453386,
    -0.7133671963203968,
    -0.06416653386450828,
    -1.4774689088746502,
    -0.6824564813303062,
    0.2082595368439429,
    0.3897432105660063,
    0.5637528053860751,
    -0.19450887671826733,
    0.4202220835347852,
    0.5545068212235587,
    0.16867044937568654,
    -1.56531569613364,
    -0.7011269499755828,
    -0.06084314137630249,
    -1.490601202872223,
    -0.6663894570620447,
    0.20712570532138128,
    0.37277985149463455,
    0.584081654263565,
    -0.19064764844761647,
    0.4039356985558216,
    0.5750503524212842,
    0.16736231962218795,
    -1.5502653039710783,
    -0.7192323428558963,
    -0.06218299625896614,
    -1.474790631749311,
    -0.6811507381998542,
    0.21106320963688605,
    0.38417930801578837,
    0.5749501139819715,
    -0.19153438796580102,
    0.4159867817945005,
    0.5646501398838542,
    0.1657228568347193,
    -1.5669699423248742,
    -0.7009724089232194,
    -0.06420353522113818,
    -1.4870221497716443,
    -0.6646550642358651,
    0.20737423871829722,
    0.36475608155553185,
    0.5938013109065996,
    -0.19091681170292016,
    0.3976162448363677,
    0.5850932670315971,
    0.15963973390395536,
    -1.5614412757390703,
    -0.7049007870484871,
    -0.06617383961749694,
    -1.4756589751511806,
    -0.6804083417560539,
    0.20427659361063538,
    0.3849141485180787,
    0.5625582417360695,
    -0.19633177710514274,
    0.4126781978792856,
    0.5562763480822102,
    0.16364083417566766,
    -1.5708099405354061,
    -0.6919001124218586,
    -0.06393255371063049,
    -1.4880981374668136,
    -0.6650759160850862,
    0.2038731823526488,
    0.3754826580157552,
    0.5779311741320278,
    -0.1936120359123563,
    0.4042755814892341,
    0.5687550834589846,
    0.16582712564291968,
    -1.5505375614606791,
    -0.7146769875138704,
    -0.06244020925255537,
    -1.473208296709256,
    -0.6814080815745251,
    0.20896823785703236,
    0.392187676301516,
    0.565144187597158,
    -0.19352875562269398,
    0.4217526196238713,
    0.5575952366861835,
    0.16937390918523607,
    -1.5605556197860302,
    -0.7013325990788482,
    -0.05936640178069423,
    -1.486467130683961,
    -0.6648786186722656,
    0.20814812478056344,
    0.3743441450249118,
    0.5866417351781649,
    -0.1890955759765743,
    0.4044437454575477,
    0.5782488764699673,
    12.88638960467039,
    12.546833403888739,
    7.3070394200838,
    6.918123820961361
  ],
  "variance": [
    0.018281986676306535,
    0.036155331429148355,
    0.048679070168337335,
    0.017135808181152623,
    0.03541005329537081,
    0.04790821458111368,
    0.013049667989433161,
    0.028518424487002765,
    0.033082985281770436,
    0.014358737783218806,
    0.029241377951315893,
    0.033208951125533015,
    8.66828546609504,
    18.782070737701698,
    47.0175292217413,
    9.205483774276285,
    19.027854069035367,
    47.480920592775036,
    11.357661573209114,
    23.171207714867652,
    44.75736000359318,
    11.556381432259805,
    22.687700505124962,
    44.963085238109095,
    0.006945245954861404,
    0.025877069722775536,
    0.009910039914861694,
    0.09336249175434416,
    0.06328999718033526,
    0.09896309151716276,
    0.03842580938157059,
    0.0500943363239859,
    2.7974996752964363,
    2.0821346539688097,
    0.46650927430953604,
    2.677875858132733,
    2.015888062288496,
    0.45818159704788464,
    97.18724296188824,
    34.79567957961939,
    124.93595224978644,
    20.35666499704183,
    46.25050456054148,
    51.74374311378544,
    20.788521700349364,
    46.604217843638466,
    51.89569279929622,
    25.46866641630192,
    50.367248550833466,
    55.33445677166961,
    25.144473891030128,
    50.28044868177838,
    55.292143988940424,
    20.503507211054544,
    46.42261878472841,
    52.03676536232437,
    20.94230560259131,
    46.77443973396784,
    52.18971296514924,
    25.653798641943197,
    50.61349729408739,
    55.590210310382226,
    25.32750526249308,
    50.5226162968077,
    55.540633740631144,
    20.649772058360394,
    46.7297411170454,
    52.26960172694327,
    21.090727001447156,
    47.080418465825765,
    52.43857583516031,
    25.840913101390488,
    50.8622144624194,
    55.859593967933,
    25.500127988243282,
    50.776878348812744,
    55.80421851140207,
    20.793773195805308,
    46.88548514405461,
    52.56802449785686,
    21.230936937147188,
    47.25077532298545,
    52.731071625730735,
    26.01838689961286,
    51.10787652241932,
    56.10357847814822,
    25.66744508054202,
    51.021995854156756,
    56.05173206490179,
    20.15859460758756,
    46.028259319213035,
    51.53426771031413,
    20.582750630142016,
    46.39882682984369,
    51.67459696922275,
    25.266893179448243,
    50.16232083510456,
    55.12093877621299,
    24.939295564721,
    50.07998979663312,
    55.073690360860006,
    20.29639104246443,
    46.20517075783359,
    51.82597962379819,
    20.722067851694767,
    46.56623970580332,
    51.96594780435975,
    25.437307119019707,
    50.39650949096495,
    55.36456623023953,
    25.11184793922779,
    50.312827910358,
    55.32712891655892,
    20.45596783561592,
    46.520902736312095,
    52.05573729057613,
    20.883263341840426,
    46.86611518984327,
    52.20641688629257,
    25.62525244386112,
    50.64327547109339,
    55.633605118456146,
    25.284197895334604,
    50.546316563459264,
    55.58455127058312,
    20.594546177166293,
    46.685086644091804,
    52.336647494995916,
    21.03984201904891,
    47.037682420674514,
    52.498654234098964,
    25.798926995899386,
    50.87983129001559,
    55.88682387099449,
    25.458714614914797,
    50.79406412197617,
    55.83492325065949,
    542.7496055125634,
    544.1531546090475,
    523.7946508017624,
    476.66238659586026
  ]
}
