{
  "durationSeconds": 2.0000000000000013,
  "steps": 100,
  "survivalRate": 0.396,
  "fell": true,
  "motionCommand": [
    0.25,
    0.0,
    0.0
  ],
  "meanMotionCommand": [
    0.25,
    0.0,
    0.0
  ],
  "meanMeasuredMotion": [
    0.102130196555133,
    -0.03457859818910597,
    0.23704598159934648
  ],
  "planarVelocityTrackingError": 0.15185900771290203,
  "yawRateTrackingError": 0.23704598159934648,
  "meanVelocityTrackingError": 0.43413323840632906,
  "meanPlanarVelocityTrackingError": 0.24848317555864566,
  "meanYawRateTrackingError": 0.2833078375258732,
  "meanUpright": 0.4467447103628235,
  "meanEnergy": 540.6173269962374,
  "meanSmoothness": 33.12949139054163,
  "peakActuator": 8.0,
  "motionCommandSchedule": [
    {
      "atStep": 0,
      "atSeconds": 0.0,
      "command": [
        0.25,
        0.0,
        0.0
      ]
    }
  ],
  "transitionCount": 0,
  "transitions": [],
  "maximumTransitionTerminalPlanarTrackingError": 0.0,
  "maximumTransitionTerminalYawRateTrackingError": 0.0,
  "maximumPlanarSettlingTimeSeconds": 0.0,
  "maximumPlanarBrakingSettlingTimeSeconds": 0.0,
  "maximumYawRateSettlingTimeSeconds": 0.0,
  "maximumPlanarOvershootMps": 0.0,
  "maximumYawRateOvershootRadPerSec": 0.0,
  "unsettledPlanarTransitionCount": 0,
  "unsettledYawRateTransitionCount": 0,
  "initialBasePosition": [
    0.0,
    0.0,
    0.44
  ],
  "finalBasePosition": [
    0.20430769765404114,
    -0.06662808095364667,
    0.18213732543340938
  ],
  "netDisplacement": [
    0.20430769765404114,
    -0.06662808095364667,
    -0.2578626745665906
  ],
  "targetPlanarDisplacement": [
    1.25,
    0.0
  ],
  "forwardDisplacement": 0.20430769765404114,
  "targetDistance": 1.25,
  "forwardProgress": 0.1634461581232329,
  "signedForwardProgress": 0.1634461581232329,
  "backwardDisplacement": 0.0,
  "meanForwardVelocity": 0.1021538488270205,
  "lateralDrift": 0.06662808095364667,
  "distanceTraveled": 0.4834438694997313
}
