{
  "terms": {
    "survival": 9.9,
    "velocityTracking": 13.945705646028305,
    "forwardProgress": 8.172307906161645,
    "upright": 6.701170655442352,
    "lateralDrift": -0.6662808095364667,
    "transitionTracking": 0.0,
    "energy": -5.406173269962373,
    "smoothness": -0.16564745695270816,
    "componentMass": -1.5075,
    "sensorChannels": -5.3500000000000005,
    "trainingSteps": -0.0
  },
  "total": 25.623582671180753
}
