{
  "durationSeconds": 4.999999999999671,
  "steps": 250,
  "survivalRate": 1.0,
  "fell": false,
  "motionCommand": [
    0.25,
    0.0,
    0.0
  ],
  "meanMotionCommand": [
    0.25,
    0.0,
    0.0
  ],
  "meanMeasuredMotion": [
    0.08763137796288813,
    2.6346215876650334e-11,
    1.697166906343369e-10
  ],
  "planarVelocityTrackingError": 0.1623686220371119,
  "yawRateTrackingError": 1.697166906343369e-10,
  "meanVelocityTrackingError": 0.29631507565060583,
  "meanPlanarVelocityTrackingError": 0.29631507565060566,
  "meanYawRateTrackingError": 2.075463631627075e-09,
  "meanUpright": 0.6757590444531395,
  "meanEnergy": 591.0839857935566,
  "meanSmoothness": 28.22858806926391,
  "peakActuator": 8.0,
  "motionCommandSchedule": [
    {
      "atStep": 0,
      "atSeconds": 0.0,
      "command": [
        0.25,
        0.0,
        0.0
      ]
    }
  ],
  "transitionCount": 0,
  "transitions": [],
  "maximumTransitionTerminalPlanarTrackingError": 0.0,
  "maximumTransitionTerminalYawRateTrackingError": 0.0,
  "maximumPlanarSettlingTimeSeconds": 0.0,
  "maximumPlanarBrakingSettlingTimeSeconds": 0.0,
  "maximumYawRateSettlingTimeSeconds": 0.0,
  "maximumPlanarOvershootMps": 0.0,
  "maximumYawRateOvershootRadPerSec": 0.0,
  "unsettledPlanarTransitionCount": 0,
  "unsettledYawRateTransitionCount": 0,
  "initialBasePosition": [
    0.0,
    0.0,
    0.44
  ],
  "finalBasePosition": [
    0.4427503943855946,
    2.3032175741952035e-10,
    0.256405074720817
  ],
  "netDisplacement": [
    0.4427503943855946,
    2.3032175741952035e-10,
    -0.18359492527918303
  ],
  "targetPlanarDisplacement": [
    1.25,
    0.0
  ],
  "forwardDisplacement": 0.4427503943855946,
  "targetDistance": 1.25,
  "forwardProgress": 0.3542003155084757,
  "signedForwardProgress": 0.3542003155084757,
  "backwardDisplacement": 0.0,
  "meanForwardVelocity": 0.08855007887712474,
  "lateralDrift": 2.3032175741952035e-10,
  "distanceTraveled": 1.1146534462232192
}
