{
  "count": 4096.0001,
  "mean": [
    0.18875543739147954,
    0.39510327762769426,
    -0.3665359541144826,
    -0.12294082755529036,
    0.39536339762327616,
    -0.37337460800857947,
    0.17576750720794326,
    0.3699845007796582,
    -0.4995463159919555,
    -0.15772581336075778,
    0.39663719334223657,
    -0.5055167403128806,
    -0.031657056624795975,
    0.02685433014824826,
    0.09440451706436587,
    -0.016118493793366013,
    0.004660546856843584,
    0.09316244196378608,
    -0.019529221533461077,
    -0.00025336239123029743,
    0.06505444592567246,
    -0.008933659676445273,
    0.04241387769840117,
    0.023089662585054307,
    0.4196109713922428,
    0.9444248993807256,
    0.00303515067878377,
    -0.019554718713436642,
    0.02599059842509623,
    0.08903048394773058,
    0.09014191090860471,
    -0.014822517146978001,
    0.132044628974911,
    0.065671012875925,
    0.19522637670061194,
    0.13073302296149858,
    0.05451496964892834,
    0.194889195386682,
    1.1661002180021465,
    0.18032748681585425,
    10.033887399415333,
    0.40556598518655446,
    -0.6834801747293396,
    -0.28054107547521506,
    -0.5873428900268979,
    -0.5690912855821559,
    -0.21832337735343268,
    0.2695385785802999,
    -0.009347650083169309,
    0.8317467265705722,
    -0.46841795587810403,
    0.17534580217497658,
    0.9647340944474866,
    0.41643476253674583,
    -0.6931129303799966,
    -0.2707754855218136,
    -0.58437965694946,
    -0.5788569081318461,
    -0.21020843275733572,
    0.2751249694659184,
    -0.01691258363621841,
    0.8398434252191012,
    -0.459506906811151,
    0.16558016460771,
    0.9823122209973904,
    0.4301733387424033,
    -0.6678586963249621,
    -0.2961660033819073,
    -0.5783631167461712,
    -0.5577707334118326,
    -0.23503869991575604,
    0.2886180360684138,
    0.012384233605019498,
    0.8164669225290119,
    -0.4512029186381851,
    0.18221065847030324,
    0.964975756002306,
    0.44200340581397585,
    -0.6776243025765085,
    -0.2824941228949271,
    -0.5693408096389012,
    -0.5658935716504933,
    -0.22048246698020063,
    0.3025158968337337,
    0.018503077544266194,
    0.8184200319980903,
    -0.43769616111578424,
    0.16463259455183793,
    0.9864600743656022,
    0.40853893417737874,
    -0.6885985129664626,
    -0.2734902516195261,
    -0.5629949281298815,
    -0.5816932164464497,
    -0.1920678107855735,
    0.28098020296612963,
    0.007531141036531571,
    0.8137626077366132,
    -0.4429399099671739,
    0.14525976869909987,
    0.9890336664108653,
    0.40143488512507164,
    -0.7099499786333942,
    -0.25373220596286805,
    -0.5769463584758459,
    -0.6023809282978259,
    -0.1800466235025943,
    0.2688621510346008,
    -0.02347123525005259,
    0.8469656247074816,
    -0.45450918252790984,
    0.1341579776842305,
    1.001843438972004,
    0.4037307216570398,
    -0.6946301352890957,
    -0.27648417122571567,
    -0.588674905781207,
    -0.5841903747989444,
    -0.20825539034348026,
    0.27005527212657787,
    -0.010823358810023533,
    0.8418242592583305,
    -0.46648425968209883,
    0.16225460292890734,
    0.9727882302002029,
    0.4082088232646384,
    -0.7010617044482651,
    -0.26296294706266277,
    -0.5927693047783292,
    -0.5939559677791432,
    -0.207434700004994,
    0.27000897327195705,
    -0.015409018091411167,
    0.8578826775041195,
    -0.46728291650061676,
    0.15639524308953473,
    0.9825538354040093,
    1.3535155919551842,
    0.24999999389648467,
    0.0,
    0.0,
    14.696606177668407,
    18.57048275188787,
    16.3413316552257,
    15.163945914593533
  ],
  "variance": [
    0.035127348523583894,
    0.04343238228788479,
    0.0757473542464677,
    0.044114936663601535,
    0.045571454480449074,
    0.07493447143088888,
    0.030511620434190614,
    0.05513446225219308,
    0.07213281771850565,
    0.03084576046911189,
    0.05629425302306772,
    0.07064142625517118,
    16.851244385807977,
    32.63396467940063,
    65.9555156891929,
    13.740134048570848,
    30.4645144292427,
    63.96608800099883,
    18.29283126198663,
    29.570261744913854,
    66.1732259326111,
    17.86126509689069,
    32.95379355971475,
    59.574926016224374,
    0.0009199156974305116,
    0.02165604103860688,
    0.002473920429179579,
    0.012909245245497662,
    0.06995536576293758,
    0.054910167871801877,
    0.06368800044128131,
    0.0477977228773156,
    5.369361870017517,
    1.9084348408441578,
    1.1351950216104227,
    5.237976108104421,
    1.8230951444206318,
    1.117491498820151,
    46.335792063613866,
    65.20914669308628,
    179.100382438263,
    23.05622758027248,
    50.43115256690954,
    56.439094952574905,
    21.965282130691083,
    50.381010625807136,
    55.73989175091371,
    24.02844234587653,
    51.619659914373734,
    54.44688995928706,
    24.178524622636083,
    51.0926530417384,
    52.88159412544161,
    23.161906936844318,
    50.681462440704784,
    56.71010219932177,
    22.069150315955383,
    50.63542433932922,
    55.988588419401154,
    24.13288950934617,
    51.85306723898344,
    54.68368436436504,
    24.272516924571097,
    51.36160549851776,
    53.112991958312655,
    23.248090122278217,
    50.979351611995234,
    56.96133028230776,
    22.17352552478345,
    50.830720421332686,
    56.23547731985192,
    24.25302555329113,
    52.11882398604809,
    54.87511469280245,
    24.41329004231852,
    51.594569300695966,
    53.40874724173783,
    23.362972470968245,
    51.231836345527206,
    57.23486551542655,
    22.303392522315985,
    51.07033431519231,
    56.429363309686735,
    24.35464165924966,
    52.266858058609614,
    55.13754396730074,
    24.53920546397274,
    51.866289303560905,
    53.63244556590358,
    22.733665892249594,
    50.10121979976516,
    56.125292050626314,
    21.68576230503285,
    50.02462227536999,
    55.38822894246013,
    23.698284917288806,
    51.28639452993343,
    54.146864458742535,
    23.892136227843515,
    50.762231874232796,
    52.486867977647634,
    22.854588521054083,
    50.33492946971655,
    56.38012927596856,
    21.79735171561723,
    50.255603722148,
    55.63792184064039,
    23.78774822520332,
    51.51950588549929,
    54.35734654908603,
    23.98232201366273,
    51.016892270492995,
    52.699241566801504,
    22.942729365271465,
    50.60275735263872,
    56.59992098998458,
    21.898686406618708,
    50.4368392124927,
    55.88003238906931,
    23.906931569039262,
    51.77275368427733,
    54.50192185062305,
    24.09507565438539,
    51.23250515390688,
    53.01861151486626,
    23.05779455435478,
    50.82452510874673,
    56.870521444047355,
    21.965387843956872,
    50.69095642919394,
    56.083235931393,
    24.032108808085432,
    51.90553080790475,
    54.72539543678938,
    24.19872376319924,
    51.49999571348248,
    53.26514055664165,
    2.2285423426138236,
    1e-06,
    1e-06,
    1e-06,
    641.3240170292598,
    1941.6803409168451,
    1306.3155865847652,
    873.0212729011417
  ]
}
