{
  "previous": {
    "assembly": "force-sensing",
    "controller": "force-aware-gait",
    "assemblyHash": "d89572552c790a7256a7fe23403e257b121aab1b617e4b133032638dcb972cea",
    "aggregateScore": 84.0203274304768,
    "cases": [
      {
        "case": {
          "id": "nominal",
          "task": "velocity-track",
          "scenario": "nominal",
          "seed": 42,
          "weight": 1
        },
        "metrics": {
          "durationSeconds": 2.999999999999891,
          "steps": 150,
          "survivalRate": 1,
          "fell": false,
          "meanVelocityTrackingError": 0.20318412266984362,
          "meanUpright": 0.9402246179610237,
          "meanEnergy": 1.1582632894080682,
          "meanSmoothness": 0.4085338350661831,
          "peakActuator": 6
        },
        "score": {
          "terms": {
            "survival": 50,
            "velocityTracking": 16.622559775490025,
            "upright": 18.804492359220475,
            "energy": -0.023165265788161363,
            "smoothness": -0.004085338350661831,
            "componentMass": -1.4275,
            "sensorChannels": -0.5,
            "trainingSteps": 0
          },
          "total": 83.47230153057167
        },
        "resultHash": "78c7c7cf7118918094627ee9842ac91997d4545467be5117f7633d9617d77371"
      },
      {
        "case": {
          "id": "low-friction",
          "task": "velocity-track",
          "scenario": "low-friction",
          "seed": 43,
          "weight": 1.2
        },
        "metrics": {
          "durationSeconds": 2.999999999999891,
          "steps": 150,
          "survivalRate": 1,
          "fell": false,
          "meanVelocityTrackingError": 0.20318412266984362,
          "meanUpright": 0.9402246179610237,
          "meanEnergy": 1.1582632894080682,
          "meanSmoothness": 0.4085338350661831,
          "peakActuator": 6
        },
        "score": {
          "terms": {
            "survival": 50,
            "velocityTracking": 16.622559775490025,
            "upright": 18.804492359220475,
            "energy": -0.023165265788161363,
            "smoothness": -0.004085338350661831,
            "componentMass": -1.4275,
            "sensorChannels": -0.5,
            "trainingSteps": 0
          },
          "total": 83.47230153057167
        },
        "resultHash": "4c7bc5ebc194b3b02fd078b827e3917d86376513e6fa6d4abf1016d229e8091f"
      },
      {
        "case": {
          "id": "lateral-push",
          "task": "stand",
          "scenario": "lateral-push",
          "seed": 44,
          "weight": 1.5
        },
        "metrics": {
          "durationSeconds": 2.0000000000000013,
          "steps": 100,
          "survivalRate": 1,
          "fell": false,
          "meanVelocityTrackingError": 0.09490135251768991,
          "meanUpright": 0.9274412754890321,
          "meanEnergy": 2.8660452155779508,
          "meanSmoothness": 0.6391647673968318,
          "peakActuator": 6
        },
        "score": {
          "terms": {
            "survival": 50,
            "velocityTracking": 18.266485792542547,
            "upright": 18.54882550978064,
            "energy": -0.057320904311559014,
            "smoothness": -0.006391647673968318,
            "componentMass": -1.4275,
            "sensorChannels": -0.5,
            "trainingSteps": 0
          },
          "total": 84.82409875033765
        },
        "resultHash": "741d238d02b9e5784aa1b9606859fba966f7580f73893ce3077154389a13003c"
      }
    ]
  },
  "candidate": {
    "assembly": "force-sensing",
    "controller": "force-aware-gait",
    "assemblyHash": "d89572552c790a7256a7fe23403e257b121aab1b617e4b133032638dcb972cea",
    "aggregateScore": 83.88431316762092,
    "cases": [
      {
        "case": {
          "id": "nominal",
          "task": "velocity-track",
          "scenario": "nominal",
          "seed": 42,
          "weight": 1
        },
        "metrics": {
          "durationSeconds": 2.999999999999891,
          "steps": 150,
          "survivalRate": 1,
          "fell": false,
          "meanVelocityTrackingError": 0.20379644895444493,
          "meanUpright": 0.9383502939580586,
          "meanEnergy": 2.5191482528416547,
          "meanSmoothness": 1.2807483345424095,
          "peakActuator": 6
        },
        "score": {
          "terms": {
            "survival": 50,
            "velocityTracking": 16.61410450028405,
            "upright": 18.76700587916117,
            "energy": -0.050382965056833096,
            "smoothness": -0.012807483345424095,
            "componentMass": -1.4275,
            "sensorChannels": -0.5,
            "trainingSteps": 0
          },
          "total": 83.39041993104297
        },
        "resultHash": "f8b4e5f45817c6f3e9041a120245f1851aa94cdbc2b896275bac78d4b2dfcf6a"
      },
      {
        "case": {
          "id": "low-friction",
          "task": "velocity-track",
          "scenario": "low-friction",
          "seed": 43,
          "weight": 1.2
        },
        "metrics": {
          "durationSeconds": 2.999999999999891,
          "steps": 150,
          "survivalRate": 1,
          "fell": false,
          "meanVelocityTrackingError": 0.20379644895444493,
          "meanUpright": 0.9383502939580586,
          "meanEnergy": 2.5191482528416547,
          "meanSmoothness": 1.2807483345424095,
          "peakActuator": 6
        },
        "score": {
          "terms": {
            "survival": 50,
            "velocityTracking": 16.61410450028405,
            "upright": 18.76700587916117,
            "energy": -0.050382965056833096,
            "smoothness": -0.012807483345424095,
            "componentMass": -1.4275,
            "sensorChannels": -0.5,
            "trainingSteps": 0
          },
          "total": 83.39041993104297
        },
        "resultHash": "4fe1c282201f2486f4cec8be3ee5c1fac76b0b35d1cea95bf2656577471eb7fe"
      },
      {
        "case": {
          "id": "lateral-push",
          "task": "stand",
          "scenario": "lateral-push",
          "seed": 44,
          "weight": 1.5
        },
        "metrics": {
          "durationSeconds": 2.0000000000000013,
          "steps": 100,
          "survivalRate": 1,
          "fell": false,
          "meanVelocityTrackingError": 0.09631692569467333,
          "meanUpright": 0.9253505350159772,
          "meanEnergy": 8.267240631644723,
          "meanSmoothness": 4.837593317351356,
          "peakActuator": 6
        },
        "score": {
          "terms": {
            "survival": 50,
            "velocityTracking": 18.24289996008877,
            "upright": 18.507010700319544,
            "energy": -0.16534481263289447,
            "smoothness": -0.04837593317351356,
            "componentMass": -1.4275,
            "sensorChannels": -0.5,
            "trainingSteps": 0
          },
          "total": 84.60868991460191
        },
        "resultHash": "24c1dd06e7d07557021a6ca9b65d6317bf19ff342a13c0892e978b804ecc89cc"
      }
    ]
  },
  "delta": -0.13601426285588047,
  "gateReasons": []
}
