{
  "durationSeconds": 4.679999999999707,
  "steps": 234,
  "survivalRate": 0.7766666666666666,
  "fell": true,
  "motionCommand": [
    0.16025641025641027,
    0.0,
    0.0
  ],
  "meanMotionCommand": [
    0.16025641025641027,
    0.0,
    0.0
  ],
  "meanMeasuredMotion": [
    0.12278706279700262,
    -0.0053056379859589995,
    0.007321756483827673
  ],
  "planarVelocityTrackingError": 0.03784312082098766,
  "yawRateTrackingError": 0.007321756483827673,
  "meanVelocityTrackingError": 0.4661569303745043,
  "meanPlanarVelocityTrackingError": 0.35449610026876116,
  "meanYawRateTrackingError": 0.20556987966683768,
  "meanUpright": 0.5066944749348374,
  "meanEnergy": 619.2326275308701,
  "meanSmoothness": 28.66412518873877,
  "peakActuator": 8.0,
  "motionCommandSchedule": [
    {
      "atStep": 0,
      "atSeconds": 0.0,
      "command": [
        0.0,
        0.0,
        0.0
      ]
    },
    {
      "atStep": 50,
      "atSeconds": 1.0,
      "command": [
        0.25,
        0.0,
        0.0
      ]
    },
    {
      "atStep": 200,
      "atSeconds": 4.0,
      "command": [
        0.0,
        0.0,
        0.0
      ]
    }
  ],
  "transitionCount": 2,
  "transitions": [
    {
      "index": 1,
      "atStep": 50,
      "atSeconds": 1.0,
      "endStep": 200,
      "fromCommand": [
        0.0,
        0.0,
        0.0
      ],
      "toCommand": [
        0.25,
        0.0,
        0.0
      ],
      "sampleCount": 150,
      "peakPlanarTrackingError": 0.9316535471398648,
      "peakYawRateTrackingError": 1.2001160492034155,
      "terminalMeasuredMotion": [
        0.4915043978718134,
        -0.06930843694641553,
        0.13178232896996958
      ],
      "terminalPlanarTrackingError": 0.25125292759166484,
      "terminalYawRateTrackingError": 0.13178232896996958,
      "planarOvershootMps": 0.8327027576203945,
      "yawRateOvershootRadPerSec": 0.0,
      "planarSettlingTimeSeconds": 3.0,
      "yawRateSettlingTimeSeconds": 2.64,
      "planarSettled": false,
      "yawRateSettled": true
    },
    {
      "index": 2,
      "atStep": 200,
      "atSeconds": 4.0,
      "endStep": 300,
      "fromCommand": [
        0.25,
        0.0,
        0.0
      ],
      "toCommand": [
        0.0,
        0.0,
        0.0
      ],
      "sampleCount": 34,
      "peakPlanarTrackingError": 0.8780535150164468,
      "peakYawRateTrackingError": 1.1652400430152496,
      "terminalMeasuredMotion": [
        0.4103325835507576,
        0.07999252808483939,
        -0.2708072947854497
      ],
      "terminalPlanarTrackingError": 0.41805697419471816,
      "terminalYawRateTrackingError": 0.2708072947854497,
      "planarOvershootMps": 0.06765905885531369,
      "yawRateOvershootRadPerSec": 0.0,
      "planarSettlingTimeSeconds": 0.68,
      "yawRateSettlingTimeSeconds": 0.68,
      "planarSettled": false,
      "yawRateSettled": false
    }
  ],
  "maximumTransitionTerminalPlanarTrackingError": 0.41805697419471816,
  "maximumTransitionTerminalYawRateTrackingError": 0.2708072947854497,
  "maximumPlanarSettlingTimeSeconds": 3.0,
  "maximumYawRateSettlingTimeSeconds": 2.64,
  "maximumPlanarOvershootMps": 0.8327027576203945,
  "maximumYawRateOvershootRadPerSec": 0.0,
  "unsettledPlanarTransitionCount": 2,
  "unsettledYawRateTransitionCount": 1,
  "initialBasePosition": [
    0.0,
    0.0,
    0.44
  ],
  "finalBasePosition": [
    0.5761024970014385,
    -0.021252725319272525,
    0.18322317927061568
  ],
  "netDisplacement": [
    0.5761024970014385,
    -0.021252725319272525,
    -0.25677682072938435
  ],
  "targetPlanarDisplacement": [
    0.75,
    0.0
  ],
  "forwardDisplacement": 0.5761024970014385,
  "targetDistance": 0.75,
  "forwardProgress": 0.7681366626685846,
  "meanForwardVelocity": 0.12309882414561422,
  "lateralDrift": 0.021252725319272525,
  "distanceTraveled": 1.4564954560310397
}
