{
  "terms": {
    "survival": 23.299999999999997,
    "velocityTracking": 13.641104567770482,
    "forwardProgress": 7.681366626685846,
    "upright": 7.600417124022561,
    "lateralDrift": -0.10626362659636263,
    "transitionTracking": 3.6757647033005543,
    "energy": -3.096163137654351,
    "smoothness": -0.02866412518873877,
    "componentMass": -1.2060000000000002,
    "sensorChannels": -1.07,
    "trainingSteps": -0.0
  },
  "total": 50.391562132339985
}
