{
  "durationSeconds": 18.000000000000902,
  "steps": 900,
  "survivalRate": 1.0,
  "fell": false,
  "motionCommand": [
    0.13111111111111284,
    0.02499999999999996,
    0.041666666666666664
  ],
  "meanMotionCommand": [
    0.13111111111111284,
    0.02499999999999996,
    0.041666666666666664
  ],
  "meanMeasuredMotion": [
    0.01676505025290404,
    0.047124874703639505,
    0.08200027127484873
  ],
  "planarVelocityTrackingError": 0.1164668696000753,
  "yawRateTrackingError": 0.04033360460818206,
  "meanVelocityTrackingError": 0.474905293282932,
  "meanPlanarVelocityTrackingError": 0.2540321475636893,
  "meanYawRateTrackingError": 0.3617481509393513,
  "meanUpright": 0.21758634691051,
  "meanAbsolutePitchRad": 0.0947931880292015,
  "minimumPitchRad": -0.2889211701092282,
  "maximumPitchRad": 1.5366476894116614,
  "maximumBackwardPitchRad": 0.2889211701092282,
  "maximumAbsolutePitchRad": 1.5366476894116614,
  "maximumAbsolutePitchRateRadPerSec": 7.987993166214629,
  "meanBodyTiltRad": 2.3643113600623793,
  "maximumBodyTiltRad": 3.1400863544633735,
  "initialBodyTiltRad": 0.0,
  "minimumBodyTiltRad": 0.0,
  "finalBodyTiltRad": 3.1080826689698524,
  "finalBaseHeightM": 0.0684945058558766,
  "selfRightingTask": true,
  "recoveryTriggered": true,
  "selfRightingSuccess": 0.0,
  "timeToStableStandSeconds": 15.3,
  "stableStandingDwellSeconds": 0.0,
  "finalStableStandingDwellSeconds": 0.0,
  "minimumJointLimitMarginRad": -0.06628172929323531,
  "disallowedCollisionSteps": 0,
  "meanEnergy": 350.6197042543272,
  "meanSmoothness": 60.86683614978819,
  "peakActuator": 8.0,
  "motionQualityFootEvidenceAvailable": true,
  "motionQualityContactThresholdNewton": 1.0,
  "meanJointJerkRadPerSec3": 11943.660298758177,
  "peakJointJerkRadPerSec3": 44813.130870033696,
  "meanBodyAngularJerkRadPerSec3": 3694.3784851245778,
  "peakBodyAngularJerkRadPerSec3": 20918.607300144868,
  "meanActionSlewRatePerSec": 275.5292386203114,
  "peakActionSlewRatePerSec": 800.0,
  "actuatorSaturationRate": 0.6136507936507936,
  "meanFootSlipSpeedMps": 0.10732345828148222,
  "peakFootSlipSpeedMps": 0.6673303798241963,
  "totalFootSlipDistanceM": 0.5752537363887443,
  "meanFootContactImpactNPerSec": 124.258757977346,
  "peakFootContactImpactNPerSec": 7871.133559058538,
  "peakFootContactForceNewton": 157.42343964888082,
  "motionCommandSchedule": [
    {
      "atStep": 0,
      "atSeconds": 0.0,
      "command": [
        0.2,
        0.0,
        0.0
      ]
    },
    {
      "atStep": 400,
      "atSeconds": 8.0,
      "command": [
        0.2,
        0.0,
        0.0
      ]
    },
    {
      "atStep": 500,
      "atSeconds": 10.0,
      "command": [
        0.12,
        0.0,
        0.25
      ]
    },
    {
      "atStep": 650,
      "atSeconds": 13.0,
      "command": [
        0.0,
        0.15,
        0.0
      ]
    },
    {
      "atStep": 800,
      "atSeconds": 16.0,
      "command": [
        0.0,
        0.0,
        0.0
      ]
    }
  ],
  "transitionCount": 4,
  "transitions": [
    {
      "index": 1,
      "atStep": 400,
      "atSeconds": 8.0,
      "endStep": 500,
      "fromCommand": [
        0.2,
        0.0,
        0.0
      ],
      "toCommand": [
        0.2,
        0.0,
        0.0
      ],
      "sampleCount": 100,
      "peakPlanarTrackingError": 0.41398301603662546,
      "peakYawRateTrackingError": 0.7846063426576412,
      "terminalMeasuredMotion": [
        -0.033910837034648214,
        0.03682362315167299,
        0.08073098633230415
      ],
      "terminalPlanarTrackingError": 0.23679159382095089,
      "terminalYawRateTrackingError": 0.08073098633230415,
      "planarOvershootMps": 0.0,
      "yawRateOvershootRadPerSec": 0.0,
      "planarSettlingTimeSeconds": 2.0,
      "yawRateSettlingTimeSeconds": 0.2,
      "planarSettled": false,
      "yawRateSettled": true,
      "planarBraking": false
    },
    {
      "index": 2,
      "atStep": 500,
      "atSeconds": 10.0,
      "endStep": 650,
      "fromCommand": [
        0.2,
        0.0,
        0.0
      ],
      "toCommand": [
        0.12,
        0.0,
        0.25
      ],
      "sampleCount": 150,
      "peakPlanarTrackingError": 0.3749158542346764,
      "peakYawRateTrackingError": 0.9415243983921523,
      "terminalMeasuredMotion": [
        0.008338216768266045,
        0.07115916436700971,
        -0.09471028489623924
      ],
      "terminalPlanarTrackingError": 0.13240838533832308,
      "terminalYawRateTrackingError": 0.3447102848962392,
      "planarOvershootMps": 0.2967234361832597,
      "yawRateOvershootRadPerSec": 0.5692382661994146,
      "planarSettlingTimeSeconds": 3.0,
      "yawRateSettlingTimeSeconds": 3.0,
      "planarSettled": false,
      "yawRateSettled": false,
      "planarBraking": false
    },
    {
      "index": 3,
      "atStep": 650,
      "atSeconds": 13.0,
      "endStep": 800,
      "fromCommand": [
        0.12,
        0.0,
        0.25
      ],
      "toCommand": [
        0.0,
        0.15,
        0.0
      ],
      "sampleCount": 150,
      "peakPlanarTrackingError": 0.3721842978350451,
      "peakYawRateTrackingError": 0.8793264367623767,
      "terminalMeasuredMotion": [
        0.0610807800069626,
        -0.005597254867635266,
        0.13138196783579895
      ],
      "terminalPlanarTrackingError": 0.16715671511669164,
      "terminalYawRateTrackingError": 0.13138196783579895,
      "planarOvershootMps": 0.1312908242236574,
      "yawRateOvershootRadPerSec": 0.7292050043529529,
      "planarSettlingTimeSeconds": 3.0,
      "yawRateSettlingTimeSeconds": 1.78,
      "planarSettled": false,
      "yawRateSettled": true,
      "planarBraking": false
    },
    {
      "index": 4,
      "atStep": 800,
      "atSeconds": 16.0,
      "endStep": 900,
      "fromCommand": [
        0.0,
        0.15,
        0.0
      ],
      "toCommand": [
        0.0,
        0.0,
        0.0
      ],
      "sampleCount": 100,
      "peakPlanarTrackingError": 0.34180963298605166,
      "peakYawRateTrackingError": 1.050694802263409,
      "terminalMeasuredMotion": [
        0.034407503045062,
        0.069450370748489,
        -0.07191283417291626
      ],
      "terminalPlanarTrackingError": 0.07750632401874397,
      "terminalYawRateTrackingError": 0.07191283417291626,
      "planarOvershootMps": 0.1861964252016734,
      "yawRateOvershootRadPerSec": 0.0,
      "planarSettlingTimeSeconds": 0.2,
      "yawRateSettlingTimeSeconds": 1.08,
      "planarSettled": true,
      "yawRateSettled": true,
      "planarBraking": true
    }
  ],
  "maximumTransitionTerminalPlanarTrackingError": 0.23679159382095089,
  "maximumTransitionTerminalYawRateTrackingError": 0.3447102848962392,
  "maximumPlanarSettlingTimeSeconds": 3.0,
  "maximumPlanarBrakingSettlingTimeSeconds": 0.2,
  "maximumYawRateSettlingTimeSeconds": 3.0,
  "maximumPlanarOvershootMps": 0.2967234361832597,
  "maximumYawRateOvershootRadPerSec": 0.7292050043529529,
  "unsettledPlanarTransitionCount": 3,
  "unsettledYawRateTransitionCount": 1,
  "initialBasePosition": [
    0.097683464206045,
    0.686577331397315,
    0.07641529053690724
  ],
  "finalBasePosition": [
    0.29815316497830924,
    0.8451834195382546,
    0.0684945058558766
  ],
  "netDisplacement": [
    0.20046970077226423,
    0.15860608814093957,
    -0.007920784681030635
  ],
  "targetPlanarDisplacement": [
    0.76,
    0.44999999999999996
  ],
  "forwardDisplacement": 0.2533077778791788,
  "targetDistance": 0.8832326986700617,
  "forwardProgress": 0.28679619568048154,
  "signedForwardProgress": 0.28679619568048154,
  "backwardDisplacement": 0.0,
  "meanForwardVelocity": 0.025330777787915593,
  "lateralDrift": 0.034338925274464874,
  "distanceTraveled": 3.4291116925567944,
  "episodeInitialBasePosition": [
    0.0,
    0.0,
    0.44
  ],
  "mobilityMeasurementStartedAtSeconds": 8.0,
  "recoveryEvaluationStartedAtSeconds": 2.7,
  "missionStageDurationsSeconds": {
    "approach": 2.48,
    "impact": 0.16,
    "recover": 5.34,