{
  "terms": {
    "survival": 10.0,
    "velocityTracking": 4.068057811796744,
    "forwardProgress": 5.73592391360963,
    "upright": 0.43517269382102,
    "lateralDrift": -0.06867785054892975,
    "transitionTracking": 0.23235738493593489,
    "energy": -0.7012394085086544,
    "smoothness": -0.060866836149788196,
    "jointJerk": 0.0,
    "bodyAngularJerk": 0.0,
    "actionSlew": 0.0,
    "actuatorSaturation": -0.3068253968253968,
    "footSlip": 0.0,
    "footImpact": 0.0,
    "selfRighting": 0.0,
    "recoveryTime": -30.6,
    "jointLimitMargin": -0.13256345858647062,
    "componentMass": -3.115,
    "sensorChannels": -0.22,
    "trainingSteps": -0.0
  },
  "total": -14.733661146455916
}
