{
  "durationSeconds": 6.499999999999506,
  "steps": 325,
  "survivalRate": 1.0,
  "fell": false,
  "motionCommand": [
    0.030769230769230813,
    0.0,
    0.0
  ],
  "meanMotionCommand": [
    0.030769230769230813,
    0.0,
    0.0
  ],
  "meanMeasuredMotion": [
    0.024009007331063623,
    2.074626125037462e-12,
    -1.3107050930872655e-10
  ],
  "planarVelocityTrackingError": 0.006760223438167189,
  "yawRateTrackingError": 1.3107050930872655e-10,
  "meanVelocityTrackingError": 0.21992979934633974,
  "meanPlanarVelocityTrackingError": 0.21992979934633966,
  "meanYawRateTrackingError": 3.8532717243207495e-10,
  "meanUpright": 0.6880076507909905,
  "meanEnergy": 599.8311482102998,
  "meanSmoothness": 29.032627354660725,
  "peakActuator": 8.0,
  "motionCommandSchedule": [
    {
      "atStep": 0,
      "atSeconds": 0.0,
      "command": [
        0.2,
        0.0,
        0.0
      ]
    },
    {
      "atStep": 125,
      "atSeconds": 2.5,
      "command": [
        -0.15,
        0.0,
        0.0
      ]
    },
    {
      "atStep": 225,
      "atSeconds": 4.5,
      "command": [
        0.0,
        0.0,
        0.0
      ]
    }
  ],
  "transitionCount": 2,
  "transitions": [
    {
      "index": 1,
      "atStep": 125,
      "atSeconds": 2.5,
      "endStep": 225,
      "fromCommand": [
        0.2,
        0.0,
        0.0
      ],
      "toCommand": [
        -0.15,
        0.0,
        0.0
      ],
      "sampleCount": 100,
      "peakPlanarTrackingError": 0.6043771203878809,
      "peakYawRateTrackingError": 3.0698020982323234e-10,
      "terminalMeasuredMotion": [
        -0.2033790578935625,
        3.5050644053825936e-11,
        -1.3528150764699293e-10
      ],
      "terminalPlanarTrackingError": 0.05337905789356251,
      "terminalYawRateTrackingError": 1.3528150764699293e-10,
      "planarOvershootMps": 0.1881963749841368,
      "yawRateOvershootRadPerSec": 0.0,
      "planarSettlingTimeSeconds": 1.7,
      "yawRateSettlingTimeSeconds": 0.2,
      "planarSettled": true,
      "yawRateSettled": true
    },
    {
      "index": 2,
      "atStep": 225,
      "atSeconds": 4.5,
      "endStep": 325,
      "fromCommand": [
        -0.15,
        0.0,
        0.0
      ],
      "toCommand": [
        0.0,
        0.0,
        0.0
      ],
      "sampleCount": 100,
      "peakPlanarTrackingError": 0.3331977785385845,
      "peakYawRateTrackingError": 1.2084465572896764e-08,
      "terminalMeasuredMotion": [
        0.1058721035725158,
        5.801594198848818e-11,
        -5.2081515338784316e-09
      ],
      "terminalPlanarTrackingError": 0.1058721035725158,
      "terminalYawRateTrackingError": 5.2081515338784316e-09,
      "planarOvershootMps": 0.3322571352848344,
      "yawRateOvershootRadPerSec": 0.0,
      "planarSettlingTimeSeconds": 2.0,
      "yawRateSettlingTimeSeconds": 0.2,
      "planarSettled": true,
      "yawRateSettled": true
    }
  ],
  "maximumTransitionTerminalPlanarTrackingError": 0.1058721035725158,
  "maximumTransitionTerminalYawRateTrackingError": 5.2081515338784316e-09,
  "maximumPlanarSettlingTimeSeconds": 2.0,
  "maximumYawRateSettlingTimeSeconds": 0.2,
  "maximumPlanarOvershootMps": 0.3322571352848344,
  "maximumYawRateOvershootRadPerSec": 0.0,
  "unsettledPlanarTransitionCount": 0,
  "unsettledYawRateTransitionCount": 0,
  "initialBasePosition": [
    0.0,
    0.0,
    0.44
  ],
  "finalBasePosition": [
    0.169270348805302,
    2.793436599211572e-11,
    0.23142104989636633
  ],
  "netDisplacement": [
    0.169270348805302,
    2.793436599211572e-11,
    -0.20857895010363367
  ],
  "targetPlanarDisplacement": [
    0.2,
    0.0
  ],
  "forwardDisplacement": 0.169270348805302,
  "targetDistance": 0.2,
  "forwardProgress": 0.84635174402651,
  "meanForwardVelocity": 0.026041592123894595,
  "lateralDrift": 2.793436599211572e-11,
  "distanceTraveled": 1.268209820987114
}
