{
  "count": 2048.0001,
  "mean": [
    0.2572402094715667,
    -0.5064295469158153,
    0.26629189484771254,
    -0.4996003112991389,
    0.2722614149525517,
    -0.5342084486982482,
    0.2846340489912344,
    -0.5297518883809618,
    0.038684864010481844,
    0.08660168634491863,
    0.04061029987793417,
    0.0883844620662558,
    0.04199781158355248,
    0.07578847499120199,
    0.045445572947168944,
    0.07612898079759571,
    0.4286407388531422,
    0.9985598917030283,
    -0.0025900068792259865,
    -0.05231377419197594,
    -0.0018889649001549674,
    0.005887274013047952,
    0.0004851105281173536,
    0.002834944685633961,
    -0.0008526790045610747,
    -0.03570518253045782,
    -0.00271466646415204,
    -0.0008570909961292816,
    -0.035182034228093816,
    -0.0027148305718135333,
    0.8560069876144547,
    -0.045300101140143385,
    9.829346135770717,
    12.738260131823944,
    10.319059030128065,
    15.864184932792396,
    16.513027621658285
  ],
  "variance": [
    0.0004503184006619342,
    0.0010412827522202986,
    0.0004980700225276192,
    0.0011425991465708052,
    0.0005922083053321941,
    0.0009315214799623564,
    0.0003260895137505712,
    0.000938440765085503,
    0.11805270645476826,
    0.4708126295242413,
    0.10686512069438035,
    0.4725978921675398,
    0.14779472323984494,
    0.3504975014805913,
    0.1500044441010068,
    0.35912063864541877,
    5.67773739187786e-06,
    1e-06,
    8.517695183963046e-05,
    3.4611944935260794e-05,
    1.125136396748854e-05,
    0.0033536002999130015,
    0.002815106170140168,
    0.000667743815772731,
    0.014391753229427508,
    0.11020456148694413,
    0.00031175381607250467,
    0.014255950364334094,
    0.10358674683947781,
    0.0003070422741335832,
    4.676672736713868,
    1.003483435056605,
    5.013879531632386,
    68.80653003165253,
    72.54031781112866,
    36.369034509895336,
    36.65193954269479
  ]
}
