{
  "durationSeconds": 4.679999999999707,
  "steps": 234,
  "survivalRate": 0.932,
  "fell": true,
  "motionCommand": [
    0.25,
    0.0,
    0.0
  ],
  "meanMotionCommand": [
    0.25,
    0.0,
    0.0
  ],
  "meanMeasuredMotion": [
    0.15392226242424445,
    0.05955382384878117,
    0.020462225292617424
  ],
  "planarVelocityTrackingError": 0.11303800065768771,
  "yawRateTrackingError": 0.020462225292617424,
  "meanVelocityTrackingError": 0.509902780144588,
  "meanPlanarVelocityTrackingError": 0.28901740152680766,
  "meanYawRateTrackingError": 0.31410013811010085,
  "meanUpright": 0.5357420857769989,
  "meanEnergy": 630.0832688028513,
  "meanSmoothness": 33.67591922434282,
  "peakActuator": 8.0,
  "motionCommandSchedule": [
    {
      "atStep": 0,
      "atSeconds": 0.0,
      "command": [
        0.25,
        0.0,
        0.0
      ]
    }
  ],
  "transitionCount": 0,
  "transitions": [],
  "maximumTransitionTerminalPlanarTrackingError": 0.0,
  "maximumTransitionTerminalYawRateTrackingError": 0.0,
  "maximumPlanarSettlingTimeSeconds": 0.0,
  "maximumPlanarBrakingSettlingTimeSeconds": 0.0,
  "maximumYawRateSettlingTimeSeconds": 0.0,
  "maximumPlanarOvershootMps": 0.0,
  "maximumYawRateOvershootRadPerSec": 0.0,
  "unsettledPlanarTransitionCount": 0,
  "unsettledYawRateTransitionCount": 0,
  "initialBasePosition": [
    0.0,
    0.0,
    0.44
  ],
  "finalBasePosition": [
    0.725974733646091,
    0.2794778448142432,
    0.18822879801426212
  ],
  "netDisplacement": [
    0.725974733646091,
    0.2794778448142432,
    -0.2517712019857379
  ],
  "targetPlanarDisplacement": [
    1.25,
    0.0
  ],
  "forwardDisplacement": 0.725974733646091,
  "targetDistance": 1.25,
  "forwardProgress": 0.5807797869168728,
  "signedForwardProgress": 0.5807797869168728,
  "backwardDisplacement": 0.0,
  "meanForwardVelocity": 0.15512280633464456,
  "lateralDrift": 0.2794778448142432,
  "distanceTraveled": 1.2595535673727645
}
