{
  "terms": {
    "survival": 23.3,
    "velocityTracking": 13.245885935838071,
    "forwardProgress": 29.038989345843643,
    "upright": 8.036131286654983,
    "lateralDrift": -2.794778448142432,
    "transitionTracking": 0.0,
    "energy": -6.300832688028513,
    "smoothness": -0.1683795961217141,
    "componentMass": -1.5075,
    "sensorChannels": -5.3500000000000005,
    "trainingSteps": -0.0
  },
  "total": 57.49951583604404
}
