{
  "durationSeconds": 18.000000000000902,
  "steps": 900,
  "survivalRate": 1.0,
  "fell": false,
  "motionCommand": [
    0.13111111111111284,
    0.02499999999999996,
    0.041666666666666664
  ],
  "meanMotionCommand": [
    0.13111111111111284,
    0.02499999999999996,
    0.041666666666666664
  ],
  "meanMeasuredMotion": [
    0.02036535924610521,
    0.031921395566207524,
    -0.22611805104226373
  ],
  "planarVelocityTrackingError": 0.11096182799832455,
  "yawRateTrackingError": 0.2677847177089304,
  "meanVelocityTrackingError": 0.826134135335711,
  "meanPlanarVelocityTrackingError": 0.4148272090594197,
  "meanYawRateTrackingError": 0.6274176121184591,
  "meanUpright": 0.8863597213806217,
  "meanAbsolutePitchRad": 0.18790836665445793,
  "minimumPitchRad": -1.0689741533326957,
  "maximumPitchRad": 0.308268431362837,
  "maximumBackwardPitchRad": 1.0689741533326957,
  "maximumAbsolutePitchRad": 1.0689741533326957,
  "maximumAbsolutePitchRateRadPerSec": 5.275561061999379,
  "meanBodyTiltRad": 0.22976515777174172,
  "maximumBodyTiltRad": 1.0827969560311441,
  "initialBodyTiltRad": 0.0,
  "minimumBodyTiltRad": 0.0,
  "finalBodyTiltRad": 0.05558650250520706,
  "finalBaseHeightM": 0.4346349177358262,
  "selfRightingTask": true,
  "recoveryTriggered": true,
  "selfRightingSuccess": 0.0,
  "timeToStableStandSeconds": 15.3,
  "stableStandingDwellSeconds": 0.06,
  "finalStableStandingDwellSeconds": 0.0,
  "minimumJointLimitMarginRad": -0.051400466616706386,
  "disallowedCollisionSteps": 8,
  "meanEnergy": 261.5582755725703,
  "meanSmoothness": 47.25934165833789,
  "peakActuator": 8.0,
  "motionQualityFootEvidenceAvailable": true,
  "motionQualityContactThresholdNewton": 1.0,
  "meanJointJerkRadPerSec3": 10144.888686068514,
  "peakJointJerkRadPerSec3": 55022.67464505137,
  "meanBodyAngularJerkRadPerSec3": 2522.046235007449,
  "peakBodyAngularJerkRadPerSec3": 22077.044060545013,
  "meanActionSlewRatePerSec": 221.36927861389194,
  "peakActionSlewRatePerSec": 800.0,
  "actuatorSaturationRate": 0.46055555555555555,
  "meanFootSlipSpeedMps": 0.10217312792618528,
  "peakFootSlipSpeedMps": 0.943819475265158,
  "totalFootSlipDistanceM": 1.8758986287247632,
  "meanFootContactImpactNPerSec": 470.20007954070144,
  "peakFootContactImpactNPerSec": 26153.36965538757,
  "peakFootContactForceNewton": 523.0684069519295,
  "motionCommandSchedule": [
    {
      "atStep": 0,
      "atSeconds": 0.0,
      "command": [
        0.2,
        0.0,
        0.0
      ]
    },
    {
      "atStep": 400,
      "atSeconds": 8.0,
      "command": [
        0.2,
        0.0,
        0.0
      ]
    },
    {
      "atStep": 500,
      "atSeconds": 10.0,
      "command": [
        0.12,
        0.0,
        0.25
      ]
    },
    {
      "atStep": 650,
      "atSeconds": 13.0,
      "command": [
        0.0,
        0.15,
        0.0
      ]
    },
    {
      "atStep": 800,
      "atSeconds": 16.0,
      "command": [
        0.0,
        0.0,
        0.0
      ]
    }
  ],
  "transitionCount": 4,
  "transitions": [
    {
      "index": 1,
      "atStep": 400,
      "atSeconds": 8.0,
      "endStep": 500,
      "fromCommand": [
        0.2,
        0.0,
        0.0
      ],
      "toCommand": [
        0.2,
        0.0,
        0.0
      ],
      "sampleCount": 100,
      "peakPlanarTrackingError": 0.6828681720069614,
      "peakYawRateTrackingError": 2.6117964646718597,
      "terminalMeasuredMotion": [
        0.09577979771065162,
        -0.5222971787430485,
        -0.7935894501464569
      ],
      "terminalPlanarTrackingError": 0.5325938353831939,
      "terminalYawRateTrackingError": 0.7935894501464569,
      "planarOvershootMps": 0.0,
      "yawRateOvershootRadPerSec": 0.0,
      "planarSettlingTimeSeconds": 2.0,
      "yawRateSettlingTimeSeconds": 2.0,
      "planarSettled": false,
      "yawRateSettled": false,
      "planarBraking": false
    },
    {
      "index": 2,
      "atStep": 500,
      "atSeconds": 10.0,
      "endStep": 650,
      "fromCommand": [
        0.2,
        0.0,
        0.0
      ],
      "toCommand": [
        0.12,
        0.0,
        0.25
      ],
      "sampleCount": 150,
      "peakPlanarTrackingError": 1.418612694967044,
      "peakYawRateTrackingError": 2.304979931507944,
      "terminalMeasuredMotion": [
        -0.5548745339363946,
        -0.38357728773076183,
        1.1171053204619663
      ],
      "terminalPlanarTrackingError": 0.7762648853443993,
      "terminalYawRateTrackingError": 0.8671053204619663,
      "planarOvershootMps": 0.7907669853372112,
      "yawRateOvershootRadPerSec": 2.038621062020106,
      "planarSettlingTimeSeconds": 3.0,
      "yawRateSettlingTimeSeconds": 3.0,
      "planarSettled": false,
      "yawRateSettled": false,
      "planarBraking": false
    },
    {
      "index": 3,
      "atStep": 650,
      "atSeconds": 13.0,
      "endStep": 800,
      "fromCommand": [
        0.12,
        0.0,
        0.25
      ],
      "toCommand": [
        0.0,
        0.15,
        0.0
      ],
      "sampleCount": 150,
      "peakPlanarTrackingError": 1.1712769951085282,
      "peakYawRateTrackingError": 1.2690250419425007,
      "terminalMeasuredMotion": [
        0.008472287676157481,
        0.0015256584971673737,
        -0.04150170016181168
      ],
      "terminalPlanarTrackingError": 0.14871586917060106,
      "terminalYawRateTrackingError": 0.04150170016181168,
      "planarOvershootMps": 1.1666474727421072,
      "yawRateOvershootRadPerSec": 1.0514910296824247,
      "planarSettlingTimeSeconds": 3.0,
      "yawRateSettlingTimeSeconds": 2.34,
      "planarSettled": false,
      "yawRateSettled": true,
      "planarBraking": false
    },
    {
      "index": 4,
      "atStep": 800,
      "atSeconds": 16.0,
      "endStep": 900,
      "fromCommand": [
        0.0,
        0.15,
        0.0
      ],
      "toCommand": [
        0.0,
        0.0,
        0.0
      ],
      "sampleCount": 100,
      "peakPlanarTrackingError": 0.3367593877031125,
      "peakYawRateTrackingError": 1.3043017264756627,
      "terminalMeasuredMotion": [
        0.09602796707075145,
        -0.06275776377168496,
        0.5500165759288745
      ],
      "terminalPlanarTrackingError": 0.11471663947903957,
      "terminalYawRateTrackingError": 0.5500165759288745,
      "planarOvershootMps": 0.27269451067507583,
      "yawRateOvershootRadPerSec": 0.0,
      "planarSettlingTimeSeconds": 1.96,
      "yawRateSettlingTimeSeconds": 2.0,
      "planarSettled": true,
      "yawRateSettled": false,
      "planarBraking": true
    }
  ],
  "maximumTransitionTerminalPlanarTrackingError": 0.7762648853443993,
  "maximumTransitionTerminalYawRateTrackingError": 0.8671053204619663,
  "maximumPlanarSettlingTimeSeconds": 3.0,
  "maximumPlanarBrakingSettlingTimeSeconds": 1.96,
  "maximumYawRateSettlingTimeSeconds": 3.0,
  "maximumPlanarOvershootMps": 1.1666474727421072,
  "maximumYawRateOvershootRadPerSec": 2.038621062020106,
  "unsettledPlanarTransitionCount": 3,
  "unsettledYawRateTransitionCount": 3,
  "initialBasePosition": [
    -0.16341823794075755,
    1.2937016574254825,
    0.4294482463861852
  ],
  "finalBasePosition": [
    0.35901327458005666,
    0.5768902586488909,
    0.4346349177358262
  ],
  "netDisplacement": [
    0.5224315125208142,
    -0.7168113987765916,
    0.005186671349641014
  ],
  "targetPlanarDisplacement": [
    0.76,
    0.44999999999999996
  ],
  "forwardDisplacement": 0.0843297810175122,
  "targetDistance": 0.8832326986700617,
  "forwardProgress": 0.09547855411659101,
  "signedForwardProgress": 0.09547855411659101,
  "backwardDisplacement": 0.0,
  "meanForwardVelocity": 0.00843297810175046,
  "lateralDrift": 0.8829732468905147,
  "distanceTraveled": 7.04120718913669,
  "episodeInitialBasePosition": [
    0.0,
    0.0,
    0.44
  ],
  "mobilityMeasurementStartedAtSeconds": 8.0,
  "recoveryEvaluationStartedAtSeconds": 2.7,
  "missionStageDurationsSeconds": {
    "approach": 2.48,
    "impact": 0.16,
    "recover": 5.34,