{
  "previous": {
    "assembly": "force-sensing",
    "controller": "force-aware-gait",
    "assemblyHash": "d89572552c790a7256a7fe23403e257b121aab1b617e4b133032638dcb972cea",
    "aggregateScore": 84.1160568259157,
    "cases": [
      {
        "case": {
          "id": "nominal",
          "task": "velocity-track",
          "scenario": "nominal",
          "seed": 42,
          "weight": 1
        },
        "metrics": {
          "durationSeconds": 2.999999999999891,
          "steps": 150,
          "survivalRate": 1,
          "fell": false,
          "meanVelocityTrackingError": 0.19822274958187755,
          "meanUpright": 0.9430565496240639,
          "meanEnergy": 1.2553681043595677,
          "meanSmoothness": 0.38844674595721174,
          "peakActuator": 6
        },
        "score": {
          "terms": {
            "survival": 50,
            "velocityTracking": 16.691387312566917,
            "upright": 18.86113099248128,
            "energy": -0.025107362087191356,
            "smoothness": -0.0038844674595721173,
            "componentMass": -1.4275,
            "sensorChannels": -0.5,
            "trainingSteps": 0
          },
          "total": 83.59602647550143
        },
        "resultHash": "8bef9394b62ced67d6e4f0a94199a272f5666b309673f3737ad2374f5b2a5bdd"
      },
      {
        "case": {
          "id": "low-friction",
          "task": "velocity-track",
          "scenario": "low-friction",
          "seed": 43,
          "weight": 1.2
        },
        "metrics": {
          "durationSeconds": 2.999999999999891,
          "steps": 150,
          "survivalRate": 1,
          "fell": false,
          "meanVelocityTrackingError": 0.19822274958187755,
          "meanUpright": 0.9430565496240639,
          "meanEnergy": 1.2553681043595677,
          "meanSmoothness": 0.38844674595721174,
          "peakActuator": 6
        },
        "score": {
          "terms": {
            "survival": 50,
            "velocityTracking": 16.691387312566917,
            "upright": 18.86113099248128,
            "energy": -0.025107362087191356,
            "smoothness": -0.0038844674595721173,
            "componentMass": -1.4275,
            "sensorChannels": -0.5,
            "trainingSteps": 0
          },
          "total": 83.59602647550143
        },
        "resultHash": "95206d4776a604a59b0047e7ab6a3fec45f66bc81a5ddb19ebe8c29461644db2"
      },
      {
        "case": {
          "id": "lateral-push",
          "task": "stand",
          "scenario": "lateral-push",
          "seed": 44,
          "weight": 1.5
        },
        "metrics": {
          "durationSeconds": 2.0000000000000013,
          "steps": 100,
          "survivalRate": 1,
          "fell": false,
          "meanVelocityTrackingError": 0.10082351887073912,
          "meanUpright": 0.9351917793727084,
          "meanEnergy": 2.976901169370328,
          "meanSmoothness": 0.6246040160620541,
          "peakActuator": 6
        },
        "score": {
          "terms": {
            "survival": 50,
            "velocityTracking": 18.168216482617176,
            "upright": 18.70383558745417,
            "energy": -0.059538023387406554,
            "smoothness": -0.006246040160620541,
            "componentMass": -1.4275,
            "sensorChannels": -0.5,
            "trainingSteps": 0
          },
          "total": 84.87876800652332
        },
        "resultHash": "27299bba011f7c4d287dadbb63da3f74e8c407229f264d7ccfd2f05f3c484e7f"
      }
    ]
  },
  "candidate": {
    "assembly": "force-sensing",
    "controller": "force-aware-gait",
    "assemblyHash": "d89572552c790a7256a7fe23403e257b121aab1b617e4b133032638dcb972cea",
    "aggregateScore": 84.11158511909312,
    "cases": [
      {
        "case": {
          "id": "nominal",
          "task": "velocity-track",
          "scenario": "nominal",
          "seed": 42,
          "weight": 1
        },
        "metrics": {
          "durationSeconds": 2.999999999999891,
          "steps": 150,
          "survivalRate": 1,
          "fell": false,
          "meanVelocityTrackingError": 0.1991899993586701,
          "meanUpright": 0.9432403774005154,
          "meanEnergy": 1.2342375311698244,
          "meanSmoothness": 0.3515058095081465,
          "peakActuator": 6
        },
        "score": {
          "terms": {
            "survival": 50,
            "velocityTracking": 16.67792427446531,
            "upright": 18.864807548010308,
            "energy": -0.02468475062339649,
            "smoothness": -0.0035150580950814654,
            "componentMass": -1.4275,
            "sensorChannels": -0.5,
            "trainingSteps": 0
          },
          "total": 83.58703201375714
        },
        "resultHash": "b96cf3be051f299c6a924b612d3f6b8303a2d38a8df00871acdfecbe49b0c2e7"
      },
      {
        "case": {
          "id": "low-friction",
          "task": "velocity-track",
          "scenario": "low-friction",
          "seed": 43,
          "weight": 1.2
        },
        "metrics": {
          "durationSeconds": 2.999999999999891,
          "steps": 150,
          "survivalRate": 1,
          "fell": false,
          "meanVelocityTrackingError": 0.1991899993586701,
          "meanUpright": 0.9432403774005154,
          "meanEnergy": 1.2342375311698244,
          "meanSmoothness": 0.3515058095081465,
          "peakActuator": 6
        },
        "score": {
          "terms": {
            "survival": 50,
            "velocityTracking": 16.67792427446531,
            "upright": 18.864807548010308,
            "energy": -0.02468475062339649,
            "smoothness": -0.0035150580950814654,
            "componentMass": -1.4275,
            "sensorChannels": -0.5,
            "trainingSteps": 0
          },
          "total": 83.58703201375714
        },
        "resultHash": "b0df607096fa6b22274772ae24f77c65813ab28083d6775f82bd906d7d547c38"
      },
      {
        "case": {
          "id": "lateral-push",
          "task": "stand",
          "scenario": "lateral-push",
          "seed": 44,
          "weight": 1.5
        },
        "metrics": {
          "durationSeconds": 2.0000000000000013,
          "steps": 100,
          "survivalRate": 1,
          "fell": false,
          "meanVelocityTrackingError": 0.1003564895564751,
          "meanUpright": 0.9348919319641094,
          "meanEnergy": 2.9903334591788333,
          "meanSmoothness": 0.5529997962877388,
          "peakActuator": 6
        },
        "score": {
          "terms": {
            "survival": 50,
            "velocityTracking": 18.17592770145017,
            "upright": 18.69783863928219,
            "energy": -0.05980666918357667,
            "smoothness": -0.005529997962877388,
            "componentMass": -1.4275,
            "sensorChannels": -0.5,
            "trainingSteps": 0
          },
          "total": 84.88092967358591
        },
        "resultHash": "39a8355ddda9e9e2ba4a8111cdbb3c3958f848f179a27ae739f4e0412d64b86f"
      }
    ]
  },
  "delta": -0.00447170682258502,
  "gateReasons": []
}
