{
  "durationSeconds": 5.999999999999561,
  "steps": 300,
  "survivalRate": 1.0,
  "fell": false,
  "motionCommand": [
    0.0,
    0.0,
    0.0
  ],
  "meanMotionCommand": [
    0.0,
    0.0,
    0.0
  ],
  "meanMeasuredMotion": [
    0.038042037968065774,
    -0.08748439961136406,
    -0.11735864754768797
  ],
  "planarVelocityTrackingError": 0.09539767726797438,
  "yawRateTrackingError": 0.11735864754768797,
  "meanVelocityTrackingError": 0.27046494536389093,
  "meanPlanarVelocityTrackingError": 0.1496238407067042,
  "meanYawRateTrackingError": 0.1944253135438175,
  "meanUpright": 0.8503464511424904,
  "meanAbsolutePitchRad": 0.10499688780673819,
  "minimumPitchRad": -0.1951091391903172,
  "maximumPitchRad": 0.0030049310173613955,
  "maximumBackwardPitchRad": 0.1951091391903172,
  "maximumAbsolutePitchRad": 0.1951091391903172,
  "maximumAbsolutePitchRateRadPerSec": 1.2360839195267874,
  "meanBodyTiltRad": 0.3099410061221818,
  "maximumBodyTiltRad": 1.5569511908299507,
  "initialBodyTiltRad": 1.5707963267948963,
  "minimumBodyTiltRad": 0.09505514395918852,
  "finalBodyTiltRad": 0.09505514395918852,
  "finalBaseHeightM": 0.41583142099609094,
  "selfRightingTask": true,
  "selfRightingSuccess": 1.0,
  "timeToStableStandSeconds": 3.6799999999998163,
  "stableStandingDwellSeconds": 2.34,
  "finalStableStandingDwellSeconds": 2.34,
  "minimumJointLimitMarginRad": 0.03793302416606448,
  "disallowedCollisionSteps": 0,
  "meanEnergy": 150.7003910910967,
  "meanSmoothness": 100.15959171051253,
  "peakActuator": 8.0,
  "motionQualityFootEvidenceAvailable": true,
  "motionQualityContactThresholdNewton": 1.0,
  "meanJointJerkRadPerSec3": 18027.671482799484,
  "peakJointJerkRadPerSec3": 47223.70521325273,
  "meanBodyAngularJerkRadPerSec3": 2534.6806984093814,
  "peakBodyAngularJerkRadPerSec3": 13094.329908351465,
  "meanActionSlewRatePerSec": 385.3101650748296,
  "peakActionSlewRatePerSec": 800.0,
  "actuatorSaturationRate": 0.3052777777777778,
  "meanFootSlipSpeedMps": 0.01713623881552789,
  "peakFootSlipSpeedMps": 0.24678676170883013,
  "totalFootSlipDistanceM": 0.2491609123777753,
  "meanFootContactImpactNPerSec": 205.01898570256532,
  "peakFootContactImpactNPerSec": 4026.9289766996576,
  "peakFootContactForceNewton": 80.53857953399316,
  "motionCommandSchedule": [
    {
      "atStep": 0,
      "atSeconds": 0.0,
      "command": [
        0.0,
        0.0,
        0.0
      ]
    }
  ],
  "transitionCount": 0,
  "transitions": [],
  "maximumTransitionTerminalPlanarTrackingError": 0.0,
  "maximumTransitionTerminalYawRateTrackingError": 0.0,
  "maximumPlanarSettlingTimeSeconds": 0.0,
  "maximumPlanarBrakingSettlingTimeSeconds": 0.0,
  "maximumYawRateSettlingTimeSeconds": 0.0,
  "maximumPlanarOvershootMps": 0.0,
  "maximumYawRateOvershootRadPerSec": 0.0,
  "unsettledPlanarTransitionCount": 0,
  "unsettledYawRateTransitionCount": 0,
  "initialBasePosition": [
    0.0,
    0.0,
    0.18
  ],
  "finalBasePosition": [
    0.23034283709074133,
    -0.5268642426619701,
    0.41583142099609094
  ],
  "netDisplacement": [
    0.23034283709074133,
    -0.5268642426619701,
    0.23583142099609095
  ],
  "targetPlanarDisplacement": [
    0.0,
    0.0
  ],
  "forwardDisplacement": 0.0,
  "targetDistance": 0.0,
  "forwardProgress": 1.0,
  "signedForwardProgress": 1.0,
  "backwardDisplacement": 0.0,
  "meanForwardVelocity": 0.0,
  "lateralDrift": 0.5750163065468519,
  "distanceTraveled": 0.8032833699348314
}
