{
  "durationSeconds": 6.499999999999506,
  "steps": 325,
  "survivalRate": 1.0,
  "fell": false,
  "motionCommand": [
    0.0,
    0.0,
    0.038461538461538464
  ],
  "meanMotionCommand": [
    0.0,
    0.0,
    0.038461538461538464
  ],
  "meanMeasuredMotion": [
    0.004510876596813501,
    -0.004357838171002688,
    0.10112196066163305
  ],
  "planarVelocityTrackingError": 0.006272061957309399,
  "yawRateTrackingError": 0.06266042220009459,
  "meanVelocityTrackingError": 0.4072347672840675,
  "meanPlanarVelocityTrackingError": 0.13385830034095766,
  "meanYawRateTrackingError": 0.35998072871670495,
  "meanUpright": 0.9584367528393248,
  "meanEnergy": 201.96286748821902,
  "meanSmoothness": 140.05843287319811,
  "peakActuator": 8.0,
  "motionCommandSchedule": [
    {
      "atStep": 0,
      "atSeconds": 0.0,
      "command": [
        0.0,
        0.0,
        0.5
      ]
    },
    {
      "atStep": 125,
      "atSeconds": 2.5,
      "command": [
        0.0,
        0.0,
        -0.5
      ]
    },
    {
      "atStep": 225,
      "atSeconds": 4.5,
      "command": [
        0.0,
        0.0,
        0.0
      ]
    }
  ],
  "transitionCount": 2,
  "transitions": [
    {
      "index": 1,
      "atStep": 125,
      "atSeconds": 2.5,
      "endStep": 225,
      "fromCommand": [
        0.0,
        0.0,
        0.5
      ],
      "toCommand": [
        0.0,
        0.0,
        -0.5
      ],
      "sampleCount": 100,
      "peakPlanarTrackingError": 0.4157583198127363,
      "peakYawRateTrackingError": 1.206697640215924,
      "terminalMeasuredMotion": [
        -0.04823363130157921,
        -0.05860058114858861,
        0.006465166427770626
      ],
      "terminalPlanarTrackingError": 0.07589803225044112,
      "terminalYawRateTrackingError": 0.5064651664277706,
      "planarOvershootMps": 0.0,
      "yawRateOvershootRadPerSec": 0.0,
      "planarSettlingTimeSeconds": 1.96,
      "yawRateSettlingTimeSeconds": 2.0,
      "planarSettled": true,
      "yawRateSettled": false
    },
    {
      "index": 2,
      "atStep": 225,
      "atSeconds": 4.5,
      "endStep": 325,
      "fromCommand": [
        0.0,
        0.0,
        -0.5
      ],
      "toCommand": [
        0.0,
        0.0,
        0.0
      ],
      "sampleCount": 100,
      "peakPlanarTrackingError": 0.2352215144821623,
      "peakYawRateTrackingError": 0.4424631376985647,
      "terminalMeasuredMotion": [
        -0.1080270717741727,
        -0.08808356125869425,
        0.02098782397853515
      ],
      "terminalPlanarTrackingError": 0.13938637666614484,
      "terminalYawRateTrackingError": 0.02098782397853515,
      "planarOvershootMps": 0.0,
      "yawRateOvershootRadPerSec": 0.4424631376985647,
      "planarSettlingTimeSeconds": 2.0,
      "yawRateSettlingTimeSeconds": 0.46,
      "planarSettled": false,
      "yawRateSettled": true
    }
  ],
  "maximumTransitionTerminalPlanarTrackingError": 0.13938637666614484,
  "maximumTransitionTerminalYawRateTrackingError": 0.5064651664277706,
  "maximumPlanarSettlingTimeSeconds": 2.0,
  "maximumYawRateSettlingTimeSeconds": 2.0,
  "maximumPlanarOvershootMps": 0.0,
  "maximumYawRateOvershootRadPerSec": 0.4424631376985647,
  "unsettledPlanarTransitionCount": 1,
  "unsettledYawRateTransitionCount": 1,
  "initialBasePosition": [
    0.0,
    0.0,
    0.44
  ],
  "finalBasePosition": [
    0.03549792536043877,
    -0.032962026695788266,
    0.42145354118738715
  ],
  "netDisplacement": [
    0.03549792536043877,
    -0.032962026695788266,
    -0.018546458812612854
  ],
  "targetPlanarDisplacement": [
    0.0,
    0.0
  ],
  "forwardDisplacement": 0.0,
  "targetDistance": 0.0,
  "forwardProgress": 1.0,
  "meanForwardVelocity": 0.0,
  "lateralDrift": 0.048441695973501384,
  "distanceTraveled": 0.8219855172186711
}
