{
  "terms": {
    "survival": 30.0,
    "velocityTracking": 14.212269668833983,
    "forwardProgress": 10.0,
    "upright": 14.376551292589873,
    "lateralDrift": -0.24220847986750693,
    "transitionTracking": 4.927471980816714,
    "energy": -1.009814337441095,
    "smoothness": -0.1400584328731981,
    "componentMass": -1.2060000000000002,
    "sensorChannels": -1.07,
    "trainingSteps": -0.0
  },
  "total": 69.84821169205877
}
