{
  "terms": {
    "survival": 30.0,
    "velocityTracking": 14.839541697628027,
    "forwardProgress": 10.0,
    "upright": 14.370563607437443,
    "lateralDrift": -0.483160830951442,
    "transitionTracking": 5.462598171844959,
    "energy": -0.9952227534959112,
    "smoothness": -0.13663376797239243,
    "jointJerk": 0.0,
    "bodyAngularJerk": 0.0,
    "actionSlew": 0.0,
    "actuatorSaturation": 0.0,
    "footSlip": 0.0,
    "footImpact": 0.0,
    "componentMass": -1.2060000000000002,
    "sensorChannels": -1.07,
    "trainingSteps": -0.0
  },
  "total": 70.78168612449069
}
