{
  "count": 8192.000100000001,
  "mean": [
    0.13689526621528952,
    0.320452177461773,
    -0.43173962532484733,
    -0.15659757246873623,
    0.32575303508322345,
    -0.46429651301630503,
    0.1819968565823283,
    0.23454987950480735,
    -0.5207352931618702,
    -0.2038616584115455,
    0.25139626029832524,
    -0.5207619874975242,
    -0.0036065606322038327,
    0.0005274977830361803,
    0.014653909703874224,
    0.0007719037101319453,
    0.004219711233209373,
    0.010936544325120413,
    0.0036463765494533056,
    0.018548045237870854,
    -0.023700557969227973,
    -0.009895775236528946,
    0.02525925190052062,
    -0.026063323491217226,
    0.3292286791644691,
    0.7854160481880808,
    -0.08910163129972079,
    0.11765898280706757,
    -0.07579537036972396,
    0.038952871143385845,
    0.015575117451795552,
    6.761722474262143e-05,
    -0.022116138482326363,
    0.04353755261978559,
    -0.026398884426022576,
    -0.02158795011691844,
    0.036834511725783184,
    -0.0264200438552892,
    0.2720427230510478,
    -0.006996712818878945,
    6.354138767034091,
    0.16537229464485304,
    -0.16318202489487033,
    -0.0044648842518687105,
    -0.17442893827332237,
    -0.05705475114238526,
    0.08619479064565937,
    0.03653396677262472,
    0.06001591195754375,
    0.7833876171461535,
    0.059648466327130674,
    -0.05684754216498149,
    0.7176486575787979,
    0.16495783793021715,
    -0.1616686240206349,
    -0.006545061427137456,
    -0.17369772980646217,
    -0.056793150399217965,
    0.08820386719281909,
    0.03728526900152119,
    0.06702681085231638,
    0.7785618549002492,
    0.05913290580310941,
    -0.05063169534399776,
    0.712327452353797,
    0.16548031871710397,
    -0.16537237053780782,
    -0.0034080153349315342,
    -0.17292159626821058,
    -0.06130281592163029,
    0.09188491945757668,
    0.03742584911593347,
    0.05859354334258547,
    0.7892938993948212,
    0.06064553383378549,
    -0.057683854049227254,
    0.7202792009756125,
    0.16722076306598052,
    -0.16484105201078747,
    -0.0027016590013874704,
    -0.17075320889372383,
    -0.059684156458575686,
    0.09009942924116965,
    0.03946087135754801,
    0.05998920813194781,
    0.7887771850492902,
    0.062062299184262086,
    -0.0542722420383938,
    0.7151398216847165,
    0.16731702243788793,
    -0.16514432430770346,
    -0.0025444537475223152,
    -0.17249045827311862,
    -0.05903163417843797,
    0.08732911495656336,
    0.038475713014962366,
    0.05609021527631173,
    0.7872058461161109,
    0.06159892026595853,
    -0.05807195687571313,
    0.7187571904800942,
    0.16505865825836807,
    -0.16085079806043845,
    -0.005362898962872094,
    -0.1742871595149291,
    -0.05426053762272267,
    0.08585249459591594,
    0.036804841642171,
    0.06548903255230995,
    0.7797858643535426,
    0.059196367318377754,
    -0.05075073962416187,
    0.7123543844117348,
    0.16477888875467242,
    -0.16297778421033163,
    -0.005347180513422415,
    -0.17348728072216907,
    -0.05815787756669984,
    0.08992985979338736,
    0.03655051725382434,
    0.06124675933160794,
    0.7853981850916745,
    0.05989697967531874,
    -0.05714466293458323,
    0.7191839343800611,
    0.16525275052965926,
    -0.1631301659258834,
    -0.004377918041802707,
    -0.1727242436679514,
    -0.05821058762362308,
    0.09140489057239981,
    0.03750980146073748,
    0.06388890289083314,
    0.7848666226930385,
    0.060109817472927776,
    -0.05155644116386358,
    0.7145088850250875,
    0.3530088208122087,
    0.14873046833215406,
    0.016479492641170438,
    0.045776366628706454,
    11.634977160776298,
    11.696312597718638,
    13.270827556639663,
    13.202047454469458
  ],
  "variance": [
    0.016272448524235004,
    0.09725884483530488,
    0.08134285126420106,
    0.015920780472439864,
    0.07745499630413509,
    0.08266207280912498,
    0.025132167631222654,
    0.12997969529711914,
    0.029380824190401417,
    0.022738884657573115,
    0.11664815304050229,
    0.03389916429369469,
    5.73893761561935,
    11.241777164900574,
    26.854379277972367,
    5.659157230776358,
    11.083334118354308,
    26.714403334102375,
    6.564720948629208,
    11.456203661887935,
    22.323694408540373,
    6.536224754821394,
    11.51670324221536,
    22.57064846887262,
    0.019403515348889278,
    0.1378060339612651,
    0.08204700305002996,
    0.1001090861983733,
    0.03562986434103235,
    0.05506167467423285,
    0.030612460733686165,
    0.05111195441066927,
    2.113149171732413,
    1.0653771157093461,
    0.17969364563096124,
    2.0325917625344117,
    0.9917726799024261,
    0.17155191422715066,
    33.34661895988767,
    25.236446146475046,
    225.65216368458664,
    17.184206205212753,
    44.7862292272247,
    50.91913678203814,
    16.984178663091676,
    44.61899856780395,
    50.185363618787484,
    18.712427214312182,
    45.96176073465021,
    46.96804112853823,
    18.784807128413195,
    46.41255311628514,
    47.616269185937,
    17.201391746879374,
    44.84812510135633,
    50.99478887513811,
    17.003313242534293,
    44.678643638024035,
    50.257127013575676,
    18.72965235332016,
    46.0227625389155,
    47.016255690212105,
    18.80058756744223,
    46.48694939261953,
    47.6905863962455,
    17.225988773794835,
    44.913643800302715,
    51.07721685514259,
    17.028307389179368,
    44.73581056643471,
    50.33151373248351,
    18.753742801969928,
    46.084305368028566,
    47.0846301303561,
    18.82590843421356,
    46.56152686139957,
    47.757391883227534,
    17.256390612974254,
    44.9813725155634,
    51.159352797762196,
    17.06082773332778,
    44.79470893957995,
    50.403601531125766,
    18.784890910544362,
    46.15012537897904,
    47.14149201118124,
    18.857224203188327,
    46.62961555001656,
    47.8284865551676,
    17.152144277025393,
    44.75426200992415,
    50.888157743290506,
    16.953697278921055,
    44.587473501495744,
    50.161822189531165,
    18.68123874292048,
    45.93092775330619,
    46.93255708127697,
    18.75320739367663,
    46.39036723082772,
    47.591231931279445,
    17.184215763503442,
    44.826079346418275,
    50.97238186872646,
    16.98512740406506,
    44.65422555078664,
    50.23073684293592,
    18.712718691962536,
    45.997337199984614,
    46.99020345001144,
    18.78528101136765,
    46.457455125546204,
    47.65909640827037,
    17.20178714675385,
    44.89128154902529,
    51.04594638717218,
    17.003452211287787,
    44.712309619442436,
    50.300712301954135,
    18.7303838439769,
    46.06441945793374,
    47.06031660649118,
    18.802301718032748,
    46.536004431535204,
    47.735335524614506,
    17.225922739001593,
    44.95418891057229,
    51.13188397483271,
    17.029056109684415,
    44.76963748107696,
    50.379067616890865,
    18.753651560204496,
    46.11858577748103,
    47.1166096736351,
    18.826278923813657,
    46.605816950803145,
    47.80524045227357,
    0.22837674821194517,
    0.0058675415427403435,
    0.0022003625237217166,
    0.009348628122481977,
    390.37768172478314,
    452.5206519963961,
    479.81606408502887,
    531.5165372807884
  ]
}
