{
  "durationSeconds": 6.499999999999506,
  "steps": 325,
  "survivalRate": 1.0,
  "fell": false,
  "motionCommand": [
    0.030769230769230813,
    0.0,
    0.0
  ],
  "meanMotionCommand": [
    0.030769230769230813,
    0.0,
    0.0
  ],
  "meanMeasuredMotion": [
    0.07218308699092116,
    0.03129707805697933,
    0.001792666533604806
  ],
  "planarVelocityTrackingError": 0.051909677152295,
  "yawRateTrackingError": 0.001792666533604806,
  "meanVelocityTrackingError": 0.48387724523384396,
  "meanPlanarVelocityTrackingError": 0.2675392175275756,
  "meanYawRateTrackingError": 0.3171607350510222,
  "meanUpright": 0.47520940639190257,
  "meanEnergy": 645.6579389867128,
  "meanSmoothness": 29.67171915546625,
  "peakActuator": 8.0,
  "motionCommandSchedule": [
    {
      "atStep": 0,
      "atSeconds": 0.0,
      "command": [
        0.2,
        0.0,
        0.0
      ]
    },
    {
      "atStep": 125,
      "atSeconds": 2.5,
      "command": [
        -0.15,
        0.0,
        0.0
      ]
    },
    {
      "atStep": 225,
      "atSeconds": 4.5,
      "command": [
        0.0,
        0.0,
        0.0
      ]
    }
  ],
  "transitionCount": 2,
  "transitions": [
    {
      "index": 1,
      "atStep": 125,
      "atSeconds": 2.5,
      "endStep": 225,
      "fromCommand": [
        0.2,
        0.0,
        0.0
      ],
      "toCommand": [
        -0.15,
        0.0,
        0.0
      ],
      "sampleCount": 100,
      "peakPlanarTrackingError": 0.7440754048830348,
      "peakYawRateTrackingError": 1.5773152905090075,
      "terminalMeasuredMotion": [
        0.10194397617870869,
        0.23739709018021568,
        0.15350840511354533
      ],
      "terminalPlanarTrackingError": 0.34616924409711963,
      "terminalYawRateTrackingError": 0.15350840511354533,
      "planarOvershootMps": 0.3988125672333853,
      "yawRateOvershootRadPerSec": 0.0,
      "planarSettlingTimeSeconds": 2.0,
      "yawRateSettlingTimeSeconds": 2.0,
      "planarSettled": false,
      "yawRateSettled": true,
      "planarBraking": false
    },
    {
      "index": 2,
      "atStep": 225,
      "atSeconds": 4.5,
      "endStep": 325,
      "fromCommand": [
        -0.15,
        0.0,
        0.0
      ],
      "toCommand": [
        0.0,
        0.0,
        0.0
      ],
      "sampleCount": 100,
      "peakPlanarTrackingError": 0.5957664899722824,
      "peakYawRateTrackingError": 1.977585915632589,
      "terminalMeasuredMotion": [
        0.23297021102667329,
        0.02302185206632548,
        -0.571326266388412
      ],
      "terminalPlanarTrackingError": 0.23410494419891362,
      "terminalYawRateTrackingError": 0.571326266388412,
      "planarOvershootMps": 0.47266747798045317,
      "yawRateOvershootRadPerSec": 0.0,
      "planarSettlingTimeSeconds": 2.0,
      "yawRateSettlingTimeSeconds": 2.0,
      "planarSettled": false,
      "yawRateSettled": false,
      "planarBraking": true
    }
  ],
  "maximumTransitionTerminalPlanarTrackingError": 0.34616924409711963,
  "maximumTransitionTerminalYawRateTrackingError": 0.571326266388412,
  "maximumPlanarSettlingTimeSeconds": 2.0,
  "maximumPlanarBrakingSettlingTimeSeconds": 2.0,
  "maximumYawRateSettlingTimeSeconds": 2.0,
  "maximumPlanarOvershootMps": 0.47266747798045317,
  "maximumYawRateOvershootRadPerSec": 0.0,
  "unsettledPlanarTransitionCount": 2,
  "unsettledYawRateTransitionCount": 1,
  "initialBasePosition": [
    0.0,
    0.0,
    0.44
  ],
  "finalBasePosition": [
    0.4766852944765787,
    0.20349253936071368,
    0.2589328613886542
  ],
  "netDisplacement": [
    0.4766852944765787,
    0.20349253936071368,
    -0.18106713861134582
  ],
  "targetPlanarDisplacement": [
    0.2,
    0.0
  ],
  "forwardDisplacement": 0.4766852944765787,
  "targetDistance": 0.2,
  "forwardProgress": 1.0,
  "signedForwardProgress": 2.3834264723828933,
  "backwardDisplacement": 0.0,
  "meanForwardVelocity": 0.07333619915024844,
  "lateralDrift": 0.20349253936071368,
  "distanceTraveled": 1.6808924380641537
}
