{
  "terms": {
    "survival": 30.0,
    "velocityTracking": 13.478203850243826,
    "forwardProgress": 10.0,
    "upright": 7.128141095878538,
    "lateralDrift": -1.0174626968035685,
    "transitionTracking": 4.694715933560525,
    "energy": -3.228289694933564,
    "smoothness": -0.02967171915546625,
    "componentMass": -1.2060000000000002,
    "sensorChannels": -1.07,
    "trainingSteps": -0.0
  },
  "total": 58.74963676879029
}
