{
  "durationSeconds": 1.1600000000000008,
  "steps": 58,
  "survivalRate": 0.228,
  "fell": true,
  "motionCommand": [
    0.25,
    0.0,
    0.0
  ],
  "meanMotionCommand": [
    0.25,
    0.0,
    0.0
  ],
  "meanMeasuredMotion": [
    0.1563140713532596,
    6.442098885828558e-14,
    1.7859951509605752e-13
  ],
  "planarVelocityTrackingError": 0.09368592864674041,
  "yawRateTrackingError": 1.7859951509605752e-13,
  "meanVelocityTrackingError": 0.1843520355246149,
  "meanPlanarVelocityTrackingError": 0.1843520355246149,
  "meanYawRateTrackingError": 6.550912223181994e-13,
  "meanUpright": 0.8949322747042491,
  "meanEnergy": 468.36196457548954,
  "meanSmoothness": 27.674711947399945,
  "peakActuator": 8.0,
  "motionCommandSchedule": [
    {
      "atStep": 0,
      "atSeconds": 0.0,
      "command": [
        0.25,
        0.0,
        0.0
      ]
    }
  ],
  "transitionCount": 0,
  "transitions": [],
  "maximumTransitionTerminalPlanarTrackingError": 0.0,
  "maximumTransitionTerminalYawRateTrackingError": 0.0,
  "maximumPlanarSettlingTimeSeconds": 0.0,
  "maximumPlanarBrakingSettlingTimeSeconds": 0.0,
  "maximumYawRateSettlingTimeSeconds": 0.0,
  "maximumPlanarOvershootMps": 0.0,
  "maximumYawRateOvershootRadPerSec": 0.0,
  "unsettledPlanarTransitionCount": 0,
  "unsettledYawRateTransitionCount": 0,
  "initialBasePosition": [
    0.0,
    0.0,
    0.44
  ],
  "finalBasePosition": [
    0.18174294668753352,
    7.811004981179759e-14,
    0.1896254590708193
  ],
  "netDisplacement": [
    0.18174294668753352,
    7.811004981179759e-14,
    -0.2503745409291807
  ],
  "targetPlanarDisplacement": [
    1.25,
    0.0
  ],
  "forwardDisplacement": 0.18174294668753352,
  "targetDistance": 1.25,
  "forwardProgress": 0.14539435735002681,
  "signedForwardProgress": 0.14539435735002681,
  "backwardDisplacement": 0.0,
  "meanForwardVelocity": 0.15667495404097706,
  "lateralDrift": 7.811004981179759e-14,
  "distanceTraveled": 0.22469453259608133
}
