{
  "terms": {
    "survival": 5.7,
    "velocityTracking": 16.8868709641225,
    "forwardProgress": 7.269717867501341,
    "upright": 13.423984120563736,
    "lateralDrift": -7.81100498117976e-13,
    "transitionTracking": 0.0,
    "energy": -4.683619645754895,
    "smoothness": -0.13837355973699972,
    "componentMass": -1.5075,
    "sensorChannels": -5.3500000000000005,
    "trainingSteps": -0.0
  },
  "total": 31.6010797466949
}
