{
  "count": 4096.0001,
  "mean": [
    0.27971408719814267,
    -0.5095484943525772,
    0.28201644337666953,
    -0.5111092213696931,
    0.25468987741253324,
    -0.558322084019807,
    0.2415652396756096,
    -0.5572266414974933,
    -0.005681053593946543,
    0.07042452904880141,
    -0.004724432557807543,
    0.06327278326264987,
    0.044081303065935704,
    0.017729482667078546,
    0.047046989885471506,
    0.02407082678869633,
    0.4201510536273922,
    0.9884508758900423,
    0.0001359059569162596,
    -0.07744133117507783,
    0.0022227439446084046,
    0.06946830551179271,
    0.0019444775661604469,
    -0.004319599813443319,
    -0.0040336919423229105,
    -0.10888186959514566,
    -0.0014537699024492249,
    -0.003930729587674195,
    -0.11498459297150757,
    -0.0016286831559962685,
    1.4949322386441968,
    0.014040337904512975,
    10.173761354142815,
    10.972301080178205,
    11.69602334284854,
    19.200465685458756,
    17.989632630578768
  ],
  "variance": [
    0.01912187454898348,
    0.009819808487598582,
    0.01868016686920998,
    0.010041124697106026,
    0.014249349332768621,
    0.011021286451173097,
    0.014722985782461851,
    0.01122496373926674,
    6.035513463472262,
    15.707013809136045,
    5.8309624463842455,
    15.376700773019843,
    3.3637042874275997,
    6.769862266568134,
    3.534817395312567,
    7.348292334138283,
    0.0006945855326482821,
    0.0038832859821753877,
    0.00027624106274715875,
    0.011212823777245792,
    0.0016085228028967628,
    0.07521062773864258,
    0.0053786014450593845,
    0.01205745108305223,
    0.03038473849712874,
    0.49348742179511057,
    0.020528714821222687,
    0.029872991579785894,
    0.4729492341554395,
    0.02025753621233244,
    15.971483247177622,
    6.033709893209631,
    59.810132713981375,
    287.9881071322507,
    280.8831505787169,
    338.2274904134228,
    347.92437791053857
  ]
}
