{
  "terms": {
    "survival": 10.0,
    "velocityTracking": 4.531344333696587,
    "forwardProgress": 0.0,
    "upright": 1.7851079435552735,
    "lateralDrift": -0.39436138977694696,
    "transitionTracking": 0.23898422573397415,
    "energy": -0.33304305607805296,
    "smoothness": -0.1116463162100252,
    "jointJerk": 0.0,
    "bodyAngularJerk": 0.0,
    "actionSlew": 0.0,
    "actuatorSaturation": -0.18509259259259256,
    "footSlip": 0.0,
    "footImpact": 0.0,
    "selfRighting": 100.0,
    "recoveryTime": -10.959999999998802,
    "jointLimitMargin": 0.05676392909022754,
    "componentMass": -3.015,
    "sensorChannels": -2.14,
    "trainingSteps": -0.0
  },
  "total": 99.47305707741964
}
