{
  "count": 32768.000100000005,
  "mean": [
    0.09827170465738688,
    0.2913060182900568,
    -0.4713648439028862,
    -0.11897227117285125,
    0.30335033337199907,
    -0.47432255455037003,
    0.13101928723525036,
    0.2249631258383409,
    -0.5400898934588317,
    -0.15420924781389297,
    0.22199755622801845,
    -0.5415408985666619,
    -0.00799877487409517,
    0.010902470903223698,
    0.01197925474599272,
    0.008617249899745827,
    0.014085947595759407,
    0.012184652917292553,
    -0.00013828157689096975,
    0.014181131602000687,
    -0.008042440597338836,
    0.0008807107604991917,
    0.015768909297536732,
    -0.008210785706616638,
    0.25311785235037626,
    0.5245320130574739,
    -0.02285621124681117,
    0.06892275915017776,
    -0.004558937275723573,
    -0.000361339220129567,
    0.007915822198303994,
    -0.003785132104394666,
    0.0137399485230258,
    0.013911022014657996,
    -0.004321428497956654,
    0.014225311410762142,
    0.008981930465198035,
    -0.00395996111501284,
    0.19914660362065004,
    0.158223336931312,
    1.2121911934956004,
    0.16011379033388065,
    -0.1825587016668339,
    -0.029075386677332466,
    -0.1649779158582785,
    -0.19014396977387374,
    -0.022334286767707236,
    0.010165189952160876,
    0.19339195036179682,
    0.7253723610685079,
    -0.022216767665763564,
    0.2679666239304986,
    0.7256367434120222,
    0.15943556413659438,
    -0.18400877133393256,
    -0.027726262470170508,
    -0.1659299388708916,
    -0.19140865716620292,
    -0.02064835945496921,
    0.00942454964697983,
    0.19496776553786965,
    0.7248247155148871,
    -0.021946486362594574,
    0.2675978935135649,
    0.7262682870765282,
    0.15992992909744635,
    -0.1828660350755323,
    -0.029139316166210072,
    -0.16563777109545377,
    -0.18983000202381345,
    -0.023042115388822695,
    0.00983428061379132,
    0.1949513921696255,
    0.7260429241134577,
    -0.02184579949112604,
    0.26665489231863365,
    0.7274350874829221,
    0.16122219149182418,
    -0.18383274644002856,
    -0.02825772293718467,
    -0.16433277696621607,
    -0.19208727488325888,
    -0.020778127298963743,
    0.010261852933600601,
    0.19377822905886213,
    0.7273946142872618,
    -0.021031196695205197,
    0.26654569097228936,
    0.7275868424994294,
    0.16047487486047587,
    -0.18212839682480436,
    -0.029646086275376828,
    -0.16386536068575097,
    -0.1902525994403503,
    -0.022062166169790842,
    0.010577876607918316,
    0.1928804418992789,
    0.7251220108536547,
    -0.02229518887535043,
    0.2680446755462373,
    0.725021240866796,
    0.16093911882798242,
    -0.18348621451818445,
    -0.02813581706589845,
    -0.16467452994754803,
    -0.19140251610045902,
    -0.020382921013692275,
    0.010479514633050765,
    0.19328674888094105,
    0.7257329791214766,
    -0.021115854343460274,
    0.268087176659926,
    0.725594637668286,
    0.1595617013779739,
    -0.18294316610416214,
    -0.02858795864719861,
    -0.1664043886588508,
    -0.18990745571872866,
    -0.02250989001162719,
    0.009064960308548843,
    0.1951799341711968,
    0.7252201995667668,
    -0.02192924029033575,
    0.2672877078944604,
    0.7269567410466947,
    0.1601319300195356,
    -0.18371408735193104,
    -0.02802326810819462,
    -0.16592098177041184,
    -0.19113025261759947,
    -0.021045763547636712,
    0.009339982486711248,
    0.1946885881597977,
    0.7265462024032379,
    -0.021404536316549132,
    0.26690610785085195,
    0.7274464785614848,
    0.6017409248404648,
    0.14373779405804893,
    0.020599365990055896,
    0.034332275285851394,
    8.091638714570623,
    8.085360000413981,
    9.754821459968472,
    9.96929487139258
  ],
  "variance": [
    0.0354028934065815,
    0.11970080872857904,
    0.0948323189941307,
    0.0326054881965064,
    0.10846326301517295,
    0.09980764314072718,
    0.04473413442695246,
    0.15169999813095267,
    0.04072544457959513,
    0.042149372159449215,
    0.14547760335339108,
    0.04405529748866298,
    11.034168772748446,
    14.78902280982046,
    35.39302605110959,
    10.981050695040903,
    14.63143977670208,
    35.333811473503246,
    12.349850325769825,
    14.574319385509302,
    30.950243685012303,
    12.317891715524402,
    14.574377939991058,
    31.204040854087015,
    0.026556814697700704,
    0.21953532820395125,
    0.23357172441448318,
    0.191909125936477,
    0.07455891701389682,
    0.04123108971984222,
    0.03886098952450142,
    0.04323526117262596,
    3.8941230765685773,
    1.059030617168316,
    0.2990748304855872,
    3.718855643101352,
    1.0177669156486222,
    0.2843582257877715,
    65.43414863192018,
    36.51086040046574,
    281.07934513306407,
    31.52266727759332,
    44.41452590635324,
    51.47499920071127,
    31.820645615128157,
    43.87416866634713,
    51.20327111288361,
    33.295261629775574,
    43.30367541029617,
    47.94294721853029,
    33.67495840767191,
    43.99569842609065,
    47.63270021774769,
    31.576493473745,
    44.472811324121054,
    51.54376959649349,
    31.870082720976537,
    43.934878967345554,
    51.2691018049616,
    33.34963964407564,
    43.3557389557015,
    48.009389855883505,
    33.72842533224635,
    44.04645012984745,
    47.70326728652581,
    31.62084790050607,
    44.533246707663025,
    51.61502999170921,
    31.91633333922617,
    43.98966091205549,
    51.33748361802115,
    33.39174696242867,
    43.41111850906266,
    48.069680012641484,
    33.77343510051885,
    44.10696415733112,
    47.76693833665714,
    31.668698584955546,
    44.59041174265448,
    51.68225860159389,
    31.96821629874115,
    44.04725873697817,
    51.41249251598418,
    33.440941814352776,
    43.46355914528922,
    48.14053887810573,
    33.82573652330702,
    44.155016845078286,
    47.832582310000674,
    31.497371289006423,
    44.3794594674783,
    51.43605348077548,
    31.791757142377794,
    43.836948544439785,
    51.16552525103631,
    33.26937512711722,
    43.27005482062193,
    47.90504451908526,
    33.64780396643005,
    43.965577246910804,
    47.60053190492707,
    31.53800134233714,
    44.436697936503,
    51.50786875735805,
    31.835671378154412,
    43.895205012709205,
    51.23636670567936,
    33.30983134862242,
    43.32031368779232,
    47.97514351455427,
    33.69034361621191,
    44.01394445747709,
    47.66498583468826,
    31.5904535736261,
    44.49476041054382,
    51.57762423709443,
    31.884903853408364,
    43.95806551813146,
    51.30278317833576,
    33.36302078898719,
    43.376253421343804,
    48.03392943583184,
    33.74128770124358,
    44.06754768103497,
    47.73019735724734,
    31.63807868923396,
    44.55723194563506,
    51.64706092255885,
    31.933000778494787,
    44.010026006449216,
    51.37138590849903,
    33.406934383260555,
    43.428961405054814,
    48.10166144438345,
    33.79131041351826,
    44.12644818465219,
    47.79889877917087,
    0.23964952440981369,
    0.006768649416242408,
    0.0026655741938557236,
    0.007404366746917082,
    476.10914776566597,
    489.84095104843357,
    551.982704781427,
    588.2072626604772
  ]
}
