{
  "durationSeconds": 4.999999999999671,
  "steps": 250,
  "survivalRate": 1.0,
  "fell": false,
  "motionCommand": [
    0.25,
    0.0,
    0.0
  ],
  "meanMotionCommand": [
    0.25,
    0.0,
    0.0
  ],
  "meanMeasuredMotion": [
    0.09172925062746506,
    0.0030459775211513396,
    0.0016730252858108074
  ],
  "planarVelocityTrackingError": 0.15830005712571024,
  "yawRateTrackingError": 0.0016730252858108074,
  "meanVelocityTrackingError": 0.1757367987739848,
  "meanPlanarVelocityTrackingError": 0.1661505292667406,
  "meanYawRateTrackingError": 0.03338810669154448,
  "meanUpright": 0.9305945646802619,
  "meanAbsolutePitchRad": 0.13896522927071012,
  "minimumPitchRad": -0.2793655386257052,
  "maximumPitchRad": -0.013582165651806968,
  "maximumBackwardPitchRad": 0.2793655386257052,
  "maximumAbsolutePitchRad": 0.2793655386257052,
  "maximumAbsolutePitchRateRadPerSec": 2.5563431631767966,
  "meanEnergy": 185.73168802465074,
  "meanSmoothness": 127.52024728958918,
  "peakActuator": 8.0,
  "motionCommandSchedule": [
    {
      "atStep": 0,
      "atSeconds": 0.0,
      "command": [
        0.25,
        0.0,
        0.0
      ]
    }
  ],
  "transitionCount": 0,
  "transitions": [],
  "maximumTransitionTerminalPlanarTrackingError": 0.0,
  "maximumTransitionTerminalYawRateTrackingError": 0.0,
  "maximumPlanarSettlingTimeSeconds": 0.0,
  "maximumPlanarBrakingSettlingTimeSeconds": 0.0,
  "maximumYawRateSettlingTimeSeconds": 0.0,
  "maximumPlanarOvershootMps": 0.0,
  "maximumYawRateOvershootRadPerSec": 0.0,
  "unsettledPlanarTransitionCount": 0,
  "unsettledYawRateTransitionCount": 0,
  "initialBasePosition": [
    0.0,
    0.0,
    0.44
  ],
  "finalBasePosition": [
    0.45716305430537096,
    0.014787869518487418,
    0.41846642871741424
  ],
  "netDisplacement": [
    0.45716305430537096,
    0.014787869518487418,
    -0.02153357128258576
  ],
  "targetPlanarDisplacement": [
    1.25,
    0.0
  ],
  "forwardDisplacement": 0.45716305430537096,
  "targetDistance": 1.25,
  "forwardProgress": 0.3657304434442968,
  "signedForwardProgress": 0.3657304434442968,
  "backwardDisplacement": 0.0,
  "meanForwardVelocity": 0.0914326108610802,
  "lateralDrift": 0.014787869518487418,
  "distanceTraveled": 0.5375072288033026
}
