{
  "durationSeconds": 18.000000000000902,
  "steps": 900,
  "survivalRate": 1.0,
  "fell": false,
  "motionCommand": [
    0.13111111111111284,
    0.02499999999999996,
    0.041666666666666664
  ],
  "meanMotionCommand": [
    0.13111111111111284,
    0.02499999999999996,
    0.041666666666666664
  ],
  "meanMeasuredMotion": [
    0.038908944490132685,
    0.050587639111854814,
    0.06774484399539037
  ],
  "planarVelocityTrackingError": 0.09568681625449511,
  "yawRateTrackingError": 0.026078177328723702,
  "meanVelocityTrackingError": 0.2911617928951947,
  "meanPlanarVelocityTrackingError": 0.20326482229714468,
  "meanYawRateTrackingError": 0.15730646134110096,
  "meanUpright": 0.18540504486640466,
  "meanAbsolutePitchRad": 0.05110654371988572,
  "minimumPitchRad": -0.1574749697724389,
  "maximumPitchRad": 1.5144204530581118,
  "maximumBackwardPitchRad": 0.1574749697724389,
  "maximumAbsolutePitchRad": 1.5144204530581118,
  "maximumAbsolutePitchRateRadPerSec": 6.232301186757492,
  "meanBodyTiltRad": 2.522230947056885,
  "maximumBodyTiltRad": 3.1414879000480997,
  "initialBodyTiltRad": 0.0,
  "minimumBodyTiltRad": 0.0,
  "finalBodyTiltRad": 3.139774791856678,
  "finalBaseHeightM": 0.06088981872886642,
  "selfRightingTask": true,
  "recoveryTriggered": true,
  "selfRightingSuccess": 0.0,
  "timeToStableStandSeconds": 15.3,
  "stableStandingDwellSeconds": 0.0,
  "finalStableStandingDwellSeconds": 0.0,
  "minimumJointLimitMarginRad": -0.004140687479245064,
  "disallowedCollisionSteps": 0,
  "meanEnergy": 224.98093319274523,
  "meanSmoothness": 166.62409794495048,
  "peakActuator": 8.0,
  "motionQualityFootEvidenceAvailable": true,
  "motionQualityContactThresholdNewton": 1.0,
  "meanJointJerkRadPerSec3": 24346.076882462385,
  "peakJointJerkRadPerSec3": 48368.46021779395,
  "meanBodyAngularJerkRadPerSec3": 2577.2442605911974,
  "peakBodyAngularJerkRadPerSec3": 18507.432064268018,
  "meanActionSlewRatePerSec": 567.7929400342102,
  "peakActionSlewRatePerSec": 800.0,
  "actuatorSaturationRate": 0.5898412698412698,
  "meanFootSlipSpeedMps": 0.04313217336203651,
  "peakFootSlipSpeedMps": 0.5371226829371528,
  "totalFootSlipDistanceM": 0.3433320999618106,
  "meanFootContactImpactNPerSec": 104.12424955515654,
  "peakFootContactImpactNPerSec": 5669.736695995875,
  "peakFootContactForceNewton": 113.39473391991751,
  "motionCommandSchedule": [
    {
      "atStep": 0,
      "atSeconds": 0.0,
      "command": [
        0.2,
        0.0,
        0.0
      ]
    },
    {
      "atStep": 400,
      "atSeconds": 8.0,
      "command": [
        0.2,
        0.0,
        0.0
      ]
    },
    {
      "atStep": 500,
      "atSeconds": 10.0,
      "command": [
        0.12,
        0.0,
        0.25
      ]
    },
    {
      "atStep": 650,
      "atSeconds": 13.0,
      "command": [
        0.0,
        0.15,
        0.0
      ]
    },
    {
      "atStep": 800,
      "atSeconds": 16.0,
      "command": [
        0.0,
        0.0,
        0.0
      ]
    }
  ],
  "transitionCount": 4,
  "transitions": [
    {
      "index": 1,
      "atStep": 400,
      "atSeconds": 8.0,
      "endStep": 500,
      "fromCommand": [
        0.2,
        0.0,
        0.0
      ],
      "toCommand": [
        0.2,
        0.0,
        0.0
      ],
      "sampleCount": 100,
      "peakPlanarTrackingError": 0.33771599901396543,
      "peakYawRateTrackingError": 0.5020643946790503,
      "terminalMeasuredMotion": [
        0.002545160280935261,
        -0.004681042922505697,
        -0.006021117807968463
      ],
      "terminalPlanarTrackingError": 0.19751031844266742,
      "terminalYawRateTrackingError": 0.006021117807968463,
      "planarOvershootMps": 0.0,
      "yawRateOvershootRadPerSec": 0.0,
      "planarSettlingTimeSeconds": 2.0,
      "yawRateSettlingTimeSeconds": 0.2,
      "planarSettled": false,
      "yawRateSettled": true,
      "planarBraking": false
    },
    {
      "index": 2,
      "atStep": 500,
      "atSeconds": 10.0,
      "endStep": 650,
      "fromCommand": [
        0.2,
        0.0,
        0.0
      ],
      "toCommand": [
        0.12,
        0.0,
        0.25
      ],
      "sampleCount": 150,
      "peakPlanarTrackingError": 0.21854418521413413,
      "peakYawRateTrackingError": 0.3210253743844779,
      "terminalMeasuredMotion": [
        -0.003826505379985204,
        0.0015522866441759029,
        -0.0037424299065418783
      ],
      "terminalPlanarTrackingError": 0.1238362347152286,
      "terminalYawRateTrackingError": 0.2537424299065419,
      "planarOvershootMps": 0.2136042463079671,
      "yawRateOvershootRadPerSec": 0.0,
      "planarSettlingTimeSeconds": 3.0,
      "yawRateSettlingTimeSeconds": 3.0,
      "planarSettled": false,
      "yawRateSettled": false,
      "planarBraking": false
    },
    {
      "index": 3,
      "atStep": 650,
      "atSeconds": 13.0,
      "endStep": 800,
      "fromCommand": [
        0.12,
        0.0,
        0.25
      ],
      "toCommand": [
        0.0,
        0.15,
        0.0
      ],
      "sampleCount": 150,
      "peakPlanarTrackingError": 0.22011460190336238,
      "peakYawRateTrackingError": 0.07757152820180432,
      "terminalMeasuredMotion": [
        -0.0008969443642207508,
        0.00027669407283471836,
        -0.002153878121134062
      ],
      "terminalPlanarTrackingError": 0.14972599255624264,
      "terminalYawRateTrackingError": 0.002153878121134062,
      "planarOvershootMps": 0.0,
      "yawRateOvershootRadPerSec": 0.07259222229647605,
      "planarSettlingTimeSeconds": 3.0,
      "yawRateSettlingTimeSeconds": 0.2,
      "planarSettled": false,
      "yawRateSettled": true,
      "planarBraking": false
    },
    {
      "index": 4,
      "atStep": 800,
      "atSeconds": 16.0,
      "endStep": 900,
      "fromCommand": [
        0.0,
        0.15,
        0.0
      ],
      "toCommand": [
        0.0,
        0.0,
        0.0
      ],
      "sampleCount": 100,
      "peakPlanarTrackingError": 0.10341016758348259,
      "peakYawRateTrackingError": 0.07532492809675573,
      "terminalMeasuredMotion": [
        -0.004070784763247714,
        -0.00040491642449964687,
        -0.007980278424140067
      ],
      "terminalPlanarTrackingError": 0.00409087348857421,
      "terminalYawRateTrackingError": 0.007980278424140067,
      "planarOvershootMps": 0.04921583801999971,
      "yawRateOvershootRadPerSec": 0.0,
      "planarSettlingTimeSeconds": 0.2,
      "yawRateSettlingTimeSeconds": 0.2,
      "planarSettled": true,
      "yawRateSettled": true,
      "planarBraking": true
    }
  ],
  "maximumTransitionTerminalPlanarTrackingError": 0.19751031844266742,
  "maximumTransitionTerminalYawRateTrackingError": 0.2537424299065419,
  "maximumPlanarSettlingTimeSeconds": 3.0,
  "maximumPlanarBrakingSettlingTimeSeconds": 0.2,
  "maximumYawRateSettlingTimeSeconds": 3.0,
  "maximumPlanarOvershootMps": 0.2136042463079671,
  "maximumYawRateOvershootRadPerSec": 0.07259222229647605,
  "unsettledPlanarTransitionCount": 3,
  "unsettledYawRateTransitionCount": 1,
  "initialBasePosition": [
    0.7098158276986112,
    0.9222412572654392,
    0.06156749613142941
  ],
  "finalBasePosition": [
    0.697618981194882,
    0.9123846335479564,
    0.06088981872886642
  ],
  "netDisplacement": [
    -0.012196846503729208,
    -0.009856623717482749,
    -0.0006776774025629914
  ],
  "targetPlanarDisplacement": [
    0.76,
    0.44999999999999996
  ],
  "forwardDisplacement": -0.015516957237133578,
  "targetDistance": 0.8832326986700617,
  "forwardProgress": 0.0,
  "signedForwardProgress": -0.017568368178055935,
  "backwardDisplacement": 0.015516957237133578,
  "meanForwardVelocity": -0.0015516957237132177,
  "lateralDrift": 0.0022671863277072568,
  "distanceTraveled": 1.7924142987415796,
  "episodeInitialBasePosition": [
    0.0,
    0.0,
    0.44
  ],
  "mobilityMeasurementStartedAtSeconds": 8.0,
  "recoveryEvaluationStartedAtSeconds": 2.7,
  "missionStageDurationsSeconds": {
    "approach": 2.48,
    "impact": 0.16,