{
  "terms": {
    "survival": 10.0,
    "velocityTracking": 4.646977654555666,
    "forwardProgress": 0.0,
    "upright": 0.3708100897328093,
    "lateralDrift": -0.0045343726554145135,
    "transitionTracking": 0.2584831181337859,
    "energy": -0.44996186638549046,
    "smoothness": -0.16662409794495048,
    "jointJerk": 0.0,
    "bodyAngularJerk": 0.0,
    "actionSlew": 0.0,
    "actuatorSaturation": -0.2949206349206349,
    "footSlip": 0.0,
    "footImpact": 0.0,
    "selfRighting": 0.0,
    "recoveryTime": -30.6,
    "jointLimitMargin": -0.008281374958490129,
    "componentMass": -3.115,
    "sensorChannels": -0.22,
    "trainingSteps": -0.0
  },
  "total": -19.58305148444272
}
