{
  "durationSeconds": 4.999999999999671,
  "steps": 250,
  "survivalRate": 1.0,
  "fell": false,
  "motionCommand": [
    0.0,
    0.12,
    0.0
  ],
  "meanMeasuredMotion": [
    -0.05651345164179408,
    0.022253769802729948,
    -0.034664705844639224
  ],
  "planarVelocityTrackingError": 0.11290746536100749,
  "yawRateTrackingError": 0.034664705844639224,
  "meanVelocityTrackingError": 0.18129623278522394,
  "meanPlanarVelocityTrackingError": 0.14294676906806889,
  "meanYawRateTrackingError": 0.09690279565925618,
  "meanUpright": 0.9443786973844402,
  "meanEnergy": 197.2224603070018,
  "meanSmoothness": 140.56021423738696,
  "peakActuator": 8.0,
  "initialBasePosition": [
    0.0,
    0.0,
    0.44
  ],
  "finalBasePosition": [
    -0.2755830151189108,
    0.10677574589211962,
    0.41942065890279967
  ],
  "netDisplacement": [
    -0.2755830151189108,
    0.10677574589211962,
    -0.020579341097200332
  ],
  "forwardDisplacement": 0.10677574589211962,
  "targetDistance": 0.6,
  "forwardProgress": 0.17795957648686603,
  "meanForwardVelocity": 0.021355149178425327,
  "lateralDrift": 0.2755830151189108,
  "distanceTraveled": 0.34820593770048824
}
