{
  "terms": {
    "survival": 30.0,
    "velocityTracking": 25.39583143278712,
    "forwardProgress": 4.448989412171651,
    "upright": 14.165680460766604,
    "lateralDrift": -2.755830151189108,
    "energy": -0.986112301535009,
    "smoothness": -0.14056021423738696,
    "componentMass": -1.2060000000000002,
    "sensorChannels": -1.07,
    "trainingSteps": -0.0
  },
  "total": 67.85199863876387
}
