{
  "durationSeconds": 6.499999999999506,
  "steps": 325,
  "survivalRate": 1.0,
  "fell": false,
  "motionCommand": [
    0.0,
    0.009230769230769237,
    0.0
  ],
  "meanMotionCommand": [
    0.0,
    0.009230769230769237,
    0.0
  ],
  "meanMeasuredMotion": [
    -0.03364027619324666,
    0.001459430210889182,
    -0.0292812576940087
  ],
  "planarVelocityTrackingError": 0.03452624932598136,
  "yawRateTrackingError": 0.0292812576940087,
  "meanVelocityTrackingError": 0.2191452168621633,
  "meanPlanarVelocityTrackingError": 0.11702328584039319,
  "meanYawRateTrackingError": 0.1670724057252426,
  "meanUpright": 0.9434162104037026,
  "meanEnergy": 186.5049751761823,
  "meanSmoothness": 131.7689946647112,
  "peakActuator": 8.0,
  "motionCommandSchedule": [
    {
      "atStep": 0,
      "atSeconds": 0.0,
      "command": [
        0.0,
        0.12,
        0.0
      ]
    },
    {
      "atStep": 125,
      "atSeconds": 2.5,
      "command": [
        0.0,
        -0.12,
        0.0
      ]
    },
    {
      "atStep": 225,
      "atSeconds": 4.5,
      "command": [
        0.0,
        0.0,
        0.0
      ]
    }
  ],
  "transitionCount": 2,
  "transitions": [
    {
      "index": 1,
      "atStep": 125,
      "atSeconds": 2.5,
      "endStep": 225,
      "fromCommand": [
        0.0,
        0.12,
        0.0
      ],
      "toCommand": [
        0.0,
        -0.12,
        0.0
      ],
      "sampleCount": 100,
      "peakPlanarTrackingError": 0.24918042706564686,
      "peakYawRateTrackingError": 0.8017821925066565,
      "terminalMeasuredMotion": [
        -0.01431010186620545,
        -0.0039872288032877885,
        -0.01894906297884995
      ],
      "terminalPlanarTrackingError": 0.11689201040345688,
      "terminalYawRateTrackingError": 0.01894906297884995,
      "planarOvershootMps": 0.04034758422277246,
      "yawRateOvershootRadPerSec": 0.0,
      "planarSettlingTimeSeconds": 1.98,
      "yawRateSettlingTimeSeconds": 1.78,
      "planarSettled": true,
      "yawRateSettled": true
    },
    {
      "index": 2,
      "atStep": 225,
      "atSeconds": 4.5,
      "endStep": 325,
      "fromCommand": [
        0.0,
        -0.12,
        0.0
      ],
      "toCommand": [
        0.0,
        0.0,
        0.0
      ],
      "sampleCount": 100,
      "peakPlanarTrackingError": 0.2550987019415111,
      "peakYawRateTrackingError": 0.47882692917001507,
      "terminalMeasuredMotion": [
        -0.0679166108085755,
        -0.0038771089280258755,
        -0.009518429808419457
      ],
      "terminalPlanarTrackingError": 0.06802718572279241,
      "terminalYawRateTrackingError": 0.009518429808419457,
      "planarOvershootMps": 0.06564074073585152,
      "yawRateOvershootRadPerSec": 0.0,
      "planarSettlingTimeSeconds": 0.88,
      "yawRateSettlingTimeSeconds": 0.2,
      "planarSettled": true,
      "yawRateSettled": true
    }
  ],
  "maximumTransitionTerminalPlanarTrackingError": 0.11689201040345688,
  "maximumTransitionTerminalYawRateTrackingError": 0.01894906297884995,
  "maximumPlanarSettlingTimeSeconds": 1.98,
  "maximumYawRateSettlingTimeSeconds": 1.78,
  "maximumPlanarOvershootMps": 0.06564074073585152,
  "maximumYawRateOvershootRadPerSec": 0.0,
  "unsettledPlanarTransitionCount": 0,
  "unsettledYawRateTransitionCount": 0,
  "initialBasePosition": [
    0.0,
    0.0,
    0.44
  ],
  "finalBasePosition": [
    -0.21064513547094632,
    0.006923991116126123,
    0.42444595904761595
  ],
  "netDisplacement": [
    -0.21064513547094632,
    0.006923991116126123,
    -0.015554040952384052
  ],
  "targetPlanarDisplacement": [
    0.0,
    0.06
  ],
  "forwardDisplacement": 0.006923991116126123,
  "targetDistance": 0.06,
  "forwardProgress": 0.11539985193543538,
  "meanForwardVelocity": 0.001065229402481023,
  "lateralDrift": 0.21064513547094632,
  "distanceTraveled": 0.5373188540863658
}
