{
  "terms": {
    "survival": 30.0,
    "velocityTracking": 16.40493660917279,
    "forwardProgress": 1.1539985193543538,
    "upright": 14.15124315605554,
    "lateralDrift": -1.0532256773547317,
    "transitionTracking": 6.046580663589941,
    "energy": -0.9325248758809116,
    "smoothness": -0.1317689946647112,
    "componentMass": -1.2060000000000002,
    "sensorChannels": -1.07,
    "trainingSteps": -0.0
  },
  "total": 63.36323940027227
}
