{
  "durationSeconds": 3.999999999999781,
  "steps": 200,
  "survivalRate": 1.0,
  "fell": false,
  "motionCommand": [
    0.20000000000000015,
    0.0,
    0.0
  ],
  "meanMotionCommand": [
    0.20000000000000015,
    0.0,
    0.0
  ],
  "meanMeasuredMotion": [
    0.0468444031673668,
    -0.0004828066960634755,
    0.0013116392326221538
  ],
  "planarVelocityTrackingError": 0.15315635782906922,
  "yawRateTrackingError": 0.0013116392326221538,
  "meanVelocityTrackingError": 0.17520737390247668,
  "meanPlanarVelocityTrackingError": 0.173789009649917,
  "meanYawRateTrackingError": 0.01690143320672114,
  "meanUpright": 0.9915451342200197,
  "meanAbsolutePitchRad": 0.012525585018013787,
  "minimumPitchRad": -0.03612800393569151,
  "maximumPitchRad": 0.0011539245208904616,
  "maximumBackwardPitchRad": 0.03612800393569151,
  "maximumAbsolutePitchRad": 0.03612800393569151,
  "maximumAbsolutePitchRateRadPerSec": 0.7269999495539415,
  "meanBodyTiltRad": 0.016910464610708532,
  "maximumBodyTiltRad": 0.04967453639389754,
  "meanEnergy": 9.448736203075471,
  "meanSmoothness": 0.4471989361534125,
  "peakActuator": 6.0,
  "motionQualityFootEvidenceAvailable": true,
  "motionQualityContactThresholdNewton": 1.0,
  "meanJointJerkRadPerSec3": 326.0790290125387,
  "peakJointJerkRadPerSec3": 11346.287753427709,
  "meanBodyAngularJerkRadPerSec3": 49.36553842312795,
  "peakBodyAngularJerkRadPerSec3": 3722.6661171966634,
  "meanActionSlewRatePerSec": 11.049180588460363,
  "peakActionSlewRatePerSec": 413.2502458353441,
  "actuatorSaturationRate": 0.0025,
  "meanFootSlipSpeedMps": 0.018809215598434226,
  "peakFootSlipSpeedMps": 0.26379204170734627,
  "totalFootSlipDistanceM": 0.2012586069032459,
  "meanFootContactImpactNPerSec": 62.09038262678046,
  "peakFootContactImpactNPerSec": 12738.143803480678,
  "peakFootContactForceNewton": 254.76287606961355,
  "motionCommandSchedule": [
    {
      "atStep": 0,
      "atSeconds": 0.0,
      "command": [
        0.2,
        0.0,
        0.0
      ]
    }
  ],
  "transitionCount": 0,
  "transitions": [],
  "maximumTransitionTerminalPlanarTrackingError": 0.0,
  "maximumTransitionTerminalYawRateTrackingError": 0.0,
  "maximumPlanarSettlingTimeSeconds": 0.0,
  "maximumPlanarBrakingSettlingTimeSeconds": 0.0,
  "maximumYawRateSettlingTimeSeconds": 0.0,
  "maximumPlanarOvershootMps": 0.0,
  "maximumYawRateOvershootRadPerSec": 0.0,
  "unsettledPlanarTransitionCount": 0,
  "unsettledYawRateTransitionCount": 0,
  "initialBasePosition": [
    0.0,
    0.0,
    0.38
  ],
  "finalBasePosition": [
    0.18793077119538937,
    -0.0014346562964247498,
    0.35017432412407057
  ],
  "netDisplacement": [
    0.18793077119538937,
    -0.0014346562964247498,
    -0.029825675875929436
  ],
  "targetPlanarDisplacement": [
    0.8,
    0.0
  ],
  "forwardDisplacement": 0.18793077119538937,
  "targetDistance": 0.8,
  "forwardProgress": 0.2349134639942367,
  "signedForwardProgress": 0.2349134639942367,
  "backwardDisplacement": 0.0,
  "meanForwardVelocity": 0.046982692798849916,
  "lateralDrift": 0.0014346562964247498,
  "distanceTraveled": 0.5003088444296521
}
