{
  "terms": {
    "survival": 30.0,
    "velocityTracking": 17.247046385523433,
    "forwardProgress": 10.0,
    "upright": 9.171531505080468,
    "lateralDrift": -0.2772662675104389,
    "transitionTracking": 8.8011893058539,
    "energy": -0.9537798519061517,
    "smoothness": -0.13110982469280097,
    "componentMass": -1.2060000000000002,
    "sensorChannels": -1.07,
    "trainingSteps": -0.0
  },
  "total": 71.58161125234841
}
