{
  "durationSeconds": 4.999999999999671,
  "steps": 250,
  "survivalRate": 1.0,
  "fell": false,
  "motionCommand": [
    0.0,
    0.12,
    0.0
  ],
  "meanMeasuredMotion": [
    -0.05020383554718694,
    0.025977525766303144,
    -0.0014741073740736526
  ],
  "planarVelocityTrackingError": 0.10658635355745677,
  "yawRateTrackingError": 0.0014741073740736526,
  "meanVelocityTrackingError": 0.20679973231146204,
  "meanPlanarVelocityTrackingError": 0.14172099324221551,
  "meanYawRateTrackingError": 0.13775437143038613,
  "meanUpright": 0.9426211542913072,
  "meanEnergy": 193.72173362644142,
  "meanSmoothness": 137.37474036383924,
  "peakActuator": 8.0,
  "initialBasePosition": [
    0.0,
    0.0,
    0.44
  ],
  "finalBasePosition": [
    -0.24257385746822765,
    0.12264839555621741,
    0.42211711610542735
  ],
  "netDisplacement": [
    -0.24257385746822765,
    0.12264839555621741,
    -0.017882883894572654
  ],
  "forwardDisplacement": 0.12264839555621741,
  "targetDistance": 0.6,
  "forwardProgress": 0.2044139925936957,
  "meanForwardVelocity": 0.024529679111245095,
  "lateralDrift": 0.24257385746822765,
  "distanceTraveled": 0.3908965588269024
}
