{
  "count": 65536.0001,
  "mean": [
    0.1060244422850297,
    0.16542375220095407,
    -0.4992389791140573,
    -0.1250997948093815,
    0.2052847140853769,
    -0.5114726803845657,
    0.0032307549140498408,
    0.05408361238343895,
    0.17828924834872512,
    0.1686545557705389,
    -0.550997755527009,
    -0.1951368366100433,
    0.21495643134625947,
    -0.5584309185351048,
    -0.00889135736351554,
    0.0008654761665953333,
    0.01765329700274966,
    0.0048583147675999375,
    0.0009160568111110208,
    0.01820612044086559,
    -0.0004667471058798281,
    0.004197793059788024,
    0.0046023985615958754,
    0.0014006516870650855,
    0.008922752446599886,
    -0.008728347683778127,
    0.00335740617499551,
    0.010024062775476704,
    0.2406910043787872,
    0.5053536872195268,
    -0.13140512844105265,
    0.028107738914102218,
    -0.022814375381193068,
    -0.03589603578697796,
    0.026436327716103578,
    -0.02280972617642089,
    -0.028822063975789347,
    -0.011628748482435801,
    0.022737271055929854,
    -0.028778713321697805,
    -0.013437176351165288,
    0.022622511348671496,
    0.836468977596063,
    -0.11784161734706013,
    -0.013340818315339219,
    1.1098637129243425,
    0.16594238466368136,
    0.012359619612892914,
    0.02059936520294293,
    7.031450363098385,
    6.967205913607445,
    8.851076316683983,
    8.750676835419343
  ],
  "variance": [
    0.04057295414085541,
    0.16700525849783152,
    0.11425079820905334,
    0.040130626360534064,
    0.13030975661530134,
    0.12851834819584723,
    0.003749093799167558,
    0.023394262278018083,
    0.06233063137132296,
    0.18384622580850213,
    0.05540428153248566,
    0.06044271742372371,
    0.14167043224065812,
    0.06957820810694171,
    14.182036045783008,
    21.484260554102274,
    46.252800808082505,
    13.826908491278934,
    21.35004775721664,
    46.468933598394116,
    4.169640209359745,
    9.01456797030712,
    19.841881046358523,
    23.427169704414883,
    37.508851484420326,
    19.738787390301898,
    23.603564352477314,
    37.69677584158969,
    0.021875581898805608,
    0.1987035368975122,
    0.21234217185098367,
    0.21714079372394252,
    0.09785448159118582,
    0.039187563461467005,
    0.08291493637855851,
    0.08560699961902271,
    4.604140042672627,
    2.8457417304917083,
    0.5578816038584017,
    4.478966863398719,
    2.70822464128719,
    0.535589372470065,
    59.67763111377917,
    46.42954628737604,
    284.16572884217015,
    0.09779450175987767,
    0.004860588263191961,
    0.0017011843445064927,
    0.004725508979850398,
    266.0114358168798,
    269.74455199138373,
    508.7207264713972,
    511.50877962570155
  ]
}
