{
  "count": 2048.0001,
  "mean": [
    0.25766034510794694,
    -0.5064286274530967,
    0.2659185721018775,
    -0.49909776167341346,
    0.27276939038329645,
    -0.5348642258074459,
    0.2848544917314846,
    -0.5304671783676536,
    0.038909213696519805,
    0.08656478229817806,
    0.04047528608754155,
    0.08870942035064994,
    0.04231214689081593,
    0.0755835978622968,
    0.04558532003186188,
    0.07584646241315032,
    0.428608889267012,
    0.9985555781663202,
    -0.0025615009217128787,
    -0.052400943414564354,
    -0.0018552014960865884,
    0.0058942247713083635,
    0.0004786607540941162,
    0.002816421027572619,
    -0.0008376356351278388,
    -0.03577642693679738,
    -0.002671227581543885,
    -0.0008273450945438828,
    -0.03523713931504599,
    -0.0026610785241301975,
    0.8565124176864993,
    -0.04471381467357488,
    9.829497825145953,
    12.769678992620426,
    10.291868676634653,
    15.830546086443071,
    16.54476725247477
  ],
  "variance": [
    0.00045701215937417946,
    0.001039123121197617,
    0.0004893053752499136,
    0.0011547304985944603,
    0.0005928738880977605,
    0.0009186846497347259,
    0.0003277218260951622,
    0.0009301191289913361,
    0.11686728178866512,
    0.4678084694967361,
    0.1061985929938221,
    0.46768107788382907,
    0.14715062429944983,
    0.35096409403045703,
    0.14852656726671248,
    0.3591852627186185,
    5.656755429677878e-06,
    1e-06,
    8.502358064226222e-05,
    3.4694127461514654e-05,
    1.1084264136518263e-05,
    0.003336651581493781,
    0.0028180415212613703,
    0.0006670228922853249,
    0.014400414273376802,
    0.11003094785807971,
    0.0003149461609426933,
    0.014269158977839161,
    0.10342074287143493,
    0.0003080543631264378,
    4.675213761362192,
    1.00406469359384,
    5.009193050580882,
    68.20208465825223,
    72.05817782116809,
    36.573443501391296,
    36.90168434831039
  ]
}
