{
  "durationSeconds": 4.999999999999671,
  "steps": 250,
  "survivalRate": 1.0,
  "fell": false,
  "motionCommand": [
    0.25,
    0.0,
    0.0
  ],
  "meanMotionCommand": [
    0.25,
    0.0,
    0.0
  ],
  "meanMeasuredMotion": [
    0.058775709122269724,
    0.0011118657565386692,
    0.006721369118036275
  ],
  "planarVelocityTrackingError": 0.1912275232992138,
  "yawRateTrackingError": 0.006721369118036275,
  "meanVelocityTrackingError": 0.23598808492184387,
  "meanPlanarVelocityTrackingError": 0.20312290788998502,
  "meanYawRateTrackingError": 0.0698039488873393,
  "meanUpright": 0.9451672204705739,
  "meanAbsolutePitchRad": 0.10971270913374565,
  "minimumPitchRad": -0.14001569004602588,
  "maximumPitchRad": -0.014177288135104793,
  "maximumBackwardPitchRad": 0.14001569004602588,
  "maximumAbsolutePitchRad": 0.14001569004602588,
  "maximumAbsolutePitchRateRadPerSec": 2.253970042481646,
  "meanEnergy": 188.73009818753877,
  "meanSmoothness": 127.42886925277872,
  "peakActuator": 8.0,
  "motionCommandSchedule": [
    {
      "atStep": 0,
      "atSeconds": 0.0,
      "command": [
        0.25,
        0.0,
        0.0
      ]
    }
  ],
  "transitionCount": 0,
  "transitions": [],
  "maximumTransitionTerminalPlanarTrackingError": 0.0,
  "maximumTransitionTerminalYawRateTrackingError": 0.0,
  "maximumPlanarSettlingTimeSeconds": 0.0,
  "maximumPlanarBrakingSettlingTimeSeconds": 0.0,
  "maximumYawRateSettlingTimeSeconds": 0.0,
  "maximumPlanarOvershootMps": 0.0,
  "maximumYawRateOvershootRadPerSec": 0.0,
  "unsettledPlanarTransitionCount": 0,
  "unsettledYawRateTransitionCount": 0,
  "initialBasePosition": [
    0.0,
    0.0,
    0.44
  ],
  "finalBasePosition": [
    0.2920183969375485,
    0.00487283253274356,
    0.4228230457057392
  ],
  "netDisplacement": [
    0.2920183969375485,
    0.00487283253274356,
    -0.017176954294260804
  ],
  "targetPlanarDisplacement": [
    1.25,
    0.0
  ],
  "forwardDisplacement": 0.2920183969375485,
  "targetDistance": 1.25,
  "forwardProgress": 0.2336147175500388,
  "signedForwardProgress": 0.2336147175500388,
  "backwardDisplacement": 0.0,
  "meanForwardVelocity": 0.058403679387513535,
  "lateralDrift": 0.00487283253274356,
  "distanceTraveled": 0.5171137043380106
}
