{
  "terms": {
    "survival": 25.0,
    "velocityTracking": 16.181385762521064,
    "forwardProgress": 11.68073587750194,
    "upright": 14.17750830705861,
    "lateralDrift": -0.048728325327435595,
    "transitionTracking": 0.0,
    "energy": -1.8873009818753879,
    "smoothness": -0.6371443462638936,
    "componentMass": -1.5075,
    "sensorChannels": -5.3500000000000005,
    "trainingSteps": -0.0
  },
  "total": 57.608956293614895
}
