{
  "count": 8192.000100000001,
  "mean": [
    0.108427127825396,
    0.1393526353923977,
    -0.5902336924117203,
    -0.09173046410366446,
    0.13492208566862848,
    -0.5848987189508968,
    0.1853097140727896,
    0.02577833114498525,
    -0.6548392216835952,
    -0.16775839929004255,
    0.029450011306808556,
    -0.6530575217046238,
    0.001080466211446042,
    0.033743903905733036,
    0.053378581493762324,
    0.012038415612195126,
    0.03730181342380206,
    0.04944875447362792,
    0.00613883783264526,
    0.010084630897546522,
    0.031373410281516745,
    0.008042197301233442,
    0.016308806946847554,
    0.024128497324977315,
    0.27291015304950755,
    0.8227974411093889,
    -0.012602629302125875,
    -0.07573751224657797,
    0.016655718272898454,
    0.021310027368177647,
    0.004310379513977381,
    0.01489583866910108,
    -0.01806264595264987,
    -0.05498161461725511,
    0.011185284853237588,
    -0.018308380326121206,
    -0.0578928162899526,
    0.010966317256442402,
    0.2913023242317272,
    -0.02958157790004165,
    5.600553248334064,
    0.0,
    0.0,
    0.0,
    6.204758406936374,
    5.447909319987873,
    12.448455850519712,
    13.087903204991647
  ],
  "variance": [
    0.06842863774576237,
    0.22417646109486744,
    0.23291165535300862,
    0.07515962747432875,
    0.22504210251177087,
    0.2319609978548064,
    0.09257988894716743,
    0.3002066906720975,
    0.08460491123270092,
    0.10179352976824958,
    0.29958214615916795,
    0.08313636643206253,
    3.3075140049225284,
    5.00613342910452,
    16.722717350889383,
    3.2966636000416556,
    4.881903435008218,
    16.843097119572924,
    2.3939303881378504,
    3.9110440171067484,
    8.150770962197155,
    2.398314781109087,
    3.8873879706474836,
    8.016632121911956,
    0.012776974595067953,
    0.09735891814211228,
    0.13998898897309234,
    0.07011074671722824,
    0.009373344118923576,
    0.047045470884378215,
    0.03495821998661224,
    0.05537881341801249,
    1.2178990093944884,
    0.8821910478888451,
    0.09905065274267078,
    1.091735134987829,
    0.8680793527076822,
    0.09216297102274261,
    241.91019187279647,
    27.22509059044391,
    119.2012110607407,
    1e-06,
    1e-06,
    1e-06,
    203.80456718990973,
    196.73320943090835,
    221.8945156869299,
    236.86071686843687
  ]
}
