{
  "durationSeconds": 4.999999999999671,
  "steps": 250,
  "survivalRate": 1.0,
  "fell": false,
  "motionCommand": [
    0.0,
    0.12,
    0.0
  ],
  "meanMeasuredMotion": [
    -0.03797010577773695,
    0.1066277233513192,
    0.20430428094885397
  ],
  "planarVelocityTrackingError": 0.04025601465050144,
  "yawRateTrackingError": 0.20430428094885397,
  "meanVelocityTrackingError": 0.9084564219573444,
  "meanPlanarVelocityTrackingError": 0.4011428301149105,
  "meanYawRateTrackingError": 0.7708966531045021,
  "meanUpright": 0.9394804945913439,
  "meanEnergy": 507.7378091202263,
  "meanSmoothness": 40.16010029445964,
  "peakActuator": 8.0,
  "initialBasePosition": [
    0.0,
    0.0,
    0.44
  ],
  "finalBasePosition": [
    -0.187997612034821,
    0.5364529614033524,
    0.43619942426435854
  ],
  "netDisplacement": [
    -0.187997612034821,
    0.5364529614033524,
    -0.003800575735641465
  ],
  "forwardDisplacement": 0.5364529614033524,
  "targetDistance": 0.6,
  "forwardProgress": 0.8940882690055874,
  "meanForwardVelocity": 0.10729059228067754,
  "lateralDrift": 0.187997612034821,
  "distanceTraveled": 1.9592455226665948
}
