{
  "terms": {
    "survival": 30.0,
    "velocityTracking": 15.719510099806998,
    "forwardProgress": 22.352206725139684,
    "upright": 14.092207418870158,
    "lateralDrift": -1.87997612034821,
    "energy": -2.5386890456011315,
    "smoothness": -0.04016010029445964,
    "componentMass": -1.2060000000000002,
    "sensorChannels": -1.07,
    "trainingSteps": -0.0
  },
  "total": 75.42909897757303
}
