{
  "count": 4096.0001,
  "mean": [
    0.2758083851081322,
    -0.5116744769300963,
    0.27467397366282426,
    -0.5133293102884818,
    0.26625016200793095,
    -0.5548842554271153,
    0.2517472238627294,
    -0.557950432857645,
    0.0010579881725105735,
    0.04919124370613417,
    -0.003856417718626306,
    0.04978162333253264,
    0.04912129115775008,
    0.019135258787242634,
    0.050080444599271814,
    0.013868448715913724,
    0.4213097501765806,
    0.9900994438232555,
    -0.0003998832421570528,
    -0.07273850564701291,
    0.002340763445321048,
    0.07112789436908931,
    0.0015917777675991374,
    -0.004643366527330983,
    -0.00014199147601387497,
    -0.10797847744086178,
    0.006724050198297214,
    -0.0002840810668580522,
    -0.11364957627699115,
    0.006453419230684224,
    1.4547169193679603,
    -0.05395665194485732,
    10.143458920227108,
    11.099868264596218,
    11.599948768167954,
    19.22720069746947,
    17.879734433136427
  ],
  "variance": [
    0.018646042334003906,
    0.009366302801083843,
    0.017925454567176438,
    0.009607545970332088,
    0.014301776442931445,
    0.010939244896947987,
    0.012470153796433047,
    0.010905982857647841,
    5.771000004097327,
    15.324182959133426,
    5.615891212115851,
    14.958272711801468,
    3.1960004520793963,
    6.427075604413349,
    3.3956146765452186,
    6.967532781162475,
    0.00058259547876288,
    0.0032066276813646015,
    0.0004015566630289457,
    0.009288117494180992,
    0.0015281019322770932,
    0.07794606675058484,
    0.005901969774372104,
    0.011212739679840166,
    0.03070526593903022,
    0.5153805311816272,
    0.020229931930503726,
    0.03036270765699187,
    0.4936782193187852,
    0.020093728340368912,
    15.335867090639281,
    5.459675798914784,
    59.839072422949016,
    279.663494192789,
    255.7659680896462,
    335.6391166714684,
    327.05825942742956
  ]
}
