{
  "durationSeconds": 4.999999999999671,
  "steps": 250,
  "survivalRate": 1.0,
  "fell": false,
  "motionCommand": [
    0.25,
    0.0,
    0.0
  ],
  "meanMotionCommand": [
    0.25,
    0.0,
    0.0
  ],
  "meanMeasuredMotion": [
    0.11849417587587201,
    0.0012348197496875677,
    0.0029649045152068836
  ],
  "planarVelocityTrackingError": 0.13151162138145928,
  "yawRateTrackingError": 0.0029649045152068836,
  "meanVelocityTrackingError": 0.1606663466721175,
  "meanPlanarVelocityTrackingError": 0.1568100190648912,
  "meanYawRateTrackingError": 0.022569411094776833,
  "meanUpright": 0.9181050833385028,
  "meanAbsolutePitchRad": 0.16414171668438277,
  "minimumPitchRad": -0.42426174786549636,
  "maximumPitchRad": -0.01433338519080677,
  "maximumBackwardPitchRad": 0.42426174786549636,
  "maximumAbsolutePitchRad": 0.42426174786549636,
  "maximumAbsolutePitchRateRadPerSec": 3.6112396813508467,
  "meanEnergy": 182.84332587087295,
  "meanSmoothness": 125.20397154458126,
  "peakActuator": 8.0,
  "motionCommandSchedule": [
    {
      "atStep": 0,
      "atSeconds": 0.0,
      "command": [
        0.25,
        0.0,
        0.0
      ]
    }
  ],
  "transitionCount": 0,
  "transitions": [],
  "maximumTransitionTerminalPlanarTrackingError": 0.0,
  "maximumTransitionTerminalYawRateTrackingError": 0.0,
  "maximumPlanarSettlingTimeSeconds": 0.0,
  "maximumPlanarBrakingSettlingTimeSeconds": 0.0,
  "maximumYawRateSettlingTimeSeconds": 0.0,
  "maximumPlanarOvershootMps": 0.0,
  "maximumYawRateOvershootRadPerSec": 0.0,
  "unsettledPlanarTransitionCount": 0,
  "unsettledYawRateTransitionCount": 0,
  "initialBasePosition": [
    0.0,
    0.0,
    0.44
  ],
  "finalBasePosition": [
    0.5927213761058234,
    0.006849698027585554,
    0.4187685218193782
  ],
  "netDisplacement": [
    0.5927213761058234,
    0.006849698027585554,
    -0.02123147818062182
  ],
  "targetPlanarDisplacement": [
    1.25,
    0.0
  ],
  "forwardDisplacement": 0.5927213761058234,
  "targetDistance": 1.25,
  "forwardProgress": 0.47417710088465875,
  "signedForwardProgress": 0.47417710088465875,
  "backwardDisplacement": 0.0,
  "meanForwardVelocity": 0.11854427522117247,
  "lateralDrift": 0.006849698027585554,
  "distanceTraveled": 0.6824186006622149
}
