{
  "terms": {
    "survival": 25.0,
    "velocityTracking": 17.231480913825358,
    "forwardProgress": 23.708855044232937,
    "upright": 13.771576250077542,
    "lateralDrift": -0.06849698027585555,
    "transitionTracking": 0.0,
    "energy": -1.8284332587087295,
    "smoothness": -0.6260198577229064,
    "componentMass": -1.5075,
    "sensorChannels": -5.3500000000000005,
    "trainingSteps": -0.0
  },
  "total": 70.33146211142835
}
