{
  "durationSeconds": 2.1799999999999815,
  "steps": 109,
  "survivalRate": 0.432,
  "fell": true,
  "motionCommand": [
    0.0,
    0.0,
    0.5
  ],
  "meanMotionCommand": [
    0.0,
    0.0,
    0.5
  ],
  "meanMeasuredMotion": [
    0.27652817697780707,
    0.3596021881652777,
    1.0062499223144823
  ],
  "planarVelocityTrackingError": 0.45363153152743385,
  "yawRateTrackingError": 0.5062499223144823,
  "meanVelocityTrackingError": 1.1201320360484743,
  "meanPlanarVelocityTrackingError": 0.5250815877629155,
  "meanYawRateTrackingError": 0.9116467798926525,
  "meanUpright": 0.8524923959369078,
  "meanAbsolutePitchRad": 0.09558508023128442,
  "minimumPitchRad": -0.23644625999274926,
  "maximumPitchRad": 0.41593997735642535,
  "maximumBackwardPitchRad": 0.23644625999274926,
  "maximumAbsolutePitchRad": 0.41593997735642535,
  "maximumAbsolutePitchRateRadPerSec": 5.7954457699518,
  "meanBodyTiltRad": 0.3086816984768922,
  "maximumBodyTiltRad": 1.8046554906502574,
  "meanEnergy": 611.967990561357,
  "meanSmoothness": 40.21622230767409,
  "peakActuator": 8.0,
  "motionQualityFootEvidenceAvailable": true,
  "motionQualityContactThresholdNewton": 1.0,
  "meanJointJerkRadPerSec3": 10747.235008760868,
  "peakJointJerkRadPerSec3": 62380.05510667815,
  "meanBodyAngularJerkRadPerSec3": 3085.553631158496,
  "peakBodyAngularJerkRadPerSec3": 19225.170659272077,
  "meanActionSlewRatePerSec": 183.82469700304082,
  "peakActionSlewRatePerSec": 800.0,
  "actuatorSaturationRate": 0.7400611620795107,
  "meanFootSlipSpeedMps": 0.22008806676630913,
  "peakFootSlipSpeedMps": 0.49430344387422526,
  "totalFootSlipDistanceM": 0.19807926008967822,
  "meanFootContactImpactNPerSec": 554.2655773074033,
  "peakFootContactImpactNPerSec": 15593.148465668028,
  "peakFootContactForceNewton": 311.86296931336057,
  "motionCommandSchedule": [
    {
      "atStep": 0,
      "atSeconds": 0.0,
      "command": [
        0.0,
        0.0,
        0.5
      ]
    }
  ],
  "transitionCount": 0,
  "transitions": [],
  "maximumTransitionTerminalPlanarTrackingError": 0.0,
  "maximumTransitionTerminalYawRateTrackingError": 0.0,
  "maximumPlanarSettlingTimeSeconds": 0.0,
  "maximumPlanarBrakingSettlingTimeSeconds": 0.0,
  "maximumYawRateSettlingTimeSeconds": 0.0,
  "maximumPlanarOvershootMps": 0.0,
  "maximumYawRateOvershootRadPerSec": 0.0,
  "unsettledPlanarTransitionCount": 0,
  "unsettledYawRateTransitionCount": 0,
  "initialBasePosition": [
    0.0,
    0.0,
    0.44
  ],
  "finalBasePosition": [
    0.5949084462577823,
    0.78516299683882,
    0.18192490762138025
  ],
  "netDisplacement": [
    0.5949084462577823,
    0.78516299683882,
    -0.25807509237861975
  ],
  "targetPlanarDisplacement": [
    0.0,
    0.0
  ],
  "forwardDisplacement": 0.0,
  "targetDistance": 0.0,
  "forwardProgress": 1.0,
  "signedForwardProgress": 1.0,
  "backwardDisplacement": 0.0,
  "meanForwardVelocity": 0.0,
  "lateralDrift": 0.9850873012244983,
  "distanceTraveled": 1.127888530613098
}
