{
  "terms": {
    "survival": 12.959999999999999,
    "velocityTracking": 14.150062114015471,
    "forwardProgress": 25.0,
    "upright": 17.049847918738156,
    "lateralDrift": -9.850873012244982,
    "transitionTracking": 0.0,
    "energy": -3.0598399528067852,
    "smoothness": -0.04021622230767409,
    "jointJerk": 0.0,
    "bodyAngularJerk": 0.0,
    "actionSlew": 0.0,
    "actuatorSaturation": 0.0,
    "footSlip": 0.0,
    "footImpact": 0.0,
    "componentMass": -1.2060000000000002,
    "sensorChannels": -1.07,
    "trainingSteps": -0.0
  },
  "total": 53.932980845394184
}
