{
  "terms": {
    "survival": 25.0,
    "velocityTracking": 15.428347919167898,
    "forwardProgress": 17.710015775423784,
    "upright": 10.136385666797093,
    "lateralDrift": -2.3032175741952036e-09,
    "transitionTracking": 0.0,
    "energy": -5.910839857935566,
    "smoothness": -0.14114294034631955,
    "componentMass": -1.5075,
    "sensorChannels": -5.3500000000000005,
    "trainingSteps": -0.0
  },
  "total": 55.36526656080367
}
