{
  "count": 8192.000100000001,
  "mean": [
    0.1791051987210363,
    0.44277430151447883,
    -0.3570252988102754,
    -0.19070577050833493,
    0.44506843834471854,
    -0.3526787427791027,
    0.17816981137854027,
    0.30221037434733056,
    -0.47272783009386576,
    -0.1614778489948704,
    0.3085914072295271,
    -0.4727227654372247,
    0.006981419174118063,
    0.06870764180643449,
    0.08985155851767643,
    -0.008174414526532052,
    0.07465367728856089,
    0.07597864303269942,
    0.01908534453299301,
    0.05429415517043727,
    0.06644373381339923,
    -0.007103649618819598,
    0.05617245345264629,
    0.06557020927804968,
    0.364389167410308,
    0.9167535415449877,
    -0.003862923210182346,
    0.09011305245050309,
    0.0094630543508109,
    0.07208415937815525,
    0.0052101596902720615,
    -0.04027320871557778,
    -0.00045524241952599545,
    0.06481719350787464,
    0.03406676810635078,
    -0.0019686245795359028,
    0.06139993160190453,
    0.0337511808679148,
    -1.2259871486567129,
    -0.003945542355491832,
    8.036357000491847,
    0.12834138512259746,
    -1.0985959290470293,
    -0.2453336375721591,
    -0.06933510139694683,
    -1.0344708249690286,
    -0.2309219468119747,
    0.07886702030895482,
    0.30047468133957306,
    0.6030290035881688,
    -0.13718651215419442,
    0.27628739685590575,
    0.6108105172083765,
    0.12715517448730207,
    -1.1052107755594685,
    -0.2294430981705624,
    -0.0735966563229953,
    -1.0435965971718226,
    -0.2181726750949512,
    0.06820078640907044,
    0.28411923271498946,
    0.6177196708562706,
    -0.14097719681540882,
    0.2638983896884743,
    0.6225222054967013,
    0.12547055620018957,
    -1.098298780581627,
    -0.23153518074152188,
    -0.07282076237807772,
    -1.0424090678772688,
    -0.2132761708753535,
    0.06424463475147472,
    0.28426632614691694,
    0.6154454647694935,
    -0.14600656133975148,
    0.26242982888707156,
    0.6225586185165762,
    0.1253588733244161,
    -1.1052369050254365,
    -0.23372508858179897,
    -0.07216765592812951,
    -1.0529984188257786,
    -0.20193056623621056,
    0.06598985455896643,
    0.274763834761059,
    0.6245529941395835,
    -0.1451936322499849,
    0.25242697644012496,
    0.6307592694153036,
    0.14063852558294318,
    -1.0870648875434281,
    -0.2563532114534461,
    -0.059966318318907925,
    -1.0289466707737385,
    -0.22617885715345787,
    0.09713778293903243,
    0.3083780769837698,
    0.5988722379614109,
    -0.12676026016241204,
    0.2684823614522416,
    0.6167892688779865,
    0.13820276577945734,
    -1.0933780054540008,
    -0.242075345009536,
    -0.06101289845884651,
    -1.0304473154953318,
    -0.2248555575805634,
    0.09221468367002186,
    0.29923550406482347,
    0.6046840984783747,
    -0.12612524782107215,
    0.26359683733300765,
    0.6235181770415942,
    0.1359043419173809,
    -1.0930579510515792,
    -0.24499589054897125,
    -0.06344304409781268,
    -1.0286119505319797,
    -0.2306623293760931,
    0.08533229295457138,
    0.29874882011882703,
    0.601413661237524,
    -0.13137773902397581,
    0.26894416171310664,
    0.6133777568442964,
    0.1291999207181366,
    -1.0950483045366415,
    -0.23603924385863628,
    -0.07246803138304324,
    -1.0348575252751822,
    -0.21956784184551537,
    0.0736609303315422,
    0.2883595597282349,
    0.6140631004195385,
    -0.13840354190500068,
    0.26339257343851685,
    0.6212995072528829,
    1.4799860108334446,
    0.24999999694824176,
    0.0,
    0.0,
    13.128724220053755,
    13.98041507105128,
    10.401987023208097,
    10.56333764993877
  ],
  "variance": [
    0.02327401836898615,
    0.049788906026239414,
    0.06546047119357555,
    0.021707881320945005,
    0.049616382114800926,
    0.06585221785951602,
    0.01888950353143334,
    0.05235150700827558,
    0.05456036141958589,
    0.019579826887868496,
    0.051286184258378456,
    0.054662347746872925,
    12.103987527147407,
    26.52470418927258,
    68.28181582960298,
    11.98583686764775,
    27.107237747526824,
    68.67357310224429,
    16.113128535952004,
    32.23638153730222,
    63.13412275605224,
    16.437436798244885,
    31.53330526126634,
    62.963571502131245,
    0.0068090866305299995,
    0.01877985453453229,
    0.006872845155484082,
    0.08872899369923391,
    0.036909690070013254,
    0.10733101508925406,
    0.0445117184930167,
    0.06917935841066224,
    3.2096749339764523,
    2.4059634959786784,
    0.6050324238447141,
    3.078130479656133,
    2.328192069246358,
    0.5930986910467352,
    104.51861839606437,
    41.02496481959229,
    185.1935740368747,
    25.86510276194233,
    47.8391737487058,
    54.2674798325206,
    25.968422307395056,
    48.1058979707103,
    54.26129090820287,
    33.96959070473977,
    49.666389548277145,
    53.82556609920396,
    33.855185745237335,
    49.50915204318144,
    54.005951300665195,
    26.093512731543452,
    48.10389149343238,
    54.59709047294949,
    26.184513108319024,
    48.34946134301298,
    54.60248549556854,
    34.20300408442336,
    49.98134031094805,
    54.122623255923045,
    34.092964724339076,
    49.81881148414273,
    54.31242125886612,
    26.320797780731112,
    48.38839605402745,
    54.88239807059937,
    26.409406494358926,
    48.6347229422203,
    54.86750733404204,
    34.448670503774316,
    50.23391745050399,
    54.42426904030129,
    34.31448609409229,
    50.06440106500693,
    54.62273565276212,
    26.54305491084296,
    48.6297065552957,
    55.183777754551315,
    26.63738498500713,
    48.88625384012735,
    55.18930181530146,
    34.68891250437016,
    50.56322583772272,
    54.71587498987032,
    34.5599550316227,
    50.35785033574383,
    54.91430573755238,
    25.414806002185706,
    47.36244991413723,
    53.764983092061186,
    25.518710238621452,
    47.64722621081159,
    53.74472223842077,
    33.4902422575584,
    49.14377183808991,
    53.31907619549314,
    33.35668496390677,
    49.028020654328934,
    53.50530412832009,
    25.648059145856873,
    47.613433667722894,
    54.048515289512444,
    25.724728068795514,
    47.892097665407476,
    54.056994721100594,
    33.72217539297631,
    49.46634783424418,
    53.63984508898389,
    33.60631617170788,
    49.31562714498618,
    53.788846195904235,
    25.86485629863063,
    47.91989814569345,
    54.35583771328306,
    25.93904734247637,
    48.17281598365507,
    54.34968960357791,
    33.97055803467006,
    49.719794704547965,
    53.92576165254318,
    33.8589345571806,
    49.580365833556804,
    54.10198338158413,
    26.08450757913778,
    48.17154969662438,
    54.64873768446742,
    26.175822192047672,
    48.415370405621424,
    54.65631378947968,
    34.198253037766904,
    50.0299376865391,
    54.197866157121396,
    34.07103825699437,
    49.86420715370483,
    54.39561586708743,
    1.1063171197940695,
    1e-06,
    1e-06,
    1e-06,
    701.6612536678157,
    785.6755855299959,
    765.2585728436437,
    836.325891334117
  ]
}
