{
  "count": 8192.000100000001,
  "mean": [
    0.0280065206335508,
    0.2541174708132095,
    -0.4439692651705987,
    -0.09632632116186518,
    0.26870476156690076,
    -0.4506317344473928,
    0.025537505530605163,
    0.2387050776645798,
    -0.5002653630496124,
    -0.09168983342336491,
    0.25095270079609383,
    -0.5011084808175739,
    -0.019368438904797263,
    0.010335095525556408,
    0.024618825109070687,
    0.000653223894896346,
    0.01295124163799826,
    0.024778585185075915,
    -0.013299839638746399,
    0.01753603916367759,
    0.013023151383335037,
    -0.0006348074402595819,
    0.0212677711158217,
    0.010964321257926483,
    0.1500731574376482,
    0.18173700898599257,
    -0.12387270399511079,
    0.2439132817152274,
    -0.017235100606011453,
    0.020188733034033252,
    0.013038792609850821,
    -0.018122488728220396,
    -0.04454360817941815,
    0.08397264584361909,
    -0.011327909781735278,
    -0.04917262053641396,
    0.08143295947230271,
    -0.011832261582520664,
    0.06086705076222957,
    0.5359339016878848,
    -7.73613924739612,
    0.09045987056155845,
    -0.15401555573786935,
    -0.050193070537214925,
    -0.007630024176439408,
    -0.16959269557261558,
    -0.058296498407773276,
    0.09108259191361291,
    -0.11098114428481351,
    0.22074861067949317,
    -0.019407581677437932,
    -0.118628159988319,
    0.21459577438383806,
    0.09033802256991758,
    -0.15631939365532035,
    -0.05143896232816579,
    -0.007876734035419442,
    -0.1734566022951706,
    -0.05721660017977662,
    0.0908154833917414,
    -0.11262651684134813,
    0.2242104707940723,
    -0.020043127181991714,
    -0.1172450054184723,
    0.21311391809352814,
    0.0940554451093241,
    -0.15676615461326154,
    -0.05109567846675108,
    -0.004504360228760404,
    -0.17341173756352976,
    -0.058547467177412965,
    0.09438347745921659,
    -0.1134608342856815,
    0.22424376635621898,
    -0.01680876777995774,
    -0.11977074719732149,
    0.21712722249393165,
    0.09085644313530032,
    -0.15261218366611726,
    -0.05694931584281323,
    -0.00796958935174712,
    -0.17032157229233563,
    -0.062393575428993465,
    0.09116961190699167,
    -0.11837845270055974,
    0.22953859743592137,
    -0.020239599857638593,
    -0.12259940264563923,
    0.21912649299787604,
    0.08893019398918692,
    -0.1510377735972265,
    -0.05409646121394804,
    -0.009147812280969985,
    -0.1667991003718161,
    -0.062211436415725074,
    0.0898067508724963,
    -0.11388246173323445,
    0.2242204949475796,
    -0.020674088731481743,
    -0.12217685848179577,
    0.21837336189109285,
    0.0908021631150632,
    -0.1528095496066809,
    -0.052157229690105986,
    -0.0073903504749564305,
    -0.16954476263868867,
    -0.05833446771298104,
    0.09132979834129162,
    -0.11251747437421314,
    0.22272353206757525,
    -0.01931473820834247,
    -0.11794855282054177,
    0.21284994313398334,
    0.09387565298248783,
    -0.15758564770912906,
    -0.04946333557620535,
    -0.004306514293017819,
    -0.17342775455271234,
    -0.05722890461788936,
    0.09444900645605059,
    -0.11149356061307789,
    0.2222629364243775,
    -0.01635920902129613,
    -0.11809181625592982,
    0.21506454632617897,
    0.09230879522400422,
    -0.1558234014445092,
    -0.0530752915776525,
    -0.006494113509212861,
    -0.17339381109584617,
    -0.05855899853851048,
    0.0925971403146594,
    -0.11496392127223208,
    0.226237156532131,
    -0.018692323427764033,
    -0.11869496876018681,
    0.21516881329835152,
    0.6582029454604316,
    0.20000000053882577,
    0.0,
    0.0,
    3.396064024831603,
    3.681869546177623,
    2.6442440999449888,
    2.8322575508598966
  ],
  "variance": [
    0.05319454634203485,
    0.1024494657485016,
    0.04426783078388591,
    0.04697751666243164,
    0.08875407038778507,
    0.0504456205087634,
    0.055574515001242476,
    0.0968119138061024,
    0.035389348259111296,
    0.04845139389918476,
    0.08665935400966725,
    0.04047392260729908,
    14.007819529642983,
    14.90384250984809,
    39.883645228437636,
    14.02366171379611,
    15.208835322250202,
    39.80099933083573,
    16.348944988584538,
    14.885394837945123,
    37.16507831405336,
    16.291128055166862,
    14.849441917324254,
    37.17362104500909,
    0.019727401606625925,
    0.1875562294606371,
    0.5600024325216646,
    0.13709975699409516,
    0.0071546228079628835,
    0.02753398661349441,
    0.13483551754831374,
    0.050855395211500544,
    5.555184227545201,
    1.0431827055735634,
    0.2066013878252209,
    5.390933627510553,
    1.0175227492991017,
    0.20348592159168863,
    22.523466023781992,
    33.713512857169164,
    281.70876983579126,
    44.415957941443146,
    41.629340058065544,
    56.380871379515625,
    44.671231366641216,
    44.06876779776306,
    56.106033236071454,
    47.616491118490316,
    40.29826676178118,
    55.541925096380766,
    47.926427600421796,
    39.58540807286531,
    55.750522851724725,
    44.498678630671385,
    41.69896378586129,
    56.459321210981805,
    44.75453604839202,
    44.146188519741344,
    56.18126435276917,
    47.69755801900442,
    40.360420021291404,
    55.61767333582778,
    48.010658299800006,
    39.63049824126013,
    55.82776326991112,
    44.57917517626011,
    41.7375289671751,
    56.54877661228824,
    44.84143166355437,
    44.19273155486765,
    56.26771577238843,
    47.7732371805248,
    40.41044924658235,
    55.71111052442594,
    48.09440833825662,
    39.69225498116015,
    55.917706316224006,
    44.66465384940949,
    41.80656674493896,
    56.641677883853085,
    44.92946480889198,
    44.271372844086955,
    56.36048764798018,
    47.859164010847095,
    40.47278995767127,
    55.79496223923852,
    48.18179207450632,
    39.76223406884201,
    56.01082940305146,
    44.35983933055676,
    41.57554955328736,
    56.31782926631667,
    44.61401388834101,
    44.01702647883637,
    56.042870918803196,
    47.5613069223206,
    40.24548233007686,
    55.48421374500067,
    47.87088382074217,
    39.52656712890124,
    55.687960913435106,
    44.441948845892476,
    41.642220082070835,
    56.41157653902731,
    44.698082164898736,
    44.08470890698949,
    56.134796196024375,
    47.64402853545986,
    40.30772132408066,
    55.57171389946742,
    47.955676389367326,
    39.59323765234769,
    55.779767255139575,
    44.524522539376306,
    41.71148423710401,
    56.49068718749703,
    44.78117611248668,
    44.167396103406254,
    56.212511354252364,
    47.72469077042187,
    40.367690199463794,
    55.649264518738576,
    48.03857210632963,
    39.63906560720044,
    55.857773327249895,
    44.60779732617221,
    41.75001790317308,
    56.579395854658394,
    44.872360514689156,
    44.21520762960816,
    56.29947252084842,
    47.801900250695944,
    40.41797185797068,
    55.740241554972194,
    48.1252156712917,
    39.70089449626494,
    55.94988115388047,
    0.22495293677454134,
    1e-06,
    1e-06,
    1e-06,
    154.8903060587459,
    194.61426082643408,
    149.94995797628798,
    174.52997597295803
  ]
}
