{
  "durationSeconds": 4.999999999999671,
  "steps": 250,
  "survivalRate": 1.0,
  "fell": false,
  "motionCommand": [
    0.25,
    0.0,
    0.0
  ],
  "meanMotionCommand": [
    0.25,
    0.0,
    0.0
  ],
  "meanMeasuredMotion": [
    0.10438301917666491,
    7.935575284869817e-15,
    -1.3629211356329138e-15
  ],
  "planarVelocityTrackingError": 0.14561698082333507,
  "yawRateTrackingError": 1.3629211356329138e-15,
  "meanVelocityTrackingError": 0.2048340205772597,
  "meanPlanarVelocityTrackingError": 0.2048340205772597,
  "meanYawRateTrackingError": 6.953720689438796e-14,
  "meanUpright": 0.9430540111833288,
  "meanEnergy": 184.61957380308905,
  "meanSmoothness": 122.94653000936547,
  "peakActuator": 8.0,
  "motionCommandSchedule": [
    {
      "atStep": 0,
      "atSeconds": 0.0,
      "command": [
        0.25,
        0.0,
        0.0
      ]
    }
  ],
  "transitionCount": 0,
  "transitions": [],
  "maximumTransitionTerminalPlanarTrackingError": 0.0,
  "maximumTransitionTerminalYawRateTrackingError": 0.0,
  "maximumPlanarSettlingTimeSeconds": 0.0,
  "maximumPlanarBrakingSettlingTimeSeconds": 0.0,
  "maximumYawRateSettlingTimeSeconds": 0.0,
  "maximumPlanarOvershootMps": 0.0,
  "maximumYawRateOvershootRadPerSec": 0.0,
  "unsettledPlanarTransitionCount": 0,
  "unsettledYawRateTransitionCount": 0,
  "initialBasePosition": [
    0.0,
    0.0,
    0.44
  ],
  "finalBasePosition": [
    0.5171490945757705,
    3.954357510997391e-14,
    0.42389444794549014
  ],
  "netDisplacement": [
    0.5171490945757705,
    3.954357510997391e-14,
    -0.016105552054509864
  ],
  "targetPlanarDisplacement": [
    1.25,
    0.0
  ],
  "forwardDisplacement": 0.5171490945757705,
  "targetDistance": 1.25,
  "forwardProgress": 0.4137192756606164,
  "meanForwardVelocity": 0.1034298189151609,
  "lateralDrift": 3.954357510997391e-14,
  "distanceTraveled": 0.7547214433941559
}
