{
  "terms": {
    "survival": 30.0,
    "velocityTracking": 24.899695300458408,
    "forwardProgress": 10.342981891515409,
    "upright": 14.145810167749932,
    "lateralDrift": -3.954357510997391e-13,
    "transitionTracking": 0.0,
    "energy": -0.9230978690154453,
    "smoothness": -0.12294653000936548,
    "componentMass": -1.2060000000000002,
    "sensorChannels": -1.07,
    "trainingSteps": -0.0
  },
  "total": 76.06644296069854
}
