{
  "terms": {
    "survival": 30.0,
    "velocityTracking": 16.64956320008908,
    "forwardProgress": 6.492341065271052,
    "upright": 14.140446077993728,
    "lateralDrift": -1.5897381609535,
    "transitionTracking": 6.035106659076687,
    "energy": -0.9799909048597981,
    "smoothness": -0.13912236374111786,
    "componentMass": -1.2060000000000002,
    "sensorChannels": -1.07,
    "trainingSteps": -0.0
  },
  "total": 68.33260557287613
}
