{
  "count": 16384.0001,
  "mean": [
    0.1858433097991306,
    0.4324445053091888,
    -0.3421875038588467,
    -0.18368849437757712,
    0.4275083175704599,
    -0.3442895946894464,
    0.1737957245222923,
    0.3137463905691289,
    -0.4918842772087302,
    -0.1715325339662633,
    0.3125343409203798,
    -0.49223589876745993,
    0.002313069309381077,
    0.0624910119413302,
    0.07053708632103914,
    -0.004155527242157182,
    0.056611158125387445,
    0.07294277095300994,
    0.009884709754552051,
    0.026758129524735802,
    0.04100035004591224,
    -0.003069985449676707,
    0.029766092530139607,
    0.03561878490626724,
    0.3443734878282593,
    0.8783289538611799,
    -0.0030592054255484803,
    0.2302089261915834,
    -0.022046940055556782,
    0.11445011590858686,
    0.0024272826089771333,
    -0.03801797851165866,
    -0.018767336702024278,
    0.26651064209975867,
    -0.024919022742609296,
    -0.018594643917874885,
    0.2599385504393503,
    -0.024795066846834985,
    -3.617486870600695,
    -0.0807192334016781,
    6.264577019628775,
    0.12348945352593035,
    -1.4723244258399835,
    -0.6979412247584367,
    -0.10616130154426216,
    -1.4431746607736131,
    -0.6754909931851227,
    0.18266432497358112,
    0.42777801195686405,
    0.5568563031486222,
    -0.18133897940987254,
    0.44286599721129427,
    0.567335683157756,
    0.12593538664769885,
    -1.488183826314237,
    -0.6794463873088253,
    -0.10696645322615034,
    -1.4563355462700638,
    -0.6586141915054804,
    0.17900919243983732,
    0.4078428641075601,
    0.580815588323944,
    -0.1801024449928183,
    0.42299740409089504,
    0.5899763993262688,
    0.1294359005706794,
    -1.4819268798745242,
    -0.688750247504056,
    -0.10964182406125872,
    -1.4463824093202284,
    -0.6708446077692389,
    0.1814995308185304,
    0.41281475751130603,
    0.5743204349043628,
    -0.18547479972638078,
    0.4284126511432553,
    0.5859120918708747,
    0.13228064513935064,
    -1.496827006957909,
    -0.6707758916205367,
    -0.10909309074952628,
    -1.4599670538216154,
    -0.6555261291211278,
    0.18127182416718132,
    0.39288180823404856,
    0.5952954207141153,
    -0.181416510586787,
    0.4082585598825895,
    0.6075683207723551,
    0.12340176703331787,
    -1.471280890518085,
    -0.6953040498875384,
    -0.10115219053999264,
    -1.4422562498931233,
    -0.6749704798835494,
    0.18775601844718456,
    0.4260657028289285,
    0.5538471925649888,
    -0.1729725792312902,
    0.43990693759854466,
    0.5670693227752435,
    0.12381447630022144,
    -1.4785311021195011,
    -0.6829580374613242,
    -0.10209601591488433,
    -1.4507872181203176,
    -0.6611427340732907,
    0.18404653903060184,
    0.419000953697555,
    0.5658807331214476,
    -0.1703509220498035,
    0.433228999256469,
    0.5784238909497664,
    0.12476254269483898,
    -1.465643217825627,
    -0.6980357273160622,
    -0.10494740755523049,
    -1.4373769510608954,
    -0.6752980428602434,
    0.18322385345796638,
    0.431345014694284,
    0.5569123811776601,
    -0.1777846522569777,
    0.44783388681246766,
    0.5662398216223944,
    0.12578677108753442,
    -1.4821302164664376,
    -0.6803624565764012,
    -0.10727525109462935,
    -1.4497962643220323,
    -0.6583924227027564,
    0.17957800333395765,
    0.41075000381249527,
    0.5794123016833611,
    -0.17923338482337167,
    0.42819209833976235,
    0.5892581145234982,
    12.552914293157018,
    12.486947081390596,
    7.091327970256773,
    7.077007128976107
  ],
  "variance": [
    0.01404944612030072,
    0.033199850908390616,
    0.04323751015805763,
    0.014335475779103716,
    0.03363594816132623,
    0.04313519898190207,
    0.011820177917965495,
    0.02568195977896851,
    0.029675047966702253,
    0.01176695398904802,
    0.02644463750184858,
    0.029437997337584617,
    7.512387932764439,
    17.53266123917958,
    43.95776011368691,
    7.514694850407888,
    17.490308142468,
    43.60860507997294,
    9.872040028437834,
    20.8431154499848,
    41.98044793357209,
    9.896192736578724,
    20.825620467812413,
    41.921638777462185,
    0.00685191512861927,
    0.025708464923588727,
    0.010892576372110987,
    0.0943146084871158,
    0.044123086956644283,
    0.09272725965348033,
    0.03433329821562599,
    0.04614315066234829,
    2.2764208599774562,
    1.8316831914469072,
    0.4391182335794067,
    2.1755299791538243,
    1.7670213866794553,
    0.43105415717582596,
    95.9225340953332,
    30.115617852686206,
    119.8985368284687,
    17.808458478284027,
    46.449166696962486,
    51.87460967627482,
    17.859198125368817,
    46.409661332311565,
    51.84300390933168,
    22.71413952243951,
    50.25363806348392,
    55.51812454252399,
    22.67701226455445,
    50.18994687790997,
    55.46844923360565,
    17.930003455986444,
    46.59787518793251,
    52.16038363354379,
    17.975603306592628,
    46.567769861873536,
    52.14141986907936,
    22.85933185019844,
    50.500405342869065,
    55.762854039516284,
    22.84321714733443,
    50.4462338564777,
    55.71886426213173,
    18.043443004853547,
    46.87327705849789,
    52.42155467296881,
    18.088385944698643,
    46.84154431023048,
    52.394860110127624,
    23.008147710061177,
    50.756899888033765,
    56.02746486838644,
    22.99078280874802,
    50.71465362733877,
    55.983430938061076,
    18.168128577582287,
    47.0333646030733,
    52.716681048295676,
    18.21358286872062,
    46.999590476648144,
    52.67682609872568,
    23.162505926232395,
    51.013568802400826,
    56.27863113148752,
    23.147511021698726,
    50.96330602130798,
    56.22500125696464,
    17.63472397880912,
    46.24721616123047,
    51.664060818373045,
    17.67890075318116,
    46.21800194661405,
    51.6238681168636,
    22.504767145588055,
    50.06404556846516,
    55.32508228025553,
    22.477888879908345,
    50.00032361149485,
    55.26488334114779,
    17.760392451035678,
    46.42946333340615,
    51.9551304352879,
    17.80130800787476,
    46.379710915007706,
    51.913378567870765,
    22.669753237205935,
    50.30418421493094,
    55.560318994274866,
    22.644472775686218,
    50.23557728113718,
    55.5196851124828,
    17.861377820969903,
    46.725302636351444,
    52.19598897581561,
    17.905054620187627,
    46.68545022580829,
    52.16773533150679,
    22.808899937941824,
    50.54592812611202,
    55.82472540751887,
    22.788645757447025,
    50.47967487312376,
    55.78157330551122,
    17.976317833130757,
    46.87901358355741,
    52.48882560177721,
    18.02816378868282,
    46.845258099495666,
    52.46471785931043,
    22.96576814932125,
    50.78190028694675,
    56.07487459848784,
    22.94440376472175,
    50.73466014636802,
    56.02920588896535,
    476.7607437586195,
    479.3550567460918,
    489.79986527085185,
    504.8435455957583
  ]
}
