{
  "terms": {
    "survival": 10.0,
    "velocityTracking": 3.986340178206288,
    "forwardProgress": 1.5253935232970008,
    "upright": 0.5453053469641388,
    "lateralDrift": -0.1758885344564615,
    "transitionTracking": 0.22793984220546026,
    "energy": -0.7734931889644102,
    "smoothness": -0.06534955650957498,
    "jointJerk": 0.0,
    "bodyAngularJerk": 0.0,
    "actionSlew": 0.0,
    "actuatorSaturation": -0.36518518518518517,
    "footSlip": 0.0,
    "footImpact": 0.0,
    "selfRighting": 0.0,
    "recoveryTime": -30.6,
    "jointLimitMargin": -0.058440832910455376,
    "componentMass": -3.015,
    "sensorChannels": -2.14,
    "trainingSteps": -0.0
  },
  "total": -20.9083784073532
}
