{
  "durationSeconds": 6.499999999999506,
  "steps": 325,
  "survivalRate": 1.0,
  "fell": false,
  "motionCommand": [
    0.0,
    0.0,
    0.038461538461538464
  ],
  "meanMotionCommand": [
    0.0,
    0.0,
    0.038461538461538464
  ],
  "meanMeasuredMotion": [
    0.02899892806252737,
    0.07820371168277379,
    0.18399204587708778
  ],
  "planarVelocityTrackingError": 0.08340718404153234,
  "yawRateTrackingError": 0.14553050741554932,
  "meanVelocityTrackingError": 0.6022883552709459,
  "meanPlanarVelocityTrackingError": 0.22819791553321722,
  "meanYawRateTrackingError": 0.5118584310798919,
  "meanUpright": 0.8249469898218901,
  "meanEnergy": 196.93367664712093,
  "meanSmoothness": 135.07215619573697,
  "peakActuator": 8.0,
  "motionCommandSchedule": [
    {
      "atStep": 0,
      "atSeconds": 0.0,
      "command": [
        0.0,
        0.0,
        0.5
      ]
    },
    {
      "atStep": 125,
      "atSeconds": 2.5,
      "command": [
        0.0,
        0.0,
        -0.5
      ]
    },
    {
      "atStep": 225,
      "atSeconds": 4.5,
      "command": [
        0.0,
        0.0,
        0.0
      ]
    }
  ],
  "transitionCount": 2,
  "transitions": [
    {
      "index": 1,
      "atStep": 125,
      "atSeconds": 2.5,
      "endStep": 225,
      "fromCommand": [
        0.0,
        0.0,
        0.5
      ],
      "toCommand": [
        0.0,
        0.0,
        -0.5
      ],
      "sampleCount": 100,
      "peakPlanarTrackingError": 0.3416886162844475,
      "peakYawRateTrackingError": 1.4213418611654145,
      "terminalMeasuredMotion": [
        0.08081395274842072,
        0.14672936786649204,
        -0.23621662487385212
      ],
      "terminalPlanarTrackingError": 0.1675123946259629,
      "terminalYawRateTrackingError": 0.2637833751261479,
      "planarOvershootMps": 0.0,
      "yawRateOvershootRadPerSec": 0.41395407299697096,
      "planarSettlingTimeSeconds": 2.0,
      "yawRateSettlingTimeSeconds": 2.0,
      "planarSettled": false,
      "yawRateSettled": false
    },
    {
      "index": 2,
      "atStep": 225,
      "atSeconds": 4.5,
      "endStep": 325,
      "fromCommand": [
        0.0,
        0.0,
        -0.5
      ],
      "toCommand": [
        0.0,
        0.0,
        0.0
      ],
      "sampleCount": 100,
      "peakPlanarTrackingError": 1.0082351191884946,
      "peakYawRateTrackingError": 1.7541844321993756,
      "terminalMeasuredMotion": [
        0.015955587037235597,
        0.03130568620537329,
        -0.03879864366081283
      ],
      "terminalPlanarTrackingError": 0.03513725581903202,
      "terminalYawRateTrackingError": 0.03879864366081283,
      "planarOvershootMps": 0.0,
      "yawRateOvershootRadPerSec": 1.7541844321993756,
      "planarSettlingTimeSeconds": 1.8,
      "yawRateSettlingTimeSeconds": 1.06,
      "planarSettled": true,
      "yawRateSettled": true
    }
  ],
  "maximumTransitionTerminalPlanarTrackingError": 0.1675123946259629,
  "maximumTransitionTerminalYawRateTrackingError": 0.2637833751261479,
  "maximumPlanarSettlingTimeSeconds": 2.0,
  "maximumYawRateSettlingTimeSeconds": 2.0,
  "maximumPlanarOvershootMps": 0.0,
  "maximumYawRateOvershootRadPerSec": 1.7541844321993756,
  "unsettledPlanarTransitionCount": 1,
  "unsettledYawRateTransitionCount": 1,
  "initialBasePosition": [
    0.0,
    0.0,
    0.44
  ],
  "finalBasePosition": [
    0.19231138122222696,
    0.5098158221891118,
    0.2514150250106298
  ],
  "netDisplacement": [
    0.19231138122222696,
    0.5098158221891118,
    -0.1885849749893702
  ],
  "targetPlanarDisplacement": [
    0.0,
    0.0
  ],
  "forwardDisplacement": 0.0,
  "targetDistance": 0.0,
  "forwardProgress": 1.0,
  "meanForwardVelocity": 0.0,
  "lateralDrift": 0.5448814916125898,
  "distanceTraveled": 1.4416745623087759
}
