{
  "terms": {
    "survival": 30.0,
    "velocityTracking": 12.482147757117048,
    "forwardProgress": 10.0,
    "upright": 12.37420484732835,
    "lateralDrift": -2.724407458062949,
    "transitionTracking": 4.175086306946107,
    "energy": -0.9846683832356047,
    "smoothness": -0.13507215619573698,
    "componentMass": -1.2060000000000002,
    "sensorChannels": -1.07,
    "trainingSteps": -0.0
  },
  "total": 62.911290913897226
}
