{
  "terms": {
    "survival": 25.0,
    "velocityTracking": 12.515082507818306,
    "forwardProgress": 7.073494473969523,
    "upright": 6.83054569980006,
    "lateralDrift": -1.3141791019809128,
    "transitionTracking": 0.0,
    "energy": -6.45725173371914,
    "smoothness": -0.15347661570036158,
    "componentMass": -1.5075,
    "sensorChannels": -5.3500000000000005,
    "trainingSteps": -0.0
  },
  "total": 36.63671523018748
}
