{
  "count": 4096.0001,
  "mean": [
    0.27585497821642585,
    -0.5123050664759952,
    0.28089704973243923,
    -0.5072018477211779,
    0.24951365734163483,
    -0.5594386316249108,
    0.25324382200793755,
    -0.5593551990161699,
    -0.003508686792077894,
    0.06603538574347666,
    -0.004161240131346397,
    0.06155718117953161,
    0.0484579082178016,
    0.014332544628567586,
    0.05056383633665707,
    0.02264277499162414,
    0.42086552970292956,
    0.9904455515979219,
    -0.002564233290902522,
    -0.07467966442398663,
    -0.0014144535601015441,
    0.06988340534168408,
    0.005229954013589823,
    -0.004389196787842588,
    -0.008385449003900073,
    -0.10795427640806267,
    -0.005610747162785045,
    -0.008533794270892717,
    -0.11394676149177087,
    -0.005895811139678541,
    1.4846195186208175,
    -0.07637264034586318,
    10.12860548920825,
    11.736105888705241,
    10.813217854477351,
    18.628949660773372,
    18.47197428750416
  ],
  "variance": [
    0.018669751861974327,
    0.009907295258784062,
    0.019527286945835737,
    0.009813981294732717,
    0.015221434354803031,
    0.011232726437308407,
    0.01320849344004078,
    0.011179727732065917,
    5.82102087713716,
    15.4753877910888,
    5.954548504880957,
    15.672075355403534,
    3.319993213823016,
    6.843575138385737,
    3.3348206558847164,
    6.8623396101509675,
    0.0005684305520012495,
    0.002941975065585047,
    0.0003968362908890762,
    0.009041222352762656,
    0.0010698066064662203,
    0.07779663037336661,
    0.005677199955055346,
    0.012165810713443822,
    0.030571265800155106,
    0.5134460862768756,
    0.022796011730263067,
    0.030133908442813235,
    0.49274367723939366,
    0.022638048269265767,
    14.91332909575942,
    5.179692354851625,
    56.77913541161085,
    287.37597408883295,
    276.03176375030995,
    345.0936573140689,
    317.4152566381034
  ]
}
