{
  "durationSeconds": 4.999999999999671,
  "steps": 250,
  "survivalRate": 1.0,
  "fell": false,
  "motionCommand": [
    0.25,
    0.0,
    0.0
  ],
  "meanMotionCommand": [
    0.25,
    0.0,
    0.0
  ],
  "meanMeasuredMotion": [
    0.12242619221270755,
    0.04356552368213811,
    -0.008424885740493143
  ],
  "planarVelocityTrackingError": 0.1348073858772136,
  "yawRateTrackingError": 0.008424885740493143,
  "meanVelocityTrackingError": 0.5573885993336168,
  "meanPlanarVelocityTrackingError": 0.30551276038567976,
  "meanYawRateTrackingError": 0.35552190857172294,
  "meanUpright": 0.5393090928870858,
  "meanEnergy": 626.3048157559531,
  "meanSmoothness": 33.721698086315925,
  "peakActuator": 8.0,
  "motionCommandSchedule": [
    {
      "atStep": 0,
      "atSeconds": 0.0,
      "command": [
        0.25,
        0.0,
        0.0
      ]
    }
  ],
  "transitionCount": 0,
  "transitions": [],
  "maximumTransitionTerminalPlanarTrackingError": 0.0,
  "maximumTransitionTerminalYawRateTrackingError": 0.0,
  "maximumPlanarSettlingTimeSeconds": 0.0,
  "maximumPlanarBrakingSettlingTimeSeconds": 0.0,
  "maximumYawRateSettlingTimeSeconds": 0.0,
  "maximumPlanarOvershootMps": 0.0,
  "maximumYawRateOvershootRadPerSec": 0.0,
  "unsettledPlanarTransitionCount": 0,
  "unsettledYawRateTransitionCount": 0,
  "initialBasePosition": [
    0.0,
    0.0,
    0.44
  ],
  "finalBasePosition": [
    0.6169329828507613,
    0.21785122189687134,
    0.25063852220740235
  ],
  "netDisplacement": [
    0.6169329828507613,
    0.21785122189687134,
    -0.18936147779259765
  ],
  "targetPlanarDisplacement": [
    1.25,
    0.0
  ],
  "forwardDisplacement": 0.6169329828507613,
  "targetDistance": 1.25,
  "forwardProgress": 0.493546386280609,
  "signedForwardProgress": 0.493546386280609,
  "backwardDisplacement": 0.0,
  "meanForwardVelocity": 0.12338659657016036,
  "lateralDrift": 0.21785122189687134,
  "distanceTraveled": 1.3618801943694816
}
