{
  "terms": {
    "survival": 25.0,
    "velocityTracking": 12.842010021492193,
    "forwardProgress": 24.67731931403045,
    "upright": 8.089636393306288,
    "lateralDrift": -2.1785122189687134,
    "transitionTracking": 0.0,
    "energy": -6.263048157559531,
    "smoothness": -0.16860849043157963,
    "componentMass": -1.5075,
    "sensorChannels": -5.3500000000000005,
    "trainingSteps": -0.0
  },
  "total": 55.1412968618691
}
