{
  "count": 8192.000100000001,
  "mean": [
    0.18542372899772855,
    0.4219053449677689,
    -0.32959323703338733,
    -0.19715671049586947,
    0.4205188054687965,
    -0.33224282684760315,
    0.18680819470960186,
    0.3100829255694884,
    -0.49855662187142014,
    -0.18952695729945582,
    0.3094083533701483,
    -0.5001920735294794,
    0.006013188532942727,
    0.04505305132174211,
    0.07979611406529791,
    -0.009665299508266683,
    0.042679553468851626,
    0.08038621917109971,
    0.009170697720651969,
    0.008290247055224586,
    0.055624211228166,
    -0.010979060281289619,
    0.009803007423489593,
    0.050662722483949915,
    0.3393010932049743,
    0.8784757714217113,
    0.009752417166976932,
    0.2735973268355695,
    -0.01795704578636995,
    0.16164816577538738,
    0.005796457995131276,
    -0.038440794074687513,
    0.016254445445181443,
    0.3185826969529078,
    -0.017049616574174278,
    0.016148892119773436,
    0.31077150981681073,
    -0.017041548460988005,
    -4.0955609644322495,
    -0.03233291285836721,
    5.740143533676811,
    12.980983135580951,
    12.37244809773035,
    6.363236853110574,
    6.016660635499139
  ],
  "variance": [
    0.006760225668004452,
    0.020209907217600874,
    0.024268072438588334,
    0.004957168943317062,
    0.020069855267478242,
    0.024268230526992538,
    0.0032884084006253645,
    0.014229520211951391,
    0.010864813140774279,
    0.003468970136520284,
    0.014116934241825127,
    0.010648936430074743,
    2.3787075178052772,
    10.33212777248224,
    24.347078521710507,
    2.646889432991008,
    10.270349884989235,
    24.61193118794198,
    3.839127806749057,
    12.277458716068223,
    24.786977092153894,
    3.8342783403699756,
    12.273098191375652,
    24.79968206333242,
    0.006512432052117847,
    0.026507453723118357,
    0.00791403344998656,
    0.09799474096649366,
    0.020586976757031483,
    0.08139597757338744,
    0.008189833241219227,
    0.03393775063196078,
    0.8305453934995481,
    1.3119413529741977,
    0.1478101511710179,
    0.7834383387167838,
    1.2453310714268662,
    0.14455789110435785,
    78.82323117923201,
    14.423141402871078,
    95.39512162782844,
    259.53312347510644,
    248.06695142841852,
    257.33490612774017,
    231.1291949676582
  ]
}
