{
  "durationSeconds": 4.999999999999671,
  "steps": 250,
  "survivalRate": 1.0,
  "fell": false,
  "motionCommand": [
    0.25,
    0.0,
    0.0
  ],
  "meanMotionCommand": [
    0.25,
    0.0,
    0.0
  ],
  "meanMeasuredMotion": [
    0.06917256218432145,
    1.1914376122652899e-14,
    3.792127071328093e-15
  ],
  "planarVelocityTrackingError": 0.18082743781567856,
  "yawRateTrackingError": 3.792127071328093e-15,
  "meanVelocityTrackingError": 0.21648599557995027,
  "meanPlanarVelocityTrackingError": 0.21648599557995027,
  "meanYawRateTrackingError": 7.028243546371463e-14,
  "meanUpright": 0.9413225284865882,
  "meanEnergy": 190.8029892342972,
  "meanSmoothness": 129.3851110085357,
  "peakActuator": 8.0,
  "motionCommandSchedule": [
    {
      "atStep": 0,
      "atSeconds": 0.0,
      "command": [
        0.25,
        0.0,
        0.0
      ]
    }
  ],
  "transitionCount": 0,
  "transitions": [],
  "maximumTransitionTerminalPlanarTrackingError": 0.0,
  "maximumTransitionTerminalYawRateTrackingError": 0.0,
  "maximumPlanarSettlingTimeSeconds": 0.0,
  "maximumPlanarBrakingSettlingTimeSeconds": 0.0,
  "maximumYawRateSettlingTimeSeconds": 0.0,
  "maximumPlanarOvershootMps": 0.0,
  "maximumYawRateOvershootRadPerSec": 0.0,
  "unsettledPlanarTransitionCount": 0,
  "unsettledYawRateTransitionCount": 0,
  "initialBasePosition": [
    0.0,
    0.0,
    0.44
  ],
  "finalBasePosition": [
    0.34345254224252936,
    5.777073389661908e-14,
    0.4226143230762525
  ],
  "netDisplacement": [
    0.34345254224252936,
    5.777073389661908e-14,
    -0.017385676923747484
  ],
  "targetPlanarDisplacement": [
    1.25,
    0.0
  ],
  "forwardDisplacement": 0.34345254224252936,
  "targetDistance": 1.25,
  "forwardProgress": 0.2747620337940235,
  "meanForwardVelocity": 0.06869050844851039,
  "lateralDrift": 5.777073389661908e-14,
  "distanceTraveled": 0.5456553100635565
}
