{
  "terms": {
    "survival": 30.0,
    "velocityTracking": 24.661196354913837,
    "forwardProgress": 6.8690508448505865,
    "upright": 14.119837927298823,
    "lateralDrift": -5.777073389661908e-13,
    "transitionTracking": 0.0,
    "energy": -0.954014946171486,
    "smoothness": -0.1293851110085357,
    "componentMass": -1.2060000000000002,
    "sensorChannels": -1.07,
    "trainingSteps": -0.0
  },
  "total": 72.29068506988264
}
