{
  "durationSeconds": 1.500000000000001,
  "steps": 75,
  "survivalRate": 0.296,
  "fell": true,
  "motionCommand": [
    0.25,
    0.0,
    0.0
  ],
  "meanMotionCommand": [
    0.25,
    0.0,
    0.0
  ],
  "meanMeasuredMotion": [
    0.33458561764352895,
    -0.0009036704622073329,
    0.0040950800144061265
  ],
  "planarVelocityTrackingError": 0.08459044468757415,
  "yawRateTrackingError": 0.0040950800144061265,
  "meanVelocityTrackingError": 0.26410770129820593,
  "meanPlanarVelocityTrackingError": 0.24884730396196655,
  "meanYawRateTrackingError": 0.030694010700957928,
  "meanUpright": 0.573940410741902,
  "meanEnergy": 555.4597358893834,
  "meanSmoothness": 23.997819640837847,
  "peakActuator": 8.0,
  "motionCommandSchedule": [
    {
      "atStep": 0,
      "atSeconds": 0.0,
      "command": [
        0.25,
        0.0,
        0.0
      ]
    }
  ],
  "transitionCount": 0,
  "transitions": [],
  "maximumTransitionTerminalPlanarTrackingError": 0.0,
  "maximumTransitionTerminalYawRateTrackingError": 0.0,
  "maximumPlanarSettlingTimeSeconds": 0.0,
  "maximumPlanarBrakingSettlingTimeSeconds": 0.0,
  "maximumYawRateSettlingTimeSeconds": 0.0,
  "maximumPlanarOvershootMps": 0.0,
  "maximumYawRateOvershootRadPerSec": 0.0,
  "unsettledPlanarTransitionCount": 0,
  "unsettledYawRateTransitionCount": 0,
  "initialBasePosition": [
    0.0,
    0.0,
    0.44
  ],
  "finalBasePosition": [
    0.4984679068369908,
    -0.001209955284315078,
    0.179963833879764
  ],
  "netDisplacement": [
    0.4984679068369908,
    -0.001209955284315078,
    -0.260036166120236
  ],
  "targetPlanarDisplacement": [
    1.25,
    0.0
  ],
  "forwardDisplacement": 0.4984679068369908,
  "targetDistance": 1.25,
  "forwardProgress": 0.3987743254695927,
  "signedForwardProgress": 0.3987743254695927,
  "backwardDisplacement": 0.0,
  "meanForwardVelocity": 0.33231193789132696,
  "lateralDrift": 0.001209955284315078,
  "distanceTraveled": 0.5243208989285325
}
