{
  "terms": {
    "survival": 7.3999999999999995,
    "velocityTracking": 15.821436717346566,
    "forwardProgress": 19.938716273479635,
    "upright": 8.609106161128532,
    "lateralDrift": -0.01209955284315078,
    "transitionTracking": 0.0,
    "energy": -5.554597358893834,
    "smoothness": -0.11998909820418924,
    "componentMass": -1.5075,
    "sensorChannels": -5.3500000000000005,
    "trainingSteps": -0.0
  },
  "total": 39.22507314201356
}
