{
  "durationSeconds": 0.6400000000000005,
  "steps": 32,
  "survivalRate": 0.124,
  "fell": true,
  "motionCommand": [
    0.25,
    0.0,
    0.0
  ],
  "meanMotionCommand": [
    0.25,
    0.0,
    0.0
  ],
  "meanMeasuredMotion": [
    0.13070947107577902,
    8.192542423218214e-14,
    -3.306465979933492e-15
  ],
  "planarVelocityTrackingError": 0.11929052892422098,
  "yawRateTrackingError": 3.306465979933492e-15,
  "meanVelocityTrackingError": 0.21266031385936546,
  "meanPlanarVelocityTrackingError": 0.21266031385936546,
  "meanYawRateTrackingError": 3.5350792862706384e-13,
  "meanUpright": 0.9100158673012945,
  "meanEnergy": 389.76390460858596,
  "meanSmoothness": 23.330368649523226,
  "peakActuator": 8.0,
  "motionCommandSchedule": [
    {
      "atStep": 0,
      "atSeconds": 0.0,
      "command": [
        0.25,
        0.0,
        0.0
      ]
    }
  ],
  "transitionCount": 0,
  "transitions": [],
  "maximumTransitionTerminalPlanarTrackingError": 0.0,
  "maximumTransitionTerminalYawRateTrackingError": 0.0,
  "maximumPlanarSettlingTimeSeconds": 0.0,
  "maximumPlanarBrakingSettlingTimeSeconds": 0.0,
  "maximumYawRateSettlingTimeSeconds": 0.0,
  "maximumPlanarOvershootMps": 0.0,
  "maximumYawRateOvershootRadPerSec": 0.0,
  "unsettledPlanarTransitionCount": 0,
  "unsettledYawRateTransitionCount": 0,
  "initialBasePosition": [
    0.0,
    0.0,
    0.44
  ],
  "finalBasePosition": [
    0.08170354266700453,
    4.7000394643874266e-14,
    0.18966773544464802
  ],
  "netDisplacement": [
    0.08170354266700453,
    4.7000394643874266e-14,
    -0.25033226455535196
  ],
  "targetPlanarDisplacement": [
    1.25,
    0.0
  ],
  "forwardDisplacement": 0.08170354266700453,
  "targetDistance": 1.25,
  "forwardProgress": 0.06536283413360362,
  "signedForwardProgress": 0.06536283413360362,
  "backwardDisplacement": 0.0,
  "meanForwardVelocity": 0.12766178541719447,
  "lateralDrift": 4.7000394643874266e-14,
  "distanceTraveled": 0.10802407865165972
}
