{
  "terms": {
    "survival": 3.1,
    "velocityTracking": 16.4926647400118,
    "forwardProgress": 3.268141706680181,
    "upright": 13.650238009519416,
    "lateralDrift": -4.700039464387427e-13,
    "transitionTracking": 0.0,
    "energy": -3.89763904608586,
    "smoothness": -0.11665184324761613,
    "componentMass": -1.5075,
    "sensorChannels": -5.3500000000000005,
    "trainingSteps": -0.0
  },
  "total": 25.63925356687745
}
