{
  "durationSeconds": 6.499999999999506,
  "steps": 325,
  "survivalRate": 1.0,
  "fell": false,
  "motionCommand": [
    0.030769230769230813,
    0.0,
    0.0
  ],
  "meanMotionCommand": [
    0.030769230769230813,
    0.0,
    0.0
  ],
  "meanMeasuredMotion": [
    0.06428786263216008,
    -0.007851272391946456,
    0.012757387529635018
  ],
  "planarVelocityTrackingError": 0.03442587922094536,
  "yawRateTrackingError": 0.012757387529635018,
  "meanVelocityTrackingError": 0.43664022935552654,
  "meanPlanarVelocityTrackingError": 0.2905977829759134,
  "meanYawRateTrackingError": 0.19972140522578047,
  "meanUpright": 0.6046557216445242,
  "meanEnergy": 615.7801255455723,
  "meanSmoothness": 28.876142350094838,
  "peakActuator": 8.0,
  "motionCommandSchedule": [
    {
      "atStep": 0,
      "atSeconds": 0.0,
      "command": [
        0.2,
        0.0,
        0.0
      ]
    },
    {
      "atStep": 125,
      "atSeconds": 2.5,
      "command": [
        -0.15,
        0.0,
        0.0
      ]
    },
    {
      "atStep": 225,
      "atSeconds": 4.5,
      "command": [
        0.0,
        0.0,
        0.0
      ]
    }
  ],
  "transitionCount": 2,
  "transitions": [
    {
      "index": 1,
      "atStep": 125,
      "atSeconds": 2.5,
      "endStep": 225,
      "fromCommand": [
        0.2,
        0.0,
        0.0
      ],
      "toCommand": [
        -0.15,
        0.0,
        0.0
      ],
      "sampleCount": 100,
      "peakPlanarTrackingError": 0.7717236045448929,
      "peakYawRateTrackingError": 7.597572378541536e-10,
      "terminalMeasuredMotion": [
        0.42638894654985027,
        1.0643884568848884e-10,
        -1.3740027508997752e-10
      ],
      "terminalPlanarTrackingError": 0.5763889465498503,
      "terminalYawRateTrackingError": 1.3740027508997752e-10,
      "planarOvershootMps": 0.15805090035925243,
      "yawRateOvershootRadPerSec": 0.0,
      "planarSettlingTimeSeconds": 2.0,
      "yawRateSettlingTimeSeconds": 0.2,
      "planarSettled": false,
      "yawRateSettled": true
    },
    {
      "index": 2,
      "atStep": 225,
      "atSeconds": 4.5,
      "endStep": 325,
      "fromCommand": [
        -0.15,
        0.0,
        0.0
      ],
      "toCommand": [
        0.0,
        0.0,
        0.0
      ],
      "sampleCount": 100,
      "peakPlanarTrackingError": 0.6471363665226205,
      "peakYawRateTrackingError": 2.327096154328468,
      "terminalMeasuredMotion": [
        0.3103743883426601,
        0.09510476936690147,
        -0.3503459394230015
      ],
      "terminalPlanarTrackingError": 0.3246185116339053,
      "terminalYawRateTrackingError": 0.3503459394230015,
      "planarOvershootMps": 0.624463823225316,
      "yawRateOvershootRadPerSec": 0.0,
      "planarSettlingTimeSeconds": 2.0,
      "yawRateSettlingTimeSeconds": 2.0,
      "planarSettled": false,
      "yawRateSettled": false
    }
  ],
  "maximumTransitionTerminalPlanarTrackingError": 0.5763889465498503,
  "maximumTransitionTerminalYawRateTrackingError": 0.3503459394230015,
  "maximumPlanarSettlingTimeSeconds": 2.0,
  "maximumYawRateSettlingTimeSeconds": 2.0,
  "maximumPlanarOvershootMps": 0.624463823225316,
  "maximumYawRateOvershootRadPerSec": 0.0,
  "unsettledPlanarTransitionCount": 2,
  "unsettledYawRateTransitionCount": 1,
  "initialBasePosition": [
    0.0,
    0.0,
    0.44
  ],
  "finalBasePosition": [
    0.43030122860412706,
    -0.0506243754881258,
    0.254164867467727
  ],
  "netDisplacement": [
    0.43030122860412706,
    -0.0506243754881258,
    -0.18583513253227302
  ],
  "targetPlanarDisplacement": [
    0.2,
    0.0
  ],
  "forwardDisplacement": 0.43030122860412706,
  "targetDistance": 0.2,
  "forwardProgress": 1.0,
  "meanForwardVelocity": 0.06620018901602458,
  "lateralDrift": 0.0506243754881258,
  "distanceTraveled": 1.6180162961462599
}
