{
  "terms": {
    "survival": 30.0,
    "velocityTracking": 13.921369867925774,
    "forwardProgress": 10.0,
    "upright": 9.069835824667862,
    "lateralDrift": -0.25312187744062903,
    "transitionTracking": 4.579314615793701,
    "energy": -3.0789006277278617,
    "smoothness": -0.02887614235009484,
    "componentMass": -1.2060000000000002,
    "sensorChannels": -1.07,
    "trainingSteps": -0.0
  },
  "total": 61.93362166086875
}
