{
  "durationSeconds": 3.039999999999887,
  "steps": 152,
  "survivalRate": 0.604,
  "fell": true,
  "motionCommand": [
    0.25,
    0.0,
    0.0
  ],
  "meanMotionCommand": [
    0.25,
    0.0,
    0.0
  ],
  "meanMeasuredMotion": [
    -0.07187747932771056,
    0.002562827473654441,
    0.015142531086889925
  ],
  "planarVelocityTrackingError": 0.3218876819373808,
  "yawRateTrackingError": 0.015142531086889925,
  "meanVelocityTrackingError": 0.33144357760153403,
  "meanPlanarVelocityTrackingError": 0.3229719831919965,
  "meanYawRateTrackingError": 0.04691155737517574,
  "meanUpright": 0.7753041423673604,
  "meanAbsolutePitchRad": 0.3984706897938512,
  "minimumPitchRad": -1.5380889605207433,
  "maximumPitchRad": -0.01433338519080677,
  "maximumBackwardPitchRad": 1.5380889605207433,
  "maximumAbsolutePitchRad": 1.5380889605207433,
  "maximumAbsolutePitchRateRadPerSec": 5.335980760851067,
  "meanEnergy": 177.7164320602889,
  "meanSmoothness": 119.18588216127769,
  "peakActuator": 8.0,
  "motionCommandSchedule": [
    {
      "atStep": 0,
      "atSeconds": 0.0,
      "command": [
        0.25,
        0.0,
        0.0
      ]
    }
  ],
  "transitionCount": 0,
  "transitions": [],
  "maximumTransitionTerminalPlanarTrackingError": 0.0,
  "maximumTransitionTerminalYawRateTrackingError": 0.0,
  "maximumPlanarSettlingTimeSeconds": 0.0,
  "maximumPlanarBrakingSettlingTimeSeconds": 0.0,
  "maximumYawRateSettlingTimeSeconds": 0.0,
  "maximumPlanarOvershootMps": 0.0,
  "maximumYawRateOvershootRadPerSec": 0.0,
  "unsettledPlanarTransitionCount": 0,
  "unsettledYawRateTransitionCount": 0,
  "initialBasePosition": [
    0.0,
    0.0,
    0.44
  ],
  "finalBasePosition": [
    -0.21275859210919962,
    0.006898841332436709,
    0.18164758940850378
  ],
  "netDisplacement": [
    -0.21275859210919962,
    0.006898841332436709,
    -0.2583524105914962
  ],
  "targetPlanarDisplacement": [
    1.25,
    0.0
  ],
  "forwardDisplacement": -0.21275859210919962,
  "targetDistance": 1.25,
  "forwardProgress": 0.0,
  "signedForwardProgress": -0.1702068736873597,
  "backwardDisplacement": 0.21275859210919962,
  "meanForwardVelocity": -0.06998637898329195,
  "lateralDrift": 0.006898841332436709,
  "distanceTraveled": 0.4478975248075031
}
