{
  "terms": {
    "survival": 15.1,
    "velocityTracking": 15.021289926553292,
    "forwardProgress": 0.0,
    "upright": 11.629562135510406,
    "lateralDrift": -0.06898841332436709,
    "transitionTracking": 0.0,
    "energy": -1.777164320602889,
    "smoothness": -0.5959294108063885,
    "componentMass": -1.5075,
    "sensorChannels": -5.3500000000000005,
    "trainingSteps": -0.0
  },
  "total": 32.45126991733005
}
