{
  "durationSeconds": 18.000000000000902,
  "steps": 900,
  "survivalRate": 1.0,
  "fell": false,
  "motionCommand": [
    0.13111111111111284,
    0.02499999999999996,
    0.041666666666666664
  ],
  "meanMotionCommand": [
    0.13111111111111284,
    0.02499999999999996,
    0.041666666666666664
  ],
  "meanMeasuredMotion": [
    0.04315091979524142,
    -0.006899949176582225,
    0.001691542710225961
  ],
  "planarVelocityTrackingError": 0.09356603023423207,
  "yawRateTrackingError": 0.039975123956440706,
  "meanVelocityTrackingError": 0.32376523142056257,
  "meanPlanarVelocityTrackingError": 0.21841641270091972,
  "meanYawRateTrackingError": 0.1799093456652536,
  "meanUpright": 0.8925345926047734,
  "meanAbsolutePitchRad": 0.2098666964160225,
  "minimumPitchRad": -0.6347068903185646,
  "maximumPitchRad": 1.0411296058620785,
  "maximumBackwardPitchRad": 0.6347068903185646,
  "maximumAbsolutePitchRad": 1.0411296058620785,
  "maximumAbsolutePitchRateRadPerSec": 5.693444375371632,
  "meanBodyTiltRad": 0.2185327968932528,
  "maximumBodyTiltRad": 1.0411296064256514,
  "initialBodyTiltRad": 0.0,
  "minimumBodyTiltRad": 0.0,
  "finalBodyTiltRad": 0.10806123312599208,
  "finalBaseHeightM": 0.42004707497216565,
  "selfRightingTask": true,
  "recoveryTriggered": true,
  "selfRightingSuccess": 1.0,
  "timeToStableStandSeconds": 5.479999999999401,
  "stableStandingDwellSeconds": 2.02,
  "finalStableStandingDwellSeconds": 0.0,
  "minimumJointLimitMarginRad": 0.02838196425104844,
  "disallowedCollisionSteps": 0,
  "meanEnergy": 166.61649464534838,
  "meanSmoothness": 111.71984555634825,
  "peakActuator": 8.0,
  "motionQualityFootEvidenceAvailable": true,
  "motionQualityContactThresholdNewton": 1.0,
  "meanJointJerkRadPerSec3": 18719.52795960195,
  "peakJointJerkRadPerSec3": 53950.942805875675,
  "meanBodyAngularJerkRadPerSec3": 2002.098521712331,
  "peakBodyAngularJerkRadPerSec3": 14735.6048709821,
  "meanActionSlewRatePerSec": 404.55171530973803,
  "peakActionSlewRatePerSec": 800.0,
  "actuatorSaturationRate": 0.3707407407407407,
  "meanFootSlipSpeedMps": 0.05271641793351659,
  "peakFootSlipSpeedMps": 1.0807284712338092,
  "totalFootSlipDistanceM": 1.6489695529604,
  "meanFootContactImpactNPerSec": 519.8529320844235,
  "peakFootContactImpactNPerSec": 14426.248313876285,
  "peakFootContactForceNewton": 288.5249662775257,
  "motionCommandSchedule": [
    {
      "atStep": 0,
      "atSeconds": 0.0,
      "command": [
        0.2,
        0.0,
        0.0
      ]
    },
    {
      "atStep": 400,
      "atSeconds": 8.0,
      "command": [
        0.2,
        0.0,
        0.0
      ]
    },
    {
      "atStep": 500,
      "atSeconds": 10.0,
      "command": [
        0.12,
        0.0,
        0.25
      ]
    },
    {
      "atStep": 650,
      "atSeconds": 13.0,
      "command": [
        0.0,
        0.15,
        0.0
      ]
    },
    {
      "atStep": 800,
      "atSeconds": 16.0,
      "command": [
        0.0,
        0.0,
        0.0
      ]
    }
  ],
  "transitionCount": 4,
  "transitions": [
    {
      "index": 1,
      "atStep": 400,
      "atSeconds": 8.0,
      "endStep": 500,
      "fromCommand": [
        0.2,
        0.0,
        0.0
      ],
      "toCommand": [
        0.2,
        0.0,
        0.0
      ],
      "sampleCount": 100,
      "peakPlanarTrackingError": 0.7957045187748581,
      "peakYawRateTrackingError": 0.5605974664201545,
      "terminalMeasuredMotion": [
        -0.006324717968057161,
        -0.0005559794101525019,
        -0.024958481171142827
      ],
      "terminalPlanarTrackingError": 0.2063254670604258,
      "terminalYawRateTrackingError": 0.024958481171142827,
      "planarOvershootMps": 0.0,
      "yawRateOvershootRadPerSec": 0.0,
      "planarSettlingTimeSeconds": 2.0,
      "yawRateSettlingTimeSeconds": 0.26,
      "planarSettled": false,
      "yawRateSettled": true,
      "planarBraking": false
    },
    {
      "index": 2,
      "atStep": 500,
      "atSeconds": 10.0,
      "endStep": 650,
      "fromCommand": [
        0.2,
        0.0,
        0.0
      ],
      "toCommand": [
        0.12,
        0.0,
        0.25
      ],
      "sampleCount": 150,
      "peakPlanarTrackingError": 0.3281702276576421,
      "peakYawRateTrackingError": 0.7460770494996681,
      "terminalMeasuredMotion": [
        -0.011938898732325906,
        0.015769165335286148,
        0.030642720732313656
      ],
      "terminalPlanarTrackingError": 0.13287791228819987,
      "terminalYawRateTrackingError": 0.21935727926768633,
      "planarOvershootMps": 0.32738067773304647,
      "yawRateOvershootRadPerSec": 0.09984965263897072,
      "planarSettlingTimeSeconds": 3.0,
      "yawRateSettlingTimeSeconds": 3.0,
      "planarSettled": false,
      "yawRateSettled": true,
      "planarBraking": false
    },
    {
      "index": 3,
      "atStep": 650,
      "atSeconds": 13.0,
      "endStep": 800,
      "fromCommand": [
        0.12,
        0.0,
        0.25
      ],
      "toCommand": [
        0.0,
        0.15,
        0.0
      ],
      "sampleCount": 150,
      "peakPlanarTrackingError": 0.2576884947160395,
      "peakYawRateTrackingError": 0.6853980588588768,
      "terminalMeasuredMotion": [
        0.04312009614568348,
        0.02897295495947503,
        -0.20186372879048803
      ],
      "terminalPlanarTrackingError": 0.1284791357491723,
      "terminalYawRateTrackingError": 0.20186372879048803,
      "planarOvershootMps": 0.06321382619218649,
      "yawRateOvershootRadPerSec": 0.6666841849863842,
      "planarSettlingTimeSeconds": 3.0,
      "yawRateSettlingTimeSeconds": 2.48,
      "planarSettled": false,
      "yawRateSettled": true,
      "planarBraking": false
    },
    {
      "index": 4,
      "atStep": 800,
      "atSeconds": 16.0,
      "endStep": 900,
      "fromCommand": [
        0.0,
        0.15,
        0.0
      ],
      "toCommand": [
        0.0,
        0.0,
        0.0
      ],
      "sampleCount": 100,
      "peakPlanarTrackingError": 0.2524280145722461,
      "peakYawRateTrackingError": 0.7078411317116167,
      "terminalMeasuredMotion": [
        -0.053762883036176046,
        -0.03351242848386191,
        -0.04245803501543534
      ],
      "terminalPlanarTrackingError": 0.06335243053938425,
      "terminalYawRateTrackingError": 0.04245803501543534,
      "planarOvershootMps": 0.09877163343269055,
      "yawRateOvershootRadPerSec": 0.0,
      "planarSettlingTimeSeconds": 0.84,
      "yawRateSettlingTimeSeconds": 0.22,
      "planarSettled": true,
      "yawRateSettled": true,
      "planarBraking": true
    }
  ],
  "maximumTransitionTerminalPlanarTrackingError": 0.2063254670604258,
  "maximumTransitionTerminalYawRateTrackingError": 0.21935727926768633,
  "maximumPlanarSettlingTimeSeconds": 3.0,
  "maximumPlanarBrakingSettlingTimeSeconds": 0.84,
  "maximumYawRateSettlingTimeSeconds": 3.0,
  "maximumPlanarOvershootMps": 0.32738067773304647,
  "maximumYawRateOvershootRadPerSec": 0.6666841849863842,
  "unsettledPlanarTransitionCount": 3,
  "unsettledYawRateTransitionCount": 0,
  "initialBasePosition": [
    1.017983065972739,
    -0.14308443248699398,
    0.4762978460770211
  ],
  "finalBasePosition": [
    0.7874497595851038,
    -0.13102358959785024,
    0.42004707497216565
  ],
  "netDisplacement": [
    -0.23053330638763514,
    0.012060842889143747,
    -0.056250771104855435
  ],
  "targetPlanarDisplacement": [
    0.76,
    0.44999999999999996
  ],
  "forwardDisplacement": -0.19222333345463002,
  "targetDistance": 0.8832326986700617,
  "forwardProgress": 0.0,
  "signedForwardProgress": -0.21763611531148316,
  "backwardDisplacement": 0.19222333345463002,
  "meanForwardVelocity": -0.01922233334546127,
  "lateralDrift": 0.12783293535236517,
  "distanceTraveled": 2.972538363377025,
  "episodeInitialBasePosition": [
    0.0,
    0.0,
    0.44
  ],
  "mobilityMeasurementStartedAtSeconds": 8.0,
  "recoveryEvaluationStartedAtSeconds": 2.7,
  "missionStageDurationsSeconds": {
    "approach": 2.48,