{
  "terms": {
    "survival": 10.0,
    "velocityTracking": 4.532525751232538,
    "forwardProgress": 0.0,
    "upright": 1.7850691852095468,
    "lateralDrift": -0.25566587070473035,
    "transitionTracking": 0.23753681141829897,
    "energy": -0.3332329892906968,
    "smoothness": -0.11171984555634824,
    "jointJerk": 0.0,
    "bodyAngularJerk": 0.0,
    "actionSlew": 0.0,
    "actuatorSaturation": -0.18537037037037035,
    "footSlip": 0.0,
    "footImpact": 0.0,
    "selfRighting": 100.0,
    "recoveryTime": -10.959999999998802,
    "jointLimitMargin": 0.05676392850209688,
    "componentMass": -3.015,
    "sensorChannels": -2.14,
    "trainingSteps": -0.0
  },
  "total": 99.61090660044154
}
