{
  "durationSeconds": 4.999999999999671,
  "steps": 250,
  "survivalRate": 1.0,
  "fell": false,
  "motionCommand": [
    0.25,
    0.0,
    0.0
  ],
  "meanMotionCommand": [
    0.25,
    0.0,
    0.0
  ],
  "meanMeasuredMotion": [
    0.12611331955362642,
    0.040465957686319255,
    0.008122564676655963
  ],
  "planarVelocityTrackingError": 0.13032806038414313,
  "yawRateTrackingError": 0.008122564676655963,
  "meanVelocityTrackingError": 0.5728906848793182,
  "meanPlanarVelocityTrackingError": 0.3050873765511639,
  "meanYawRateTrackingError": 0.37518299014777134,
  "meanUpright": 0.5370642338378478,
  "meanEnergy": 628.4920393680152,
  "meanSmoothness": 33.76265489711124,
  "peakActuator": 8.0,
  "motionCommandSchedule": [
    {
      "atStep": 0,
      "atSeconds": 0.0,
      "command": [
        0.25,
        0.0,
        0.0
      ]
    }
  ],
  "transitionCount": 0,
  "transitions": [],
  "maximumTransitionTerminalPlanarTrackingError": 0.0,
  "maximumTransitionTerminalYawRateTrackingError": 0.0,
  "maximumPlanarSettlingTimeSeconds": 0.0,
  "maximumPlanarBrakingSettlingTimeSeconds": 0.0,
  "maximumYawRateSettlingTimeSeconds": 0.0,
  "maximumPlanarOvershootMps": 0.0,
  "maximumYawRateOvershootRadPerSec": 0.0,
  "unsettledPlanarTransitionCount": 0,
  "unsettledYawRateTransitionCount": 0,
  "initialBasePosition": [
    0.0,
    0.0,
    0.44
  ],
  "finalBasePosition": [
    0.6354813728327232,
    0.20121416121268257,
    0.2572679896856585
  ],
  "netDisplacement": [
    0.6354813728327232,
    0.20121416121268257,
    -0.1827320103143415
  ],
  "targetPlanarDisplacement": [
    1.25,
    0.0
  ],
  "forwardDisplacement": 0.6354813728327232,
  "targetDistance": 1.25,
  "forwardProgress": 0.5083850982661786,
  "signedForwardProgress": 0.5083850982661786,
  "backwardDisplacement": 0.0,
  "meanForwardVelocity": 0.127096274566553,
  "lateralDrift": 0.20121416121268257,
  "distanceTraveled": 1.3699333723751799
}
