{
  "terms": {
    "survival": 25.0,
    "velocityTracking": 12.715441824575699,
    "forwardProgress": 25.41925491330893,
    "upright": 8.055963507567718,
    "lateralDrift": -2.012141612126826,
    "transitionTracking": 0.0,
    "energy": -6.284920393680152,
    "smoothness": -0.1688132744855562,
    "componentMass": -1.5075,
    "sensorChannels": -5.3500000000000005,
    "trainingSteps": -0.0
  },
  "total": 55.86728496515981
}
