{
  "durationSeconds": 4.999999999999671,
  "steps": 250,
  "survivalRate": 1.0,
  "fell": false,
  "motionCommand": [
    0.25,
    0.0,
    0.0
  ],
  "meanMotionCommand": [
    0.25,
    0.0,
    0.0
  ],
  "meanMeasuredMotion": [
    0.1318584993562053,
    0.1030464483453926,
    0.016753668694775695
  ],
  "planarVelocityTrackingError": 0.1567672947108784,
  "yawRateTrackingError": 0.016753668694775695,
  "meanVelocityTrackingError": 0.5243681869216298,
  "meanPlanarVelocityTrackingError": 0.3317432596712062,
  "meanYawRateTrackingError": 0.2937947120334362,
  "meanUpright": 0.5291973747720383,
  "meanEnergy": 628.1921401731322,
  "meanSmoothness": 33.41199571374796,
  "peakActuator": 8.0,
  "motionCommandSchedule": [
    {
      "atStep": 0,
      "atSeconds": 0.0,
      "command": [
        0.25,
        0.0,
        0.0
      ]
    }
  ],
  "transitionCount": 0,
  "transitions": [],
  "maximumTransitionTerminalPlanarTrackingError": 0.0,
  "maximumTransitionTerminalYawRateTrackingError": 0.0,
  "maximumPlanarSettlingTimeSeconds": 0.0,
  "maximumPlanarBrakingSettlingTimeSeconds": 0.0,
  "maximumYawRateSettlingTimeSeconds": 0.0,
  "maximumPlanarOvershootMps": 0.0,
  "maximumYawRateOvershootRadPerSec": 0.0,
  "unsettledPlanarTransitionCount": 0,
  "unsettledYawRateTransitionCount": 0,
  "initialBasePosition": [
    0.0,
    0.0,
    0.44
  ],
  "finalBasePosition": [
    0.6679322372792246,
    0.5103377474333104,
    0.22487703051181906
  ],
  "netDisplacement": [
    0.6679322372792246,
    0.5103377474333104,
    -0.21512296948818094
  ],
  "targetPlanarDisplacement": [
    1.25,
    0.0
  ],
  "forwardDisplacement": 0.6679322372792246,
  "targetDistance": 1.25,
  "forwardProgress": 0.5343457898233797,
  "signedForwardProgress": 0.5343457898233797,
  "backwardDisplacement": 0.0,
  "meanForwardVelocity": 0.13358644745585369,
  "lateralDrift": 0.5103377474333104,
  "distanceTraveled": 1.542322146207859
}
