{
  "terms": {
    "survival": 25.0,
    "velocityTracking": 13.120189841004752,
    "forwardProgress": 26.717289491168984,
    "upright": 7.937960621580575,
    "lateralDrift": -5.103377474333104,
    "transitionTracking": 0.0,
    "energy": -6.2819214017313225,
    "smoothness": -0.16705997856873983,
    "componentMass": -1.5075,
    "sensorChannels": -5.3500000000000005,
    "trainingSteps": -0.0
  },
  "total": 54.365581099121144
}
