{
  "count": 4096.0001,
  "mean": [
    0.27557127903024625,
    -0.5129051344554747,
    0.2781150953024528,
    -0.5122265633235831,
    0.2597432062099262,
    -0.558513398649231,
    0.24623364115225566,
    -0.5611008141241312,
    -0.004177345076536578,
    0.054665844910527894,
    -0.00476286089040864,
    0.0553424610317615,
    0.04716361778108104,
    0.018822781428123506,
    0.04572910328852215,
    0.01674920207651227,
    0.42098840961550865,
    0.9905202963627033,
    -0.0008492429412877722,
    -0.07301852631614904,
    0.002948324773831513,
    0.06618312876705819,
    0.004231283750559252,
    -0.004300552699302348,
    -0.00892007041733528,
    -0.1076293471579387,
    0.006180754968394476,
    -0.008812382203012122,
    -0.11382056665815547,
    0.005971209861337599,
    1.500962176601526,
    -0.019531392999527126,
    10.157953626272866,
    10.808032096882705,
    11.74712772983693,
    19.408128100622804,
    18.035956462311947
  ],
  "variance": [
    0.018893474126350118,
    0.009294707064576292,
    0.01844429533446037,
    0.009837288215337317,
    0.01482799692015524,
    0.011164151294107718,
    0.012664815530127344,
    0.011070110258010364,
    5.909133934978566,
    15.461428688453706,
    5.729942358428908,
    14.785338364003358,
    3.4362139004226617,
    6.665415132831405,
    3.612768505220921,
    7.160549268753432,
    0.0005604337357345601,
    0.0029450335554413913,
    0.00034775066688133913,
    0.008748905941922005,
    0.0015046449026473797,
    0.08289982788966246,
    0.005303513849306646,
    0.011273029130849129,
    0.032302865011441306,
    0.56564575237803,
    0.01909503645412909,
    0.03181271382790512,
    0.5416158137328647,
    0.01902922976594874,
    18.350096800502595,
    5.316904366146303,
    61.041909523335846,
    261.10783980763466,
    267.822425605706,
    327.19656413556606,
    330.8948069126546
  ]
}
