{
  "transitionCount": 10,
  "metrics": {
    "basePositionM": {
      "rmse": 7.748224642180636e-05,
      "maximumMagnitude": 0.00028199593954542345,
      "worstTransition": 6
    },
    "baseOrientationAngleRad": {
      "rmse": 0.0003355815215132662,
      "maximumMagnitude": 0.00080636471750327,
      "worstTransition": 6
    },
    "baseLinearVelocityMps": {
      "rmse": 0.006434772851676581,
      "maximumMagnitude": 0.019968495492269832,
      "worstTransition": 6
    },
    "baseAngularVelocityRadPerSec": {
      "rmse": 0.01698678033083931,
      "maximumMagnitude": 0.06566043972942696,
      "worstTransition": 6
    },
    "jointPositionRad": {
      "rmse": 0.0006520605972243151,
      "maximumMagnitude": 0.0041466156607949415,
      "worstTransition": 6
    },
    "jointVelocityRadPerSec": {
      "rmse": 0.0655815211103637,
      "maximumMagnitude": 0.44348926402300093,
      "worstTransition": 6
    }
  },
  "perJoint": {
    "names": [
      "abd-fl",
      "hip-fl",
      "knee-fl",
      "abd-fr",
      "hip-fr",
      "knee-fr",
      "abd-rl",
      "hip-rl",
      "knee-rl",
      "abd-rr",
      "hip-rr",
      "knee-rr"
    ],
    "positionRmseRad": [
      4.780198712501343e-05,
      0.0005752678896133444,
      0.000578987121635052,
      4.1726520163108035e-05,
      0.00047785683120752363,
      0.0005848531240064013,
      5.394655866087316e-05,
      0.0007674574626272322,
      0.0009046326840093563,
      9.441585748890975e-05,
      0.0009649749661784651,
      0.0012293323621922268
    ],
    "velocityRmseRadPerSec": [
      0.005410859126644949,
      0.05752178929544385,
      0.05702602389343079,
      0.005875462802173248,
      0.05175622041159343,
      0.0588315557677301,
      0.004102956105488164,
      0.07996375640821979,
      0.09953335859441731,
      0.009814838829927319,
      0.0914630362640736,
      0.11860483295072777
    ],
    "items": [
      {
        "name": "abd-fl",
        "positionCoordinate": "abd-fl.position",
        "velocityCoordinate": "abd-fl.velocity",
        "positionUnit": "rad",
        "velocityUnit": "rad/s",
        "positionRmse": 4.780198712501343e-05,
        "velocityRmse": 0.005410859126644949
      },
      {
        "name": "hip-fl",
        "positionCoordinate": "hip-fl.position",
        "velocityCoordinate": "hip-fl.velocity",
        "positionUnit": "rad",
        "velocityUnit": "rad/s",
        "positionRmse": 0.0005752678896133444,
        "velocityRmse": 0.05752178929544385
      },
      {
        "name": "knee-fl",
        "positionCoordinate": "knee-fl.position",
        "velocityCoordinate": "knee-fl.velocity",
        "positionUnit": "rad",
        "velocityUnit": "rad/s",
        "positionRmse": 0.000578987121635052,
        "velocityRmse": 0.05702602389343079
      },
      {
        "name": "abd-fr",
        "positionCoordinate": "abd-fr.position",
        "velocityCoordinate": "abd-fr.velocity",
        "positionUnit": "rad",
        "velocityUnit": "rad/s",
        "positionRmse": 4.1726520163108035e-05,
        "velocityRmse": 0.005875462802173248
      },
      {
        "name": "hip-fr",
        "positionCoordinate": "hip-fr.position",
        "velocityCoordinate": "hip-fr.velocity",
        "positionUnit": "rad",
        "velocityUnit": "rad/s",
        "positionRmse": 0.00047785683120752363,
        "velocityRmse": 0.05175622041159343
      },
      {
        "name": "knee-fr",
        "positionCoordinate": "knee-fr.position",
        "velocityCoordinate": "knee-fr.velocity",
        "positionUnit": "rad",
        "velocityUnit": "rad/s",
        "positionRmse": 0.0005848531240064013,
        "velocityRmse": 0.0588315557677301
      },
      {
        "name": "abd-rl",
        "positionCoordinate": "abd-rl.position",
        "velocityCoordinate": "abd-rl.velocity",
        "positionUnit": "rad",
        "velocityUnit": "rad/s",
        "positionRmse": 5.394655866087316e-05,
        "velocityRmse": 0.004102956105488164
      },
      {
        "name": "hip-rl",
        "positionCoordinate": "hip-rl.position",
        "velocityCoordinate": "hip-rl.velocity",
        "positionUnit": "rad",
        "velocityUnit": "rad/s",
        "positionRmse": 0.0007674574626272322,
        "velocityRmse": 0.07996375640821979
      },
      {
        "name": "knee-rl",
        "positionCoordinate": "knee-rl.position",
        "velocityCoordinate": "knee-rl.velocity",
        "positionUnit": "rad",
        "velocityUnit": "rad/s",
        "positionRmse": 0.0009046326840093563,
        "velocityRmse": 0.09953335859441731
      },
      {
        "name": "abd-rr",
        "positionCoordinate": "abd-rr.position",
        "velocityCoordinate": "abd-rr.velocity",
        "positionUnit": "rad",
        "velocityUnit": "rad/s",
        "positionRmse": 9.441585748890975e-05,
        "velocityRmse": 0.009814838829927319
      },
      {
        "name": "hip-rr",
        "positionCoordinate": "hip-rr.position",
        "velocityCoordinate": "hip-rr.velocity",
        "positionUnit": "rad",
        "velocityUnit": "rad/s",
        "positionRmse": 0.0009649749661784651,
        "velocityRmse": 0.0914630362640736
      },
      {
        "name": "knee-rr",
        "positionCoordinate": "knee-rr.position",
        "velocityCoordinate": "knee-rr.velocity",
        "positionUnit": "rad",
        "velocityUnit": "rad/s",
        "positionRmse": 0.0012293323621922268,
        "velocityRmse": 0.11860483295072777
      }
    ],
    "worstPosition": {
      "name": "knee-rr",
      "positionCoordinate": "knee-rr.position",
      "velocityCoordinate": "knee-rr.velocity",
      "positionUnit": "rad",
      "velocityUnit": "rad/s",
      "positionRmse": 0.0012293323621922268,
      "velocityRmse": 0.11860483295072777
    },
    "worstVelocity": {
      "name": "knee-rr",
      "positionCoordinate": "knee-rr.position",
      "velocityCoordinate": "knee-rr.velocity",
      "positionUnit": "rad",
      "velocityUnit": "rad/s",
      "positionRmse": 0.0012293323621922268,
      "velocityRmse": 0.11860483295072777
    }
  },
  "stateAbi": {
    "hash": "b69162417ca16e32bc9131a9ff1527e8b20ec91adc875be114ebf2f6e6ed68ab",
    "authority": "bundle-frozen",
    "qposSize": 19,
    "qvelSize": 18,
    "jointNames": [
      "abd-fl",
      "hip-fl",
      "knee-fl",
      "abd-fr",
      "hip-fr",
      "knee-fr",
      "abd-rl",
      "hip-rl",
      "knee-rl",
      "abd-rr",
      "hip-rr",
      "knee-rr"
    ]
  },
  "authority": {
    "measurement": "immutable-device-telemetry",
    "prediction": "frozen-digital-twin",
    "claim": "derived-model-fit-evidence",
    "changesHardwareVerified": false,
    "grantsActuation": false,
    "promotesCalibration": false
  }
}
