{
  "durationSeconds": 7.999999999999341,
  "steps": 400,
  "survivalRate": 1.0,
  "fell": false,
  "motionCommand": [
    0.0,
    0.007500000000000004,
    0.0
  ],
  "meanMotionCommand": [
    0.0,
    0.007500000000000004,
    0.0
  ],
  "meanMeasuredMotion": [
    0.11708517572727647,
    0.089852720608148,
    -0.06809778700328879
  ],
  "planarVelocityTrackingError": 0.14314645984672794,
  "yawRateTrackingError": 0.06809778700328879,
  "meanVelocityTrackingError": 0.9200907340924832,
  "meanPlanarVelocityTrackingError": 0.4263872915956166,
  "meanYawRateTrackingError": 0.765705096961052,
  "meanUpright": 0.7797331081887,
  "meanEnergy": 521.1080452473041,
  "meanSmoothness": 40.57064745873292,
  "peakActuator": 8.0,
  "motionCommandSchedule": [
    {
      "atStep": 0,
      "atSeconds": 0.0,
      "command": [
        0.0,
        0.12,
        0.0
      ]
    },
    {
      "atStep": 125,
      "atSeconds": 2.5,
      "command": [
        0.0,
        -0.12,
        0.0
      ]
    },
    {
      "atStep": 225,
      "atSeconds": 4.5,
      "command": [
        0.0,
        0.0,
        0.0
      ]
    }
  ],
  "transitionCount": 2,
  "transitions": [
    {
      "index": 1,
      "atStep": 125,
      "atSeconds": 2.5,
      "endStep": 225,
      "fromCommand": [
        0.0,
        0.12,
        0.0
      ],
      "toCommand": [
        0.0,
        -0.12,
        0.0
      ],
      "sampleCount": 100,
      "peakPlanarTrackingError": 0.5688246129170186,
      "peakYawRateTrackingError": 1.7358746691904687,
      "terminalMeasuredMotion": [
        0.4199330221005832,
        -0.2493755676558907,
        0.3820227211866129
      ],
      "terminalPlanarTrackingError": 0.4394107196653409,
      "terminalYawRateTrackingError": 0.3820227211866129,
      "planarOvershootMps": 0.4052092642473253,
      "yawRateOvershootRadPerSec": 0.0,
      "planarSettlingTimeSeconds": 2.0,
      "yawRateSettlingTimeSeconds": 2.0,
      "planarSettled": false,
      "yawRateSettled": false
    },
    {
      "index": 2,
      "atStep": 225,
      "atSeconds": 4.5,
      "endStep": 400,
      "fromCommand": [
        0.0,
        -0.12,
        0.0
      ],
      "toCommand": [
        0.0,
        0.0,
        0.0
      ],
      "sampleCount": 175,
      "peakPlanarTrackingError": 1.3878254209588343,
      "peakYawRateTrackingError": 3.0490299534309147,
      "terminalMeasuredMotion": [
        -0.3052768759530881,
        0.13019163495465635,
        -0.13852396119540028
      ],
      "terminalPlanarTrackingError": 0.3318792443101009,
      "terminalYawRateTrackingError": 0.13852396119540028,
      "planarOvershootMps": 0.5330145056899696,
      "yawRateOvershootRadPerSec": 0.0,
      "planarSettlingTimeSeconds": 3.5,
      "yawRateSettlingTimeSeconds": 3.48,
      "planarSettled": false,
      "yawRateSettled": true
    }
  ],
  "maximumTransitionTerminalPlanarTrackingError": 0.4394107196653409,
  "maximumTransitionTerminalYawRateTrackingError": 0.3820227211866129,
  "maximumPlanarSettlingTimeSeconds": 3.5,
  "maximumYawRateSettlingTimeSeconds": 3.48,
  "maximumPlanarOvershootMps": 0.5330145056899696,
  "maximumYawRateOvershootRadPerSec": 0.0,
  "unsettledPlanarTransitionCount": 2,
  "unsettledYawRateTransitionCount": 1,
  "initialBasePosition": [
    0.0,
    0.0,
    0.44
  ],
  "finalBasePosition": [
    0.9440458905640793,
    0.7184622810855552,
    0.2402190131484734
  ],
  "netDisplacement": [
    0.9440458905640793,
    0.7184622810855552,
    -0.1997809868515266
  ],
  "targetPlanarDisplacement": [
    0.0,
    0.06
  ],
  "forwardDisplacement": 0.7184622810855552,
  "targetDistance": 0.06,
  "forwardProgress": 1.0,
  "meanForwardVelocity": 0.0898077851357018,
  "lateralDrift": 0.9440458905640793,
  "distanceTraveled": 3.519869481397502
}
