{
  "terms": {
    "survival": 30.0,
    "velocityTracking": 10.416174425972038,
    "forwardProgress": 10.0,
    "upright": 11.6959966228305,
    "lateralDrift": -4.720229452820396,
    "transitionTracking": 3.213901900981077,
    "energy": -2.60554022623652,
    "smoothness": -0.04057064745873292,
    "componentMass": -1.2060000000000002,
    "sensorChannels": -1.07,
    "trainingSteps": -0.0
  },
  "total": 55.683732623267964
}
