{
  "durationSeconds": 2.0000000000000013,
  "steps": 100,
  "survivalRate": 1.0,
  "fell": false,
  "motionCommand": [
    0.0,
    0.0,
    0.0
  ],
  "meanMotionCommand": [
    0.0,
    0.0,
    0.0
  ],
  "meanMeasuredMotion": [
    0.3659474712916912,
    0.0024510776442603043,
    0.004261834215182575
  ],
  "planarVelocityTrackingError": 0.36595567972966525,
  "yawRateTrackingError": 0.004261834215182575,
  "meanVelocityTrackingError": 0.4205353300931883,
  "meanPlanarVelocityTrackingError": 0.41675315542726354,
  "meanYawRateTrackingError": 0.010728964002148157,
  "meanUpright": 0.6032357356328764,
  "meanEnergy": 592.3360140008245,
  "meanSmoothness": 28.776281989141534,
  "peakActuator": 8.0,
  "motionCommandSchedule": [
    {
      "atStep": 0,
      "atSeconds": 0.0,
      "command": [
        0.0,
        0.0,
        0.0
      ]
    }
  ],
  "transitionCount": 0,
  "transitions": [],
  "maximumTransitionTerminalPlanarTrackingError": 0.0,
  "maximumTransitionTerminalYawRateTrackingError": 0.0,
  "maximumPlanarSettlingTimeSeconds": 0.0,
  "maximumYawRateSettlingTimeSeconds": 0.0,
  "maximumPlanarOvershootMps": 0.0,
  "maximumYawRateOvershootRadPerSec": 0.0,
  "unsettledPlanarTransitionCount": 0,
  "unsettledYawRateTransitionCount": 0,
  "initialBasePosition": [
    0.0,
    0.0,
    0.44
  ],
  "finalBasePosition": [
    0.7409236488546194,
    0.0056875000481767385,
    0.2520072954350247
  ],
  "netDisplacement": [
    0.7409236488546194,
    0.0056875000481767385,
    -0.1879927045649753
  ],
  "targetPlanarDisplacement": [
    0.0,
    0.0
  ],
  "forwardDisplacement": 0.0,
  "targetDistance": 0.0,
  "forwardProgress": 1.0,
  "meanForwardVelocity": 0.0,
  "lateralDrift": 0.7409454778111824,
  "distanceTraveled": 0.8273598045127684
}
