{
  "terms": {
    "survival": 30.0,
    "velocityTracking": 14.07919928234941,
    "forwardProgress": 10.0,
    "upright": 9.048536034493145,
    "lateralDrift": -3.704727389055912,
    "transitionTracking": 30.0,
    "energy": -2.961680070004123,
    "smoothness": -0.028776281989141533,
    "componentMass": -1.2060000000000002,
    "sensorChannels": -1.07,
    "trainingSteps": -0.0
  },
  "total": 84.15655157579337
}
