{
  "terms": {
    "survival": 30.0,
    "velocityTracking": 11.785962248836197,
    "forwardProgress": 10.0,
    "upright": 14.139319488707313,
    "lateralDrift": -0.2624801080137866,
    "transitionTracking": 3.8701786182449642,
    "energy": -1.0215512252403331,
    "smoothness": -0.1516057563610256,
    "componentMass": -1.2060000000000002,
    "sensorChannels": -1.07,
    "trainingSteps": -0.0
  },
  "total": 66.08382326617334
}
