{
  "durationSeconds": 18.000000000000902,
  "steps": 900,
  "survivalRate": 1.0,
  "fell": false,
  "motionCommand": [
    0.13111111111111284,
    0.02499999999999996,
    0.041666666666666664
  ],
  "meanMotionCommand": [
    0.13111111111111284,
    0.02499999999999996,
    0.041666666666666664
  ],
  "meanMeasuredMotion": [
    0.06739692015789371,
    0.032860250700017905,
    -0.3281551735312343
  ],
  "planarVelocityTrackingError": 0.06419720920640089,
  "yawRateTrackingError": 0.369821840197901,
  "meanVelocityTrackingError": 1.0096313114244138,
  "meanPlanarVelocityTrackingError": 0.407503155242345,
  "meanYawRateTrackingError": 0.8529405379540217,
  "meanUpright": 0.9148085587606828,
  "meanAbsolutePitchRad": 0.14230954560682763,
  "minimumPitchRad": -1.0689741533326957,
  "maximumPitchRad": 0.0026995731284405757,
  "maximumBackwardPitchRad": 1.0689741533326957,
  "maximumAbsolutePitchRad": 1.0689741533326957,
  "maximumAbsolutePitchRateRadPerSec": 4.618677168731554,
  "meanBodyTiltRad": 0.17227688455560528,
  "maximumBodyTiltRad": 1.0827969560311441,
  "initialBodyTiltRad": 0.0,
  "minimumBodyTiltRad": 0.0,
  "finalBodyTiltRad": 0.07850477615205335,
  "finalBaseHeightM": 0.4245229082699395,
  "selfRightingTask": true,
  "recoveryTriggered": true,
  "selfRightingSuccess": 0.0,
  "timeToStableStandSeconds": 15.3,
  "stableStandingDwellSeconds": 0.0,
  "finalStableStandingDwellSeconds": 0.0,
  "minimumJointLimitMarginRad": -0.03583625581494876,
  "disallowedCollisionSteps": 0,
  "meanEnergy": 323.50633386231135,
  "meanSmoothness": 65.60859105785553,
  "peakActuator": 8.0,
  "motionQualityFootEvidenceAvailable": true,
  "motionQualityContactThresholdNewton": 1.0,
  "meanJointJerkRadPerSec3": 13274.928246145546,
  "peakJointJerkRadPerSec3": 55022.67464505137,
  "meanBodyAngularJerkRadPerSec3": 3169.9389384288406,
  "peakBodyAngularJerkRadPerSec3": 20077.229220559588,
  "meanActionSlewRatePerSec": 291.23774446773456,
  "peakActionSlewRatePerSec": 800.0,
  "actuatorSaturationRate": 0.6316666666666667,
  "meanFootSlipSpeedMps": 0.14745941723638775,
  "peakFootSlipSpeedMps": 0.943819475265158,
  "totalFootSlipDistanceM": 1.7518178767682886,
  "meanFootContactImpactNPerSec": 659.2029352029439,
  "peakFootContactImpactNPerSec": 13934.1421274171,
  "peakFootContactForceNewton": 278.68361399065566,
  "motionCommandSchedule": [
    {
      "atStep": 0,
      "atSeconds": 0.0,
      "command": [
        0.2,
        0.0,
        0.0
      ]
    },
    {
      "atStep": 400,
      "atSeconds": 8.0,
      "command": [
        0.2,
        0.0,
        0.0
      ]
    },
    {
      "atStep": 500,
      "atSeconds": 10.0,
      "command": [
        0.12,
        0.0,
        0.25
      ]
    },
    {
      "atStep": 650,
      "atSeconds": 13.0,
      "command": [
        0.0,
        0.15,
        0.0
      ]
    },
    {
      "atStep": 800,
      "atSeconds": 16.0,
      "command": [
        0.0,
        0.0,
        0.0
      ]
    }
  ],
  "transitionCount": 4,
  "transitions": [
    {
      "index": 1,
      "atStep": 400,
      "atSeconds": 8.0,
      "endStep": 500,
      "fromCommand": [
        0.2,
        0.0,
        0.0
      ],
      "toCommand": [
        0.2,
        0.0,
        0.0
      ],
      "sampleCount": 100,
      "peakPlanarTrackingError": 0.49784764903254375,
      "peakYawRateTrackingError": 1.6309902342128266,
      "terminalMeasuredMotion": [
        0.41787794800314915,
        0.10943883387010223,
        0.16586788569135402
      ],
      "terminalPlanarTrackingError": 0.24381890530660413,
      "terminalYawRateTrackingError": 0.16586788569135402,
      "planarOvershootMps": 0.0,
      "yawRateOvershootRadPerSec": 0.0,
      "planarSettlingTimeSeconds": 2.0,
      "yawRateSettlingTimeSeconds": 1.98,
      "planarSettled": false,
      "yawRateSettled": true,
      "planarBraking": false
    },
    {
      "index": 2,
      "atStep": 500,
      "atSeconds": 10.0,
      "endStep": 650,
      "fromCommand": [
        0.2,
        0.0,
        0.0
      ],
      "toCommand": [
        0.12,
        0.0,
        0.25
      ],
      "sampleCount": 150,
      "peakPlanarTrackingError": 0.5917802003853971,
      "peakYawRateTrackingError": 4.0655957758567745,
      "terminalMeasuredMotion": [
        0.18883381935073645,
        -0.15411723431278126,
        -0.8309323872774266
      ],
      "terminalPlanarTrackingError": 0.16879045174011043,
      "terminalYawRateTrackingError": 1.0809323872774266,
      "planarOvershootMps": 0.07659392856927752,
      "yawRateOvershootRadPerSec": 2.5511014793257902,
      "planarSettlingTimeSeconds": 3.0,
      "yawRateSettlingTimeSeconds": 3.0,
      "planarSettled": false,
      "yawRateSettled": false,
      "planarBraking": false
    },
    {
      "index": 3,
      "atStep": 650,
      "atSeconds": 13.0,
      "endStep": 800,
      "fromCommand": [
        0.12,
        0.0,
        0.25
      ],
      "toCommand": [
        0.0,
        0.15,
        0.0
      ],
      "sampleCount": 150,
      "peakPlanarTrackingError": 0.7860798246865919,
      "peakYawRateTrackingError": 3.375076570061608,
      "terminalMeasuredMotion": [
        -0.3309011597929775,
        -0.0027144397991962195,
        -0.3759296291107489
      ],
      "terminalPlanarTrackingError": 0.3644410482856178,
      "terminalYawRateTrackingError": 0.3759296291107489,
      "planarOvershootMps": 0.196191256858683,
      "yawRateOvershootRadPerSec": 3.375076570061608,
      "planarSettlingTimeSeconds": 3.0,
      "yawRateSettlingTimeSeconds": 3.0,
      "planarSettled": false,
      "yawRateSettled": false,
      "planarBraking": false
    },
    {
      "index": 4,
      "atStep": 800,
      "atSeconds": 16.0,
      "endStep": 900,
      "fromCommand": [
        0.0,
        0.15,
        0.0
      ],
      "toCommand": [
        0.0,
        0.0,
        0.0
      ],
      "sampleCount": 100,
      "peakPlanarTrackingError": 0.6705927295705637,
      "peakYawRateTrackingError": 1.942597379228143,
      "terminalMeasuredMotion": [
        -0.4901152446686245,
        0.2405723514621076,
        0.6955870241562224
      ],
      "terminalPlanarTrackingError": 0.5459743669299809,
      "terminalYawRateTrackingError": 0.6955870241562224,
      "planarOvershootMps": 0.1890954240125214,
      "yawRateOvershootRadPerSec": 0.0,
      "planarSettlingTimeSeconds": 2.0,
      "yawRateSettlingTimeSeconds": 2.0,
      "planarSettled": false,
      "yawRateSettled": false,
      "planarBraking": true
    }
  ],
  "maximumTransitionTerminalPlanarTrackingError": 0.5459743669299809,
  "maximumTransitionTerminalYawRateTrackingError": 1.0809323872774266,
  "maximumPlanarSettlingTimeSeconds": 3.0,
  "maximumPlanarBrakingSettlingTimeSeconds": 2.0,
  "maximumYawRateSettlingTimeSeconds": 3.0,
  "maximumPlanarOvershootMps": 0.196191256858683,
  "maximumYawRateOvershootRadPerSec": 3.375076570061608,
  "unsettledPlanarTransitionCount": 4,
  "unsettledYawRateTransitionCount": 3,
  "initialBasePosition": [
    -0.16754147860549704,
    1.304104824136896,
    0.4077589130501206
  ],
  "finalBasePosition": [
    1.2147193045881208,
    0.5835649548065701,
    0.4245229082699395
  ],
  "netDisplacement": [
    1.3822607831936178,
    -0.7205398693303259,
    0.016763995219818917
  ],
  "targetPlanarDisplacement": [
    0.76,
    0.44999999999999996
  ],
  "forwardDisplacement": 0.8222920812625039,
  "targetDistance": 0.8832326986700617,
  "forwardProgress": 0.9310027612210011,
  "signedForwardProgress": 0.9310027612210011,
  "backwardDisplacement": 0.0,
  "meanForwardVelocity": 0.08222920812624297,
  "lateralDrift": 1.3242576445475316,
  "distanceTraveled": 7.084397082254172,
  "episodeInitialBasePosition": [
    0.0,
    0.0,
    0.44
  ],
  "mobilityMeasurementStartedAtSeconds": 8.0,
  "recoveryEvaluationStartedAtSeconds": 2.7,
  "missionStageDurationsSeconds": {
    "approach": 2.48,
    "impact": 0.16,
    "recover": 5.34,
    "resume": 2.0,