{
  "terms": {
    "survival": 10.0,
    "velocityTracking": 2.9856222710558975,
    "forwardProgress": 18.62005522442002,
    "upright": 1.8296171175213656,
    "lateralDrift": -2.648515289095063,
    "transitionTracking": 0.16395895850632297,
    "energy": -0.6470126677246227,
    "smoothness": -0.06560859105785553,
    "jointJerk": 0.0,
    "bodyAngularJerk": 0.0,
    "actionSlew": 0.0,
    "actuatorSaturation": -0.31583333333333335,
    "footSlip": 0.0,
    "footImpact": 0.0,
    "selfRighting": 0.0,
    "recoveryTime": -30.6,
    "jointLimitMargin": -0.07167251162989752,
    "componentMass": -3.015,
    "sensorChannels": -2.14,
    "trainingSteps": -0.16384
  },
  "total": -6.06822882133717
}
