{
  "durationSeconds": 6.499999999999506,
  "steps": 325,
  "survivalRate": 1.0,
  "fell": false,
  "motionCommand": [
    0.030769230769230813,
    0.0,
    0.0
  ],
  "meanMotionCommand": [
    0.030769230769230813,
    0.0,
    0.0
  ],
  "meanMeasuredMotion": [
    0.01053110380387002,
    -0.015266288071580798,
    0.030920365615393353
  ],
  "planarVelocityTrackingError": 0.02535037148742704,
  "yawRateTrackingError": 0.030920365615393353,
  "meanVelocityTrackingError": 0.3275572097068562,
  "meanPlanarVelocityTrackingError": 0.2279812028562297,
  "meanYawRateTrackingError": 0.1376030398439498,
  "meanUpright": 0.5510501265462312,
  "meanEnergy": 616.241705779759,
  "meanSmoothness": 28.203756371890062,
  "peakActuator": 8.0,
  "motionCommandSchedule": [
    {
      "atStep": 0,
      "atSeconds": 0.0,
      "command": [
        0.2,
        0.0,
        0.0
      ]
    },
    {
      "atStep": 125,
      "atSeconds": 2.5,
      "command": [
        -0.15,
        0.0,
        0.0
      ]
    },
    {
      "atStep": 225,
      "atSeconds": 4.5,
      "command": [
        0.0,
        0.0,
        0.0
      ]
    }
  ],
  "transitionCount": 2,
  "transitions": [
    {
      "index": 1,
      "atStep": 125,
      "atSeconds": 2.5,
      "endStep": 225,
      "fromCommand": [
        0.2,
        0.0,
        0.0
      ],
      "toCommand": [
        -0.15,
        0.0,
        0.0
      ],
      "sampleCount": 100,
      "peakPlanarTrackingError": 0.4106675935612527,
      "peakYawRateTrackingError": 2.574034432476673e-12,
      "terminalMeasuredMotion": [
        0.10027666671560628,
        -7.692991898125515e-14,
        3.0353713900061423e-13
      ],
      "terminalPlanarTrackingError": 0.2502766667156063,
      "terminalYawRateTrackingError": 3.0353713900061423e-13,
      "planarOvershootMps": 0.24552637816437015,
      "yawRateOvershootRadPerSec": 0.0,
      "planarSettlingTimeSeconds": 2.0,
      "yawRateSettlingTimeSeconds": 0.2,
      "planarSettled": false,
      "yawRateSettled": true,
      "planarBraking": false
    },
    {
      "index": 2,
      "atStep": 225,
      "atSeconds": 4.5,
      "endStep": 325,
      "fromCommand": [
        -0.15,
        0.0,
        0.0
      ],
      "toCommand": [
        0.0,
        0.0,
        0.0
      ],
      "sampleCount": 100,
      "peakPlanarTrackingError": 0.6798983781664809,
      "peakYawRateTrackingError": 1.8804965323486025,
      "terminalMeasuredMotion": [
        -0.1630600956374528,
        -0.12012928284345673,
        0.15451228137233947
      ],
      "terminalPlanarTrackingError": 0.2025330575135291,
      "terminalYawRateTrackingError": 0.15451228137233947,
      "planarOvershootMps": 0.3878534523882061,
      "yawRateOvershootRadPerSec": 0.0,
      "planarSettlingTimeSeconds": 2.0,
      "yawRateSettlingTimeSeconds": 1.96,
      "planarSettled": false,
      "yawRateSettled": true,
      "planarBraking": true
    }
  ],
  "maximumTransitionTerminalPlanarTrackingError": 0.2502766667156063,
  "maximumTransitionTerminalYawRateTrackingError": 0.15451228137233947,
  "maximumPlanarSettlingTimeSeconds": 2.0,
  "maximumPlanarBrakingSettlingTimeSeconds": 2.0,
  "maximumYawRateSettlingTimeSeconds": 1.96,
  "maximumPlanarOvershootMps": 0.3878534523882061,
  "maximumYawRateOvershootRadPerSec": 0.0,
  "unsettledPlanarTransitionCount": 2,
  "unsettledYawRateTransitionCount": 0,
  "initialBasePosition": [
    0.0,
    0.0,
    0.44
  ],
  "finalBasePosition": [
    0.07788124179740573,
    -0.09316366655985323,
    0.25346274159761606
  ],
  "netDisplacement": [
    0.07788124179740573,
    -0.09316366655985323,
    -0.18653725840238394
  ],
  "targetPlanarDisplacement": [
    0.2,
    0.0
  ],
  "forwardDisplacement": 0.07788124179740573,
  "targetDistance": 0.2,
  "forwardProgress": 0.3894062089870286,
  "signedForwardProgress": 0.3894062089870286,
  "backwardDisplacement": 0.0,
  "meanForwardVelocity": 0.011981729507294099,
  "lateralDrift": 0.09316366655985323,
  "distanceTraveled": 1.3185773196355037
}
