{
  "terms": {
    "survival": 30.0,
    "velocityTracking": 15.065264121021414,
    "forwardProgress": 3.8940620898702862,
    "upright": 8.265751898193468,
    "lateralDrift": -0.4658183327992661,
    "transitionTracking": 5.214994764408939,
    "energy": -3.0812085288987947,
    "smoothness": -0.028203756371890064,
    "componentMass": -1.2060000000000002,
    "sensorChannels": -1.07,
    "trainingSteps": -0.0
  },
  "total": 56.588842255424154
}
