{
  "durationSeconds": 4.999999999999671,
  "steps": 250,
  "survivalRate": 1.0,
  "fell": false,
  "motionCommand": [
    0.25,
    0.0,
    0.0
  ],
  "meanMotionCommand": [
    0.25,
    0.0,
    0.0
  ],
  "meanMeasuredMotion": [
    -0.09795337938993498,
    -0.03779581106729389,
    7.637840340626534e-05
  ],
  "planarVelocityTrackingError": 0.35000011080442617,
  "yawRateTrackingError": 7.637840340626534e-05,
  "meanVelocityTrackingError": 0.5704664669157391,
  "meanPlanarVelocityTrackingError": 0.38711696147817304,
  "meanYawRateTrackingError": 0.30833435338314297,
  "meanUpright": 0.5630467930004946,
  "meanEnergy": 622.6872040267333,
  "meanSmoothness": 29.539554493448485,
  "peakActuator": 8.0,
  "motionCommandSchedule": [
    {
      "atStep": 0,
      "atSeconds": 0.0,
      "command": [
        0.25,
        0.0,
        0.0
      ]
    }
  ],
  "transitionCount": 0,
  "transitions": [],
  "maximumTransitionTerminalPlanarTrackingError": 0.0,
  "maximumTransitionTerminalYawRateTrackingError": 0.0,
  "maximumPlanarSettlingTimeSeconds": 0.0,
  "maximumPlanarBrakingSettlingTimeSeconds": 0.0,
  "maximumYawRateSettlingTimeSeconds": 0.0,
  "maximumPlanarOvershootMps": 0.0,
  "maximumYawRateOvershootRadPerSec": 0.0,
  "unsettledPlanarTransitionCount": 0,
  "unsettledYawRateTransitionCount": 0,
  "initialBasePosition": [
    0.0,
    0.0,
    0.44
  ],
  "finalBasePosition": [
    -0.4841315187448331,
    -0.18939793832467036,
    0.2582598110163527
  ],
  "netDisplacement": [
    -0.4841315187448331,
    -0.18939793832467036,
    -0.1817401889836473
  ],
  "targetPlanarDisplacement": [
    1.25,
    0.0
  ],
  "forwardDisplacement": -0.4841315187448331,
  "targetDistance": 1.25,
  "forwardProgress": 0.0,
  "signedForwardProgress": -0.3873052149958665,
  "backwardDisplacement": 0.4841315187448331,
  "meanForwardVelocity": -0.09682630374897298,
  "lateralDrift": 0.18939793832467036,
  "distanceTraveled": 1.2966029829594727
}
