{
  "durationSeconds": 4.999999999999671,
  "steps": 250,
  "survivalRate": 1.0,
  "fell": false,
  "motionCommand": [
    0.25,
    0.0,
    0.0
  ],
  "meanMotionCommand": [
    0.25,
    0.0,
    0.0
  ],
  "meanMeasuredMotion": [
    0.028014392755056152,
    -0.01825091706620616,
    -0.046129954498657526
  ],
  "planarVelocityTrackingError": 0.2227346084416699,
  "yawRateTrackingError": 0.046129954498657526,
  "meanVelocityTrackingError": 0.5594237331099104,
  "meanPlanarVelocityTrackingError": 0.28159441583392253,
  "meanYawRateTrackingError": 0.3929980793584896,
  "meanUpright": 0.4630173582879525,
  "meanEnergy": 630.8755659323413,
  "meanSmoothness": 29.880387860076873,
  "peakActuator": 8.0,
  "motionCommandSchedule": [
    {
      "atStep": 0,
      "atSeconds": 0.0,
      "command": [
        0.25,
        0.0,
        0.0
      ]
    }
  ],
  "transitionCount": 0,
  "transitions": [],
  "maximumTransitionTerminalPlanarTrackingError": 0.0,
  "maximumTransitionTerminalYawRateTrackingError": 0.0,
  "maximumPlanarSettlingTimeSeconds": 0.0,
  "maximumPlanarBrakingSettlingTimeSeconds": 0.0,
  "maximumYawRateSettlingTimeSeconds": 0.0,
  "maximumPlanarOvershootMps": 0.0,
  "maximumYawRateOvershootRadPerSec": 0.0,
  "unsettledPlanarTransitionCount": 0,
  "unsettledYawRateTransitionCount": 0,
  "initialBasePosition": [
    0.0,
    0.0,
    0.44
  ],
  "finalBasePosition": [
    0.15294864042112388,
    -0.09383699614489552,
    0.255847725757601
  ],
  "netDisplacement": [
    0.15294864042112388,
    -0.09383699614489552,
    -0.184152274242399
  ],
  "targetPlanarDisplacement": [
    1.25,
    0.0
  ],
  "forwardDisplacement": 0.15294864042112388,
  "targetDistance": 1.25,
  "forwardProgress": 0.1223589123368991,
  "signedForwardProgress": 0.1223589123368991,
  "backwardDisplacement": 0.0,
  "meanForwardVelocity": 0.030589728084226785,
  "lateralDrift": 0.09383699614489552,
  "distanceTraveled": 0.9268382339872274
}
