{
  "count": 8192.000100000001,
  "mean": [
    0.12561393616417676,
    0.3422716814059082,
    -0.4392616401564974,
    -0.14486710223943633,
    0.3369133073811896,
    -0.45714826102415773,
    0.18118723782809382,
    0.2444563802848391,
    -0.5296179650842706,
    -0.20526140212353247,
    0.24900584746956353,
    -0.525476833839117,
    -0.0004226565587318023,
    0.014811265373551845,
    0.010972501237181503,
    0.007098307125768714,
    0.017961514016199078,
    0.008336269433008546,
    0.012890742409992956,
    0.01728395498264775,
    -0.017558245720588457,
    -0.007428757654257954,
    0.018294646884100516,
    -0.019545494163141913,
    0.3144695325697845,
    0.7477407637394704,
    -0.0827552021084969,
    0.13171628659605558,
    0.013789655051944533,
    0.03018602180637404,
    0.006292245201664014,
    -0.001466560213885256,
    0.00037033952807272885,
    0.03160800849982049,
    0.007212203684925987,
    0.001552075714300788,
    0.02902101260761535,
    0.007098351740048161,
    0.10743496133884314,
    0.10078271583122969,
    5.293501784600131,
    0.17503755383687747,
    -0.17912768226800355,
    0.00999479563932985,
    -0.19385088781512852,
    -0.13159712787577657,
    0.038764601365776544,
    -0.06161883771965206,
    0.11929404958866248,
    0.7892094964995009,
    0.09476325621280016,
    0.07949684059838982,
    0.751854378946757,
    0.17560658501866525,
    -0.1772898018841521,
    0.007650555739016405,
    -0.19343391991410347,
    -0.12970813522456545,
    0.03591434312422787,
    -0.061071024644225085,
    0.12395611816815394,
    0.7879210315497368,
    0.09462084663227491,
    0.08490184137336328,
    0.7481968620051543,
    0.17671211368923245,
    -0.17981391482445097,
    0.010577788006414885,
    -0.19241205361080368,
    -0.1325906818368809,
    0.038842526395210554,
    -0.061333940102682144,
    0.11957496578395302,
    0.7930738705532591,
    0.09659185752179422,
    0.08008099304822872,
    0.7536272202982043,
    0.17454026284806856,
    -0.17455982220100344,
    0.005761278517691296,
    -0.19492861188754154,
    -0.12725114338447838,
    0.033607429908591925,
    -0.06351102766276592,
    0.12376690844802946,
    0.7914152242952035,
    0.09380303975097726,
    0.08542781775535707,
    0.7499608194396271,
    0.17405623098890505,
    -0.17814046526504781,
    0.00902390014117534,
    -0.1948262688468778,
    -0.13062289682597852,
    0.03778860196731088,
    -0.06259191851060222,
    0.12025394872323623,
    0.7883206937873248,
    0.09378621976562833,
    0.0791070075951161,
    0.7525407544709979,
    0.17463440529884597,
    -0.17516402361728003,
    0.006153059338045796,
    -0.19440262186950577,
    -0.1275946334553868,
    0.03528282733426415,
    -0.062045754893476975,
    0.12317557385823782,
    0.7884365642824335,
    0.09365216856308217,
    0.08565485918560506,
    0.7473807521284639,
    0.17608646945022743,
    -0.1807851664119649,
    0.011560973566126766,
    -0.1929420908622007,
    -0.133569378613385,
    0.03980815569002076,
    -0.061626464498483656,
    0.12055274990282075,
    0.792107074250033,
    0.09643755620070443,
    0.07944868050636851,
    0.754611719357574,
    0.17653795600620922,
    -0.17552995813189973,
    0.006744022647005269,
    -0.19283204983747704,
    -0.12824045227310552,
    0.03531940187593561,
    -0.06198496930055791,
    0.12305814174359256,
    0.792072691865009,
    0.0954897109581656,
    0.08592737940317528,
    0.7491841379727927,
    0.3295929871235706,
    0.14873046833215406,
    0.016479492641170438,
    0.045776366628706454,
    11.055777451934782,
    11.417912136110791,
    12.156591922647511,
    12.04802986921208
  ],
  "variance": [
    0.01625871071619333,
    0.07065965431726115,
    0.08640595267616719,
    0.0164898164797447,
    0.07294412981808791,
    0.08602308306217431,
    0.026635788223943222,
    0.11082734333487879,
    0.028481157503128646,
    0.024738893456921807,
    0.10963900875434857,
    0.028883732086718992,
    6.587858023908605,
    12.254187210709464,
    27.88506584594147,
    6.604699055128556,
    12.365840971100532,
    27.899551528184137,
    7.574003377269015,
    12.114936277101469,
    23.627869167195772,
    7.566260791188542,
    12.573130394259183,
    23.85723002597051,
    0.0218236466430606,
    0.16764567830667765,
    0.14867926942738036,
    0.08066303475580311,
    0.019521392585656674,
    0.05396857996716427,
    0.023279146703329673,
    0.048199115380685,
    2.467475796206898,
    1.0682003620326335,
    0.13250676762916402,
    2.3938544738121252,
    0.9966167020301837,
    0.12841056090533542,
    32.93197802909682,
    18.61062511789136,
    255.36908202061028,
    16.59000120978176,
    47.56917862654259,
    50.954628970447175,
    16.754372056163156,
    48.3787414270218,
    50.648047713466,
    18.110026612055005,
    47.30648212184567,
    47.52951305375289,
    18.25227127398687,
    48.08046282789814,
    47.67830462668702,
    16.61369214988062,
    47.647439698379024,
    51.02775585658937,
    16.78041571635297,
    48.453457397748245,
    50.723413899767294,
    18.134475007180225,
    47.385320618274115,
    47.575226634115424,
    18.278060912432473,
    48.157647729467094,
    47.74875207121576,
    16.632565386532676,
    47.726232573152565,
    51.113713846244615,
    16.800851121428312,
    48.53789584004755,
    50.80909657706093,
    18.151835980213455,
    47.45964225362129,
    47.64900041797577,
    18.297581962913103,
    48.234267527788234,
    47.82014992306991,
    16.6493741782484,
    47.8089054132983,
    51.198675951594026,
    16.81714403010898,
    48.61946359105613,
    50.88246840040836,
    18.169936157215147,
    47.532559764818934,
    47.698405856599344,
    18.316890802046085,
    48.30260588122327,
    47.890149365618875,
    16.566900993910885,
    47.54598145928583,
    50.931077235515886,
    16.73049201069708,
    48.355604214342506,
    50.62464648778419,
    18.08651305633908,
    47.28316136820687,
    47.5088561970121,
    18.22897481270909,
    48.06469038771061,
    47.65762987908492,
    16.59066608864448,
    47.63225054813611,
    51.01590555839117,
    16.756678666176324,
    48.440612768014766,
    50.70454852780269,
    18.110990824879128,
    47.36496089297319,
    47.55656278068687,
    18.25494472417526,
    48.137389818272695,
    47.72888281616883,
    16.614174930251295,
    47.70257352552004,
    51.09034109697182,
    16.782786408746805,
    48.51430113507865,
    50.78562272779182,
    18.135510955191876,
    47.43604372095247,
    47.627171424064606,
    18.28184661499952,
    48.21541808725798,
    47.795415305136345,
    16.63322409036371,
    47.7851767194196,
    51.175100315154,
    16.802224553906868,
    48.59571636695858,
    50.866163013708146,
    18.152909355958567,
    47.513190456009724,
    47.678224848020115,
    18.300292044787813,
    48.284913654953634,
    47.87066903264022,
    0.22096431225522747,
    0.0058675415427403435,
    0.0022003625237217166,
    0.009348628122481977,
    355.30716278903645,
    392.8533475762899,
    382.39512536413633,
    385.72271469060826
  ]
}
