{
  "terms": {
    "survival": 30.0,
    "velocityTracking": 12.578478661880244,
    "forwardProgress": 10.0,
    "upright": 13.427304909521704,
    "lateralDrift": -2.764028222512791,
    "transitionTracking": 4.517028989590479,
    "energy": -0.9442824874918158,
    "smoothness": -0.12808525333691245,
    "componentMass": -1.2060000000000002,
    "sensorChannels": -1.07,
    "trainingSteps": -0.0
  },
  "total": 64.41041659765092
}
