{
  "durationSeconds": 4.999999999999671,
  "steps": 250,
  "survivalRate": 1.0,
  "fell": false,
  "motionCommand": [
    0.25,
    0.0,
    0.0
  ],
  "meanMotionCommand": [
    0.25,
    0.0,
    0.0
  ],
  "meanMeasuredMotion": [
    0.16125086734679922,
    0.10707123357193003,
    0.01047306273683213
  ],
  "planarVelocityTrackingError": 0.13907069283393328,
  "yawRateTrackingError": 0.01047306273683213,
  "meanVelocityTrackingError": 0.5782878532847643,
  "meanPlanarVelocityTrackingError": 0.32408669952952013,
  "meanYawRateTrackingError": 0.36900354191336576,
  "meanUpright": 0.5963742577439803,
  "meanEnergy": 625.0474755491718,
  "meanSmoothness": 34.039760428338916,
  "peakActuator": 8.0,
  "motionCommandSchedule": [
    {
      "atStep": 0,
      "atSeconds": 0.0,
      "command": [
        0.25,
        0.0,
        0.0
      ]
    }
  ],
  "transitionCount": 0,
  "transitions": [],
  "maximumTransitionTerminalPlanarTrackingError": 0.0,
  "maximumTransitionTerminalYawRateTrackingError": 0.0,
  "maximumPlanarSettlingTimeSeconds": 0.0,
  "maximumPlanarBrakingSettlingTimeSeconds": 0.0,
  "maximumYawRateSettlingTimeSeconds": 0.0,
  "maximumPlanarOvershootMps": 0.0,
  "maximumYawRateOvershootRadPerSec": 0.0,
  "unsettledPlanarTransitionCount": 0,
  "unsettledYawRateTransitionCount": 0,
  "initialBasePosition": [
    0.0,
    0.0,
    0.44
  ],
  "finalBasePosition": [
    0.8105606889034316,
    0.5329558576857486,
    0.23048361279007668
  ],
  "netDisplacement": [
    0.8105606889034316,
    0.5329558576857486,
    -0.20951638720992333
  ],
  "targetPlanarDisplacement": [
    1.25,
    0.0
  ],
  "forwardDisplacement": 0.8105606889034316,
  "targetDistance": 1.25,
  "forwardProgress": 0.6484485511227452,
  "signedForwardProgress": 0.6484485511227452,
  "backwardDisplacement": 0.0,
  "meanForwardVelocity": 0.16211213778069697,
  "lateralDrift": 0.5329558576857486,
  "distanceTraveled": 1.6383031055793393
}
