{
  "terms": {
    "survival": 25.0,
    "velocityTracking": 12.671959654492431,
    "forwardProgress": 32.422427556137265,
    "upright": 8.945613866159706,
    "lateralDrift": -5.329558576857486,
    "transitionTracking": 0.0,
    "energy": -6.250474755491719,
    "smoothness": -0.17019880214169458,
    "componentMass": -1.5075,
    "sensorChannels": -5.3500000000000005,
    "trainingSteps": -0.0
  },
  "total": 60.4322689422985
}
