{
  "durationSeconds": 4.659999999999709,
  "steps": 233,
  "survivalRate": 0.7733333333333333,
  "fell": true,
  "motionCommand": [
    0.1609442060085837,
    0.0,
    0.0
  ],
  "meanMotionCommand": [
    0.1609442060085837,
    0.0,
    0.0
  ],
  "meanMeasuredMotion": [
    0.11170254914759321,
    -0.01098546708302641,
    0.02922962687484252
  ],
  "planarVelocityTrackingError": 0.05045216801533694,
  "yawRateTrackingError": 0.02922962687484252,
  "meanVelocityTrackingError": 0.46407877754260696,
  "meanPlanarVelocityTrackingError": 0.34887190726631195,
  "meanYawRateTrackingError": 0.20739419226856817,
  "meanUpright": 0.5084955105813046,
  "meanEnergy": 618.1333934250339,
  "meanSmoothness": 28.80714535299956,
  "peakActuator": 8.0,
  "motionCommandSchedule": [
    {
      "atStep": 0,
      "atSeconds": 0.0,
      "command": [
        0.0,
        0.0,
        0.0
      ]
    },
    {
      "atStep": 50,
      "atSeconds": 1.0,
      "command": [
        0.25,
        0.0,
        0.0
      ]
    },
    {
      "atStep": 200,
      "atSeconds": 4.0,
      "command": [
        0.0,
        0.0,
        0.0
      ]
    }
  ],
  "transitionCount": 2,
  "transitions": [
    {
      "index": 1,
      "atStep": 50,
      "atSeconds": 1.0,
      "endStep": 200,
      "fromCommand": [
        0.0,
        0.0,
        0.0
      ],
      "toCommand": [
        0.25,
        0.0,
        0.0
      ],
      "sampleCount": 150,
      "peakPlanarTrackingError": 0.9316535471398648,
      "peakYawRateTrackingError": 1.2001160492034155,
      "terminalMeasuredMotion": [
        0.4915043978718134,
        -0.06930843694641553,
        0.13178232896996958
      ],
      "terminalPlanarTrackingError": 0.25125292759166484,
      "terminalYawRateTrackingError": 0.13178232896996958,
      "planarOvershootMps": 0.8327027576203945,
      "yawRateOvershootRadPerSec": 0.0,
      "planarSettlingTimeSeconds": 3.0,
      "yawRateSettlingTimeSeconds": 2.64,
      "planarSettled": false,
      "yawRateSettled": true
    },
    {
      "index": 2,
      "atStep": 200,
      "atSeconds": 4.0,
      "endStep": 300,
      "fromCommand": [
        0.25,
        0.0,
        0.0
      ],
      "toCommand": [
        0.0,
        0.0,
        0.0
      ],
      "sampleCount": 33,
      "peakPlanarTrackingError": 0.6315760003224705,
      "peakYawRateTrackingError": 1.4515330301538587,
      "terminalMeasuredMotion": [
        0.295787182850785,
        -0.045340694651525494,
        -0.15452100619630837
      ],
      "terminalPlanarTrackingError": 0.29924210287037917,
      "terminalYawRateTrackingError": 0.15452100619630837,
      "planarOvershootMps": 0.11318056911941485,
      "yawRateOvershootRadPerSec": 0.0,
      "planarSettlingTimeSeconds": 0.66,
      "yawRateSettlingTimeSeconds": 0.58,
      "planarSettled": false,
      "yawRateSettled": true
    }
  ],
  "maximumTransitionTerminalPlanarTrackingError": 0.29924210287037917,
  "maximumTransitionTerminalYawRateTrackingError": 0.15452100619630837,
  "maximumPlanarSettlingTimeSeconds": 3.0,
  "maximumYawRateSettlingTimeSeconds": 2.64,
  "maximumPlanarOvershootMps": 0.8327027576203945,
  "maximumYawRateOvershootRadPerSec": 0.0,
  "unsettledPlanarTransitionCount": 2,
  "unsettledYawRateTransitionCount": 0,
  "initialBasePosition": [
    0.0,
    0.0,
    0.44
  ],
  "finalBasePosition": [
    0.5254428969275492,
    -0.046886727444848876,
    0.1850810458911876
  ],
  "netDisplacement": [
    0.5254428969275492,
    -0.046886727444848876,
    -0.2549189541088124
  ],
  "targetPlanarDisplacement": [
    0.75,
    0.0
  ],
  "forwardDisplacement": 0.5254428969275492,
  "targetDistance": 0.75,
  "forwardProgress": 0.7005905292367323,
  "meanForwardVelocity": 0.11275598646514635,
  "lateralDrift": 0.046886727444848876,
  "distanceTraveled": 1.4255834224562947
}
