{
  "terms": {
    "survival": 23.2,
    "velocityTracking": 13.660467118831637,
    "forwardProgress": 7.005905292367323,
    "upright": 7.627432658719569,
    "lateralDrift": -0.23443363722424437,
    "transitionTracking": 3.7847888964087217,
    "energy": -3.0906669671251694,
    "smoothness": -0.02880714535299956,
    "componentMass": -1.2060000000000002,
    "sensorChannels": -1.07,
    "trainingSteps": -0.0
  },
  "total": 49.64868621662484
}
