{
  "terms": {
    "survival": 30.0,
    "velocityTracking": 19.182633616533526,
    "forwardProgress": 8.152710108030076,
    "upright": 19.119626461196077,
    "lateralDrift": -0.18530930696009673,
    "transitionTracking": 0.0,
    "energy": -0.934418440949951,
    "smoothness": -0.12500055337912003,
    "jointJerk": 0.0,
    "bodyAngularJerk": 0.0,
    "actionSlew": 0.0,
    "actuatorSaturation": 0.0,
    "footSlip": 0.0,
    "footImpact": 0.0,
    "componentMass": -1.2060000000000002,
    "sensorChannels": -1.07,
    "trainingSteps": -0.2048
  },
  "total": 72.72944188447052
}
