{
  "durationSeconds": 6.499999999999506,
  "steps": 325,
  "survivalRate": 1.0,
  "fell": false,
  "motionCommand": [
    0.0,
    0.0,
    0.038461538461538464
  ],
  "meanMotionCommand": [
    0.0,
    0.0,
    0.038461538461538464
  ],
  "meanMeasuredMotion": [
    0.03513946106154746,
    0.010259212219208313,
    0.03740358794058064
  ],
  "planarVelocityTrackingError": 0.036606463350817756,
  "yawRateTrackingError": 0.0010579505209578205,
  "meanVelocityTrackingError": 0.3691470957609244,
  "meanPlanarVelocityTrackingError": 0.11631706222687473,
  "meanYawRateTrackingError": 0.32583479357265266,
  "meanUpright": 0.9615481813045081,
  "meanEnergy": 198.85896203248515,
  "meanSmoothness": 136.86721597704692,
  "peakActuator": 8.0,
  "motionCommandSchedule": [
    {
      "atStep": 0,
      "atSeconds": 0.0,
      "command": [
        0.0,
        0.0,
        0.5
      ]
    },
    {
      "atStep": 125,
      "atSeconds": 2.5,
      "command": [
        0.0,
        0.0,
        -0.5
      ]
    },
    {
      "atStep": 225,
      "atSeconds": 4.5,
      "command": [
        0.0,
        0.0,
        0.0
      ]
    }
  ],
  "transitionCount": 2,
  "transitions": [
    {
      "index": 1,
      "atStep": 125,
      "atSeconds": 2.5,
      "endStep": 225,
      "fromCommand": [
        0.0,
        0.0,
        0.5
      ],
      "toCommand": [
        0.0,
        0.0,
        -0.5
      ],
      "sampleCount": 100,
      "peakPlanarTrackingError": 0.33306943267617184,
      "peakYawRateTrackingError": 1.029226514750491,
      "terminalMeasuredMotion": [
        0.1275047876554929,
        0.032169313592764856,
        0.14752742245944755
      ],
      "terminalPlanarTrackingError": 0.1315003255208974,
      "terminalYawRateTrackingError": 0.6475274224594476,
      "planarOvershootMps": 0.0,
      "yawRateOvershootRadPerSec": 0.0,
      "planarSettlingTimeSeconds": 2.0,
      "yawRateSettlingTimeSeconds": 2.0,
      "planarSettled": false,
      "yawRateSettled": false
    },
    {
      "index": 2,
      "atStep": 225,
      "atSeconds": 4.5,
      "endStep": 325,
      "fromCommand": [
        0.0,
        0.0,
        -0.5
      ],
      "toCommand": [
        0.0,
        0.0,
        0.0
      ],
      "sampleCount": 100,
      "peakPlanarTrackingError": 0.20139064799148287,
      "peakYawRateTrackingError": 0.43926173462462414,
      "terminalMeasuredMotion": [
        0.007834438612614654,
        0.00311457348221694,
        -0.008652632055888851
      ],
      "terminalPlanarTrackingError": 0.008430836041043402,
      "terminalYawRateTrackingError": 0.008652632055888851,
      "planarOvershootMps": 0.0,
      "yawRateOvershootRadPerSec": 0.09073375848736752,
      "planarSettlingTimeSeconds": 1.38,
      "yawRateSettlingTimeSeconds": 0.32,
      "planarSettled": true,
      "yawRateSettled": true
    }
  ],
  "maximumTransitionTerminalPlanarTrackingError": 0.1315003255208974,
  "maximumTransitionTerminalYawRateTrackingError": 0.6475274224594476,
  "maximumPlanarSettlingTimeSeconds": 2.0,
  "maximumYawRateSettlingTimeSeconds": 2.0,
  "maximumPlanarOvershootMps": 0.0,
  "maximumYawRateOvershootRadPerSec": 0.09073375848736752,
  "unsettledPlanarTransitionCount": 1,
  "unsettledYawRateTransitionCount": 1,
  "initialBasePosition": [
    0.0,
    0.0,
    0.44
  ],
  "finalBasePosition": [
    0.22477809318965533,
    0.06577441585171195,
    0.40490785276983965
  ],
  "netDisplacement": [
    0.22477809318965533,
    0.06577441585171195,
    -0.03509214723016035
  ],
  "targetPlanarDisplacement": [
    0.0,
    0.0
  ],
  "forwardDisplacement": 0.0,
  "targetDistance": 0.0,
  "forwardProgress": 1.0,
  "meanForwardVelocity": 0.0,
  "lateralDrift": 0.23420389612175824,
  "distanceTraveled": 0.6664867595392168
}
