{
  "terms": {
    "survival": 30.0,
    "velocityTracking": 14.607634243188965,
    "forwardProgress": 10.0,
    "upright": 14.423222719567622,
    "lateralDrift": -1.1710194806087912,
    "transitionTracking": 5.110940191853436,
    "energy": -0.9942948101624258,
    "smoothness": -0.13686721597704693,
    "componentMass": -1.2060000000000002,
    "sensorChannels": -1.07,
    "trainingSteps": -0.0
  },
  "total": 69.56361564786175
}
