{
  "terms": {
    "survival": 8.123076923076923,
    "velocityTracking": 8.00882912013999,
    "forwardProgress": 10.0,
    "upright": 9.42445447045647,
    "lateralDrift": -1.3764772432673098,
    "transitionTracking": 26.785714285714285,
    "energy": -2.531707206612472,
    "smoothness": -0.039105413842001675,
    "componentMass": -1.2060000000000002,
    "sensorChannels": -1.07,
    "trainingSteps": -0.0
  },
  "total": 56.118784935665886
}
