{
  "durationSeconds": 6.499999999999506,
  "steps": 325,
  "survivalRate": 1.0,
  "fell": false,
  "motionCommand": [
    0.0,
    0.0,
    0.038461538461538464
  ],
  "meanMotionCommand": [
    0.0,
    0.0,
    0.038461538461538464
  ],
  "meanMeasuredMotion": [
    0.0071651865423628565,
    -0.004911199373722014,
    0.1106813449416362
  ],
  "planarVelocityTrackingError": 0.00868675874393351,
  "yawRateTrackingError": 0.07221980648009774,
  "meanVelocityTrackingError": 0.4157168721780612,
  "meanPlanarVelocityTrackingError": 0.13439121418902972,
  "meanYawRateTrackingError": 0.37124600415171377,
  "meanUpright": 0.9572861557995322,
  "meanEnergy": 202.52552013424253,
  "meanSmoothness": 140.31619183188607,
  "peakActuator": 8.0,
  "motionCommandSchedule": [
    {
      "atStep": 0,
      "atSeconds": 0.0,
      "command": [
        0.0,
        0.0,
        0.5
      ]
    },
    {
      "atStep": 125,
      "atSeconds": 2.5,
      "command": [
        0.0,
        0.0,
        -0.5
      ]
    },
    {
      "atStep": 225,
      "atSeconds": 4.5,
      "command": [
        0.0,
        0.0,
        0.0
      ]
    }
  ],
  "transitionCount": 2,
  "transitions": [
    {
      "index": 1,
      "atStep": 125,
      "atSeconds": 2.5,
      "endStep": 225,
      "fromCommand": [
        0.0,
        0.0,
        0.5
      ],
      "toCommand": [
        0.0,
        0.0,
        -0.5
      ],
      "sampleCount": 100,
      "peakPlanarTrackingError": 0.41109098843026803,
      "peakYawRateTrackingError": 1.113461575122775,
      "terminalMeasuredMotion": [
        -0.0548197176959367,
        -0.06470832299393958,
        0.029583795987486127
      ],
      "terminalPlanarTrackingError": 0.0848078328513953,
      "terminalYawRateTrackingError": 0.5295837959874862,
      "planarOvershootMps": 0.0,
      "yawRateOvershootRadPerSec": 0.0,
      "planarSettlingTimeSeconds": 1.98,
      "yawRateSettlingTimeSeconds": 2.0,
      "planarSettled": true,
      "yawRateSettled": false
    },
    {
      "index": 2,
      "atStep": 225,
      "atSeconds": 4.5,
      "endStep": 325,
      "fromCommand": [
        0.0,
        0.0,
        -0.5
      ],
      "toCommand": [
        0.0,
        0.0,
        0.0
      ],
      "sampleCount": 100,
      "peakPlanarTrackingError": 0.2391336098737191,
      "peakYawRateTrackingError": 0.45713195967075265,
      "terminalMeasuredMotion": [
        -0.11450060204220099,
        -0.09711829459506303,
        0.04009041539439996
      ],
      "terminalPlanarTrackingError": 0.1501411036761084,
      "terminalYawRateTrackingError": 0.04009041539439996,
      "planarOvershootMps": 0.0,
      "yawRateOvershootRadPerSec": 0.45713195967075265,
      "planarSettlingTimeSeconds": 2.0,
      "yawRateSettlingTimeSeconds": 0.42,
      "planarSettled": false,
      "yawRateSettled": true
    }
  ],
  "maximumTransitionTerminalPlanarTrackingError": 0.1501411036761084,
  "maximumTransitionTerminalYawRateTrackingError": 0.5295837959874862,
  "maximumPlanarSettlingTimeSeconds": 2.0,
  "maximumYawRateSettlingTimeSeconds": 2.0,
  "maximumPlanarOvershootMps": 0.0,
  "maximumYawRateOvershootRadPerSec": 0.45713195967075265,
  "unsettledPlanarTransitionCount": 1,
  "unsettledYawRateTransitionCount": 1,
  "initialBasePosition": [
    0.0,
    0.0,
    0.44
  ],
  "finalBasePosition": [
    0.05164614624085116,
    -0.03513101981039563,
    0.42146762647102803
  ],
  "netDisplacement": [
    0.05164614624085116,
    -0.03513101981039563,
    -0.018532373528971968
  ],
  "targetPlanarDisplacement": [
    0.0,
    0.0
  ],
  "forwardDisplacement": 0.0,
  "targetDistance": 0.0,
  "forwardProgress": 1.0,
  "meanForwardVelocity": 0.0,
  "lateralDrift": 0.062462092299648386,
  "distanceTraveled": 0.8023117577765785
}
