{
  "terms": {
    "survival": 30.0,
    "velocityTracking": 14.12711848890398,
    "forwardProgress": 10.0,
    "upright": 14.359292336992983,
    "lateralDrift": -0.31231046149824193,
    "transitionTracking": 4.888495965873651,
    "energy": -1.0126276006712127,
    "smoothness": -0.14031619183188607,
    "componentMass": -1.2060000000000002,
    "sensorChannels": -1.07,
    "trainingSteps": -0.0
  },
  "total": 69.63365253776928
}
