{
  "durationSeconds": 6.499999999999506,
  "steps": 325,
  "survivalRate": 1.0,
  "fell": false,
  "motionCommand": [
    0.0,
    0.0,
    0.038461538461538464
  ],
  "meanMotionCommand": [
    0.0,
    0.0,
    0.038461538461538464
  ],
  "meanMeasuredMotion": [
    -0.026031549044177166,
    -0.011414930368733193,
    0.0015544394311840172
  ],
  "planarVelocityTrackingError": 0.028424323755587018,
  "yawRateTrackingError": 0.03690709903035445,
  "meanVelocityTrackingError": 0.344606841426234,
  "meanPlanarVelocityTrackingError": 0.13974392892039914,
  "meanYawRateTrackingError": 0.2887192494090551,
  "meanUpright": 0.953187907267213,
  "meanAbsolutePitchRad": 0.09340723718615304,
  "minimumPitchRad": -0.1302772669859325,
  "maximumPitchRad": -0.012514579652300238,
  "maximumBackwardPitchRad": 0.1302772669859325,
  "maximumAbsolutePitchRad": 0.1302772669859325,
  "maximumAbsolutePitchRateRadPerSec": 1.9349572201648764,
  "meanBodyTiltRad": 0.09366237340696612,
  "maximumBodyTiltRad": 0.13051493500184064,
  "meanEnergy": 196.45687713325705,
  "meanSmoothness": 135.7553736848688,
  "peakActuator": 8.0,
  "motionQualityFootEvidenceAvailable": true,
  "motionQualityContactThresholdNewton": 1.0,
  "meanJointJerkRadPerSec3": 22975.92935483511,
  "peakJointJerkRadPerSec3": 47343.95746331361,
  "meanBodyAngularJerkRadPerSec3": 2620.6313427886707,
  "peakBodyAngularJerkRadPerSec3": 8933.581931836457,
  "meanActionSlewRatePerSec": 491.49972611843583,
  "peakActionSlewRatePerSec": 800.0,
  "actuatorSaturationRate": 0.4294871794871794,
  "meanFootSlipSpeedMps": 0.05445219561779933,
  "peakFootSlipSpeedMps": 0.3200936110322478,
  "totalFootSlipDistanceM": 0.6098645909193536,
  "meanFootContactImpactNPerSec": 772.1461501750125,
  "peakFootContactImpactNPerSec": 5488.977182389812,
  "peakFootContactForceNewton": 109.77954364779623,
  "motionCommandSchedule": [
    {
      "atStep": 0,
      "atSeconds": 0.0,
      "command": [
        0.0,
        0.0,
        0.5
      ]
    },
    {
      "atStep": 125,
      "atSeconds": 2.5,
      "command": [
        0.0,
        0.0,
        -0.5
      ]
    },
    {
      "atStep": 225,
      "atSeconds": 4.5,
      "command": [
        0.0,
        0.0,
        0.0
      ]
    }
  ],
  "transitionCount": 2,
  "transitions": [
    {
      "index": 1,
      "atStep": 125,
      "atSeconds": 2.5,
      "endStep": 225,
      "fromCommand": [
        0.0,
        0.0,
        0.5
      ],
      "toCommand": [
        0.0,
        0.0,
        -0.5
      ],
      "sampleCount": 100,
      "peakPlanarTrackingError": 0.40746481969289494,
      "peakYawRateTrackingError": 1.1174257406381427,
      "terminalMeasuredMotion": [
        -0.11548517017754104,
        -0.010983681414895533,
        -0.2904748902183858
      ],
      "terminalPlanarTrackingError": 0.11600631788122376,
      "terminalYawRateTrackingError": 0.2095251097816142,
      "planarOvershootMps": 0.0,
      "yawRateOvershootRadPerSec": 0.4579008394151749,
      "planarSettlingTimeSeconds": 1.66,
      "yawRateSettlingTimeSeconds": 2.0,
      "planarSettled": true,
      "yawRateSettled": true,
      "planarBraking": false
    },
    {
      "index": 2,
      "atStep": 225,
      "atSeconds": 4.5,
      "endStep": 325,
      "fromCommand": [
        0.0,
        0.0,
        -0.5
      ],
      "toCommand": [
        0.0,
        0.0,
        0.0
      ],
      "sampleCount": 100,
      "peakPlanarTrackingError": 0.21706650429998336,
      "peakYawRateTrackingError": 0.6020989431992629,
      "terminalMeasuredMotion": [
        -0.05926678329922617,
        -0.003281687242859482,
        -0.005059565715876372
      ],
      "terminalPlanarTrackingError": 0.05935756964193683,
      "terminalYawRateTrackingError": 0.005059565715876372,
      "planarOvershootMps": 0.0,
      "yawRateOvershootRadPerSec": 0.3134117672506863,
      "planarSettlingTimeSeconds": 0.2,
      "yawRateSettlingTimeSeconds": 0.2,
      "planarSettled": true,
      "yawRateSettled": true,
      "planarBraking": false
    }
  ],
  "maximumTransitionTerminalPlanarTrackingError": 0.11600631788122376,
  "maximumTransitionTerminalYawRateTrackingError": 0.2095251097816142,
  "maximumPlanarSettlingTimeSeconds": 1.66,
  "maximumPlanarBrakingSettlingTimeSeconds": 0.0,
  "maximumYawRateSettlingTimeSeconds": 2.0,
  "maximumPlanarOvershootMps": 0.0,
  "maximumYawRateOvershootRadPerSec": 0.4579008394151749,
  "unsettledPlanarTransitionCount": 0,
  "unsettledYawRateTransitionCount": 0,
  "initialBasePosition": [
    0.0,
    0.0,
    0.44
  ],
  "finalBasePosition": [
    -0.16631964621502465,
    -0.07267794320407031,
    0.420503110073207
  ],
  "netDisplacement": [
    -0.16631964621502465,
    -0.07267794320407031,
    -0.019496889926792993
  ],
  "targetPlanarDisplacement": [
    0.0,
    0.0
  ],
  "forwardDisplacement": 0.0,
  "targetDistance": 0.0,
  "forwardProgress": 1.0,
  "signedForwardProgress": 1.0,
  "backwardDisplacement": 0.0,
  "meanForwardVelocity": 0.0,
  "lateralDrift": 0.18150566973366158,
  "distanceTraveled": 0.8533156423920666
}
