{
  "count": 8192.000100000001,
  "mean": [
    0.10609076615555797,
    0.16119072643594615,
    -0.5878514033462572,
    -0.10574925802397799,
    0.15610938430693627,
    -0.5913270086371819,
    0.1896641686280454,
    0.010360948213857336,
    -0.653430582628791,
    -0.19062342072083654,
    0.00014385541341155176,
    -0.6512014800552772,
    -0.0013616660387688034,
    0.041313040709672566,
    0.05476184177827912,
    0.007703542996039317,
    0.04467222839755321,
    0.05125887862118017,
    0.007446089288159572,
    -0.0034886554791067593,
    0.028560844474051182,
    0.0016808092811909157,
    0.0008667946497443997,
    0.028680158553968473,
    0.2793514752794263,
    0.8485411529910086,
    0.01765389133693907,
    -0.0501941758595616,
    0.0007911186397370825,
    0.03242007966038089,
    -0.0024085172737149875,
    0.016384710982925293,
    0.01702855872319748,
    -0.029303914112870408,
    -0.00440405442474066,
    0.017422338608686246,
    -0.03207612758547017,
    -0.004349115545367836,
    0.08365002550379348,
    0.09976777205641657,
    6.174816570829829,
    0.0,
    0.0,
    0.0,
    5.912965533043938,
    5.683364674390446,
    13.276581020831859,
    13.417536893634997
  ],
  "variance": [
    0.07109850875275012,
    0.24517511024760036,
    0.23403731392466048,
    0.07057512163685094,
    0.24828859648299137,
    0.23119861200280495,
    0.09645262265642189,
    0.308310710254557,
    0.08546856964095283,
    0.09739129908533155,
    0.3086730381048029,
    0.08456956398612542,
    2.9728582132633043,
    5.017161114891766,
    16.748173215789194,
    2.9964688648987217,
    4.871522540093307,
    16.65572171068695,
    2.0183492893196204,
    3.8803455895592096,
    7.779157880553912,
    2.018324674676538,
    3.831289032791518,
    7.543685381328582,
    0.011841063304227368,
    0.0797006378661987,
    0.11681770061456101,
    0.06975765564027514,
    0.010870213419311091,
    0.04746246791902901,
    0.03149414927829209,
    0.056707497222416865,
    1.0673107431253552,
    0.9836525685229893,
    0.09929985754007183,
    0.945368386247827,
    0.9730655455006482,
    0.09036271215818951,
    256.1275421441657,
    24.78192884211334,
    95.18225348136036,
    1e-06,
    1e-06,
    1e-06,
    175.0415308088361,
    181.09737275886997,
    232.7015672228997,
    218.96438442125663
  ]
}
