{
  "durationSeconds": 4.999999999999671,
  "steps": 250,
  "survivalRate": 1.0,
  "fell": false,
  "motionCommand": [
    0.25,
    0.0,
    0.0
  ],
  "meanMotionCommand": [
    0.25,
    0.0,
    0.0
  ],
  "meanMeasuredMotion": [
    0.06444021064167531,
    0.0021789788603386265,
    -0.01886023104036918
  ],
  "planarVelocityTrackingError": 0.18557258249962366,
  "yawRateTrackingError": 0.01886023104036918,
  "meanVelocityTrackingError": 0.19301361058621092,
  "meanPlanarVelocityTrackingError": 0.18766284380047799,
  "meanYawRateTrackingError": 0.029938190234389886,
  "meanUpright": 0.9339450632166932,
  "meanAbsolutePitchRad": 0.1322347847315332,
  "minimumPitchRad": -0.242396708301542,
  "maximumPitchRad": -0.014092999932072104,
  "maximumBackwardPitchRad": 0.242396708301542,
  "maximumAbsolutePitchRad": 0.242396708301542,
  "maximumAbsolutePitchRateRadPerSec": 2.435190071884264,
  "meanEnergy": 186.20152285231427,
  "meanSmoothness": 128.71880199460085,
  "peakActuator": 8.0,
  "motionCommandSchedule": [
    {
      "atStep": 0,
      "atSeconds": 0.0,
      "command": [
        0.25,
        0.0,
        0.0
      ]
    }
  ],
  "transitionCount": 0,
  "transitions": [],
  "maximumTransitionTerminalPlanarTrackingError": 0.0,
  "maximumTransitionTerminalYawRateTrackingError": 0.0,
  "maximumPlanarSettlingTimeSeconds": 0.0,
  "maximumPlanarBrakingSettlingTimeSeconds": 0.0,
  "maximumYawRateSettlingTimeSeconds": 0.0,
  "maximumPlanarOvershootMps": 0.0,
  "maximumYawRateOvershootRadPerSec": 0.0,
  "unsettledPlanarTransitionCount": 0,
  "unsettledYawRateTransitionCount": 0,
  "initialBasePosition": [
    0.0,
    0.0,
    0.44
  ],
  "finalBasePosition": [
    0.32204438746888103,
    0.010759242737154643,
    0.418909547303585
  ],
  "netDisplacement": [
    0.32204438746888103,
    0.010759242737154643,
    -0.02109045269641502
  ],
  "targetPlanarDisplacement": [
    1.25,
    0.0
  ],
  "forwardDisplacement": 0.32204438746888103,
  "targetDistance": 1.25,
  "forwardProgress": 0.2576355099751048,
  "signedForwardProgress": 0.2576355099751048,
  "backwardDisplacement": 0.0,
  "meanForwardVelocity": 0.06440887749378044,
  "lateralDrift": 0.010759242737154643,
  "distanceTraveled": 0.428878632942558
}
