{
  "terms": {
    "survival": 25.0,
    "velocityTracking": 16.76426808758083,
    "forwardProgress": 12.88177549875524,
    "upright": 14.009175948250398,
    "lateralDrift": -0.10759242737154644,
    "transitionTracking": 0.0,
    "energy": -1.8620152285231428,
    "smoothness": -0.6435940099730043,
    "componentMass": -1.5075,
    "sensorChannels": -5.3500000000000005,
    "trainingSteps": -0.0
  },
  "total": 59.18451786871878
}
