{
  "count": 4096.0001,
  "mean": [
    0.1540131178628633,
    0.40825402837336294,
    -0.3786046673127048,
    -0.16666080996702573,
    0.38875974857442014,
    -0.3767205397386033,
    0.16234664363572668,
    0.3763895617774567,
    -0.49710707178067287,
    -0.17924108705342526,
    0.3870382061171174,
    -0.5019621938957739,
    -0.00814728251544599,
    0.03702170750276234,
    0.10139982302559404,
    0.01671878856444794,
    0.036914661300060825,
    0.10052130363205994,
    -0.003731606745058227,
    0.0020020257410428926,
    0.025639452931511014,
    0.009402054663097107,
    0.042122120492944545,
    0.05206593172677856,
    0.41412809373226434,
    0.9606580296299686,
    0.006440199119283185,
    -0.015643796396812355,
    -0.08774308761084439,
    0.09927726105220752,
    0.0014146799920541657,
    -0.021345720795389156,
    0.044356998105197026,
    0.062176147689743125,
    -0.027249886355083675,
    0.044740760114144136,
    0.050663559147482724,
    -0.026533565599389176,
    0.8946083434502831,
    0.1942765343198892,
    9.714580872472606,
    0.5327490518558184,
    -0.7636964114221261,
    -0.2672700600919809,
    -0.4368151479924382,
    -0.57678825347559,
    -0.1525024558189159,
    0.29324836296022894,
    -0.0018219582135245915,
    0.8579408927069619,
    -0.4151890225819075,
    0.1667222716902094,
    0.9964757422965749,
    0.5351958344803553,
    -0.7766308196062012,
    -0.2510604707628287,
    -0.4412309946272592,
    -0.5959813904208272,
    -0.14055201307754506,
    0.2926339925993871,
    -0.016724665737502382,
    0.8742634120550684,
    -0.4144685335860244,
    0.15015695835726203,
    1.0140561494225817,
    0.5393076599557878,
    -0.7500987735824662,
    -0.27802639755353614,
    -0.4463792846887773,
    -0.5819396261310792,
    -0.16242110455918132,
    0.29516778901190666,
    0.00878395377568053,
    0.8643194826805496,
    -0.41858755168030376,
    0.1688847177306948,
    0.9951399417038034,
    0.5416863094853422,
    -0.7611157796115587,
    -0.2682668005443405,
    -0.45484849016638734,
    -0.5946604620305749,
    -0.14768249994329247,
    0.29491590301976234,
    0.007664294986410136,
    0.8896948146279436,
    -0.41633636067236873,
    0.15405973598583106,
    1.0083245699477112,
    0.5291005550862332,
    -0.7311948534424022,
    -0.2900733702039382,
    -0.4434740691391488,
    -0.5403847771364929,
    -0.16584229504879197,
    0.28871826964191516,
    -0.0028707855280462446,
    0.8619567696951189,
    -0.41842061323315105,
    0.1815502302329877,
    0.9795009994990974,
    0.5289818824414706,
    -0.7626432818921788,
    -0.26078252320591977,
    -0.444823090423068,
    -0.5716383440733483,
    -0.1478530786790531,
    0.28837432691569714,
    -0.021023108025169907,
    0.8783861537076529,
    -0.41634723096528464,
    0.15649607639272414,
    1.0087688883375598,
    0.535863157225793,
    -0.7546027923431539,
    -0.27077632868659185,
    -0.44050448045831764,
    -0.5749000989741981,
    -0.1615155177672483,
    0.2931038838823292,
    0.0002972792917898682,
    0.867521638184049,
    -0.4168874140963622,
    0.1656462418700352,
    0.9972056732151154,
    0.5367064683704283,
    -0.7814103165346074,
    -0.24774287579175758,
    -0.44384551355838997,
    -0.605784738045852,
    -0.14095096022663403,
    0.2930984471341372,
    -0.01206499707598839,
    0.8850912881853329,
    -0.41509987071404253,
    0.14598816257165836,
    1.0186894892463123,
    1.2846679373860392,
    0.24999999389648467,
    0.0,
    0.0,
    16.21487076707049,
    15.429523337361736,
    14.892837461442848,
    15.17672283997531
  ],
  "variance": [
    0.03946786029143838,
    0.04977452292724575,
    0.07473630736185505,
    0.04236815432393763,
    0.04529406141439421,
    0.07232926165362998,
    0.03078535937358163,
    0.056388522936680306,
    0.0715921984526322,
    0.03178659878529668,
    0.04990869279177717,
    0.06802086996777162,
    14.484984473882706,
    29.65550910647751,
    61.915834650467716,
    14.173327085143931,
    26.989764271837203,
    62.60144113391385,
    16.90405305993002,
    29.26625854946384,
    60.88780733347304,
    17.517082397741692,
    31.64255993975104,
    58.710498214991226,
    0.0017324600422115464,
    0.012402097636533936,
    0.006055869982119612,
    0.008300738436590528,
    0.04239246358330042,
    0.05941936953920965,
    0.06805609101226313,
    0.049750121475983,
    5.279322211768196,
    1.761098517618829,
    0.9717599811045936,
    5.168484405972138,
    1.676808619440535,
    0.9542155810160007,
    43.60404474539425,
    62.173047984631275,
    156.51677180041025,
    21.278324412822577,
    50.36042765134763,
    56.4627018167543,
    21.119018667187774,
    50.07190543461397,
    55.91882621290515,
    22.63053341945363,
    51.78417128009111,
    54.348506641886516,
    22.896887691724064,
    50.75071566721929,
    52.68818925633599,
    21.417291116581733,
    50.62317765432603,
    56.75367888712576,
    21.22745038045445,
    50.325720602419764,
    56.16780516842781,
    22.775299629367776,
    52.04374015756893,
    54.60031042734604,
    23.027527478840135,
    51.040775890393626,
    52.949590656763185,
    21.53067553345187,
    50.93778878150415,
    57.02104523044463,
    21.34943864647853,
    50.5334001085322,
    56.45195193878926,
    22.90338679526174,
    52.314551049526905,
    54.825077146611456,
    23.17187863547902,
    51.29298269220128,
    53.25315720935569,
    21.641266052614625,
    51.18980751634789,
    57.32312700755201,
    21.478578506087082,
    50.80373111785517,
    56.68543870521467,
    23.029684565649397,
    52.50823718571692,
    55.07718510668182,
    23.302147133258746,
    51.56664285640386,
    53.516761055165304,
    20.940169937282317,
    50.02778390474361,
    56.077070862579674,
    20.79192245411852,
    49.73721712971937,
    55.52342972198169,
    22.26296411859497,
    51.39524663750885,
    53.944094887134895,
    22.532393035337147,
    50.38884679101639,
    52.35049864932667,
    21.062211160901626,
    50.25586082939548,
    56.38993680374117,
    20.890847872367114,
    49.9836735023029,
    55.76056281289408,
    22.371166424448305,
    51.65136109941599,
    54.199324790834844,
    22.64814656247063,
    50.65119258702358,
    52.557837807140885,
    21.162654743420703,
    50.53998691487951,
    56.656029397048634,
    21.018101785811915,
    50.181608102519384,
    56.053056581249656,
    22.51333449671836,
    51.92411508307377,
    54.4145196096253,
    22.781299454446373,
    50.88615570206424,
    52.82922936058484,
    21.280687323238702,
    50.76861614116337,
    56.941210585691884,
    21.12337560526998,
    50.4162031721827,
    56.30305989063538,
    22.640019709675524,
    52.112977592619615,
    54.680411141946806,
    22.914663130644005,
    51.167823612517196,
    53.082679341636826,
    2.203632127224471,
    1e-06,
    1e-06,
    1e-06,
    963.8390215040434,
    862.6238388201817,
    1068.0607423888114,
    885.9658954860809
  ]
}
