{
  "durationSeconds": 18.000000000000902,
  "steps": 900,
  "survivalRate": 1.0,
  "fell": false,
  "motionCommand": [
    0.13111111111111284,
    0.02499999999999996,
    0.041666666666666664
  ],
  "meanMotionCommand": [
    0.13111111111111284,
    0.02499999999999996,
    0.041666666666666664
  ],
  "meanMeasuredMotion": [
    0.04247831372124647,
    0.00670077353843022,
    0.014994227304503397
  ],
  "planarVelocityTrackingError": 0.09050212407587414,
  "yawRateTrackingError": 0.026672439362163267,
  "meanVelocityTrackingError": 0.4511029506647919,
  "meanPlanarVelocityTrackingError": 0.2818112368045462,
  "meanYawRateTrackingError": 0.27897272739648493,
  "meanUpright": 0.8242295361729252,
  "meanAbsolutePitchRad": 0.26682153287177024,
  "minimumPitchRad": -1.1740762523079027,
  "maximumPitchRad": 1.0411296058614832,
  "maximumBackwardPitchRad": 1.1740762523079027,
  "maximumAbsolutePitchRad": 1.1740762523079027,
  "maximumAbsolutePitchRateRadPerSec": 5.6934438997790044,
  "meanBodyTiltRad": 0.35871862870076865,
  "maximumBodyTiltRad": 1.1784599634726334,
  "initialBodyTiltRad": 0.0,
  "minimumBodyTiltRad": 0.0,
  "finalBodyTiltRad": 0.5554248943164617,
  "finalBaseHeightM": 0.3005551517173169,
  "selfRightingTask": true,
  "recoveryTriggered": true,
  "selfRightingSuccess": 0.0,
  "timeToStableStandSeconds": 15.3,
  "stableStandingDwellSeconds": 0.18,
  "finalStableStandingDwellSeconds": 0.0,
  "minimumJointLimitMarginRad": -0.12745888592696483,
  "disallowedCollisionSteps": 0,
  "meanEnergy": 154.23299224939743,
  "meanSmoothness": 98.25752001736916,
  "peakActuator": 8.0,
  "motionQualityFootEvidenceAvailable": true,
  "motionQualityContactThresholdNewton": 1.0,
  "meanJointJerkRadPerSec3": 16445.06895745216,
  "peakJointJerkRadPerSec3": 53950.942748760586,
  "meanBodyAngularJerkRadPerSec3": 2031.6130631581452,
  "peakBodyAngularJerkRadPerSec3": 16365.739109755117,
  "meanActionSlewRatePerSec": 363.73918835488996,
  "peakActionSlewRatePerSec": 800.0,
  "actuatorSaturationRate": 0.34425925925925926,
  "meanFootSlipSpeedMps": 0.0664813953849986,
  "peakFootSlipSpeedMps": 1.1044832540510243,
  "totalFootSlipDistanceM": 1.6593756288095625,
  "meanFootContactImpactNPerSec": 232.40218203359777,
  "peakFootContactImpactNPerSec": 14426.242001327671,
  "peakFootContactForceNewton": 288.5248400265534,
  "motionCommandSchedule": [
    {
      "atStep": 0,
      "atSeconds": 0.0,
      "command": [
        0.2,
        0.0,
        0.0
      ]
    },
    {
      "atStep": 400,
      "atSeconds": 8.0,
      "command": [
        0.2,
        0.0,
        0.0
      ]
    },
    {
      "atStep": 500,
      "atSeconds": 10.0,
      "command": [
        0.12,
        0.0,
        0.25
      ]
    },
    {
      "atStep": 650,
      "atSeconds": 13.0,
      "command": [
        0.0,
        0.15,
        0.0
      ]
    },
    {
      "atStep": 800,
      "atSeconds": 16.0,
      "command": [
        0.0,
        0.0,
        0.0
      ]
    }
  ],
  "transitionCount": 4,
  "transitions": [
    {
      "index": 1,
      "atStep": 400,
      "atSeconds": 8.0,
      "endStep": 500,
      "fromCommand": [
        0.2,
        0.0,
        0.0
      ],
      "toCommand": [
        0.2,
        0.0,
        0.0
      ],
      "sampleCount": 100,
      "peakPlanarTrackingError": 0.7957045051170968,
      "peakYawRateTrackingError": 0.864114555034803,
      "terminalMeasuredMotion": [
        -0.418843929207293,
        -0.0031971260921642,
        -0.4881306376041299
      ],
      "terminalPlanarTrackingError": 0.6188521877895967,
      "terminalYawRateTrackingError": 0.4881306376041299,
      "planarOvershootMps": 0.0,
      "yawRateOvershootRadPerSec": 0.0,
      "planarSettlingTimeSeconds": 2.0,
      "yawRateSettlingTimeSeconds": 2.0,
      "planarSettled": false,
      "yawRateSettled": false,
      "planarBraking": false
    },
    {
      "index": 2,
      "atStep": 500,
      "atSeconds": 10.0,
      "endStep": 650,
      "fromCommand": [
        0.2,
        0.0,
        0.0
      ],
      "toCommand": [
        0.12,
        0.0,
        0.25
      ],
      "sampleCount": 150,
      "peakPlanarTrackingError": 0.7484039469431634,
      "peakYawRateTrackingError": 1.6872626510845257,
      "terminalMeasuredMotion": [
        0.027816505376058155,
        0.0352400236145412,
        0.21613218643365598
      ],
      "terminalPlanarTrackingError": 0.09868969523428338,
      "terminalYawRateTrackingError": 0.033867813566344024,
      "planarOvershootMps": 0.557805168575734,
      "yawRateOvershootRadPerSec": 1.6872626510845257,
      "planarSettlingTimeSeconds": 2.9,
      "yawRateSettlingTimeSeconds": 2.74,
      "planarSettled": true,
      "yawRateSettled": true,
      "planarBraking": false
    },
    {
      "index": 3,
      "atStep": 650,
      "atSeconds": 13.0,
      "endStep": 800,
      "fromCommand": [
        0.12,
        0.0,
        0.25
      ],
      "toCommand": [
        0.0,
        0.15,
        0.0
      ],
      "sampleCount": 150,
      "peakPlanarTrackingError": 0.7646145150980549,
      "peakYawRateTrackingError": 0.779937514455324,
      "terminalMeasuredMotion": [
        -0.008213007816866555,
        -0.034852910149746084,
        -0.03457521228417405
      ],
      "terminalPlanarTrackingError": 0.18503527201112227,
      "terminalYawRateTrackingError": 0.03457521228417405,
      "planarOvershootMps": 0.6242129850723409,
      "yawRateOvershootRadPerSec": 0.5282466773770153,
      "planarSettlingTimeSeconds": 3.0,
      "yawRateSettlingTimeSeconds": 2.94,
      "planarSettled": false,
      "yawRateSettled": true,
      "planarBraking": false
    },
    {
      "index": 4,
      "atStep": 800,
      "atSeconds": 16.0,
      "endStep": 900,
      "fromCommand": [
        0.0,
        0.15,
        0.0
      ],
      "toCommand": [
        0.0,
        0.0,
        0.0
      ],
      "sampleCount": 100,
      "peakPlanarTrackingError": 0.6413865224089896,
      "peakYawRateTrackingError": 1.4060663923679837,
      "terminalMeasuredMotion": [
        0.07725378424184462,
        0.052285911829344354,
        0.5240554904218928
      ],
      "terminalPlanarTrackingError": 0.0932843167714244,
      "terminalYawRateTrackingError": 0.5240554904218928,
      "planarOvershootMps": 0.6205808325997355,
      "yawRateOvershootRadPerSec": 0.0,
      "planarSettlingTimeSeconds": 1.34,
      "yawRateSettlingTimeSeconds": 2.0,
      "planarSettled": true,
      "yawRateSettled": false,
      "planarBraking": true
    }
  ],
  "maximumTransitionTerminalPlanarTrackingError": 0.6188521877895967,
  "maximumTransitionTerminalYawRateTrackingError": 0.5240554904218928,
  "maximumPlanarSettlingTimeSeconds": 3.0,
  "maximumPlanarBrakingSettlingTimeSeconds": 1.34,
  "maximumYawRateSettlingTimeSeconds": 2.94,
  "maximumPlanarOvershootMps": 0.6242129850723409,
  "maximumYawRateOvershootRadPerSec": 1.6872626510845257,
  "unsettledPlanarTransitionCount": 2,
  "unsettledYawRateTransitionCount": 2,
  "initialBasePosition": [
    1.0179830559280731,
    0.14308442119829026,
    0.47629785310774786
  ],
  "finalBasePosition": [
    0.7701717528099005,
    0.12750771948729048,
    0.3005551517173169
  ],
  "netDisplacement": [
    -0.24781130311817268,
    -0.015576701710999785,
    -0.17574270139043097
  ],
  "targetPlanarDisplacement": [
    0.76,
    0.44999999999999996
  ],
  "forwardDisplacement": -0.22117173247084929,
  "targetDistance": 0.8832326986700617,
  "forwardProgress": 0.0,
  "signedForwardProgress": -0.25041162176613396,
  "backwardDisplacement": 0.22117173247084929,
  "meanForwardVelocity": -0.022117173247082934,
  "lateralDrift": 0.11285450963591745,
  "distanceTraveled": 4.525705270606812,
  "episodeInitialBasePosition": [
    0.0,
    0.0,
    0.44
  ],
  "mobilityMeasurementStartedAtSeconds": 8.0,
  "recoveryEvaluationStartedAtSeconds": 2.7,
  "missionStageDurationsSeconds": {
    "approach": 2.48,
    "impact": 0.16,