{
  "terms": {
    "survival": 10.0,
    "velocityTracking": 4.134785886315804,
    "forwardProgress": 0.0,
    "upright": 1.6484590723458503,
    "lateralDrift": -0.2257090192718349,
    "transitionTracking": 0.19241160726056364,
    "energy": -0.30846598449879487,
    "smoothness": -0.09825752001736916,
    "jointJerk": 0.0,
    "bodyAngularJerk": 0.0,
    "actionSlew": 0.0,
    "actuatorSaturation": -0.17212962962962963,
    "footSlip": 0.0,
    "footImpact": 0.0,
    "selfRighting": 0.0,
    "recoveryTime": -30.6,
    "jointLimitMargin": -0.25491777185392966,
    "componentMass": -3.015,
    "sensorChannels": -2.14,
    "trainingSteps": -0.0
  },
  "total": -20.838823359349345
}
