{
  "durationSeconds": 4.999999999999671,
  "steps": 250,
  "survivalRate": 1.0,
  "fell": false,
  "motionCommand": [
    0.25,
    0.0,
    0.0
  ],
  "meanMotionCommand": [
    0.25,
    0.0,
    0.0
  ],
  "meanMeasuredMotion": [
    0.11319505014192018,
    -0.009287798603492018,
    -0.024439758118074303
  ],
  "planarVelocityTrackingError": 0.1371198654775112,
  "yawRateTrackingError": 0.024439758118074303,
  "meanVelocityTrackingError": 0.1728647989221105,
  "meanPlanarVelocityTrackingError": 0.16182237870492952,
  "meanYawRateTrackingError": 0.0375926816271707,
  "meanUpright": 0.9206509188501866,
  "meanAbsolutePitchRad": 0.15900459871110917,
  "minimumPitchRad": -0.3970053078694457,
  "maximumPitchRad": -0.013794161472985969,
  "maximumBackwardPitchRad": 0.3970053078694457,
  "maximumAbsolutePitchRad": 0.3970053078694457,
  "maximumAbsolutePitchRateRadPerSec": 3.339969999075203,
  "meanEnergy": 182.707850541711,
  "meanSmoothness": 125.09336256108435,
  "peakActuator": 8.0,
  "motionCommandSchedule": [
    {
      "atStep": 0,
      "atSeconds": 0.0,
      "command": [
        0.25,
        0.0,
        0.0
      ]
    }
  ],
  "transitionCount": 0,
  "transitions": [],
  "maximumTransitionTerminalPlanarTrackingError": 0.0,
  "maximumTransitionTerminalYawRateTrackingError": 0.0,
  "maximumPlanarSettlingTimeSeconds": 0.0,
  "maximumPlanarBrakingSettlingTimeSeconds": 0.0,
  "maximumYawRateSettlingTimeSeconds": 0.0,
  "maximumPlanarOvershootMps": 0.0,
  "maximumYawRateOvershootRadPerSec": 0.0,
  "unsettledPlanarTransitionCount": 0,
  "unsettledYawRateTransitionCount": 0,
  "initialBasePosition": [
    0.0,
    0.0,
    0.44
  ],
  "finalBasePosition": [
    0.5657482125822743,
    -0.04530575428894307,
    0.41883085484150906
  ],
  "netDisplacement": [
    0.5657482125822743,
    -0.04530575428894307,
    -0.021169145158490943
  ],
  "targetPlanarDisplacement": [
    1.25,
    0.0
  ],
  "forwardDisplacement": 0.5657482125822743,
  "targetDistance": 1.25,
  "forwardProgress": 0.4525985700658194,
  "signedForwardProgress": 0.4525985700658194,
  "backwardDisplacement": 0.0,
  "meanForwardVelocity": 0.11314964251646228,
  "lateralDrift": 0.04530575428894307,
  "distanceTraveled": 0.6581511751516637
}
