{
  "durationSeconds": 4.999999999999671,
  "steps": 250,
  "survivalRate": 1.0,
  "fell": false,
  "motionCommand": [
    0.25,
    0.0,
    0.0
  ],
  "meanMotionCommand": [
    0.25,
    0.0,
    0.0
  ],
  "meanMeasuredMotion": [
    -0.07892674071780316,
    0.001179374595096913,
    0.005102501084535025
  ],
  "planarVelocityTrackingError": 0.32892885504873615,
  "yawRateTrackingError": 0.005102501084535025,
  "meanVelocityTrackingError": 0.3876173562905365,
  "meanPlanarVelocityTrackingError": 0.3776480811193155,
  "meanYawRateTrackingError": 0.03936224954167864,
  "meanUpright": 0.5324862332704169,
  "meanEnergy": 613.9907736173768,
  "meanSmoothness": 29.008806350248218,
  "peakActuator": 8.0,
  "motionCommandSchedule": [
    {
      "atStep": 0,
      "atSeconds": 0.0,
      "command": [
        0.25,
        0.0,
        0.0
      ]
    }
  ],
  "transitionCount": 0,
  "transitions": [],
  "maximumTransitionTerminalPlanarTrackingError": 0.0,
  "maximumTransitionTerminalYawRateTrackingError": 0.0,
  "maximumPlanarSettlingTimeSeconds": 0.0,
  "maximumPlanarBrakingSettlingTimeSeconds": 0.0,
  "maximumYawRateSettlingTimeSeconds": 0.0,
  "maximumPlanarOvershootMps": 0.0,
  "maximumYawRateOvershootRadPerSec": 0.0,
  "unsettledPlanarTransitionCount": 0,
  "unsettledYawRateTransitionCount": 0,
  "initialBasePosition": [
    0.0,
    0.0,
    0.44
  ],
  "finalBasePosition": [
    -0.38224807829472696,
    0.005739883814418726,
    0.2565264400107142
  ],
  "netDisplacement": [
    -0.38224807829472696,
    0.005739883814418726,
    -0.18347355998928583
  ],
  "targetPlanarDisplacement": [
    1.25,
    0.0
  ],
  "forwardDisplacement": -0.38224807829472696,
  "targetDistance": 1.25,
  "forwardProgress": 0.0,
  "signedForwardProgress": -0.3057984626357816,
  "backwardDisplacement": 0.38224807829472696,
  "meanForwardVelocity": -0.07644961565895042,
  "lateralDrift": 0.005739883814418726,
  "distanceTraveled": 0.9980860899140246
}
