{
  "terms": {
    "survival": 25.0,
    "velocityTracking": 14.413195330350453,
    "forwardProgress": 0.0,
    "upright": 7.987293499056253,
    "lateralDrift": -0.05739883814418727,
    "transitionTracking": 0.0,
    "energy": -6.139907736173768,
    "smoothness": -0.1450440317512411,
    "componentMass": -1.5075,
    "sensorChannels": -5.3500000000000005,
    "trainingSteps": -0.0
  },
  "total": 34.200638223337506
}
