{
  "durationSeconds": 6.499999999999506,
  "steps": 325,
  "survivalRate": 1.0,
  "fell": false,
  "motionCommand": [
    0.0,
    0.0,
    0.038461538461538464
  ],
  "meanMotionCommand": [
    0.0,
    0.0,
    0.038461538461538464
  ],
  "meanMeasuredMotion": [
    -0.029564018270495537,
    -0.01822543115088885,
    0.0751597488987435
  ],
  "planarVelocityTrackingError": 0.03473035440265451,
  "yawRateTrackingError": 0.03669821043720503,
  "meanVelocityTrackingError": 0.394675315613057,
  "meanPlanarVelocityTrackingError": 0.12213006660032416,
  "meanYawRateTrackingError": 0.3480422282141447,
  "meanUpright": 0.9528532246019789,
  "meanEnergy": 196.7991998978091,
  "meanSmoothness": 136.91968751176123,
  "peakActuator": 8.0,
  "motionCommandSchedule": [
    {
      "atStep": 0,
      "atSeconds": 0.0,
      "command": [
        0.0,
        0.0,
        0.5
      ]
    },
    {
      "atStep": 125,
      "atSeconds": 2.5,
      "command": [
        0.0,
        0.0,
        -0.5
      ]
    },
    {
      "atStep": 225,
      "atSeconds": 4.5,
      "command": [
        0.0,
        0.0,
        0.0
      ]
    }
  ],
  "transitionCount": 2,
  "transitions": [
    {
      "index": 1,
      "atStep": 125,
      "atSeconds": 2.5,
      "endStep": 225,
      "fromCommand": [
        0.0,
        0.0,
        0.5
      ],
      "toCommand": [
        0.0,
        0.0,
        -0.5
      ],
      "sampleCount": 100,
      "peakPlanarTrackingError": 0.2748696440224225,
      "peakYawRateTrackingError": 1.1292136418410013,
      "terminalMeasuredMotion": [
        -0.045641561826401354,
        -0.03513820442199341,
        0.36836499094556596
      ],
      "terminalPlanarTrackingError": 0.05760074284204167,
      "terminalYawRateTrackingError": 0.868364990945566,
      "planarOvershootMps": 0.0,
      "yawRateOvershootRadPerSec": 0.05599701018916636,
      "planarSettlingTimeSeconds": 1.72,
      "yawRateSettlingTimeSeconds": 2.0,
      "planarSettled": true,
      "yawRateSettled": false
    },
    {
      "index": 2,
      "atStep": 225,
      "atSeconds": 4.5,
      "endStep": 325,
      "fromCommand": [
        0.0,
        0.0,
        -0.5
      ],
      "toCommand": [
        0.0,
        0.0,
        0.0
      ],
      "sampleCount": 100,
      "peakPlanarTrackingError": 0.24109035321475353,
      "peakYawRateTrackingError": 0.3959016548238213,
      "terminalMeasuredMotion": [
        -0.06849861032746725,
        -0.05418084687511833,
        -0.04565423651829127
      ],
      "terminalPlanarTrackingError": 0.08733626843928713,
      "terminalYawRateTrackingError": 0.04565423651829127,
      "planarOvershootMps": 0.0,
      "yawRateOvershootRadPerSec": 0.3959016548238213,
      "planarSettlingTimeSeconds": 0.54,
      "yawRateSettlingTimeSeconds": 0.2,
      "planarSettled": true,
      "yawRateSettled": true
    }
  ],
  "maximumTransitionTerminalPlanarTrackingError": 0.08733626843928713,
  "maximumTransitionTerminalYawRateTrackingError": 0.868364990945566,
  "maximumPlanarSettlingTimeSeconds": 1.72,
  "maximumYawRateSettlingTimeSeconds": 2.0,
  "maximumPlanarOvershootMps": 0.0,
  "maximumYawRateOvershootRadPerSec": 0.3959016548238213,
  "unsettledPlanarTransitionCount": 0,
  "unsettledYawRateTransitionCount": 1,
  "initialBasePosition": [
    0.0,
    0.0,
    0.44
  ],
  "finalBasePosition": [
    -0.18768142090194898,
    -0.11679733306288197,
    0.42037695981299994
  ],
  "netDisplacement": [
    -0.18768142090194898,
    -0.11679733306288197,
    -0.019623040187000063
  ],
  "targetPlanarDisplacement": [
    0.0,
    0.0
  ],
  "forwardDisplacement": 0.0,
  "targetDistance": 0.0,
  "forwardProgress": 1.0,
  "meanForwardVelocity": 0.0,
  "lateralDrift": 0.22105640176745914,
  "distanceTraveled": 0.7105441423027912
}
