{
  "count": 4096.0001,
  "mean": [
    0.19017559523498975,
    0.42194018156704216,
    -0.326155671718109,
    -0.19940167234072065,
    0.4225920923200907,
    -0.3246895679769697,
    0.19037805266366428,
    0.30688566563393405,
    -0.5029023776372172,
    -0.18818461483697468,
    0.3090685357659355,
    -0.5043611996114606,
    0.004766845990979488,
    0.031301801995026496,
    0.0889023959894482,
    -0.022674411670719936,
    0.038519896171682756,
    0.08660687943226024,
    -0.001242923030931926,
    0.004384425281438302,
    0.053832525403499094,
    -0.016379172089859995,
    0.004547966289389,
    0.054936727148336646,
    0.3332889759452358,
    0.8786823638193226,
    0.01811441559351208,
    0.29260561109747973,
    -0.015760918657770222,
    0.1487442275219981,
    0.003115783583416383,
    -0.03717660878873772,
    0.059238456347799937,
    0.30233482710658194,
    0.013086191853823412,
    0.05555309448909659,
    0.29439960546995547,
    0.01408050232180952,
    -4.351580234415289,
    -0.024896370062646993,
    5.620724893454457,
    12.127248430259112,
    12.24807510243726,
    6.018074395041277,
    5.563557474006961
  ],
  "variance": [
    0.004436764458119373,
    0.019628364666464247,
    0.023283302579859076,
    0.006393457353798997,
    0.019321834264137642,
    0.023239319294745202,
    0.003133703423880532,
    0.013817795591955843,
    0.01023524212520754,
    0.0025552080748672146,
    0.013792626883496287,
    0.009601506975496246,
    2.2774613578664655,
    9.90423518424193,
    23.643744154947694,
    2.1653202427712257,
    9.82952683130371,
    23.85536531288284,
    3.383725089416249,
    11.929384122378412,
    24.298193286885486,
    3.148003413595429,
    12.075653622842422,
    23.88573344577271,
    0.00655907660348051,
    0.01888292352233087,
    0.0061211204751703925,
    0.09285215441458365,
    0.02383314634435049,
    0.07288779834318387,
    0.008824481116255879,
    0.035793287780933464,
    0.744801155509271,
    1.1556065957238622,
    0.09283426638523458,
    0.7056135353024513,
    1.0939064631090483,
    0.09061828477349444,
    77.73039762138698,
    11.708201071518236,
    87.96882152655294,
    219.55714481598054,
    253.88459517903155,
    254.88685006490059,
    199.43119775134122
  ]
}
