{
  "durationSeconds": 18.000000000000902,
  "steps": 900,
  "survivalRate": 1.0,
  "fell": false,
  "motionCommand": [
    0.13111111111111284,
    0.02499999999999996,
    0.041666666666666664
  ],
  "meanMotionCommand": [
    0.13111111111111284,
    0.02499999999999996,
    0.041666666666666664
  ],
  "meanMeasuredMotion": [
    0.0431333580515645,
    0.010386348804239045,
    0.01917323778590074
  ],
  "planarVelocityTrackingError": 0.08918320376998257,
  "yawRateTrackingError": 0.022493428880765925,
  "meanVelocityTrackingError": 0.3231430902649113,
  "meanPlanarVelocityTrackingError": 0.21793361972131556,
  "meanYawRateTrackingError": 0.17991999637953657,
  "meanUpright": 0.8924438624963342,
  "meanAbsolutePitchRad": 0.2098559278069828,
  "minimumPitchRad": -0.6347069051786498,
  "maximumPitchRad": 1.0411296058614832,
  "maximumBackwardPitchRad": 0.6347069051786498,
  "maximumAbsolutePitchRad": 1.0411296058614832,
  "maximumAbsolutePitchRateRadPerSec": 5.6934438997790044,
  "meanBodyTiltRad": 0.21871450127151218,
  "maximumBodyTiltRad": 1.0411296064250561,
  "initialBodyTiltRad": 0.0,
  "minimumBodyTiltRad": 0.0,
  "finalBodyTiltRad": 0.1099461467871715,
  "finalBaseHeightM": 0.420013779851544,
  "selfRightingTask": true,
  "recoveryTriggered": true,
  "selfRightingSuccess": 1.0,
  "timeToStableStandSeconds": 5.479999999999401,
  "stableStandingDwellSeconds": 2.02,
  "finalStableStandingDwellSeconds": 0.0,
  "minimumJointLimitMarginRad": 0.02838196454511377,
  "disallowedCollisionSteps": 0,
  "meanEnergy": 166.5165442959075,
  "meanSmoothness": 111.66991643163628,
  "peakActuator": 8.0,
  "motionQualityFootEvidenceAvailable": true,
  "motionQualityContactThresholdNewton": 1.0,
  "meanJointJerkRadPerSec3": 18703.241617730877,
  "peakJointJerkRadPerSec3": 53950.942748760586,
  "meanBodyAngularJerkRadPerSec3": 2007.8257812880486,
  "peakBodyAngularJerkRadPerSec3": 14735.598911161858,
  "meanActionSlewRatePerSec": 404.3442225527636,
  "peakActionSlewRatePerSec": 800.0,
  "actuatorSaturationRate": 0.36722222222222217,
  "meanFootSlipSpeedMps": 0.0509381500088265,
  "peakFootSlipSpeedMps": 1.0807283034908644,
  "totalFootSlipDistanceM": 1.5851952282746793,
  "meanFootContactImpactNPerSec": 520.3237126891052,
  "peakFootContactImpactNPerSec": 14426.242001327671,
  "peakFootContactForceNewton": 288.5248400265534,
  "motionCommandSchedule": [
    {
      "atStep": 0,
      "atSeconds": 0.0,
      "command": [
        0.2,
        0.0,
        0.0
      ]
    },
    {
      "atStep": 400,
      "atSeconds": 8.0,
      "command": [
        0.2,
        0.0,
        0.0
      ]
    },
    {
      "atStep": 500,
      "atSeconds": 10.0,
      "command": [
        0.12,
        0.0,
        0.25
      ]
    },
    {
      "atStep": 650,
      "atSeconds": 13.0,
      "command": [
        0.0,
        0.15,
        0.0
      ]
    },
    {
      "atStep": 800,
      "atSeconds": 16.0,
      "command": [
        0.0,
        0.0,
        0.0
      ]
    }
  ],
  "transitionCount": 4,
  "transitions": [
    {
      "index": 1,
      "atStep": 400,
      "atSeconds": 8.0,
      "endStep": 500,
      "fromCommand": [
        0.2,
        0.0,
        0.0
      ],
      "toCommand": [
        0.2,
        0.0,
        0.0
      ],
      "sampleCount": 100,
      "peakPlanarTrackingError": 0.7957045051170968,
      "peakYawRateTrackingError": 0.5605975368562629,
      "terminalMeasuredMotion": [
        -0.0063247048457962295,
        0.0005559768485850706,
        0.024958349049192242
      ],
      "terminalPlanarTrackingError": 0.20632545393130994,
      "terminalYawRateTrackingError": 0.024958349049192242,
      "planarOvershootMps": 0.0,
      "yawRateOvershootRadPerSec": 0.0,
      "planarSettlingTimeSeconds": 2.0,
      "yawRateSettlingTimeSeconds": 0.26,
      "planarSettled": false,
      "yawRateSettled": true,
      "planarBraking": false
    },
    {
      "index": 2,
      "atStep": 500,
      "atSeconds": 10.0,
      "endStep": 650,
      "fromCommand": [
        0.2,
        0.0,
        0.0
      ],
      "toCommand": [
        0.12,
        0.0,
        0.25
      ],
      "sampleCount": 150,
      "peakPlanarTrackingError": 0.3393123456136431,
      "peakYawRateTrackingError": 0.7380867745375224,
      "terminalMeasuredMotion": [
        0.017232541345697933,
        0.012743556538733079,
        0.08548589893638367
      ],
      "terminalPlanarTrackingError": 0.10355456914844255,
      "terminalYawRateTrackingError": 0.16451410106361633,
      "planarOvershootMps": 0.33427636344916445,
      "yawRateOvershootRadPerSec": 0.33141572924479534,
      "planarSettlingTimeSeconds": 2.76,
      "yawRateSettlingTimeSeconds": 2.96,
      "planarSettled": true,
      "yawRateSettled": true,
      "planarBraking": false
    },
    {
      "index": 3,
      "atStep": 650,
      "atSeconds": 13.0,
      "endStep": 800,
      "fromCommand": [
        0.12,
        0.0,
        0.25
      ],
      "toCommand": [
        0.0,
        0.15,
        0.0
      ],
      "sampleCount": 150,
      "peakPlanarTrackingError": 0.2495723977991183,
      "peakYawRateTrackingError": 0.7601917038459104,
      "terminalMeasuredMotion": [
        0.04913507981175489,
        0.026746346149789057,
        -0.19090748233994093
      ],
      "terminalPlanarTrackingError": 0.1326865451186937,
      "terminalYawRateTrackingError": 0.19090748233994093,
      "planarOvershootMps": 0.04716436960470158,
      "yawRateOvershootRadPerSec": 0.697337403810574,
      "planarSettlingTimeSeconds": 3.0,
      "yawRateSettlingTimeSeconds": 2.48,
      "planarSettled": false,
      "yawRateSettled": true,
      "planarBraking": false
    },
    {
      "index": 4,
      "atStep": 800,
      "atSeconds": 16.0,
      "endStep": 900,
      "fromCommand": [
        0.0,
        0.15,
        0.0
      ],
      "toCommand": [
        0.0,
        0.0,
        0.0
      ],
      "sampleCount": 100,
      "peakPlanarTrackingError": 0.24506461939032126,
      "peakYawRateTrackingError": 0.7304699200844009,
      "terminalMeasuredMotion": [
        -0.04839156478828614,
        -0.022124770571443318,
        -0.05491982427934052
      ],
      "terminalPlanarTrackingError": 0.05320948238329236,
      "terminalYawRateTrackingError": 0.05491982427934052,
      "planarOvershootMps": 0.08333281454592906,
      "yawRateOvershootRadPerSec": 0.0,
      "planarSettlingTimeSeconds": 0.82,
      "yawRateSettlingTimeSeconds": 0.2,
      "planarSettled": true,
      "yawRateSettled": true,
      "planarBraking": true
    }
  ],
  "maximumTransitionTerminalPlanarTrackingError": 0.20632545393130994,
  "maximumTransitionTerminalYawRateTrackingError": 0.19090748233994093,
  "maximumPlanarSettlingTimeSeconds": 3.0,
  "maximumPlanarBrakingSettlingTimeSeconds": 0.82,
  "maximumYawRateSettlingTimeSeconds": 2.96,
  "maximumPlanarOvershootMps": 0.33427636344916445,
  "maximumYawRateOvershootRadPerSec": 0.697337403810574,
  "unsettledPlanarTransitionCount": 2,
  "unsettledYawRateTransitionCount": 0,
  "initialBasePosition": [
    1.0179830559280731,
    0.14308442119829026,
    0.47629785310774786
  ],
  "finalBasePosition": [
    0.7860830065882817,
    0.18482238171509388,
    0.420013779851544
  ],
  "netDisplacement": [
    -0.23190004933979147,
    0.04173796051680362,
    -0.05628407325620388
  ],
  "targetPlanarDisplacement": [
    0.76,
    0.44999999999999996
  ],
  "forwardDisplacement": -0.17827912791587103,
  "targetDistance": 0.8832326986700617,
  "forwardProgress": 0.0,
  "signedForwardProgress": -0.20184842361963837,
  "backwardDisplacement": 0.17827912791587103,
  "meanForwardVelocity": -0.017827912791585493,
  "lateralDrift": 0.15406570929787222,
  "distanceTraveled": 2.9349723846120503,
  "episodeInitialBasePosition": [
    0.0,
    0.0,
    0.44
  ],
  "mobilityMeasurementStartedAtSeconds": 8.0,
  "recoveryEvaluationStartedAtSeconds": 2.7,
  "missionStageDurationsSeconds": {
    "approach": 2.48,