{
  "terms": {
    "survival": 10.0,
    "velocityTracking": 4.534656942355886,
    "forwardProgress": 0.0,
    "upright": 1.7848877249926685,
    "lateralDrift": -0.30813141859574444,
    "transitionTracking": 0.23841179493221284,
    "energy": -0.333033088591815,
    "smoothness": -0.11166991643163629,
    "jointJerk": 0.0,
    "bodyAngularJerk": 0.0,
    "actionSlew": 0.0,
    "actuatorSaturation": -0.18361111111111109,
    "footSlip": 0.0,
    "footImpact": 0.0,
    "selfRighting": 100.0,
    "recoveryTime": -10.959999999998802,
    "jointLimitMargin": 0.05676392909022754,
    "componentMass": -3.015,
    "sensorChannels": -2.14,
    "trainingSteps": -0.08192
  },
  "total": 99.48135485664189
}
