{
  "durationSeconds": 3.519999999999834,
  "steps": 176,
  "survivalRate": 0.7,
  "fell": true,
  "motionCommand": [
    0.25,
    0.0,
    0.0
  ],
  "meanMotionCommand": [
    0.25,
    0.0,
    0.0
  ],
  "meanMeasuredMotion": [
    -0.004505338578240254,
    0.011761432298169798,
    0.022753555248741952
  ],
  "planarVelocityTrackingError": 0.2547769586413362,
  "yawRateTrackingError": 0.022753555248741952,
  "meanVelocityTrackingError": 0.45450580274914215,
  "meanPlanarVelocityTrackingError": 0.319675546710961,
  "meanYawRateTrackingError": 0.23195276798628947,
  "meanUpright": 0.4012352081747993,
  "meanEnergy": 618.0673296063932,
  "meanSmoothness": 32.706127656433644,
  "peakActuator": 8.0,
  "motionCommandSchedule": [
    {
      "atStep": 0,
      "atSeconds": 0.0,
      "command": [
        0.25,
        0.0,
        0.0
      ]
    }
  ],
  "transitionCount": 0,
  "transitions": [],
  "maximumTransitionTerminalPlanarTrackingError": 0.0,
  "maximumTransitionTerminalYawRateTrackingError": 0.0,
  "maximumPlanarSettlingTimeSeconds": 0.0,
  "maximumPlanarBrakingSettlingTimeSeconds": 0.0,
  "maximumYawRateSettlingTimeSeconds": 0.0,
  "maximumPlanarOvershootMps": 0.0,
  "maximumYawRateOvershootRadPerSec": 0.0,
  "unsettledPlanarTransitionCount": 0,
  "unsettledYawRateTransitionCount": 0,
  "initialBasePosition": [
    0.0,
    0.0,
    0.44
  ],
  "finalBasePosition": [
    -0.010308112740011867,
    0.042894059751226336,
    0.18754856575076095
  ],
  "netDisplacement": [
    -0.010308112740011867,
    0.042894059751226336,
    -0.25245143424923905
  ],
  "targetPlanarDisplacement": [
    1.25,
    0.0
  ],
  "forwardDisplacement": -0.010308112740011867,
  "targetDistance": 1.25,
  "forwardProgress": 0.0,
  "signedForwardProgress": -0.008246490192009494,
  "backwardDisplacement": 0.010308112740011867,
  "meanForwardVelocity": -0.0029284411193216914,
  "lateralDrift": 0.042894059751226336,
  "distanceTraveled": 0.7392383549753436
}
