{
  "terms": {
    "survival": 17.5,
    "velocityTracking": 10.31278113270411,
    "forwardProgress": 0.0,
    "upright": 6.01852812262199,
    "lateralDrift": -0.4289405975122634,
    "transitionTracking": 0.0,
    "energy": -6.180673296063932,
    "smoothness": -0.1635306382821682,
    "componentMass": -1.5075,
    "sensorChannels": -5.3500000000000005,
    "trainingSteps": -0.0
  },
  "total": 20.200664723467735
}
