{
  "durationSeconds": 1.5400000000000011,
  "steps": 77,
  "survivalRate": 0.304,
  "fell": true,
  "motionCommand": [
    0.25,
    0.0,
    0.0
  ],
  "meanMotionCommand": [
    0.25,
    0.0,
    0.0
  ],
  "meanMeasuredMotion": [
    0.13856172438552272,
    -0.001432743780955736,
    -0.023688839793318518
  ],
  "planarVelocityTrackingError": 0.11144748551075555,
  "yawRateTrackingError": 0.023688839793318518,
  "meanVelocityTrackingError": 0.2576856379422543,
  "meanPlanarVelocityTrackingError": 0.1728433074600586,
  "meanYawRateTrackingError": 0.1044939967069605,
  "meanUpright": 0.5412670464945352,
  "meanEnergy": 520.1168622439415,
  "meanSmoothness": 27.005751963830594,
  "peakActuator": 8.0,
  "motionCommandSchedule": [
    {
      "atStep": 0,
      "atSeconds": 0.0,
      "command": [
        0.25,
        0.0,
        0.0
      ]
    }
  ],
  "transitionCount": 0,
  "transitions": [],
  "maximumTransitionTerminalPlanarTrackingError": 0.0,
  "maximumTransitionTerminalYawRateTrackingError": 0.0,
  "maximumPlanarSettlingTimeSeconds": 0.0,
  "maximumPlanarBrakingSettlingTimeSeconds": 0.0,
  "maximumYawRateSettlingTimeSeconds": 0.0,
  "maximumPlanarOvershootMps": 0.0,
  "maximumYawRateOvershootRadPerSec": 0.0,
  "unsettledPlanarTransitionCount": 0,
  "unsettledYawRateTransitionCount": 0,
  "initialBasePosition": [
    0.0,
    0.0,
    0.44
  ],
  "finalBasePosition": [
    0.2132154740961108,
    -0.0021916312991595013,
    0.18533789541467444
  ],
  "netDisplacement": [
    0.2132154740961108,
    -0.0021916312991595013,
    -0.25466210458532557
  ],
  "targetPlanarDisplacement": [
    1.25,
    0.0
  ],
  "forwardDisplacement": 0.2132154740961108,
  "targetDistance": 1.25,
  "forwardProgress": 0.17057237927688865,
  "signedForwardProgress": 0.17057237927688865,
  "backwardDisplacement": 0.0,
  "meanForwardVelocity": 0.138451606555916,
  "lateralDrift": 0.0021916312991595013,
  "distanceTraveled": 0.27269071050075094
}
