{
  "terms": {
    "survival": 7.6,
    "velocityTracking": 15.902225004908805,
    "forwardProgress": 8.528618963844432,
    "upright": 8.119005697418027,
    "lateralDrift": -0.021916312991595015,
    "transitionTracking": 0.0,
    "energy": -5.201168622439415,
    "smoothness": -0.13502875981915297,
    "componentMass": -1.5075,
    "sensorChannels": -5.3500000000000005,
    "trainingSteps": -0.0
  },
  "total": 27.9342359709211
}
