{
  "durationSeconds": 6.499999999999506,
  "steps": 325,
  "survivalRate": 1.0,
  "fell": false,
  "motionCommand": [
    0.0,
    0.0,
    0.038461538461538464
  ],
  "meanMotionCommand": [
    0.0,
    0.0,
    0.038461538461538464
  ],
  "meanMeasuredMotion": [
    -0.007589469783011221,
    -0.018662199295948447,
    0.09373286611304389
  ],
  "planarVelocityTrackingError": 0.020146407475005044,
  "yawRateTrackingError": 0.05527132765150543,
  "meanVelocityTrackingError": 0.38169764098701925,
  "meanPlanarVelocityTrackingError": 0.12290123882473444,
  "meanYawRateTrackingError": 0.3349556071445686,
  "meanUpright": 0.952271649773173,
  "meanEnergy": 195.87167873031154,
  "meanSmoothness": 135.91908203287545,
  "peakActuator": 8.0,
  "motionCommandSchedule": [
    {
      "atStep": 0,
      "atSeconds": 0.0,
      "command": [
        0.0,
        0.0,
        0.5
      ]
    },
    {
      "atStep": 125,
      "atSeconds": 2.5,
      "command": [
        0.0,
        0.0,
        -0.5
      ]
    },
    {
      "atStep": 225,
      "atSeconds": 4.5,
      "command": [
        0.0,
        0.0,
        0.0
      ]
    }
  ],
  "transitionCount": 2,
  "transitions": [
    {
      "index": 1,
      "atStep": 125,
      "atSeconds": 2.5,
      "endStep": 225,
      "fromCommand": [
        0.0,
        0.0,
        0.5
      ],
      "toCommand": [
        0.0,
        0.0,
        -0.5
      ],
      "sampleCount": 100,
      "peakPlanarTrackingError": 0.25339129249583026,
      "peakYawRateTrackingError": 0.9809583533206627,
      "terminalMeasuredMotion": [
        -0.05643257841769338,
        -0.05431638769580747,
        0.3609100528891627
      ],
      "terminalPlanarTrackingError": 0.07832563998583336,
      "terminalYawRateTrackingError": 0.8609100528891627,
      "planarOvershootMps": 0.0,
      "yawRateOvershootRadPerSec": 0.0,
      "planarSettlingTimeSeconds": 1.94,
      "yawRateSettlingTimeSeconds": 2.0,
      "planarSettled": true,
      "yawRateSettled": false
    },
    {
      "index": 2,
      "atStep": 225,
      "atSeconds": 4.5,
      "endStep": 325,
      "fromCommand": [
        0.0,
        0.0,
        -0.5
      ],
      "toCommand": [
        0.0,
        0.0,
        0.0
      ],
      "sampleCount": 100,
      "peakPlanarTrackingError": 0.28058232424921387,
      "peakYawRateTrackingError": 0.22908925487554166,
      "terminalMeasuredMotion": [
        -0.07199612606649104,
        -0.05711000604457102,
        0.032386634352199836
      ],
      "terminalPlanarTrackingError": 0.09189665368767792,
      "terminalYawRateTrackingError": 0.032386634352199836,
      "planarOvershootMps": 0.0,
      "yawRateOvershootRadPerSec": 0.12169433113592847,
      "planarSettlingTimeSeconds": 0.98,
      "yawRateSettlingTimeSeconds": 0.2,
      "planarSettled": true,
      "yawRateSettled": true
    }
  ],
  "maximumTransitionTerminalPlanarTrackingError": 0.09189665368767792,
  "maximumTransitionTerminalYawRateTrackingError": 0.8609100528891627,
  "maximumPlanarSettlingTimeSeconds": 1.94,
  "maximumYawRateSettlingTimeSeconds": 2.0,
  "maximumPlanarOvershootMps": 0.0,
  "maximumYawRateOvershootRadPerSec": 0.12169433113592847,
  "unsettledPlanarTransitionCount": 0,
  "unsettledYawRateTransitionCount": 1,
  "initialBasePosition": [
    0.0,
    0.0,
    0.44
  ],
  "finalBasePosition": [
    -0.047081768445253525,
    -0.11837577177465887,
    0.4207959907171605
  ],
  "netDisplacement": [
    -0.047081768445253525,
    -0.11837577177465887,
    -0.019204009282839496
  ],
  "targetPlanarDisplacement": [
    0.0,
    0.0
  ],
  "forwardDisplacement": 0.0,
  "targetDistance": 0.0,
  "forwardProgress": 1.0,
  "meanForwardVelocity": 0.0,
  "lateralDrift": 0.12739511867877273,
  "distanceTraveled": 0.7117153938155784
}
