{
  "terms": {
    "survival": 30.0,
    "velocityTracking": 14.474946910753172,
    "forwardProgress": 10.0,
    "upright": 14.284074746597595,
    "lateralDrift": -0.6369755933938637,
    "transitionTracking": 4.987944937059747,
    "energy": -0.9793583936515577,
    "smoothness": -0.13591908203287545,
    "componentMass": -1.2060000000000002,
    "sensorChannels": -1.07,
    "trainingSteps": -0.0
  },
  "total": 69.71871352533223
}
