{
  "durationSeconds": 6.499999999999506,
  "steps": 325,
  "survivalRate": 1.0,
  "fell": false,
  "motionCommand": [
    0.0,
    0.0,
    0.038461538461538464
  ],
  "meanMotionCommand": [
    0.0,
    0.0,
    0.038461538461538464
  ],
  "meanMeasuredMotion": [
    0.022491110815516427,
    0.07034824568451194,
    0.15383955468455793
  ],
  "planarVelocityTrackingError": 0.07385611509282283,
  "yawRateTrackingError": 0.11537801622301946,
  "meanVelocityTrackingError": 0.6028538712144429,
  "meanPlanarVelocityTrackingError": 0.21191181828197886,
  "meanYawRateTrackingError": 0.5327831770946866,
  "meanUpright": 0.7781283613546286,
  "meanEnergy": 194.93551014853563,
  "meanSmoothness": 133.0884137810109,
  "peakActuator": 8.0,
  "motionCommandSchedule": [
    {
      "atStep": 0,
      "atSeconds": 0.0,
      "command": [
        0.0,
        0.0,
        0.5
      ]
    },
    {
      "atStep": 125,
      "atSeconds": 2.5,
      "command": [
        0.0,
        0.0,
        -0.5
      ]
    },
    {
      "atStep": 225,
      "atSeconds": 4.5,
      "command": [
        0.0,
        0.0,
        0.0
      ]
    }
  ],
  "transitionCount": 2,
  "transitions": [
    {
      "index": 1,
      "atStep": 125,
      "atSeconds": 2.5,
      "endStep": 225,
      "fromCommand": [
        0.0,
        0.0,
        0.5
      ],
      "toCommand": [
        0.0,
        0.0,
        -0.5
      ],
      "sampleCount": 100,
      "peakPlanarTrackingError": 0.9457151144551731,
      "peakYawRateTrackingError": 1.4828085618851512,
      "terminalMeasuredMotion": [
        0.33145158918618095,
        0.628412043670722,
        -0.7573173580083485
      ],
      "terminalPlanarTrackingError": 0.7104659404957132,
      "terminalYawRateTrackingError": 0.25731735800834854,
      "planarOvershootMps": 0.0,
      "yawRateOvershootRadPerSec": 0.8835318537038896,
      "planarSettlingTimeSeconds": 2.0,
      "yawRateSettlingTimeSeconds": 2.0,
      "planarSettled": false,
      "yawRateSettled": false
    },
    {
      "index": 2,
      "atStep": 225,
      "atSeconds": 4.5,
      "endStep": 325,
      "fromCommand": [
        0.0,
        0.0,
        -0.5
      ],
      "toCommand": [
        0.0,
        0.0,
        0.0
      ],
      "sampleCount": 100,
      "peakPlanarTrackingError": 0.9752999740804716,
      "peakYawRateTrackingError": 2.041369201708103,
      "terminalMeasuredMotion": [
        -0.030939727440819898,
        -0.0221299273847207,
        -0.0630734133432493
      ],
      "terminalPlanarTrackingError": 0.03803945872597604,
      "terminalYawRateTrackingError": 0.0630734133432493,
      "planarOvershootMps": 0.0,
      "yawRateOvershootRadPerSec": 2.041369201708103,
      "planarSettlingTimeSeconds": 1.36,
      "yawRateSettlingTimeSeconds": 0.74,
      "planarSettled": true,
      "yawRateSettled": true
    }
  ],
  "maximumTransitionTerminalPlanarTrackingError": 0.7104659404957132,
  "maximumTransitionTerminalYawRateTrackingError": 0.25731735800834854,
  "maximumPlanarSettlingTimeSeconds": 2.0,
  "maximumYawRateSettlingTimeSeconds": 2.0,
  "maximumPlanarOvershootMps": 0.0,
  "maximumYawRateOvershootRadPerSec": 2.041369201708103,
  "unsettledPlanarTransitionCount": 1,
  "unsettledYawRateTransitionCount": 1,
  "initialBasePosition": [
    0.0,
    0.0,
    0.44
  ],
  "finalBasePosition": [
    0.15575092553156705,
    0.4579303348632011,
    0.2530439410300112
  ],
  "netDisplacement": [
    0.15575092553156705,
    0.4579303348632011,
    -0.1869560589699888
  ],
  "targetPlanarDisplacement": [
    0.0,
    0.0
  ],
  "forwardDisplacement": 0.0,
  "targetDistance": 0.0,
  "forwardProgress": 1.0,
  "meanForwardVelocity": 0.0,
  "lateralDrift": 0.48369261147123516,
  "distanceTraveled": 1.3208435227487025
}
