{
  "durationSeconds": 4.999999999999671,
  "steps": 250,
  "survivalRate": 1.0,
  "fell": false,
  "motionCommand": [
    0.25,
    0.0,
    0.0
  ],
  "meanMotionCommand": [
    0.25,
    0.0,
    0.0
  ],
  "meanMeasuredMotion": [
    0.08069460637295618,
    0.0013630516172840356,
    0.0030887331668477866
  ],
  "planarVelocityTrackingError": 0.16931088039733191,
  "yawRateTrackingError": 0.0030887331668477866,
  "meanVelocityTrackingError": 0.1850848107853477,
  "meanPlanarVelocityTrackingError": 0.17441874554434267,
  "meanYawRateTrackingError": 0.03736815159339523,
  "meanUpright": 0.9316619026685363,
  "meanAbsolutePitchRad": 0.13682659554470503,
  "minimumPitchRad": -0.2827202830930716,
  "maximumPitchRad": -0.013582165651806968,
  "maximumBackwardPitchRad": 0.2827202830930716,
  "maximumAbsolutePitchRad": 0.2827202830930716,
  "maximumAbsolutePitchRateRadPerSec": 2.5563431631767966,
  "meanEnergy": 186.01822239642684,
  "meanSmoothness": 128.16563131955087,
  "peakActuator": 8.0,
  "motionCommandSchedule": [
    {
      "atStep": 0,
      "atSeconds": 0.0,
      "command": [
        0.25,
        0.0,
        0.0
      ]
    }
  ],
  "transitionCount": 0,
  "transitions": [],
  "maximumTransitionTerminalPlanarTrackingError": 0.0,
  "maximumTransitionTerminalYawRateTrackingError": 0.0,
  "maximumPlanarSettlingTimeSeconds": 0.0,
  "maximumPlanarBrakingSettlingTimeSeconds": 0.0,
  "maximumYawRateSettlingTimeSeconds": 0.0,
  "maximumPlanarOvershootMps": 0.0,
  "maximumYawRateOvershootRadPerSec": 0.0,
  "unsettledPlanarTransitionCount": 0,
  "unsettledYawRateTransitionCount": 0,
  "initialBasePosition": [
    0.0,
    0.0,
    0.44
  ],
  "finalBasePosition": [
    0.40230413139181165,
    0.00786490665666052,
    0.4187860208846343
  ],
  "netDisplacement": [
    0.40230413139181165,
    0.00786490665666052,
    -0.02121397911536571
  ],
  "targetPlanarDisplacement": [
    1.25,
    0.0
  ],
  "forwardDisplacement": 0.40230413139181165,
  "targetDistance": 1.25,
  "forwardProgress": 0.32184330511344933,
  "signedForwardProgress": 0.32184330511344933,
  "backwardDisplacement": 0.0,
  "meanForwardVelocity": 0.08046082627836762,
  "lateralDrift": 0.00786490665666052,
  "distanceTraveled": 0.4835277538505886
}
