{
  "terms": {
    "survival": 25.0,
    "velocityTracking": 16.876429279982194,
    "forwardProgress": 16.092165255672466,
    "upright": 13.974928540028046,
    "lateralDrift": -0.07864906656660521,
    "transitionTracking": 0.0,
    "energy": -1.8601822239642685,
    "smoothness": -0.6408281565977544,
    "componentMass": -1.5075,
    "sensorChannels": -5.3500000000000005,
    "trainingSteps": -0.0
  },
  "total": 62.50636362855408
}
