{
  "durationSeconds": 2.0000000000000013,
  "steps": 100,
  "survivalRate": 0.396,
  "fell": true,
  "motionCommand": [
    0.25,
    0.0,
    0.0
  ],
  "meanMotionCommand": [
    0.25,
    0.0,
    0.0
  ],
  "meanMeasuredMotion": [
    0.061400253317373255,
    0.0005105633826792875,
    -0.0014641473376706664
  ],
  "planarVelocityTrackingError": 0.18860043776120647,
  "yawRateTrackingError": 0.0014641473376706664,
  "meanVelocityTrackingError": 0.24795077181792716,
  "meanPlanarVelocityTrackingError": 0.22951079220210246,
  "meanYawRateTrackingError": 0.027301198893952983,
  "meanUpright": 0.6083018418734553,
  "meanEnergy": 572.0020119146843,
  "meanSmoothness": 27.52720625394472,
  "peakActuator": 8.0,
  "motionCommandSchedule": [
    {
      "atStep": 0,
      "atSeconds": 0.0,
      "command": [
        0.25,
        0.0,
        0.0
      ]
    }
  ],
  "transitionCount": 0,
  "transitions": [],
  "maximumTransitionTerminalPlanarTrackingError": 0.0,
  "maximumTransitionTerminalYawRateTrackingError": 0.0,
  "maximumPlanarSettlingTimeSeconds": 0.0,
  "maximumPlanarBrakingSettlingTimeSeconds": 0.0,
  "maximumYawRateSettlingTimeSeconds": 0.0,
  "maximumPlanarOvershootMps": 0.0,
  "maximumYawRateOvershootRadPerSec": 0.0,
  "unsettledPlanarTransitionCount": 0,
  "unsettledYawRateTransitionCount": 0,
  "initialBasePosition": [
    0.0,
    0.0,
    0.44
  ],
  "finalBasePosition": [
    0.12272127890147647,
    0.00018697444932594563,
    0.18893652069955746
  ],
  "netDisplacement": [
    0.12272127890147647,
    0.00018697444932594563,
    -0.25106347930044254
  ],
  "targetPlanarDisplacement": [
    1.25,
    0.0
  ],
  "forwardDisplacement": 0.12272127890147647,
  "targetDistance": 1.25,
  "forwardProgress": 0.09817702312118118,
  "signedForwardProgress": 0.09817702312118118,
  "backwardDisplacement": 0.0,
  "meanForwardVelocity": 0.06136063945073819,
  "lateralDrift": 0.00018697444932594563,
  "distanceTraveled": 0.33303371499410245
}
