{
  "terms": {
    "survival": 9.9,
    "velocityTracking": 16.026273192543808,
    "forwardProgress": 4.908851156059059,
    "upright": 9.124527628101829,
    "lateralDrift": -0.0018697444932594563,
    "transitionTracking": 0.0,
    "energy": -5.720020119146843,
    "smoothness": -0.1376360312697236,
    "componentMass": -1.5075,
    "sensorChannels": -5.3500000000000005,
    "trainingSteps": -0.0
  },
  "total": 27.24262608179487
}
