{
  "durationSeconds": 2.0000000000000013,
  "steps": 100,
  "survivalRate": 1.0,
  "fell": false,
  "motionCommand": [
    0,
    0,
    0
  ],
  "meanVelocityTrackingError": 0.0810172478324569,
  "meanPlanarVelocityTrackingError": 0.0810172478324569,
  "meanYawRateTrackingError": 3.656794099438838e-15,
  "meanUpright": 0.9475483029642793,
  "meanEnergy": 196.31407577809176,
  "meanSmoothness": 138.77083236823887,
  "peakActuator": 8.0,
  "initialBasePosition": [
    0.0,
    0.0,
    0.44
  ],
  "finalBasePosition": [
    -0.08972642110276942,
    1.1632488424711546e-15,
    0.41969361704342906
  ],
  "netDisplacement": [
    -0.08972642110276942,
    1.1632488424711546e-15,
    -0.020306382956570945
  ],
  "forwardDisplacement": 0.0,
  "targetDistance": 0.0,
  "forwardProgress": 1.0,
  "meanForwardVelocity": 0.0,
  "lateralDrift": 0.08972642110276942,
  "distanceTraveled": 0.10154140295491194
}
