{
  "terms": {
    "survival": 25.0,
    "velocityTracking": 13.875819308226983,
    "forwardProgress": 40.0,
    "upright": 14.21322454446419,
    "lateralDrift": -0.8972642110276942,
    "energy": -1.9631407577809177,
    "smoothness": -0.6938541618411944,
    "componentMass": -1.5075,
    "sensorChannels": -5.3500000000000005,
    "trainingSteps": -0.0
  },
  "total": 82.67728472204136
}
