{
  "durationSeconds": 18.000000000000902,
  "steps": 900,
  "survivalRate": 1.0,
  "fell": false,
  "motionCommand": [
    0.13111111111111284,
    0.02499999999999996,
    0.041666666666666664
  ],
  "meanMotionCommand": [
    0.13111111111111284,
    0.02499999999999996,
    0.041666666666666664
  ],
  "meanMeasuredMotion": [
    0.01695958025092286,
    0.04779904838864777,
    0.07980551202396859
  ],
  "planarVelocityTrackingError": 0.11640605055216334,
  "yawRateTrackingError": 0.03813884535730192,
  "meanVelocityTrackingError": 0.4710017930082913,
  "meanPlanarVelocityTrackingError": 0.2505277450572649,
  "meanYawRateTrackingError": 0.35889507434795304,
  "meanUpright": 0.21743303392101448,
  "meanAbsolutePitchRad": 0.09307345561640609,
  "minimumPitchRad": -0.2889211701092282,
  "maximumPitchRad": 1.549043866350924,
  "maximumBackwardPitchRad": 0.2889211701092282,
  "maximumAbsolutePitchRad": 1.549043866350924,
  "maximumAbsolutePitchRateRadPerSec": 7.88764214469401,
  "meanBodyTiltRad": 2.3690293344952256,
  "maximumBodyTiltRad": 3.138198070128553,
  "initialBodyTiltRad": 0.0,
  "minimumBodyTiltRad": 0.0,
  "finalBodyTiltRad": 3.090197311965459,
  "finalBaseHeightM": 0.06364178984874026,
  "selfRightingTask": true,
  "recoveryTriggered": true,
  "selfRightingSuccess": 0.0,
  "timeToStableStandSeconds": 15.3,
  "stableStandingDwellSeconds": 0.0,
  "finalStableStandingDwellSeconds": 0.0,
  "minimumJointLimitMarginRad": -0.07411115639970492,
  "disallowedCollisionSteps": 0,
  "meanEnergy": 353.5101185124178,
  "meanSmoothness": 60.294241731504414,
  "peakActuator": 8.0,
  "motionQualityFootEvidenceAvailable": true,
  "motionQualityContactThresholdNewton": 1.0,
  "meanJointJerkRadPerSec3": 11940.966274988194,
  "peakJointJerkRadPerSec3": 44813.130870033696,
  "meanBodyAngularJerkRadPerSec3": 3620.7659501685057,
  "peakBodyAngularJerkRadPerSec3": 18814.085686977003,
  "meanActionSlewRatePerSec": 273.5471763669839,
  "peakActionSlewRatePerSec": 800.0,
  "actuatorSaturationRate": 0.6123809523809525,
  "meanFootSlipSpeedMps": 0.1080948097109031,
  "peakFootSlipSpeedMps": 0.6106582321053909,
  "totalFootSlipDistanceM": 0.5837119724388764,
  "meanFootContactImpactNPerSec": 124.37461523442543,
  "peakFootContactImpactNPerSec": 7871.133559058538,
  "peakFootContactForceNewton": 157.42343964888082,
  "motionCommandSchedule": [
    {
      "atStep": 0,
      "atSeconds": 0.0,
      "command": [
        0.2,
        0.0,
        0.0
      ]
    },
    {
      "atStep": 400,
      "atSeconds": 8.0,
      "command": [
        0.2,
        0.0,
        0.0
      ]
    },
    {
      "atStep": 500,
      "atSeconds": 10.0,
      "command": [
        0.12,
        0.0,
        0.25
      ]
    },
    {
      "atStep": 650,
      "atSeconds": 13.0,
      "command": [
        0.0,
        0.15,
        0.0
      ]
    },
    {
      "atStep": 800,
      "atSeconds": 16.0,
      "command": [
        0.0,
        0.0,
        0.0
      ]
    }
  ],
  "transitionCount": 4,
  "transitions": [
    {
      "index": 1,
      "atStep": 400,
      "atSeconds": 8.0,
      "endStep": 500,
      "fromCommand": [
        0.2,
        0.0,
        0.0
      ],
      "toCommand": [
        0.2,
        0.0,
        0.0
      ],
      "sampleCount": 100,
      "peakPlanarTrackingError": 0.4011665255991197,
      "peakYawRateTrackingError": 0.8634341717916015,
      "terminalMeasuredMotion": [
        -0.041603015198072704,
        0.023193157603610088,
        -0.04956903185414899
      ],
      "terminalPlanarTrackingError": 0.24271369865012984,
      "terminalYawRateTrackingError": 0.04956903185414899,
      "planarOvershootMps": 0.0,
      "yawRateOvershootRadPerSec": 0.0,
      "planarSettlingTimeSeconds": 2.0,
      "yawRateSettlingTimeSeconds": 1.82,
      "planarSettled": false,
      "yawRateSettled": true,
      "planarBraking": false
    },
    {
      "index": 2,
      "atStep": 500,
      "atSeconds": 10.0,
      "endStep": 650,
      "fromCommand": [
        0.2,
        0.0,
        0.0
      ],
      "toCommand": [
        0.12,
        0.0,
        0.25
      ],
      "sampleCount": 150,
      "peakPlanarTrackingError": 0.3951825464533054,
      "peakYawRateTrackingError": 1.116491153468452,
      "terminalMeasuredMotion": [
        -0.003106567961675147,
        0.03726905746722879,
        -0.24381764916644152
      ],
      "terminalPlanarTrackingError": 0.12862429677085951,
      "terminalYawRateTrackingError": 0.49381764916644155,
      "planarOvershootMps": 0.3520405039336941,
      "yawRateOvershootRadPerSec": 0.37096838940612853,
      "planarSettlingTimeSeconds": 3.0,
      "yawRateSettlingTimeSeconds": 3.0,
      "planarSettled": false,
      "yawRateSettled": false,
      "planarBraking": false
    },
    {
      "index": 3,
      "atStep": 650,
      "atSeconds": 13.0,
      "endStep": 800,
      "fromCommand": [
        0.12,
        0.0,
        0.25
      ],
      "toCommand": [
        0.0,
        0.15,
        0.0
      ],
      "sampleCount": 150,
      "peakPlanarTrackingError": 0.3728713032792404,
      "peakYawRateTrackingError": 1.1553476537293663,
      "terminalMeasuredMotion": [
        0.012832315323273464,
        -0.021786277932671308,
        0.017354501950524633
      ],
      "terminalPlanarTrackingError": 0.172264893703032,
      "terminalYawRateTrackingError": 0.017354501950524633,
      "planarOvershootMps": 0.1555247470314381,
      "yawRateOvershootRadPerSec": 0.7153123995049279,
      "planarSettlingTimeSeconds": 3.0,
      "yawRateSettlingTimeSeconds": 1.72,
      "planarSettled": false,
      "yawRateSettled": true,
      "planarBraking": false
    },
    {
      "index": 4,
      "atStep": 800,
      "atSeconds": 16.0,
      "endStep": 900,
      "fromCommand": [
        0.0,
        0.15,
        0.0
      ],
      "toCommand": [
        0.0,
        0.0,
        0.0
      ],
      "sampleCount": 100,
      "peakPlanarTrackingError": 0.29645049642184845,
      "peakYawRateTrackingError": 0.6803364602139005,
      "terminalMeasuredMotion": [
        0.013951747797868952,
        0.061116169678062895,
        -0.15248271604018662
      ],
      "terminalPlanarTrackingError": 0.06268841569806272,
      "terminalYawRateTrackingError": 0.15248271604018662,
      "planarOvershootMps": 0.19563504245403618,
      "yawRateOvershootRadPerSec": 0.0,
      "planarSettlingTimeSeconds": 0.2,
      "yawRateSettlingTimeSeconds": 0.2,
      "planarSettled": true,
      "yawRateSettled": true,
      "planarBraking": true
    }
  ],
  "maximumTransitionTerminalPlanarTrackingError": 0.24271369865012984,
  "maximumTransitionTerminalYawRateTrackingError": 0.49381764916644155,
  "maximumPlanarSettlingTimeSeconds": 3.0,
  "maximumPlanarBrakingSettlingTimeSeconds": 0.2,
  "maximumYawRateSettlingTimeSeconds": 3.0,
  "maximumPlanarOvershootMps": 0.3520405039336941,
  "maximumYawRateOvershootRadPerSec": 0.7153123995049279,
  "unsettledPlanarTransitionCount": 3,
  "unsettledYawRateTransitionCount": 1,
  "initialBasePosition": [
    0.10046202624091059,
    0.6765935201375591,
    0.07617041219607076
  ],
  "finalBasePosition": [
    0.3119582026126805,
    0.8507132037440343,
    0.06364178984874026
  ],
  "netDisplacement": [
    0.21149617637176987,
    0.17411968360647512,
    -0.0125286223473305
  ],
  "targetPlanarDisplacement": [
    0.76,
    0.44999999999999996
  ],
  "forwardDisplacement": 0.2706998416447591,
  "targetDistance": 0.8832326986700617,
  "forwardProgress": 0.30648756783163555,
  "signedForwardProgress": 0.30648756783163555,
  "backwardDisplacement": 0.0,
  "meanForwardVelocity": 0.027069984164473464,
  "lateralDrift": 0.04207009118839836,
  "distanceTraveled": 3.385690967933365,
  "episodeInitialBasePosition": [
    0.0,
    0.0,
    0.44
  ],
  "mobilityMeasurementStartedAtSeconds": 8.0,
  "recoveryEvaluationStartedAtSeconds": 2.7,
  "missionStageDurationsSeconds": {
    "approach": 2.48,
    "impact": 0.16,