{
  "terms": {
    "survival": 10.0,
    "velocityTracking": 4.078852948050881,
    "forwardProgress": 6.1297513566327115,
    "upright": 0.43486606784202897,
    "lateralDrift": -0.08414018237679673,
    "transitionTracking": 0.2271724551256855,
    "energy": -0.7070202370248356,
    "smoothness": -0.06029424173150442,
    "jointJerk": 0.0,
    "bodyAngularJerk": 0.0,
    "actionSlew": 0.0,
    "actuatorSaturation": -0.30619047619047624,
    "footSlip": 0.0,
    "footImpact": 0.0,
    "selfRighting": 0.0,
    "recoveryTime": -30.6,
    "jointLimitMargin": -0.14822231279940984,
    "componentMass": -3.115,
    "sensorChannels": -0.22,
    "trainingSteps": -0.0
  },
  "total": -14.370224622471719
}
