{
  "durationSeconds": 2.939999999999898,
  "steps": 147,
  "survivalRate": 0.584,
  "fell": true,
  "motionCommand": [
    0.25,
    0.0,
    0.0
  ],
  "meanMotionCommand": [
    0.25,
    0.0,
    0.0
  ],
  "meanMeasuredMotion": [
    0.38816648731536957,
    0.0008367716177295364,
    -0.0037835183654512687
  ],
  "planarVelocityTrackingError": 0.13816902114370072,
  "yawRateTrackingError": 0.0037835183654512687,
  "meanVelocityTrackingError": 0.2260498344511236,
  "meanPlanarVelocityTrackingError": 0.22455240499987097,
  "meanYawRateTrackingError": 0.0061534501048782254,
  "meanUpright": 0.7770223658440598,
  "meanEnergy": 551.3728055786731,
  "meanSmoothness": 25.94286928509254,
  "peakActuator": 8.0,
  "motionCommandSchedule": [
    {
      "atStep": 0,
      "atSeconds": 0.0,
      "command": [
        0.25,
        0.0,
        0.0
      ]
    }
  ],
  "transitionCount": 0,
  "transitions": [],
  "maximumTransitionTerminalPlanarTrackingError": 0.0,
  "maximumTransitionTerminalYawRateTrackingError": 0.0,
  "maximumPlanarSettlingTimeSeconds": 0.0,
  "maximumPlanarBrakingSettlingTimeSeconds": 0.0,
  "maximumYawRateSettlingTimeSeconds": 0.0,
  "maximumPlanarOvershootMps": 0.0,
  "maximumYawRateOvershootRadPerSec": 0.0,
  "unsettledPlanarTransitionCount": 0,
  "unsettledYawRateTransitionCount": 0,
  "initialBasePosition": [
    0.0,
    0.0,
    0.44
  ],
  "finalBasePosition": [
    1.1329981241086753,
    0.002565021747482224,
    0.18973759778970037
  ],
  "netDisplacement": [
    1.1329981241086753,
    0.002565021747482224,
    -0.2502624022102996
  ],
  "targetPlanarDisplacement": [
    1.25,
    0.0
  ],
  "forwardDisplacement": 1.1329981241086753,
  "targetDistance": 1.25,
  "forwardProgress": 0.9063984992869403,
  "signedForwardProgress": 0.9063984992869403,
  "backwardDisplacement": 0.0,
  "meanForwardVelocity": 0.3853735116016036,
  "lateralDrift": 0.002565021747482224,
  "distanceTraveled": 1.1383532648578851
}
