{
  "terms": {
    "survival": 14.6,
    "velocityTracking": 12.234412972874942,
    "forwardProgress": 36.25593997147761,
    "upright": 11.655335487660897,
    "lateralDrift": -0.02565021747482224,
    "transitionTracking": 0.0,
    "energy": -5.513728055786731,
    "smoothness": -0.1297143464254627,
    "componentMass": -1.5075,
    "sensorChannels": -5.3500000000000005,
    "trainingSteps": -0.0
  },
  "total": 62.21909581232643
}
