{
  "terms": {
    "survival": 8.6,
    "velocityTracking": 15.911602226433414,
    "forwardProgress": 16.378738378960545,
    "upright": 7.198555867046684,
    "lateralDrift": -0.18351903039313697,
    "transitionTracking": 0.0,
    "energy": -5.383085492188098,
    "smoothness": -0.14737921449070973,
    "componentMass": -1.5075,
    "sensorChannels": -5.3500000000000005,
    "trainingSteps": -0.0
  },
  "total": 35.5174127353687
}
