{
  "durationSeconds": 2.819999999999911,
  "steps": 141,
  "survivalRate": 0.56,
  "fell": true,
  "motionCommand": [
    0.25,
    0.0,
    0.0
  ],
  "meanMotionCommand": [
    0.25,
    0.0,
    0.0
  ],
  "meanMeasuredMotion": [
    0.0668720379443551,
    0.02252145935945651,
    -0.03581775781358039
  ],
  "planarVelocityTrackingError": 0.184507632954123,
  "yawRateTrackingError": 0.03581775781358039,
  "meanVelocityTrackingError": 0.4117604476439735,
  "meanPlanarVelocityTrackingError": 0.27537269444241935,
  "meanYawRateTrackingError": 0.22108054907124222,
  "meanUpright": 0.4258801280602249,
  "meanEnergy": 590.2208876143338,
  "meanSmoothness": 28.948789506174016,
  "peakActuator": 8.0,
  "motionCommandSchedule": [
    {
      "atStep": 0,
      "atSeconds": 0.0,
      "command": [
        0.25,
        0.0,
        0.0
      ]
    }
  ],
  "transitionCount": 0,
  "transitions": [],
  "maximumTransitionTerminalPlanarTrackingError": 0.0,
  "maximumTransitionTerminalYawRateTrackingError": 0.0,
  "maximumPlanarSettlingTimeSeconds": 0.0,
  "maximumPlanarBrakingSettlingTimeSeconds": 0.0,
  "maximumYawRateSettlingTimeSeconds": 0.0,
  "maximumPlanarOvershootMps": 0.0,
  "maximumYawRateOvershootRadPerSec": 0.0,
  "unsettledPlanarTransitionCount": 0,
  "unsettledYawRateTransitionCount": 0,
  "initialBasePosition": [
    0.0,
    0.0,
    0.44
  ],
  "finalBasePosition": [
    0.19197079871656805,
    0.06333900329147785,
    0.1874415712121475
  ],
  "netDisplacement": [
    0.19197079871656805,
    0.06333900329147785,
    -0.2525584287878525
  ],
  "targetPlanarDisplacement": [
    1.25,
    0.0
  ],
  "forwardDisplacement": 0.19197079871656805,
  "targetDistance": 1.25,
  "forwardProgress": 0.15357663897325444,
  "signedForwardProgress": 0.15357663897325444,
  "backwardDisplacement": 0.0,
  "meanForwardVelocity": 0.06807475131793408,
  "lateralDrift": 0.06333900329147785,
  "distanceTraveled": 0.5934652398278093
}
