{
  "terms": {
    "survival": 14.000000000000002,
    "velocityTracking": 14.166709397034845,
    "forwardProgress": 7.6788319486627215,
    "upright": 6.388201920903374,
    "lateralDrift": -0.6333900329147785,
    "transitionTracking": 0.0,
    "energy": -5.902208876143338,
    "smoothness": -0.14474394753087008,
    "componentMass": -1.5075,
    "sensorChannels": -5.3500000000000005,
    "trainingSteps": -0.0
  },
  "total": 28.695900410011955
}
