{
  "durationSeconds": 4.999999999999671,
  "steps": 250,
  "survivalRate": 1.0,
  "fell": false,
  "motionCommand": [
    0.25,
    0.0,
    0.0
  ],
  "meanMotionCommand": [
    0.25,
    0.0,
    0.0
  ],
  "meanMeasuredMotion": [
    0.07025299438497715,
    0.0067120335911682325,
    0.30653531869419415
  ],
  "planarVelocityTrackingError": 0.17987228086199392,
  "yawRateTrackingError": 0.30653531869419415,
  "meanVelocityTrackingError": 1.1407515367008396,
  "meanPlanarVelocityTrackingError": 0.3974954456987379,
  "meanYawRateTrackingError": 0.9973657125973454,
  "meanUpright": 0.9265134828090938,
  "meanAbsolutePitchRad": 0.0962318948344701,
  "minimumPitchRad": -0.2784323725634844,
  "maximumPitchRad": 0.18930173699767425,
  "maximumBackwardPitchRad": 0.2784323725634844,
  "maximumAbsolutePitchRad": 0.2784323725634844,
  "maximumAbsolutePitchRateRadPerSec": 5.229424159634923,
  "meanBodyTiltRad": 0.14723946551913283,
  "maximumBodyTiltRad": 0.40994872927101283,
  "meanEnergy": 643.3306477392807,
  "meanSmoothness": 33.595540542146345,
  "peakActuator": 8.0,
  "motionQualityFootEvidenceAvailable": true,
  "motionQualityContactThresholdNewton": 1.0,
  "meanJointJerkRadPerSec3": 8474.02404547061,
  "peakJointJerkRadPerSec3": 56001.136210632874,
  "meanBodyAngularJerkRadPerSec3": 2731.9156379212936,
  "peakBodyAngularJerkRadPerSec3": 19166.930363531763,
  "meanActionSlewRatePerSec": 150.28030379974948,
  "peakActionSlewRatePerSec": 800.0,
  "actuatorSaturationRate": 0.7986666666666666,
  "meanFootSlipSpeedMps": 0.20704747017574596,
  "peakFootSlipSpeedMps": 1.186013909867644,
  "totalFootSlipDistanceM": 0.5010548778253051,
  "meanFootContactImpactNPerSec": 641.3721591686511,
  "peakFootContactImpactNPerSec": 19154.36517601388,
  "peakFootContactForceNewton": 383.0873035202776,
  "motionCommandSchedule": [
    {
      "atStep": 0,
      "atSeconds": 0.0,
      "command": [
        0.25,
        0.0,
        0.0
      ]
    }
  ],
  "transitionCount": 0,
  "transitions": [],
  "maximumTransitionTerminalPlanarTrackingError": 0.0,
  "maximumTransitionTerminalYawRateTrackingError": 0.0,
  "maximumPlanarSettlingTimeSeconds": 0.0,
  "maximumPlanarBrakingSettlingTimeSeconds": 0.0,
  "maximumYawRateSettlingTimeSeconds": 0.0,
  "maximumPlanarOvershootMps": 0.0,
  "maximumYawRateOvershootRadPerSec": 0.0,
  "unsettledPlanarTransitionCount": 0,
  "unsettledYawRateTransitionCount": 0,
  "initialBasePosition": [
    0.0,
    0.0,
    0.44
  ],
  "finalBasePosition": [
    0.35236985043530744,
    0.03505534580280676,
    0.4447014856461391
  ],
  "netDisplacement": [
    0.35236985043530744,
    0.03505534580280676,
    0.004701485646139092
  ],
  "targetPlanarDisplacement": [
    1.25,
    0.0
  ],
  "forwardDisplacement": 0.35236985043530744,
  "targetDistance": 1.25,
  "forwardProgress": 0.281895880348246,
  "signedForwardProgress": 0.281895880348246,
  "backwardDisplacement": 0.0,
  "meanForwardVelocity": 0.07047397008706612,
  "lateralDrift": 0.03505534580280676,
  "distanceTraveled": 1.7431192418547898
}
