{
  "terms": {
    "survival": 30.0,
    "velocityTracking": 14.013770157667935,
    "forwardProgress": 7.04739700870615,
    "upright": 18.530269656181876,
    "lateralDrift": -0.3505534580280676,
    "transitionTracking": 0.0,
    "energy": -3.2166532386964035,
    "smoothness": -0.03359554054214635,
    "jointJerk": 0.0,
    "bodyAngularJerk": 0.0,
    "actionSlew": 0.0,
    "actuatorSaturation": 0.0,
    "footSlip": 0.0,
    "footImpact": 0.0,
    "componentMass": -1.2060000000000002,
    "sensorChannels": -1.07,
    "trainingSteps": -0.0
  },
  "total": 63.71463458528934
}
