{
  "previous": {
    "assembly": "force-sensing",
    "controller": "force-aware-gait",
    "assemblyHash": "d89572552c790a7256a7fe23403e257b121aab1b617e4b133032638dcb972cea",
    "aggregateScore": 84.22840290335803,
    "cases": [
      {
        "case": {
          "id": "nominal",
          "task": "velocity-track",
          "scenario": "nominal",
          "seed": 42,
          "weight": 1
        },
        "metrics": {
          "durationSeconds": 2.999999999999891,
          "steps": 150,
          "survivalRate": 1,
          "fell": false,
          "meanVelocityTrackingError": 0.19365981992917136,
          "meanUpright": 0.9481169206101492,
          "meanEnergy": 1.4960086965866342,
          "meanSmoothness": 0.40149205511721037,
          "peakActuator": 6
        },
        "score": {
          "terms": {
            "survival": 50,
            "velocityTracking": 16.755192447699837,
            "upright": 18.962338412202982,
            "energy": -0.029920173931732685,
            "smoothness": -0.0040149205511721036,
            "componentMass": -1.4275,
            "sensorChannels": -0.5,
            "trainingSteps": 0
          },
          "total": 83.75609576541991
        },
        "resultHash": "f3286c279dbc5971c998fd607b2bb1f2d881e8bc1b51cf06da1d7c5c02bf612a"
      },
      {
        "case": {
          "id": "low-friction",
          "task": "velocity-track",
          "scenario": "low-friction",
          "seed": 43,
          "weight": 1.2
        },
        "metrics": {
          "durationSeconds": 2.999999999999891,
          "steps": 150,
          "survivalRate": 1,
          "fell": false,
          "meanVelocityTrackingError": 0.19365981992917136,
          "meanUpright": 0.9481169206101492,
          "meanEnergy": 1.4960086965866342,
          "meanSmoothness": 0.40149205511721037,
          "peakActuator": 6
        },
        "score": {
          "terms": {
            "survival": 50,
            "velocityTracking": 16.755192447699837,
            "upright": 18.962338412202982,
            "energy": -0.029920173931732685,
            "smoothness": -0.0040149205511721036,
            "componentMass": -1.4275,
            "sensorChannels": -0.5,
            "trainingSteps": 0
          },
          "total": 83.75609576541991
        },
        "resultHash": "70b27e2b2e7b12ef61efc5253ee03f9f8f6e28ca1bd7a39b677df3fa67b14fb6"
      },
      {
        "case": {
          "id": "lateral-push",
          "task": "stand",
          "scenario": "lateral-push",
          "seed": 44,
          "weight": 1.5
        },
        "metrics": {
          "durationSeconds": 2.0000000000000013,
          "steps": 100,
          "survivalRate": 1,
          "fell": false,
          "meanVelocityTrackingError": 0.10654337038205364,
          "meanUpright": 0.9421495212763911,
          "meanEnergy": 3.1165478298100227,
          "meanSmoothness": 0.6342286306776106,
          "peakActuator": 6
        },
        "score": {
          "terms": {
            "survival": 50,
            "velocityTracking": 18.074302856375745,
            "upright": 18.842990425527823,
            "energy": -0.06233095659620046,
            "smoothness": -0.006342286306776106,
            "componentMass": -1.4275,
            "sensorChannels": -0.5,
            "trainingSteps": 0
          },
          "total": 84.9211200390006
        },
        "resultHash": "141d5bfcf6404ec0c638c9d6d1630edeed49cc987c62e1ef073476cfeb306984"
      }
    ]
  },
  "candidate": {
    "assembly": "force-sensing",
    "controller": "force-aware-gait",
    "assemblyHash": "d89572552c790a7256a7fe23403e257b121aab1b617e4b133032638dcb972cea",
    "aggregateScore": 84.23363981680072,
    "cases": [
      {
        "case": {
          "id": "nominal",
          "task": "velocity-track",
          "scenario": "nominal",
          "seed": 42,
          "weight": 1
        },
        "metrics": {
          "durationSeconds": 2.999999999999891,
          "steps": 150,
          "survivalRate": 1,
          "fell": false,
          "meanVelocityTrackingError": 0.19381860436750176,
          "meanUpright": 0.9487324233000934,
          "meanEnergy": 1.6301385266840323,
          "meanSmoothness": 0.380367844132021,
          "peakActuator": 6
        },
        "score": {
          "terms": {
            "survival": 50,
            "velocityTracking": 16.75296391497955,
            "upright": 18.97464846600187,
            "energy": -0.032602770533680644,
            "smoothness": -0.0038036784413202104,
            "componentMass": -1.4275,
            "sensorChannels": -0.5,
            "trainingSteps": 0
          },
          "total": 83.76370593200642
        },
        "resultHash": "70ff60786b256b8135d5a13e8b9f1c5f04d83bc187e62f03697480398fd4afbb"
      },
      {
        "case": {
          "id": "low-friction",
          "task": "velocity-track",
          "scenario": "low-friction",
          "seed": 43,
          "weight": 1.2
        },
        "metrics": {
          "durationSeconds": 2.999999999999891,
          "steps": 150,
          "survivalRate": 1,
          "fell": false,
          "meanVelocityTrackingError": 0.19381860436750176,
          "meanUpright": 0.9487324233000934,
          "meanEnergy": 1.6301385266840323,
          "meanSmoothness": 0.380367844132021,
          "peakActuator": 6
        },
        "score": {
          "terms": {
            "survival": 50,
            "velocityTracking": 16.75296391497955,
            "upright": 18.97464846600187,
            "energy": -0.032602770533680644,
            "smoothness": -0.0038036784413202104,
            "componentMass": -1.4275,
            "sensorChannels": -0.5,
            "trainingSteps": 0
          },
          "total": 83.76370593200642
        },
        "resultHash": "5e00bfd5ab94ade8562d93c763d0694a14c12068885bdadf8df36ba164da64b1"
      },
      {
        "case": {
          "id": "lateral-push",
          "task": "stand",
          "scenario": "lateral-push",
          "seed": 44,
          "weight": 1.5
        },
        "metrics": {
          "durationSeconds": 2.0000000000000013,
          "steps": 100,
          "survivalRate": 1,
          "fell": false,
          "meanVelocityTrackingError": 0.10638242292496855,
          "meanUpright": 0.9422751747726373,
          "meanEnergy": 3.302883551388768,
          "meanSmoothness": 0.6001801242687913,
          "peakActuator": 6
        },
        "score": {
          "terms": {
            "survival": 50,
            "velocityTracking": 18.076932157983443,
            "upright": 18.845503495452746,
            "energy": -0.06605767102777536,
            "smoothness": -0.006001801242687913,
            "componentMass": -1.4275,
            "sensorChannels": -0.5,
            "trainingSteps": 0
          },
          "total": 84.92287618116572
        },
        "resultHash": "5ea855af876d5a9f45cf774d3c7058870ed810abca2d1875ef5f300e4590b418"
      }
    ]
  },
  "delta": 0.005236913442686841,
  "gateReasons": []
}
