{
  "durationSeconds": 4.999999999999671,
  "steps": 250,
  "survivalRate": 1.0,
  "fell": false,
  "motionCommand": [
    0.25,
    0.0,
    0.0
  ],
  "meanMotionCommand": [
    0.25,
    0.0,
    0.0
  ],
  "meanMeasuredMotion": [
    0.07263726033298794,
    7.171508090768298e-17,
    2.445120534272051e-17
  ],
  "planarVelocityTrackingError": 0.17736273966701205,
  "yawRateTrackingError": 2.445120534272051e-17,
  "meanVelocityTrackingError": 0.2725667253395352,
  "meanPlanarVelocityTrackingError": 0.2725667253395352,
  "meanYawRateTrackingError": 5.069442551732733e-15,
  "meanUpright": 0.9529762944047129,
  "meanEnergy": 182.5521745203112,
  "meanSmoothness": 121.7348611933449,
  "peakActuator": 8.0,
  "motionCommandSchedule": [
    {
      "atStep": 0,
      "atSeconds": 0.0,
      "command": [
        0.25,
        0.0,
        0.0
      ]
    }
  ],
  "transitionCount": 0,
  "transitions": [],
  "maximumTransitionTerminalPlanarTrackingError": 0.0,
  "maximumTransitionTerminalYawRateTrackingError": 0.0,
  "maximumPlanarSettlingTimeSeconds": 0.0,
  "maximumPlanarBrakingSettlingTimeSeconds": 0.0,
  "maximumYawRateSettlingTimeSeconds": 0.0,
  "maximumPlanarOvershootMps": 0.0,
  "maximumYawRateOvershootRadPerSec": 0.0,
  "unsettledPlanarTransitionCount": 0,
  "unsettledYawRateTransitionCount": 0,
  "initialBasePosition": [
    0.0,
    0.0,
    0.44
  ],
  "finalBasePosition": [
    0.3611932097066008,
    3.7177166438136056e-16,
    0.42519399750613407
  ],
  "netDisplacement": [
    0.3611932097066008,
    3.7177166438136056e-16,
    -0.014806002493865933
  ],
  "targetPlanarDisplacement": [
    1.25,
    0.0
  ],
  "forwardDisplacement": 0.3611932097066008,
  "targetDistance": 1.25,
  "forwardProgress": 0.2889545677652806,
  "meanForwardVelocity": 0.07223864194132491,
  "lateralDrift": 3.7177166438136056e-16,
  "distanceTraveled": 1.2662663114122956
}
