{
  "terms": {
    "survival": 30.0,
    "velocityTracking": 23.57440234970442,
    "forwardProgress": 7.223864194132015,
    "upright": 14.294644416070692,
    "lateralDrift": -3.717716643813606e-15,
    "transitionTracking": 0.0,
    "energy": -0.912760872601556,
    "smoothness": -0.1217348611933449,
    "componentMass": -1.2060000000000002,
    "sensorChannels": -1.07,
    "trainingSteps": -0.0
  },
  "total": 71.78241522611222
}
