{
  "durationSeconds": 6.499999999999506,
  "steps": 325,
  "survivalRate": 1.0,
  "fell": false,
  "motionCommand": [
    0.0,
    0.0,
    0.038461538461538464
  ],
  "meanMotionCommand": [
    0.0,
    0.0,
    0.038461538461538464
  ],
  "meanMeasuredMotion": [
    0.00684627884785141,
    -0.003614687183001846,
    0.10518282770597345
  ],
  "planarVelocityTrackingError": 0.007741931121722502,
  "yawRateTrackingError": 0.06672128924443499,
  "meanVelocityTrackingError": 0.4098176575139481,
  "meanPlanarVelocityTrackingError": 0.13446573066971737,
  "meanYawRateTrackingError": 0.3645795843536459,
  "meanUpright": 0.9590348512371786,
  "meanEnergy": 202.12506701323227,
  "meanSmoothness": 140.0800888513254,
  "peakActuator": 8.0,
  "motionCommandSchedule": [
    {
      "atStep": 0,
      "atSeconds": 0.0,
      "command": [
        0.0,
        0.0,
        0.5
      ]
    },
    {
      "atStep": 125,
      "atSeconds": 2.5,
      "command": [
        0.0,
        0.0,
        -0.5
      ]
    },
    {
      "atStep": 225,
      "atSeconds": 4.5,
      "command": [
        0.0,
        0.0,
        0.0
      ]
    }
  ],
  "transitionCount": 2,
  "transitions": [
    {
      "index": 1,
      "atStep": 125,
      "atSeconds": 2.5,
      "endStep": 225,
      "fromCommand": [
        0.0,
        0.0,
        0.5
      ],
      "toCommand": [
        0.0,
        0.0,
        -0.5
      ],
      "sampleCount": 100,
      "peakPlanarTrackingError": 0.3939207229561581,
      "peakYawRateTrackingError": 1.2475544480720613,
      "terminalMeasuredMotion": [
        -0.05875981360659297,
        -0.06078127275752915,
        0.02309058919944934
      ],
      "terminalPlanarTrackingError": 0.0845403975215796,
      "terminalYawRateTrackingError": 0.5230905891994493,
      "planarOvershootMps": 0.0,
      "yawRateOvershootRadPerSec": 0.0,
      "planarSettlingTimeSeconds": 1.98,
      "yawRateSettlingTimeSeconds": 2.0,
      "planarSettled": true,
      "yawRateSettled": false
    },
    {
      "index": 2,
      "atStep": 225,
      "atSeconds": 4.5,
      "endStep": 325,
      "fromCommand": [
        0.0,
        0.0,
        -0.5
      ],
      "toCommand": [
        0.0,
        0.0,
        0.0
      ],
      "sampleCount": 100,
      "peakPlanarTrackingError": 0.23125031244545957,
      "peakYawRateTrackingError": 0.3958286646706762,
      "terminalMeasuredMotion": [
        -0.10795987363730715,
        -0.08914325810132814,
        0.02390805087076487
      ],
      "terminalPlanarTrackingError": 0.14000662406008985,
      "terminalYawRateTrackingError": 0.02390805087076487,
      "planarOvershootMps": 0.0,
      "yawRateOvershootRadPerSec": 0.3958286646706762,
      "planarSettlingTimeSeconds": 2.0,
      "yawRateSettlingTimeSeconds": 0.44,
      "planarSettled": false,
      "yawRateSettled": true
    }
  ],
  "maximumTransitionTerminalPlanarTrackingError": 0.14000662406008985,
  "maximumTransitionTerminalYawRateTrackingError": 0.5230905891994493,
  "maximumPlanarSettlingTimeSeconds": 2.0,
  "maximumYawRateSettlingTimeSeconds": 2.0,
  "maximumPlanarOvershootMps": 0.0,
  "maximumYawRateOvershootRadPerSec": 0.3958286646706762,
  "unsettledPlanarTransitionCount": 1,
  "unsettledYawRateTransitionCount": 1,
  "initialBasePosition": [
    0.0,
    0.0,
    0.44
  ],
  "finalBasePosition": [
    0.05029459650789945,
    -0.028529495936512758,
    0.421837423639114
  ],
  "netDisplacement": [
    0.05029459650789945,
    -0.028529495936512758,
    -0.01816257636088603
  ],
  "targetPlanarDisplacement": [
    0.0,
    0.0
  ],
  "forwardDisplacement": 0.0,
  "targetDistance": 0.0,
  "forwardProgress": 1.0,
  "meanForwardVelocity": 0.0,
  "lateralDrift": 0.05782282054936363,
  "distanceTraveled": 0.8176717772511166
}
