{
  "terms": {
    "survival": 30.0,
    "velocityTracking": 14.186231739548296,
    "forwardProgress": 10.0,
    "upright": 14.385522768557678,
    "lateralDrift": -0.28911410274681815,
    "transitionTracking": 4.951372669745924,
    "energy": -1.0106253350661614,
    "smoothness": -0.1400800888513254,
    "componentMass": -1.2060000000000002,
    "sensorChannels": -1.07,
    "trainingSteps": -0.0
  },
  "total": 69.8073076511876
}
