{
  "durationSeconds": 4.999999999999671,
  "steps": 250,
  "survivalRate": 1.0,
  "fell": false,
  "motionCommand": [
    0.25,
    0.0,
    0.0
  ],
  "meanMotionCommand": [
    0.25,
    0.0,
    0.0
  ],
  "meanMeasuredMotion": [
    0.16778378897147864,
    -0.04962667330670265,
    0.059534760396457956
  ],
  "planarVelocityTrackingError": 0.0960328696820862,
  "yawRateTrackingError": 0.059534760396457956,
  "meanVelocityTrackingError": 0.569284424746853,
  "meanPlanarVelocityTrackingError": 0.2785135396663269,
  "meanYawRateTrackingError": 0.3916451652405841,
  "meanUpright": 0.5584057353491431,
  "meanEnergy": 629.5446422355882,
  "meanSmoothness": 33.70098921557768,
  "peakActuator": 8.0,
  "motionCommandSchedule": [
    {
      "atStep": 0,
      "atSeconds": 0.0,
      "command": [
        0.25,
        0.0,
        0.0
      ]
    }
  ],
  "transitionCount": 0,
  "transitions": [],
  "maximumTransitionTerminalPlanarTrackingError": 0.0,
  "maximumTransitionTerminalYawRateTrackingError": 0.0,
  "maximumPlanarSettlingTimeSeconds": 0.0,
  "maximumPlanarBrakingSettlingTimeSeconds": 0.0,
  "maximumYawRateSettlingTimeSeconds": 0.0,
  "maximumPlanarOvershootMps": 0.0,
  "maximumYawRateOvershootRadPerSec": 0.0,
  "unsettledPlanarTransitionCount": 0,
  "unsettledYawRateTransitionCount": 0,
  "initialBasePosition": [
    0.0,
    0.0,
    0.44
  ],
  "finalBasePosition": [
    0.8475385393594977,
    -0.24455077191713426,
    0.2409387336769867
  ],
  "netDisplacement": [
    0.8475385393594977,
    -0.24455077191713426,
    -0.1990612663230133
  ],
  "targetPlanarDisplacement": [
    1.25,
    0.0
  ],
  "forwardDisplacement": 0.8475385393594977,
  "targetDistance": 1.25,
  "forwardProgress": 0.6780308314875982,
  "signedForwardProgress": 0.6780308314875982,
  "backwardDisplacement": 0.0,
  "meanForwardVelocity": 0.1695077078719107,
  "lateralDrift": 0.24455077191713426,
  "distanceTraveled": 1.345469307271141
}
