{
  "terms": {
    "survival": 25.0,
    "velocityTracking": 12.744662270656432,
    "forwardProgress": 33.90154157437991,
    "upright": 8.376086030237145,
    "lateralDrift": -2.4455077191713426,
    "transitionTracking": 0.0,
    "energy": -6.295446422355882,
    "smoothness": -0.1685049460778884,
    "componentMass": -1.5075,
    "sensorChannels": -5.3500000000000005,
    "trainingSteps": -0.0
  },
  "total": 64.25533078766837
}
