{
  "durationSeconds": 6.499999999999506,
  "steps": 325,
  "survivalRate": 1.0,
  "fell": false,
  "motionCommand": [
    0.0,
    0.0,
    0.038461538461538464
  ],
  "meanMotionCommand": [
    0.0,
    0.0,
    0.038461538461538464
  ],
  "meanMeasuredMotion": [
    0.02403911395569592,
    0.015116533157746618,
    0.1330640255040254
  ],
  "planarVelocityTrackingError": 0.02839698178476345,
  "yawRateTrackingError": 0.09460248704248694,
  "meanVelocityTrackingError": 0.4268998927573634,
  "meanPlanarVelocityTrackingError": 0.14013746535399654,
  "meanYawRateTrackingError": 0.3780107553974882,
  "meanUpright": 0.9565565575556993,
  "meanEnergy": 196.39931581621275,
  "meanSmoothness": 135.31432844359216,
  "peakActuator": 8.0,
  "motionCommandSchedule": [
    {
      "atStep": 0,
      "atSeconds": 0.0,
      "command": [
        0.0,
        0.0,
        0.5
      ]
    },
    {
      "atStep": 125,
      "atSeconds": 2.5,
      "command": [
        0.0,
        0.0,
        -0.5
      ]
    },
    {
      "atStep": 225,
      "atSeconds": 4.5,
      "command": [
        0.0,
        0.0,
        0.0
      ]
    }
  ],
  "transitionCount": 2,
  "transitions": [
    {
      "index": 1,
      "atStep": 125,
      "atSeconds": 2.5,
      "endStep": 225,
      "fromCommand": [
        0.0,
        0.0,
        0.5
      ],
      "toCommand": [
        0.0,
        0.0,
        -0.5
      ],
      "sampleCount": 100,
      "peakPlanarTrackingError": 0.3779718320451147,
      "peakYawRateTrackingError": 1.1697090690641516,
      "terminalMeasuredMotion": [
        -0.07289991679334616,
        -0.08705769697586416,
        0.45110751018073775
      ],
      "terminalPlanarTrackingError": 0.11354928652888217,
      "terminalYawRateTrackingError": 0.9511075101807378,
      "planarOvershootMps": 0.0,
      "yawRateOvershootRadPerSec": 0.0,
      "planarSettlingTimeSeconds": 2.0,
      "yawRateSettlingTimeSeconds": 2.0,
      "planarSettled": true,
      "yawRateSettled": false
    },
    {
      "index": 2,
      "atStep": 225,
      "atSeconds": 4.5,
      "endStep": 325,
      "fromCommand": [
        0.0,
        0.0,
        -0.5
      ],
      "toCommand": [
        0.0,
        0.0,
        0.0
      ],
      "sampleCount": 100,
      "peakPlanarTrackingError": 0.342247705130443,
      "peakYawRateTrackingError": 0.455112732293779,
      "terminalMeasuredMotion": [
        0.049080406415648155,
        0.04869169590668745,
        0.016148005040375592
      ],
      "terminalPlanarTrackingError": 0.06913586293809111,
      "terminalYawRateTrackingError": 0.016148005040375592,
      "planarOvershootMps": 0.0,
      "yawRateOvershootRadPerSec": 0.455112732293779,
      "planarSettlingTimeSeconds": 1.74,
      "yawRateSettlingTimeSeconds": 0.2,
      "planarSettled": true,
      "yawRateSettled": true
    }
  ],
  "maximumTransitionTerminalPlanarTrackingError": 0.11354928652888217,
  "maximumTransitionTerminalYawRateTrackingError": 0.9511075101807378,
  "maximumPlanarSettlingTimeSeconds": 2.0,
  "maximumYawRateSettlingTimeSeconds": 2.0,
  "maximumPlanarOvershootMps": 0.0,
  "maximumYawRateOvershootRadPerSec": 0.455112732293779,
  "unsettledPlanarTransitionCount": 0,
  "unsettledYawRateTransitionCount": 1,
  "initialBasePosition": [
    0.0,
    0.0,
    0.44
  ],
  "finalBasePosition": [
    0.15461158457124108,
    0.09704630644239001,
    0.40796314130157013
  ],
  "netDisplacement": [
    0.15461158457124108,
    0.09704630644239001,
    -0.03203685869842987
  ],
  "targetPlanarDisplacement": [
    0.0,
    0.0
  ],
  "forwardDisplacement": 0.0,
  "targetDistance": 0.0,
  "forwardProgress": 1.0,
  "meanForwardVelocity": 0.0,
  "lateralDrift": 0.1825451387403683,
  "distanceTraveled": 0.8666600001112135
}
