{
  "terms": {
    "survival": 30.0,
    "velocityTracking": 14.016400240490377,
    "forwardProgress": 10.0,
    "upright": 14.34834836333549,
    "lateralDrift": -0.9127256937018414,
    "transitionTracking": 4.6013896452235095,
    "energy": -0.9819965790810637,
    "smoothness": -0.13531432844359217,
    "componentMass": -1.2060000000000002,
    "sensorChannels": -1.07,
    "trainingSteps": -0.0
  },
  "total": 68.66010164782287
}
