{
  "time": 0.0,
  "qpos": [
    0.0,
    0.0,
    0.18,
    0.7071067811865476,
    0.0,
    0.7071067811865475,
    0.0,
    0.15,
    0.15,
    -0.75,
    -0.15,
    0.15,
    -0.75,
    0.0,
    0.0,
    0.15,
    0.15,
    -0.75,
    -0.15,
    0.15,
    -0.75
  ],
  "qvel": [
    0.0,
    0.0,
    0.0,
    0.0,
    0.0,
    0.0,
    0.0,
    0.0,
    0.0,
    0.0,
    0.0,
    0.0,
    0.0,
    0.0,
    0.0,
    0.0,
    0.0,
    0.0,
    0.0,
    0.0
  ]
}
