{
  "durationSeconds": 4.539999999999722,
  "steps": 227,
  "survivalRate": 0.7533333333333333,
  "fell": true,
  "motionCommand": [
    0.16519823788546256,
    0.0,
    0.0
  ],
  "meanMotionCommand": [
    0.16519823788546256,
    0.0,
    0.0
  ],
  "meanMeasuredMotion": [
    0.11156741273023593,
    -0.010101645223968059,
    0.017573914838779604
  ],
  "planarVelocityTrackingError": 0.05457388242613317,
  "yawRateTrackingError": 0.017573914838779604,
  "meanVelocityTrackingError": 0.4588126504936145,
  "meanPlanarVelocityTrackingError": 0.34838272982020263,
  "meanYawRateTrackingError": 0.20156790736852745,
  "meanUpright": 0.5197508642174643,
  "meanEnergy": 619.6238225622002,
  "meanSmoothness": 28.808784859144037,
  "peakActuator": 8.0,
  "motionCommandSchedule": [
    {
      "atStep": 0,
      "atSeconds": 0.0,
      "command": [
        0.0,
        0.0,
        0.0
      ]
    },
    {
      "atStep": 50,
      "atSeconds": 1.0,
      "command": [
        0.25,
        0.0,
        0.0
      ]
    },
    {
      "atStep": 200,
      "atSeconds": 4.0,
      "command": [
        0.0,
        0.0,
        0.0
      ]
    }
  ],
  "transitionCount": 2,
  "transitions": [
    {
      "index": 1,
      "atStep": 50,
      "atSeconds": 1.0,
      "endStep": 200,
      "fromCommand": [
        0.0,
        0.0,
        0.0
      ],
      "toCommand": [
        0.25,
        0.0,
        0.0
      ],
      "sampleCount": 150,
      "peakPlanarTrackingError": 0.9316535471398648,
      "peakYawRateTrackingError": 1.2001160492034155,
      "terminalMeasuredMotion": [
        0.4915043978718134,
        -0.06930843694641553,
        0.13178232896996958
      ],
      "terminalPlanarTrackingError": 0.25125292759166484,
      "terminalYawRateTrackingError": 0.13178232896996958,
      "planarOvershootMps": 0.8327027576203945,
      "yawRateOvershootRadPerSec": 0.0,
      "planarSettlingTimeSeconds": 3.0,
      "yawRateSettlingTimeSeconds": 2.64,
      "planarSettled": false,
      "yawRateSettled": true
    },
    {
      "index": 2,
      "atStep": 200,
      "atSeconds": 4.0,
      "endStep": 300,
      "fromCommand": [
        0.25,
        0.0,
        0.0
      ],
      "toCommand": [
        0.0,
        0.0,
        0.0
      ],
      "sampleCount": 27,
      "peakPlanarTrackingError": 0.5447286209561796,
      "peakYawRateTrackingError": 1.0683527729757265,
      "terminalMeasuredMotion": [
        0.15783720944706256,
        -0.14824323740891404,
        0.10457426309906696
      ],
      "terminalPlanarTrackingError": 0.21653785378891965,
      "terminalYawRateTrackingError": 0.10457426309906696,
      "planarOvershootMps": 0.08951123678320955,
      "yawRateOvershootRadPerSec": 0.0,
      "planarSettlingTimeSeconds": 0.54,
      "yawRateSettlingTimeSeconds": 0.52,
      "planarSettled": false,
      "yawRateSettled": true
    }
  ],
  "maximumTransitionTerminalPlanarTrackingError": 0.25125292759166484,
  "maximumTransitionTerminalYawRateTrackingError": 0.13178232896996958,
  "maximumPlanarSettlingTimeSeconds": 3.0,
  "maximumYawRateSettlingTimeSeconds": 2.64,
  "maximumPlanarOvershootMps": 0.8327027576203945,
  "maximumYawRateOvershootRadPerSec": 0.0,
  "unsettledPlanarTransitionCount": 2,
  "unsettledYawRateTransitionCount": 0,
  "initialBasePosition": [
    0.0,
    0.0,
    0.44
  ],
  "finalBasePosition": [
    0.5130369360114585,
    -0.04616811728692902,
    0.18959499481138803
  ],
  "netDisplacement": [
    0.5130369360114585,
    -0.04616811728692902,
    -0.250405005188612
  ],
  "targetPlanarDisplacement": [
    0.75,
    0.0
  ],
  "forwardDisplacement": 0.5130369360114585,
  "targetDistance": 0.75,
  "forwardProgress": 0.684049248015278,
  "meanForwardVelocity": 0.11300373039900659,
  "lateralDrift": 0.04616811728692902,
  "distanceTraveled": 1.385097629786813
}
