{
  "terms": {
    "survival": 22.599999999999998,
    "velocityTracking": 13.709779657608983,
    "forwardProgress": 6.84049248015278,
    "upright": 7.796262963261965,
    "lateralDrift": -0.23084058643464508,
    "transitionTracking": 3.818864624283645,
    "energy": -3.098119112811001,
    "smoothness": -0.028808784859144038,
    "componentMass": -1.2060000000000002,
    "sensorChannels": -1.07,
    "trainingSteps": -0.0
  },
  "total": 49.131631241202584
}
