{
  "terms": {
    "survival": 25.0,
    "velocityTracking": 9.342513438445291,
    "forwardProgress": 14.0947940174123,
    "upright": 13.897702242136408,
    "lateralDrift": -0.3505534580280676,
    "transitionTracking": 0.0,
    "energy": -6.433306477392807,
    "smoothness": -0.16797770271073173,
    "jointJerk": 0.0,
    "bodyAngularJerk": 0.0,
    "actionSlew": 0.0,
    "actuatorSaturation": 0.0,
    "footSlip": 0.0,
    "footImpact": 0.0,
    "componentMass": -1.5075,
    "sensorChannels": -5.3500000000000005,
    "trainingSteps": -0.0
  },
  "total": 48.525672059862394
}
