{
  "durationSeconds": 18.000000000000902,
  "steps": 900,
  "survivalRate": 1.0,
  "fell": false,
  "motionCommand": [
    0.13111111111111284,
    0.02499999999999996,
    0.041666666666666664
  ],
  "meanMotionCommand": [
    0.13111111111111284,
    0.02499999999999996,
    0.041666666666666664
  ],
  "meanMeasuredMotion": [
    0.007489203515781491,
    0.11501739074900767,
    -0.10703788224837688
  ],
  "planarVelocityTrackingError": 0.15292320515464022,
  "yawRateTrackingError": 0.14870454891504353,
  "meanVelocityTrackingError": 0.6037260245451874,
  "meanPlanarVelocityTrackingError": 0.31639898957195145,
  "meanYawRateTrackingError": 0.4555145655289157,
  "meanUpright": 0.3575854178199708,
  "meanAbsolutePitchRad": 0.1378760303950113,
  "minimumPitchRad": -1.5323158308491167,
  "maximumPitchRad": 0.06892862782840509,
  "maximumBackwardPitchRad": 1.5323158308491167,
  "maximumAbsolutePitchRad": 1.5323158308491167,
  "maximumAbsolutePitchRateRadPerSec": 7.8796760886158195,
  "meanBodyTiltRad": 1.9008585890841547,
  "maximumBodyTiltRad": 3.1402322488592196,
  "initialBodyTiltRad": 0.0,
  "minimumBodyTiltRad": 0.0,
  "finalBodyTiltRad": 3.0565356118642493,
  "finalBaseHeightM": 0.06842704439540105,
  "selfRightingTask": true,
  "recoveryTriggered": true,
  "selfRightingSuccess": 0.0,
  "timeToStableStandSeconds": 15.3,
  "stableStandingDwellSeconds": 0.0,
  "finalStableStandingDwellSeconds": 0.0,
  "minimumJointLimitMarginRad": -0.1225840018048665,
  "disallowedCollisionSteps": 0,
  "meanEnergy": 374.54173165799205,
  "meanSmoothness": 64.42155256019106,
  "peakActuator": 8.0,
  "motionQualityFootEvidenceAvailable": true,
  "motionQualityContactThresholdNewton": 1.0,
  "meanJointJerkRadPerSec3": 13192.634218268113,
  "peakJointJerkRadPerSec3": 61780.21134556518,
  "meanBodyAngularJerkRadPerSec3": 3000.3618970557254,
  "peakBodyAngularJerkRadPerSec3": 20077.229220559588,
  "meanActionSlewRatePerSec": 275.5727917042411,
  "peakActionSlewRatePerSec": 800.0,
  "actuatorSaturationRate": 0.7137037037037037,
  "meanFootSlipSpeedMps": 0.14171186489471443,
  "peakFootSlipSpeedMps": 0.943819475265158,
  "totalFootSlipDistanceM": 0.6235322055367437,
  "meanFootContactImpactNPerSec": 199.32156587160915,
  "peakFootContactImpactNPerSec": 13934.1421274171,
  "peakFootContactForceNewton": 278.68361399065566,
  "motionCommandSchedule": [
    {
      "atStep": 0,
      "atSeconds": 0.0,
      "command": [
        0.2,
        0.0,
        0.0
      ]
    },
    {
      "atStep": 400,
      "atSeconds": 8.0,
      "command": [
        0.2,
        0.0,
        0.0
      ]
    },
    {
      "atStep": 500,
      "atSeconds": 10.0,
      "command": [
        0.12,
        0.0,
        0.25
      ]
    },
    {
      "atStep": 650,
      "atSeconds": 13.0,
      "command": [
        0.0,
        0.15,
        0.0
      ]
    },
    {
      "atStep": 800,
      "atSeconds": 16.0,
      "command": [
        0.0,
        0.0,
        0.0
      ]
    }
  ],
  "transitionCount": 4,
  "transitions": [
    {
      "index": 1,
      "atStep": 400,
      "atSeconds": 8.0,
      "endStep": 500,
      "fromCommand": [
        0.2,
        0.0,
        0.0
      ],
      "toCommand": [
        0.2,
        0.0,
        0.0
      ],
      "sampleCount": 100,
      "peakPlanarTrackingError": 0.4767076630919028,
      "peakYawRateTrackingError": 1.2177365415070875,
      "terminalMeasuredMotion": [
        -0.04618299751236592,
        0.04447048373886494,
        -0.11735653314478398
      ],
      "terminalPlanarTrackingError": 0.2501673283787118,
      "terminalYawRateTrackingError": 0.11735653314478398,
      "planarOvershootMps": 0.0,
      "yawRateOvershootRadPerSec": 0.0,
      "planarSettlingTimeSeconds": 2.0,
      "yawRateSettlingTimeSeconds": 1.58,
      "planarSettled": false,
      "yawRateSettled": true,
      "planarBraking": false
    },
    {
      "index": 2,
      "atStep": 500,
      "atSeconds": 10.0,
      "endStep": 650,
      "fromCommand": [
        0.2,
        0.0,
        0.0
      ],
      "toCommand": [
        0.12,
        0.0,
        0.25
      ],
      "sampleCount": 150,
      "peakPlanarTrackingError": 0.4037122419859911,
      "peakYawRateTrackingError": 1.12483772246111,
      "terminalMeasuredMotion": [
        0.017351843325877008,
        0.0100081645901914,
        -0.19342931186808682
      ],
      "terminalPlanarTrackingError": 0.10313489917122942,
      "terminalYawRateTrackingError": 0.4434293118680868,
      "planarOvershootMps": 0.4034696968146032,
      "yawRateOvershootRadPerSec": 1.12483772246111,
      "planarSettlingTimeSeconds": 3.0,
      "yawRateSettlingTimeSeconds": 3.0,
      "planarSettled": true,
      "yawRateSettled": false,
      "planarBraking": false
    },
    {
      "index": 3,
      "atStep": 650,
      "atSeconds": 13.0,
      "endStep": 800,
      "fromCommand": [
        0.12,
        0.0,
        0.25
      ],
      "toCommand": [
        0.0,
        0.15,
        0.0
      ],
      "sampleCount": 150,
      "peakPlanarTrackingError": 0.49632315010132605,
      "peakYawRateTrackingError": 0.9257550035086665,
      "terminalMeasuredMotion": [
        -0.03423433961717587,
        0.004948133478280584,
        -0.06624312542732125
      ],
      "terminalPlanarTrackingError": 0.14903702221414264,
      "terminalYawRateTrackingError": 0.06624312542732125,
      "planarOvershootMps": 0.16327025704824444,
      "yawRateOvershootRadPerSec": 0.8713623757500918,
      "planarSettlingTimeSeconds": 3.0,
      "yawRateSettlingTimeSeconds": 2.0,
      "planarSettled": false,
      "yawRateSettled": true,
      "planarBraking": false
    },
    {
      "index": 4,
      "atStep": 800,
      "atSeconds": 16.0,
      "endStep": 900,
      "fromCommand": [
        0.0,
        0.15,
        0.0
      ],
      "toCommand": [
        0.0,
        0.0,
        0.0
      ],
      "sampleCount": 100,
      "peakPlanarTrackingError": 0.30022137547613614,
      "peakYawRateTrackingError": 0.7700850873958733,
      "terminalMeasuredMotion": [
        0.04981034291868881,
        -0.0004373671816885534,
        0.17455148058626255
      ],
      "terminalPlanarTrackingError": 0.049812263065725,
      "terminalYawRateTrackingError": 0.17455148058626255,
      "planarOvershootMps": 0.1848944270085706,
      "yawRateOvershootRadPerSec": 0.0,
      "planarSettlingTimeSeconds": 0.2,
      "yawRateSettlingTimeSeconds": 0.2,
      "planarSettled": true,
      "yawRateSettled": true,
      "planarBraking": true
    }
  ],
  "maximumTransitionTerminalPlanarTrackingError": 0.2501673283787118,
  "maximumTransitionTerminalYawRateTrackingError": 0.4434293118680868,
  "maximumPlanarSettlingTimeSeconds": 3.0,
  "maximumPlanarBrakingSettlingTimeSeconds": 0.2,
  "maximumYawRateSettlingTimeSeconds": 3.0,
  "maximumPlanarOvershootMps": 0.4034696968146032,
  "maximumYawRateOvershootRadPerSec": 1.12483772246111,
  "unsettledPlanarTransitionCount": 2,
  "unsettledYawRateTransitionCount": 1,
  "initialBasePosition": [
    0.08823793569148257,
    2.163698615961326,
    0.05578791976324596
  ],
  "finalBasePosition": [
    0.1381669515714975,
    2.062116708803126,
    0.06842704439540105
  ],
  "netDisplacement": [
    0.04992901588001493,
    -0.10158190715820004,
    0.012639124632155094
  ],
  "targetPlanarDisplacement": [
    0.76,
    0.44999999999999996
  ],
  "forwardDisplacement": -0.008792480355485154,
  "targetDistance": 0.8832326986700617,
  "forwardProgress": 0.0,
  "signedForwardProgress": -0.009954885466451294,
  "backwardDisplacement": 0.008792480355485154,
  "meanForwardVelocity": -0.0008792480355484361,
  "lateralDrift": 0.11284716557292152,
  "distanceTraveled": 4.686115477954966,
  "episodeInitialBasePosition": [
    0.0,
    0.0,
    0.44
  ],
  "mobilityMeasurementStartedAtSeconds": 8.0,
  "recoveryEvaluationStartedAtSeconds": 2.7,
  "missionStageDurationsSeconds": {
    "approach": 2.48,
    "impact": 0.16,
    "recover": 5.34,