{
  "terms": {
    "survival": 10.0,
    "velocityTracking": 3.741287419527649,
    "forwardProgress": 0.0,
    "upright": 0.7151708356399415,
    "lateralDrift": -0.22569433114584303,
    "transitionTracking": 0.21687495197207193,
    "energy": -0.7490834633159841,
    "smoothness": -0.06442155256019107,
    "jointJerk": 0.0,
    "bodyAngularJerk": 0.0,
    "actionSlew": 0.0,
    "actuatorSaturation": -0.35685185185185186,
    "footSlip": 0.0,
    "footImpact": 0.0,
    "selfRighting": 0.0,
    "recoveryTime": -30.6,
    "jointLimitMargin": -0.245168003609733,
    "componentMass": -3.015,
    "sensorChannels": -2.14,
    "trainingSteps": -0.32768
  },
  "total": -23.050565995343945
}
