{
  "durationSeconds": 4.999999999999671,
  "steps": 250,
  "survivalRate": 1.0,
  "fell": false,
  "motionCommand": [
    0.25,
    0.0,
    0.0
  ],
  "meanMotionCommand": [
    0.25,
    0.0,
    0.0
  ],
  "meanMeasuredMotion": [
    0.11466892773582651,
    0.05809992301431935,
    -0.013933445689653285
  ],
  "planarVelocityTrackingError": 0.14727559259578887,
  "yawRateTrackingError": 0.013933445689653285,
  "meanVelocityTrackingError": 0.49889225429188044,
  "meanPlanarVelocityTrackingError": 0.2802818371178802,
  "meanYawRateTrackingError": 0.3038365065131615,
  "meanUpright": 0.595568070848985,
  "meanEnergy": 605.5324836515648,
  "meanSmoothness": 28.82125800323815,
  "peakActuator": 8.0,
  "motionCommandSchedule": [
    {
      "atStep": 0,
      "atSeconds": 0.0,
      "command": [
        0.25,
        0.0,
        0.0
      ]
    }
  ],
  "transitionCount": 0,
  "transitions": [],
  "maximumTransitionTerminalPlanarTrackingError": 0.0,
  "maximumTransitionTerminalYawRateTrackingError": 0.0,
  "maximumPlanarSettlingTimeSeconds": 0.0,
  "maximumPlanarBrakingSettlingTimeSeconds": 0.0,
  "maximumYawRateSettlingTimeSeconds": 0.0,
  "maximumPlanarOvershootMps": 0.0,
  "maximumYawRateOvershootRadPerSec": 0.0,
  "unsettledPlanarTransitionCount": 0,
  "unsettledYawRateTransitionCount": 0,
  "initialBasePosition": [
    0.0,
    0.0,
    0.44
  ],
  "finalBasePosition": [
    0.5729667245490969,
    0.28378935207168576,
    0.24947076255442047
  ],
  "netDisplacement": [
    0.5729667245490969,
    0.28378935207168576,
    -0.19052923744557954
  ],
  "targetPlanarDisplacement": [
    1.25,
    0.0
  ],
  "forwardDisplacement": 0.5729667245490969,
  "targetDistance": 1.25,
  "forwardProgress": 0.45837337963927755,
  "signedForwardProgress": 0.45837337963927755,
  "backwardDisplacement": 0.0,
  "meanForwardVelocity": 0.11459334490982692,
  "lateralDrift": 0.28378935207168576,
  "distanceTraveled": 1.3575919105194585
}
