{
  "terms": {
    "survival": 25.0,
    "velocityTracking": 10.00739042919828,
    "forwardProgress": 18.3349351855711,
    "upright": 8.933521062734775,
    "lateralDrift": -2.8378935207168574,
    "transitionTracking": 0.0,
    "energy": -6.0553248365156485,
    "smoothness": -0.14410629001619074,
    "componentMass": -1.5075,
    "sensorChannels": -5.3500000000000005,
    "trainingSteps": -0.0
  },
  "total": 46.38102203025546
}
