{
  "durationSeconds": 14.000000000001345,
  "steps": 700,
  "survivalRate": 1.0,
  "fell": false,
  "motionCommand": [
    0.20000000000000084,
    0.0,
    0.0
  ],
  "meanMotionCommand": [
    0.20000000000000084,
    0.0,
    0.0
  ],
  "meanMeasuredMotion": [
    0.05953792681667793,
    0.04225560993968884,
    -0.08739365317853973
  ],
  "planarVelocityTrackingError": 0.14668036874214727,
  "yawRateTrackingError": 0.08739365317853973,
  "meanVelocityTrackingError": 0.3161556159770856,
  "meanPlanarVelocityTrackingError": 0.23353349891042646,
  "meanYawRateTrackingError": 0.1521779647649907,
  "meanUpright": 0.1696447241010513,
  "meanAbsolutePitchRad": 0.07009914672439584,
  "minimumPitchRad": -0.1465636882134493,
  "maximumPitchRad": 1.3333027695231197,
  "maximumBackwardPitchRad": 0.1465636882134493,
  "maximumAbsolutePitchRad": 1.3333027695231197,
  "maximumAbsolutePitchRateRadPerSec": 4.700107687381991,
  "meanBodyTiltRad": 2.558459386960395,
  "maximumBodyTiltRad": 3.141586212460525,
  "initialBodyTiltRad": 0.0,
  "minimumBodyTiltRad": 0.0,
  "finalBodyTiltRad": 3.134813243236408,
  "finalBaseHeightM": 0.060392390914764116,
  "selfRightingTask": true,
  "recoveryTriggered": true,
  "selfRightingSuccess": 0.0,
  "timeToStableStandSeconds": 11.5,
  "stableStandingDwellSeconds": 0.0,
  "finalStableStandingDwellSeconds": 0.0,
  "minimumJointLimitMarginRad": 0.0015782475103631732,
  "disallowedCollisionSteps": 0,
  "meanEnergy": 242.5518329427847,
  "meanSmoothness": 164.99437051490062,
  "peakActuator": 8.0,
  "motionQualityFootEvidenceAvailable": true,
  "motionQualityContactThresholdNewton": 1.0,
  "meanJointJerkRadPerSec3": 26562.9998907605,
  "peakJointJerkRadPerSec3": 46811.63602026321,
  "meanBodyAngularJerkRadPerSec3": 2976.6151138451833,
  "peakBodyAngularJerkRadPerSec3": 19564.834217284322,
  "meanActionSlewRatePerSec": 596.1427297985532,
  "peakActionSlewRatePerSec": 800.0,
  "actuatorSaturationRate": 0.5179761904761905,
  "meanFootSlipSpeedMps": 0.032559094266372594,
  "peakFootSlipSpeedMps": 0.20942831084798202,
  "totalFootSlipDistanceM": 0.15888838001989827,
  "meanFootContactImpactNPerSec": 60.21069789796007,
  "peakFootContactImpactNPerSec": 3512.9806319885283,
  "peakFootContactForceNewton": 70.25961263977057,
  "motionCommandSchedule": [
    {
      "atStep": 0,
      "atSeconds": 0.0,
      "command": [
        0.2,
        0.0,
        0.0
      ]
    }
  ],
  "transitionCount": 0,
  "transitions": [],
  "maximumTransitionTerminalPlanarTrackingError": 0.0,
  "maximumTransitionTerminalYawRateTrackingError": 0.0,
  "maximumPlanarSettlingTimeSeconds": 0.0,
  "maximumPlanarBrakingSettlingTimeSeconds": 0.0,
  "maximumYawRateSettlingTimeSeconds": 0.0,
  "maximumPlanarOvershootMps": 0.0,
  "maximumYawRateOvershootRadPerSec": 0.0,
  "unsettledPlanarTransitionCount": 0,
  "unsettledYawRateTransitionCount": 0,
  "initialBasePosition": [
    0.8385639381465255,
    0.5782524836421699,
    0.059514637011074366
  ],
  "finalBasePosition": [
    0.8361761579647274,
    0.5885019655487395,
    0.060392390914764116
  ],
  "netDisplacement": [
    -0.0023877801817980826,
    0.010249481906569602,
    0.00087775390368975
  ],
  "targetPlanarDisplacement": [
    1.2000000000000002,
    0.0
  ],
  "forwardDisplacement": -0.0023877801817980826,
  "targetDistance": 1.2000000000000002,
  "forwardProgress": 0.0,
  "signedForwardProgress": -0.0019898168181650684,
  "backwardDisplacement": 0.0023877801817980826,
  "meanForwardVelocity": -0.0003979633636329246,
  "lateralDrift": 0.010249481906569602,
  "distanceTraveled": 1.6583581073914964,
  "episodeInitialBasePosition": [
    0.0,
    0.0,
    0.44
  ],
  "mobilityMeasurementStartedAtSeconds": 8.0,
  "recoveryEvaluationStartedAtSeconds": 2.5,
  "missionStageDurationsSeconds": {
    "approach": 2.48,
    "disturbance": 0.18,
    "recovery": 11.34
  }
}
