{
  "terms": {
    "survival": 10.0,
    "velocityTracking": 3.0391543001778603,
    "forwardProgress": 0.0,
    "upright": 0.3392894482021026,
    "lateralDrift": -0.010249481906569602,
    "transitionTracking": 1.0,
    "energy": -0.4851036658855694,
    "smoothness": -0.16499437051490062,
    "jointJerk": 0.0,
    "bodyAngularJerk": 0.0,
    "actionSlew": 0.0,
    "actuatorSaturation": -0.25898809523809524,
    "footSlip": 0.0,
    "footImpact": 0.0,
    "selfRighting": 0.0,
    "recoveryTime": -23.0,
    "jointLimitMargin": 0.0031564950207263465,
    "componentMass": -3.015,
    "sensorChannels": -2.14,
    "trainingSteps": -0.0
  },
  "total": -14.692735370144446
}
