{
  "durationSeconds": 2.5599999999999397,
  "steps": 128,
  "survivalRate": 0.508,
  "fell": true,
  "motionCommand": [
    0.25,
    0.0,
    0.0
  ],
  "meanMotionCommand": [
    0.25,
    0.0,
    0.0
  ],
  "meanMeasuredMotion": [
    -0.4994742774828114,
    0.1483865764668398,
    -0.1757829218822302
  ],
  "planarVelocityTrackingError": 0.764022426820006,
  "yawRateTrackingError": 0.1757829218822302,
  "meanVelocityTrackingError": 0.8509823547780079,
  "meanPlanarVelocityTrackingError": 0.7772088294036967,
  "meanYawRateTrackingError": 0.26924785630958165,
  "meanUpright": 0.7220277197418287,
  "meanAbsolutePitchRad": 0.47841960843944753,
  "minimumPitchRad": -1.4541883346628603,
  "maximumPitchRad": 0.0,
  "maximumBackwardPitchRad": 1.4541883346628603,
  "maximumAbsolutePitchRad": 1.4541883346628603,
  "maximumAbsolutePitchRateRadPerSec": 4.3533178139847015,
  "meanBodyTiltRad": 0.6167520456482601,
  "maximumBodyTiltRad": 2.598932507297231,
  "meanEnergy": 343.34515497842835,
  "meanSmoothness": 31.99014177186598,
  "peakActuator": 8.0,
  "motionQualityFootEvidenceAvailable": true,
  "motionQualityContactThresholdNewton": 1.0,
  "meanJointJerkRadPerSec3": 6890.29467388392,
  "peakJointJerkRadPerSec3": 33258.0516585472,
  "meanBodyAngularJerkRadPerSec3": 1712.176657973072,
  "peakBodyAngularJerkRadPerSec3": 13751.967309959215,
  "meanActionSlewRatePerSec": 169.36669689124832,
  "peakActionSlewRatePerSec": 800.0,
  "actuatorSaturationRate": 0.5963541666666667,
  "meanFootSlipSpeedMps": 0.11331840086432933,
  "peakFootSlipSpeedMps": 0.5294015312923741,
  "totalFootSlipDistanceM": 0.23116953776323193,
  "meanFootContactImpactNPerSec": 309.29343255747904,
  "peakFootContactImpactNPerSec": 7106.769464989298,
  "peakFootContactForceNewton": 142.1372465916571,
  "motionCommandSchedule": [
    {
      "atStep": 0,
      "atSeconds": 0.0,
      "command": [
        0.25,
        0.0,
        0.0
      ]
    }
  ],
  "transitionCount": 0,
  "transitions": [],
  "maximumTransitionTerminalPlanarTrackingError": 0.0,
  "maximumTransitionTerminalYawRateTrackingError": 0.0,
  "maximumPlanarSettlingTimeSeconds": 0.0,
  "maximumPlanarBrakingSettlingTimeSeconds": 0.0,
  "maximumYawRateSettlingTimeSeconds": 0.0,
  "maximumPlanarOvershootMps": 0.0,
  "maximumYawRateOvershootRadPerSec": 0.0,
  "unsettledPlanarTransitionCount": 0,
  "unsettledYawRateTransitionCount": 0,
  "initialBasePosition": [
    0.0,
    0.0,
    0.44
  ],
  "finalBasePosition": [
    -1.2749630646627101,
    0.37313469869880067,
    0.1834675389439691
  ],
  "netDisplacement": [
    -1.2749630646627101,
    0.37313469869880067,
    -0.2565324610560309
  ],
  "targetPlanarDisplacement": [
    1.25,
    0.0
  ],
  "forwardDisplacement": -1.2749630646627101,
  "targetDistance": 1.25,
  "forwardProgress": 0.0,
  "signedForwardProgress": -1.0199704517301682,
  "backwardDisplacement": 1.2749630646627101,
  "meanForwardVelocity": -0.4980324471338829,
  "lateralDrift": 0.37313469869880067,
  "distanceTraveled": 1.396399378407825
}
