{
  "terms": {
    "survival": 15.24,
    "velocityTracking": 16.20760993348203,
    "forwardProgress": 0.0,
    "upright": 14.440554394836573,
    "lateralDrift": -3.7313469869880067,
    "transitionTracking": 0.0,
    "energy": -1.7167257748921418,
    "smoothness": -0.03199014177186598,
    "jointJerk": 0.0,
    "bodyAngularJerk": 0.0,
    "actionSlew": 0.0,
    "actuatorSaturation": 0.0,
    "footSlip": 0.0,
    "footImpact": 0.0,
    "componentMass": -1.2060000000000002,
    "sensorChannels": -1.07,
    "trainingSteps": -0.0
  },
  "total": 38.13210142466659
}
