{
  "count": 131072.0001,
  "mean": [
    0.09447644427254388,
    0.22518752070121112,
    -0.4263035470395636,
    -0.13791839287079394,
    0.3009723773698268,
    -0.4696693271461732,
    0.13258021058716316,
    0.16242185133122478,
    -0.5262938032596579,
    -0.16840351290596792,
    0.2518842945925415,
    -0.5592601658252293,
    -0.007943390254994468,
    0.005970763361948269,
    0.01822183439876673,
    0.0015047821309513336,
    0.015099801918088301,
    0.017496652585170993,
    0.009373109864006473,
    -0.001241469914807863,
    0.0036861710059792477,
    -0.014001330892873955,
    0.00821837988359918,
    0.0016645112934420485,
    0.24666292180702315,
    0.4845201243326583,
    -0.2434505502526442,
    0.22899361355919873,
    -0.07560050861478813,
    0.030419537414390532,
    0.07713233463266692,
    -0.019091873414423415,
    -0.06575140026514448,
    0.08931306561949613,
    -0.024828659099388924,
    -0.0654949034769772,
    0.08707136419373716,
    -0.024864431132790136,
    0.15952018837732237,
    -0.3189508524673107,
    0.15770762943798883,
    0.2460097937154358,
    -0.3281751287188797,
    -0.07783833250014195,
    -0.0737620084180402,
    -0.16320796328705856,
    0.020663774470245914,
    0.0956613685147306,
    0.061796236517735824,
    0.5074311488562734,
    -0.03806822585283883,
    0.015410740228282758,
    0.5189309160562876,
    0.24824363944732256,
    -0.32912079695337026,
    -0.07689700855366777,
    -0.07168038606512532,
    -0.164142077455179,
    0.02094460867876334,
    0.09707160155025246,
    0.0637306216299054,
    0.5064662515886779,
    -0.036425153729373876,
    0.016855311799294434,
    0.5184454122467703,
    0.24950060596591092,
    -0.3300597563578735,
    -0.07628450302734416,
    -0.07051203616769952,
    -0.16505190558888386,
    0.021225303132838883,
    0.09824128207683283,
    0.06456163955819948,
    0.5067559494282317,
    -0.03482371507753552,
    0.01669727573755281,
    0.519586932526421,
    0.24942096617317955,
    -0.3303232963228136,
    -0.07601103886486889,
    -0.07118192282561157,
    -0.16547536242963148,
    0.021592432146100203,
    0.09844128182349647,
    0.0630246548638577,
    0.5088596854618811,
    -0.03478976773427708,
    0.015599663316620913,
    0.5213392039850682,
    0.24507294113713252,
    -0.3289662767329676,
    -0.07810336282235102,
    -0.07410630755474464,
    -0.16368968210963555,
    0.020475823202785175,
    0.09586248426140499,
    0.06057301232777695,
    0.5079138553384293,
    -0.03794101645404812,
    0.01408692875985156,
    0.5203210134552244,
    0.2457775156086857,
    -0.32820728147944794,
    -0.07837196166704029,
    -0.07394132210803113,
    -0.16330439506518055,
    0.02020060980840624,
    0.09542638560455483,
    0.06144551967615635,
    0.5078282714143931,
    -0.03827033106297462,
    0.01496363642443005,
    0.519355182291771,
    0.2478471571259299,
    -0.32870180158140877,
    -0.07734825472765795,
    -0.07203830427645264,
    -0.16376238350881,
    0.020538425981074283,
    0.09656239038689707,
    0.06333575222633238,
    0.5066065786823808,
    -0.03683879785266844,
    0.016511587388402766,
    0.5187439673850465,
    0.24912154218613497,
    -0.3296690024835856,
    -0.07663139239055593,
    -0.07097379770402934,
    -0.1646660457412713,
    0.020823297419468274,
    0.09775775612800779,
    0.06438704505041785,
    0.5065004961996941,
    -0.03526652740691576,
    0.016376791156251798,
    0.51948545957797,
    1.1493196298141595,
    0.16581726271308755,
    0.012384796625256935,
    0.020885467513362434,
    8.538489013279616,
    7.719275805500972,
    8.22169289281319,
    7.838533030407027
  ],
  "variance": [
    0.03803205734074103,
    0.19744184479697954,
    0.09465520458451912,
    0.034186543194248,
    0.10007924103637147,
    0.1280649989180374,
    0.047730847741481376,
    0.2024099246881691,
    0.046985978471868625,
    0.043233669207764655,
    0.10876437974735907,
    0.08318422117853937,
    16.55637145903592,
    22.676434977439325,
    52.80779792881873,
    15.87213103480251,
    22.78427500606981,
    53.33083687922603,
    18.70510650121572,
    22.447549969042026,
    48.17621928298149,
    18.420919319449915,
    22.649876868403748,
    48.47647309180659,
    0.02643679786849679,
    0.21022995310954595,
    0.11600476745924856,
    0.2340858935826168,
    0.08749787122794414,
    0.05529928418402979,
    0.07941115338488523,
    0.06088092563211081,
    5.543009273393447,
    1.7692875587787245,
    0.49471046637360905,
    5.367881209354888,
    1.7243763076242693,
    0.4791468642810485,
    52.155727925098994,
    49.51729756405492,
    310.4087991318624,
    37.95003565789342,
    49.03456604635317,
    51.50656336268202,
    38.13373885525194,
    49.07543465833998,
    51.603229882912906,
    43.85495745486129,
    48.41911834081666,
    51.32131507967928,
    43.770134665158054,
    48.599682979299445,
    51.4233350792593,
    38.02430900487915,
    49.12164267481333,
    51.597505417018546,
    38.206918754948106,
    49.16540441217039,
    51.690845283152925,
    43.93085829689761,
    48.49702671143718,
    51.40940038498259,
    43.84481484229104,
    48.67616568246099,
    51.51036302554201,
    38.105528958646154,
    49.20511617117149,
    51.68769288784658,
    38.285195370908,
    49.24916195965024,
    51.78078511998362,
    44.01141639123056,
    48.582069647504206,
    51.50060553589593,
    43.9256675281858,
    48.759437689812,
    51.59763158812471,
    38.18396597706984,
    49.29303423864306,
    51.775929542451266,
    38.36333308973679,
    49.337609047354256,
    51.866760551488845,
    44.088093336988145,
    48.660129980302706,
    51.58354124662126,
    44.00541836379759,
    48.839331112823075,
    51.68531862835059,
    37.86469344841054,
    48.93724038321601,
    51.40979213386803,
    38.04777703544563,
    48.9816613912848,
    51.50521086869327,
    43.76745325346052,
    48.33061413661157,
    51.219323182790816,
    43.68564109445801,
    48.50297268887541,
    51.3236073552467,
    37.941063602899646,
    49.02641395493706,
    51.49710833320162,
    38.124492925422956,
    49.06661333551909,
    51.59279120922915,
    43.84589743145597,
    48.40900300351076,
    51.31088813604747,
    43.761457099131164,
    48.59033569786797,
    51.41387023074501,
    38.01584353737256,
    49.11262884728359,
    51.58768617709262,
    38.19795060766496,
    49.15568940755099,
    51.68085935541166,
    43.92302769062942,
    48.488091199185206,
    51.398749631608524,
    43.83674534077141,
    48.66711079020784,
    51.50040316903093,
    38.09615194906927,
    49.19504780159786,
    51.67766775138543,
    38.2763712985563,
    49.23967676744853,
    51.77140312641572,
    44.00156389391459,
    48.57186622191948,
    51.49116571004245,
    43.91624665918782,
    48.74965649954782,
    51.58793186600911,
    0.12702513072789312,
    0.004866087194716694,
    0.0017043371430981512,
    0.004785164888028358,
    598.2337161135271,
    596.700770023072,
    672.2405898516416,
    656.1373278469075
  ]
}
