{
  "durationSeconds": 2.0000000000000013,
  "steps": 100,
  "survivalRate": 1.0,
  "fell": false,
  "motionCommand": [
    0.0,
    0.0,
    0.0
  ],
  "meanMotionCommand": [
    0.0,
    0.0,
    0.0
  ],
  "meanMeasuredMotion": [
    0.32913731322657247,
    -0.0014077656691924587,
    -0.004300613456179227
  ],
  "planarVelocityTrackingError": 0.32914032381673664,
  "yawRateTrackingError": 0.004300613456179227,
  "meanVelocityTrackingError": 0.3742670718485701,
  "meanPlanarVelocityTrackingError": 0.3698000790730403,
  "meanYawRateTrackingError": 0.009067418140085938,
  "meanUpright": 0.6801713311860059,
  "meanEnergy": 559.2702892573551,
  "meanSmoothness": 26.226390646976984,
  "peakActuator": 8.0,
  "motionCommandSchedule": [
    {
      "atStep": 0,
      "atSeconds": 0.0,
      "command": [
        0.0,
        0.0,
        0.0
      ]
    }
  ],
  "transitionCount": 0,
  "transitions": [],
  "maximumTransitionTerminalPlanarTrackingError": 0.0,
  "maximumTransitionTerminalYawRateTrackingError": 0.0,
  "maximumPlanarSettlingTimeSeconds": 0.0,
  "maximumYawRateSettlingTimeSeconds": 0.0,
  "maximumPlanarOvershootMps": 0.0,
  "maximumYawRateOvershootRadPerSec": 0.0,
  "unsettledPlanarTransitionCount": 0,
  "unsettledYawRateTransitionCount": 0,
  "initialBasePosition": [
    0.0,
    0.0,
    0.44
  ],
  "finalBasePosition": [
    0.6674162772100757,
    -0.0026946359291851723,
    0.2549749883894811
  ],
  "netDisplacement": [
    0.6674162772100757,
    -0.0026946359291851723,
    -0.18502501161051887
  ],
  "targetPlanarDisplacement": [
    0.0,
    0.0
  ],
  "forwardDisplacement": 0.0,
  "targetDistance": 0.0,
  "forwardProgress": 1.0,
  "meanForwardVelocity": 0.0,
  "lateralDrift": 0.6674217168685385,
  "distanceTraveled": 0.7340052693437232
}
