{
  "count": 8192.000100000001,
  "mean": [
    0.17608777477768592,
    0.4622521596606136,
    -0.4227858810220217,
    -0.18460677542005993,
    0.46837051605818186,
    -0.42043127410206965,
    0.18116357114027612,
    0.27114195744117014,
    -0.5120721368490753,
    -0.17424697242286294,
    0.26107279262771566,
    -0.5072638051349052,
    0.011367611902717525,
    0.08903750884076612,
    0.06291254386124527,
    -0.015328545309492108,
    0.11570969734794749,
    0.05071608553838549,
    0.002209976471432104,
    0.04461812732165805,
    0.05474450885641742,
    0.0017401105318524987,
    0.030082901436820245,
    0.09549307455813608,
    0.3384409514433381,
    0.8710165037077358,
    0.007239525093388902,
    0.1469980219735117,
    -0.008409603308279744,
    0.05078553888735944,
    -0.0035180114844897644,
    -0.06791395186810813,
    -0.03966331227669707,
    0.13284801546289204,
    -0.004999796471799479,
    -0.03874608319083541,
    0.130808078878256,
    -0.004793183714961345,
    -2.2695702845781818,
    -0.07898430236871463,
    6.1108581963903825,
    0.15956376770002706,
    -1.0126613658000139,
    0.18664224507559124,
    -0.07427034085725388,
    -0.9916723146267623,
    0.17723589810379525,
    0.19345928477393592,
    0.4440497480633433,
    0.7117113270316915,
    -0.17952541284154544,
    0.5000519474203275,
    0.6975197180312478,
    0.16324343516859974,
    -1.0156097136783675,
    0.18421981695280054,
    -0.0644837868051179,
    -1.0051096675690523,
    0.18385288022221105,
    0.20772375956560726,
    0.44588931083458483,
    0.7122089961352477,
    -0.17003320509870531,
    0.5024215963498139,
    0.6903828631454696,
    0.16223501926636982,
    -1.025801360334458,
    0.19523303083929705,
    -0.05998683274140995,
    -1.0185335837903988,
    0.19645482012041846,
    0.20871907214171026,
    0.4459275793529903,
    0.7178623896871824,
    -0.1676176372562196,
    0.5081234160686905,
    0.6805852977371699,
    0.15230182260430433,
    -1.0283227348768929,
    0.20214543842580127,
    -0.06509215531575664,
    -1.0252229421406132,
    0.2035812301016144,
    0.20962142723433289,
    0.4451364289052043,
    0.7229950980113851,
    -0.1648808662174013,
    0.5149937884016171,
    0.6798822333706654,
    0.1345651302771802,
    -1.0182405640883925,
    0.192255462108277,
    -0.09073772868569197,
    -0.9766023654266699,
    0.1658164958684086,
    0.18053668570674158,
    0.4316134052241589,
    0.698728565708134,
    -0.16800807738477844,
    0.48393841512642505,
    0.6977544086595464,
    0.14746519223915167,
    -1.017409017728675,
    0.18810001020221484,
    -0.08224962995996667,
    -0.980560974639566,
    0.1665025384601785,
    0.18365426212968672,
    0.43456364685069054,
    0.6997340528756358,
    -0.1716655091466235,
    0.48738084745212307,
    0.7028591491376419,
    0.16089843722920505,
    -1.0178533063161954,
    0.1854976858967352,
    -0.07089519369491568,
    -0.989127716678325,
    0.17139116479492383,
    0.19120931169794367,
    0.44102744386441206,
    0.7039795487846164,
    -0.1705862902668976,
    0.4927560705585197,
    0.7023145833517339,
    0.16601543545606434,
    -1.0238309965126717,
    0.18487552274373253,
    -0.06718994166186286,
    -0.9996282544460232,
    0.1770263825849139,
    0.198047981359769,
    0.4400818123355351,
    0.7090031462404796,
    -0.1679021634518004,
    0.49537934579465426,
    0.700450199068968,
    2.2099747123013307,
    12.159122203433922,
    11.668233943169865,
    9.247311794589198,
    8.639793310234635
  ],
  "variance": [
    0.05594130692190895,
    0.12455201253978217,
    0.1928729001587193,
    0.05358075362537862,
    0.12156028362363111,
    0.18778685811942988,
    0.05175553754752834,
    0.1185201948892681,
    0.17621603169219216,
    0.05006724058324738,
    0.12207842335882846,
    0.1736290424822492,
    30.189761286303852,
    61.985895947208874,
    147.06150408601482,
    29.29329154388717,
    63.09440392340132,
    147.90569434756716,
    35.74073754022461,
    71.49165695438118,
    139.35325380862596,
    34.87255386416977,
    71.493233830094,
    139.60077072238323,
    0.0070006565843008,
    0.03018081182295468,
    0.02166012180626436,
    0.11706287359570743,
    0.05069908471411017,
    0.21888601797867963,
    0.06626368846552279,
    0.14263304731730836,
    6.095305408066857,
    5.4627858611639635,
    0.9192516589962696,
    5.869230424279147,
    5.378356670919609,
    0.8979690382989322,
    180.71337334057282,
    61.73137940324154,
    223.5250211381123,
    43.931071064539964,
    50.759695599897796,
    56.30444709425155,
    43.662016750562614,
    51.05968235557088,
    56.210969588930446,
    47.071508886167834,
    52.333736252197845,
    55.55187893488091,
    47.21565267109702,
    52.50627040503501,
    55.47859857707611,
    44.27296566576849,
    51.08230050810078,
    56.665985772840834,
    44.005182158202366,
    51.39090895611533,
    56.61870470382376,
    47.407551851345914,
    52.70853634518525,
    55.95106437567841,
    47.571326597170184,
    52.85619866006514,
    55.882702910031476,
    44.63245928408781,
    51.44510346126435,
    57.04919559399644,
    44.37259392477664,
    51.739582124304604,
    56.98232240412963,
    47.77162714889797,
    53.07668013201271,
    56.30238457273349,
    47.94586053536762,
    53.2079717438262,
    56.2640301528587,
    44.97265321082107,
    51.80196634890145,
    57.42958744936645,
    44.689181790665565,
    52.089999092235296,
    57.33809595067693,
    48.12974469856475,
    53.44195343812809,
    56.68608764096011,
    48.27387479974864,
    53.59343178303345,
    56.65621888546305,
    43.0418029767374,
    49.823667140984554,
    55.31829111267347,
    42.78382551422151,
    50.16381774184175,
    55.26066456930449,
    46.17130420945254,
    51.45538892250252,
    54.63713774089176,
    46.30190868575973,
    51.575751853215785,
    54.505075245345104,
    43.384470091789986,
    50.17740448126778,
    55.702433385948595,
    43.1002716046925,
    50.528917727334,
    55.643439492796766,
    46.521840348588746,
    51.78711120756285,
    54.99782924486788,
    46.660781408904725,
    51.95917389557989,
    54.89282392802077,
    43.71860113406123,
    50.52122225062673,
    56.092672250710145,
    43.462992196950644,
    50.85573032929879,
    56.006530099026016,
    46.862296971592535,
    52.12631204756627,
    55.363616749670136,
    47.00555828729891,
    52.30801940839694,
    55.275351287718294,
    44.07066944859323,
    50.874824246921186,
    56.44738897910711,
    43.799371275286276,
    51.19883530557497,
    56.41054458888826,
    47.212864509088625,
    52.5107843070921,
    55.748240767679164,
    47.367045734988075,
    52.65077055744782,
    55.649135297216525,
    1.0440088868799215,
    1275.891563806234,
    1217.7684781286307,
    1271.3897811746974,
    1096.9177834749755
  ]
}
