{
  "previous": {
    "assembly": "force-sensing",
    "controller": "force-aware-gait",
    "assemblyHash": "d89572552c790a7256a7fe23403e257b121aab1b617e4b133032638dcb972cea",
    "aggregateScore": 84.25444528948661,
    "cases": [
      {
        "case": {
          "id": "nominal",
          "task": "velocity-track",
          "scenario": "nominal",
          "seed": 42,
          "weight": 1
        },
        "metrics": {
          "durationSeconds": 2.999999999999891,
          "steps": 150,
          "survivalRate": 1,
          "fell": false,
          "meanVelocityTrackingError": 0.19201303753477256,
          "meanUpright": 0.9480218653247192,
          "meanEnergy": 1.6480993707090124,
          "meanSmoothness": 0.4632488268850761,
          "peakActuator": 6
        },
        "score": {
          "terms": {
            "survival": 50,
            "velocityTracking": 16.778339976349944,
            "upright": 18.960437306494384,
            "energy": -0.03296198741418025,
            "smoothness": -0.004632488268850762,
            "componentMass": -1.4275,
            "sensorChannels": -0.5,
            "trainingSteps": 0
          },
          "total": 83.7736828071613
        },
        "resultHash": "4287f1353ecb95d474901b26dfe47f1fb265c60309ed0f4d1eee337d2d6315d4"
      },
      {
        "case": {
          "id": "low-friction",
          "task": "velocity-track",
          "scenario": "low-friction",
          "seed": 43,
          "weight": 1.2
        },
        "metrics": {
          "durationSeconds": 2.999999999999891,
          "steps": 150,
          "survivalRate": 1,
          "fell": false,
          "meanVelocityTrackingError": 0.19201303753477256,
          "meanUpright": 0.9480218653247192,
          "meanEnergy": 1.6480993707090124,
          "meanSmoothness": 0.4632488268850761,
          "peakActuator": 6
        },
        "score": {
          "terms": {
            "survival": 50,
            "velocityTracking": 16.778339976349944,
            "upright": 18.960437306494384,
            "energy": -0.03296198741418025,
            "smoothness": -0.004632488268850762,
            "componentMass": -1.4275,
            "sensorChannels": -0.5,
            "trainingSteps": 0
          },
          "total": 83.7736828071613
        },
        "resultHash": "d42489399a591c8368a8e4261d3dc02b534303f9c224185998e5790af1a987c9"
      },
      {
        "case": {
          "id": "lateral-push",
          "task": "stand",
          "scenario": "lateral-push",
          "seed": 44,
          "weight": 1.5
        },
        "metrics": {
          "durationSeconds": 2.0000000000000013,
          "steps": 100,
          "survivalRate": 1,
          "fell": false,
          "meanVelocityTrackingError": 0.10380359598361799,
          "meanUpright": 0.9420049531699565,
          "meanEnergy": 3.227784202096481,
          "meanSmoothness": 0.764525064075128,
          "peakActuator": 6
        },
        "score": {
          "terms": {
            "survival": 50,
            "velocityTracking": 18.11916546818065,
            "upright": 18.84009906339913,
            "energy": -0.06455568404192963,
            "smoothness": -0.00764525064075128,
            "componentMass": -1.4275,
            "sensorChannels": -0.5,
            "trainingSteps": 0
          },
          "total": 84.9595635968971
        },
        "resultHash": "57b28b15a5018a086ff2cccca9017f3baac72ba98445f092fdb95c7d9ad0d4f6"
      }
    ]
  },
  "candidate": {
    "assembly": "force-sensing",
    "controller": "force-aware-gait",
    "assemblyHash": "d89572552c790a7256a7fe23403e257b121aab1b617e4b133032638dcb972cea",
    "aggregateScore": 84.24808956343456,
    "cases": [
      {
        "case": {
          "id": "nominal",
          "task": "velocity-track",
          "scenario": "nominal",
          "seed": 42,
          "weight": 1
        },
        "metrics": {
          "durationSeconds": 2.999999999999891,
          "steps": 150,
          "survivalRate": 1,
          "fell": false,
          "meanVelocityTrackingError": 0.19201303753477275,
          "meanUpright": 0.9480218653247192,
          "meanEnergy": 1.6480993707090177,
          "meanSmoothness": 0.4632488268850761,
          "peakActuator": 6
        },
        "score": {
          "terms": {
            "survival": 50,
            "velocityTracking": 16.77833997634994,
            "upright": 18.960437306494384,
            "energy": -0.032961987414180355,
            "smoothness": -0.004632488268850762,
            "componentMass": -1.4275,
            "sensorChannels": -0.5,
            "trainingSteps": 0
          },
          "total": 83.7736828071613
        },
        "resultHash": "8fa3be7ae959232e8763f67e6bd17e8278d583ae852360a92e93d8f8ad51c17f"
      },
      {
        "case": {
          "id": "low-friction",
          "task": "velocity-track",
          "scenario": "low-friction",
          "seed": 43,
          "weight": 1.2
        },
        "metrics": {
          "durationSeconds": 2.999999999999891,
          "steps": 150,
          "survivalRate": 1,
          "fell": false,
          "meanVelocityTrackingError": 0.19201303753477275,
          "meanUpright": 0.9480218653247192,
          "meanEnergy": 1.6480993707090177,
          "meanSmoothness": 0.4632488268850761,
          "peakActuator": 6
        },
        "score": {
          "terms": {
            "survival": 50,
            "velocityTracking": 16.77833997634994,
            "upright": 18.960437306494384,
            "energy": -0.032961987414180355,
            "smoothness": -0.004632488268850762,
            "componentMass": -1.4275,
            "sensorChannels": -0.5,
            "trainingSteps": 0
          },
          "total": 83.7736828071613
        },
        "resultHash": "b3e8e5961fb5bb5e04d4d640e92a2a8ab2a31f7db16a3e8b1487188b8204e908"
      },
      {
        "case": {
          "id": "lateral-push",
          "task": "stand",
          "scenario": "lateral-push",
          "seed": 44,
          "weight": 1.5
        },
        "metrics": {
          "durationSeconds": 2.0000000000000013,
          "steps": 100,
          "survivalRate": 1,
          "fell": false,
          "meanVelocityTrackingError": 0.10457383106667771,
          "meanUpright": 0.9418851970286578,
          "meanEnergy": 3.2561426143725396,
          "meanSmoothness": 0.7725664713353209,
          "peakActuator": 6
        },
        "score": {
          "terms": {
            "survival": 50,
            "velocityTracking": 18.106530715729676,
            "upright": 18.837703940573157,
            "energy": -0.0651228522874508,
            "smoothness": -0.007725664713353209,
            "componentMass": -1.4275,
            "sensorChannels": -0.5,
            "trainingSteps": 0
          },
          "total": 84.94388613930202
        },
        "resultHash": "084b21f81f039d6cb4bcdd65d47be7b59657f79c0d3bd48ed5d4160e3127bf77"
      }
    ]
  },
  "delta": -0.006355726052049704,
  "gateReasons": []
}
