{
  "durationSeconds": 5.999999999999561,
  "steps": 300,
  "survivalRate": 1.0,
  "fell": false,
  "motionCommand": [
    0.125,
    0.0,
    0.0
  ],
  "meanMotionCommand": [
    0.125,
    0.0,
    0.0
  ],
  "meanMeasuredMotion": [
    0.01841179691831586,
    4.87398931543479e-17,
    -4.126750690694521e-16
  ],
  "planarVelocityTrackingError": 0.10658820308168414,
  "yawRateTrackingError": 4.126750690694521e-16,
  "meanVelocityTrackingError": 0.15643888300814657,
  "meanPlanarVelocityTrackingError": 0.15643888300814657,
  "meanYawRateTrackingError": 4.4739257225872055e-15,
  "meanUpright": 0.9593309014079735,
  "meanEnergy": 192.62644606532655,
  "meanSmoothness": 133.66337902651446,
  "peakActuator": 8.0,
  "motionCommandSchedule": [
    {
      "atStep": 0,
      "atSeconds": 0.0,
      "command": [
        0.0,
        0.0,
        0.0
      ]
    },
    {
      "atStep": 50,
      "atSeconds": 1.0,
      "command": [
        0.25,
        0.0,
        0.0
      ]
    },
    {
      "atStep": 200,
      "atSeconds": 4.0,
      "command": [
        0.0,
        0.0,
        0.0
      ]
    }
  ],
  "transitionCount": 2,
  "transitions": [
    {
      "index": 1,
      "atStep": 50,
      "atSeconds": 1.0,
      "endStep": 200,
      "fromCommand": [
        0.0,
        0.0,
        0.0
      ],
      "toCommand": [
        0.25,
        0.0,
        0.0
      ],
      "sampleCount": 150,
      "peakPlanarTrackingError": 0.5608138448010761,
      "peakYawRateTrackingError": 1.2193581176466232e-14,
      "terminalMeasuredMotion": [
        0.17435438903069042,
        -1.7808017731021605e-15,
        5.896612821794711e-15
      ],
      "terminalPlanarTrackingError": 0.07564561096930958,
      "terminalYawRateTrackingError": 5.896612821794711e-15,
      "planarOvershootMps": 0.10831488150884189,
      "yawRateOvershootRadPerSec": 0.0,
      "planarSettlingTimeSeconds": 2.62,
      "yawRateSettlingTimeSeconds": 0.2,
      "planarSettled": true,
      "yawRateSettled": true
    },
    {
      "index": 2,
      "atStep": 200,
      "atSeconds": 4.0,
      "endStep": 300,
      "fromCommand": [
        0.25,
        0.0,
        0.0
      ],
      "toCommand": [
        0.0,
        0.0,
        0.0
      ],
      "sampleCount": 100,
      "peakPlanarTrackingError": 0.22319121261535846,
      "peakYawRateTrackingError": 1.709630439400944e-14,
      "terminalMeasuredMotion": [
        -0.04666985510828314,
        -1.720013970818249e-15,
        3.1832008880448343e-15
      ],
      "terminalPlanarTrackingError": 0.04666985510828314,
      "terminalYawRateTrackingError": 3.1832008880448343e-15,
      "planarOvershootMps": 0.1718242428042985,
      "yawRateOvershootRadPerSec": 0.0,
      "planarSettlingTimeSeconds": 0.52,
      "yawRateSettlingTimeSeconds": 0.2,
      "planarSettled": true,
      "yawRateSettled": true
    }
  ],
  "maximumTransitionTerminalPlanarTrackingError": 0.07564561096930958,
  "maximumTransitionTerminalYawRateTrackingError": 5.896612821794711e-15,
  "maximumPlanarSettlingTimeSeconds": 2.62,
  "maximumYawRateSettlingTimeSeconds": 0.2,
  "maximumPlanarOvershootMps": 0.1718242428042985,
  "maximumYawRateOvershootRadPerSec": 0.0,
  "unsettledPlanarTransitionCount": 0,
  "unsettledYawRateTransitionCount": 0,
  "initialBasePosition": [
    0.0,
    0.0,
    0.44
  ],
  "finalBasePosition": [
    0.10818712322554747,
    3.089991204014599e-16,
    0.41466910740539015
  ],
  "netDisplacement": [
    0.10818712322554747,
    3.089991204014599e-16,
    -0.025330892594609855
  ],
  "targetPlanarDisplacement": [
    0.75,
    0.0
  ],
  "forwardDisplacement": 0.10818712322554747,
  "targetDistance": 0.75,
  "forwardProgress": 0.14424949763406328,
  "meanForwardVelocity": 0.018031187204259228,
  "lateralDrift": 3.089991204014599e-16,
  "distanceTraveled": 0.6144885210138775
}
