{
  "terms": {
    "survival": 30.0,
    "velocityTracking": 17.294472102127603,
    "forwardProgress": 1.4424949763406327,
    "upright": 14.389963521119602,
    "lateralDrift": -1.5449956020072994e-15,
    "transitionTracking": 7.375592463744349,
    "energy": -0.9631322303266328,
    "smoothness": -0.13366337902651446,
    "componentMass": -1.2060000000000002,
    "sensorChannels": -1.07,
    "trainingSteps": -0.0
  },
  "total": 67.12972745397904
}
