{
  "durationSeconds": 2.019999999999999,
  "steps": 101,
  "survivalRate": 0.4,
  "fell": true,
  "motionCommand": [
    0.25,
    0.0,
    0.0
  ],
  "meanMotionCommand": [
    0.25,
    0.0,
    0.0
  ],
  "meanMeasuredMotion": [
    0.2769184602250381,
    -0.003397776224374059,
    0.03247234421850505
  ],
  "planarVelocityTrackingError": 0.02713205455098966,
  "yawRateTrackingError": 0.03247234421850505,
  "meanVelocityTrackingError": 0.2535584914830574,
  "meanPlanarVelocityTrackingError": 0.21258001477858934,
  "meanYawRateTrackingError": 0.06141908524095814,
  "meanUpright": 0.6345565651735674,
  "meanEnergy": 588.3374496664342,
  "meanSmoothness": 27.011578765270244,
  "peakActuator": 8.0,
  "motionCommandSchedule": [
    {
      "atStep": 0,
      "atSeconds": 0.0,
      "command": [
        0.25,
        0.0,
        0.0
      ]
    }
  ],
  "transitionCount": 0,
  "transitions": [],
  "maximumTransitionTerminalPlanarTrackingError": 0.0,
  "maximumTransitionTerminalYawRateTrackingError": 0.0,
  "maximumPlanarSettlingTimeSeconds": 0.0,
  "maximumPlanarBrakingSettlingTimeSeconds": 0.0,
  "maximumYawRateSettlingTimeSeconds": 0.0,
  "maximumPlanarOvershootMps": 0.0,
  "maximumYawRateOvershootRadPerSec": 0.0,
  "unsettledPlanarTransitionCount": 0,
  "unsettledYawRateTransitionCount": 0,
  "initialBasePosition": [
    0.0,
    0.0,
    0.44
  ],
  "finalBasePosition": [
    0.5591541462749933,
    -0.006091634207168648,
    0.1889764741620931
  ],
  "netDisplacement": [
    0.5591541462749933,
    -0.006091634207168648,
    -0.2510235258379069
  ],
  "targetPlanarDisplacement": [
    1.25,
    0.0
  ],
  "forwardDisplacement": 0.5591541462749933,
  "targetDistance": 1.25,
  "forwardProgress": 0.4473233170199946,
  "signedForwardProgress": 0.4473233170199946,
  "backwardDisplacement": 0.0,
  "meanForwardVelocity": 0.27680898330445225,
  "lateralDrift": 0.006091634207168648,
  "distanceTraveled": 0.595680102597446
}
