{
  "terms": {
    "survival": 10.0,
    "velocityTracking": 15.95458060863075,
    "forwardProgress": 22.36616585099973,
    "upright": 9.51834847760351,
    "lateralDrift": -0.06091634207168648,
    "transitionTracking": 0.0,
    "energy": -5.8833744966643415,
    "smoothness": -0.13505789382635122,
    "componentMass": -1.5075,
    "sensorChannels": -5.3500000000000005,
    "trainingSteps": -0.0
  },
  "total": 44.90224620467161
}
