{
  "durationSeconds": 3.0799999999998824,
  "steps": 154,
  "survivalRate": 0.4707692307692308,
  "fell": true,
  "motionCommand": [
    0.0,
    0.0748051948051947,
    0.0
  ],
  "meanMotionCommand": [
    0.0,
    0.0748051948051947,
    0.0
  ],
  "meanMeasuredMotion": [
    0.23711395842489233,
    -0.09496930840647098,
    -0.6808455716246177
  ],
  "planarVelocityTrackingError": 0.2916271784671131,
  "yawRateTrackingError": 0.6808455716246177,
  "meanVelocityTrackingError": 1.1061321687790233,
  "meanPlanarVelocityTrackingError": 0.4088884554233669,
  "meanYawRateTrackingError": 0.9520365671327383,
  "meanUpright": 0.6976648506367994,
  "meanEnergy": 487.0135555398384,
  "meanSmoothness": 38.44651677996894,
  "peakActuator": 8.0,
  "motionCommandSchedule": [
    {
      "atStep": 0,
      "atSeconds": 0.0,
      "command": [
        0.0,
        0.12,
        0.0
      ]
    },
    {
      "atStep": 125,
      "atSeconds": 2.5,
      "command": [
        0.0,
        -0.12,
        0.0
      ]
    },
    {
      "atStep": 225,
      "atSeconds": 4.5,
      "command": [
        0.0,
        0.0,
        0.0
      ]
    }
  ],
  "transitionCount": 2,
  "transitions": [
    {
      "index": 1,
      "atStep": 125,
      "atSeconds": 2.5,
      "endStep": 225,
      "fromCommand": [
        0.0,
        0.12,
        0.0
      ],
      "toCommand": [
        0.0,
        -0.12,
        0.0
      ],
      "sampleCount": 29,
      "peakPlanarTrackingError": 1.013556914542149,
      "peakYawRateTrackingError": 2.9636747367023557,
      "terminalMeasuredMotion": [
        0.6595578380038712,
        0.21016972741704562,
        -2.133020963165609
      ],
      "terminalPlanarTrackingError": 0.7375829380991585,
      "terminalYawRateTrackingError": 2.133020963165609,
      "planarOvershootMps": 0.22926198727756514,
      "yawRateOvershootRadPerSec": 0.0,
      "planarSettlingTimeSeconds": 0.58,
      "yawRateSettlingTimeSeconds": 0.58,
      "planarSettled": false,
      "yawRateSettled": false
    },
    {
      "index": 2,
      "atStep": 225,
      "atSeconds": 4.5,
      "endStep": 325,
      "fromCommand": [
        0.0,
        -0.12,
        0.0
      ],
      "toCommand": [
        0.0,
        0.0,
        0.0
      ],
      "sampleCount": 0,
      "peakPlanarTrackingError": 0.0,
      "peakYawRateTrackingError": 0.0,
      "terminalMeasuredMotion": [
        0.0,
        0.0,
        0.0
      ],
      "terminalPlanarTrackingError": 0.0,
      "terminalYawRateTrackingError": 0.0,
      "planarOvershootMps": 0.0,
      "yawRateOvershootRadPerSec": 0.0,
      "planarSettlingTimeSeconds": 0.0,
      "yawRateSettlingTimeSeconds": 0.0,
      "planarSettled": false,
      "yawRateSettled": false
    }
  ],
  "maximumTransitionTerminalPlanarTrackingError": 0.7375829380991585,
  "maximumTransitionTerminalYawRateTrackingError": 2.133020963165609,
  "maximumPlanarSettlingTimeSeconds": 0.58,
  "maximumYawRateSettlingTimeSeconds": 0.58,
  "maximumPlanarOvershootMps": 0.22926198727756514,
  "maximumYawRateOvershootRadPerSec": 0.0,
  "unsettledPlanarTransitionCount": 2,
  "unsettledYawRateTransitionCount": 2,
  "initialBasePosition": [
    0.0,
    0.0,
    0.44
  ],
  "finalBasePosition": [
    0.7243852197025774,
    -0.29311982482970805,
    0.18088314715206222
  ],
  "netDisplacement": [
    0.7243852197025774,
    -0.29311982482970805,
    -0.2591168528479378
  ],
  "targetPlanarDisplacement": [
    0.0,
    0.06
  ],
  "forwardDisplacement": -0.29311982482970805,
  "targetDistance": 0.06,
  "forwardProgress": 0.0,
  "meanForwardVelocity": -0.0951687742953634,
  "lateralDrift": 0.7243852197025774,
  "distanceTraveled": 1.0853047624852394
}
