{
  "terms": {
    "survival": 14.123076923076923,
    "velocityTracking": 9.496080206397727,
    "forwardProgress": 0.0,
    "upright": 10.46497275955199,
    "lateralDrift": -3.621926098512887,
    "transitionTracking": 5.703567474096551,
    "energy": -2.4350677776991922,
    "smoothness": -0.03844651677996894,
    "componentMass": -1.2060000000000002,
    "sensorChannels": -1.07,
    "trainingSteps": -0.0
  },
  "total": 31.416256970131144
}
