{
  "terms": {
    "survival": 30.0,
    "velocityTracking": 24.8591371018446,
    "forwardProgress": 5.110349814842392,
    "upright": 14.139317314369608,
    "lateralDrift": -2.4257385746822764,
    "transitionTracking": 0.0,
    "energy": -0.9686086681322071,
    "smoothness": -0.13737474036383923,
    "componentMass": -1.2060000000000002,
    "sensorChannels": -1.07,
    "trainingSteps": -0.0
  },
  "total": 68.30108224787827
}
