{
  "count": 8192.000100000001,
  "mean": [
    0.1812487539519392,
    0.49825594461144057,
    -0.38508365355092095,
    -0.19691971525575383,
    0.4884640388509375,
    -0.3850585202870606,
    0.1617292196091434,
    0.28832156210914606,
    -0.48186026364964774,
    -0.15917426526611037,
    0.28825247377617075,
    -0.48283704449647874,
    0.015646993908622585,
    0.09269676433560177,
    0.058548781079010986,
    0.011715591345327219,
    0.08732918215762188,
    0.07429919338402852,
    0.010794643665645049,
    0.036452749373684826,
    0.07035716788289485,
    0.01606733488195891,
    0.020406924225324544,
    0.09412137094759555,
    0.3407120567035602,
    0.833261262182334,
    -0.007372979021786123,
    0.14995757308820593,
    0.0028704965292747795,
    0.033525357879086476,
    0.048769456274501924,
    -0.05636773157758552,
    -0.03599597175624535,
    0.12639605487175676,
    -0.016000184185255575,
    -0.037938432229394144,
    0.12530606726907942,
    -0.015343179073435392,
    -2.600890055006316,
    -0.12256312649165405,
    6.80370111196238,
    13.19391088745605,
    12.079818825722782,
    9.682469914992282,
    8.899120871817
  ],
  "variance": [
    0.048044587165394885,
    0.08799598790054322,
    0.13655632656445288,
    0.04679384260721456,
    0.09002205203766266,
    0.1369048255438928,
    0.04075873186415825,
    0.08140774864132559,
    0.12666833207897718,
    0.03953649606731363,
    0.08008661854574539,
    0.1294425171313055,
    27.28519135785002,
    52.59258636053013,
    136.10875790047612,
    27.74296381423381,
    53.97503498567474,
    136.48661894629114,
    34.34759708219699,
    60.36689356301435,
    125.76192863604356,
    34.41357403458214,
    60.4332169163137,
    126.28863124702107,
    0.007482413648513965,
    0.03664940653326786,
    0.025580806211643995,
    0.09278977152053014,
    0.12813904275621524,
    0.13591277909101127,
    0.12059488001343865,
    0.10363080488881632,
    7.046361675448588,
    4.1747722133249745,
    1.0189297526815055,
    6.769800036699715,
    4.079679859883935,
    0.9984471236978434,
    155.9148318213585,
    77.48323832403976,
    214.64659067382675,
    1423.8209174300782,
    1227.1412539896412,
    1254.4124641911874,
    1097.6195429986117
  ]
}
