{
  "count": 4096.0001,
  "mean": [
    0.18338203614866536,
    0.43126897122421787,
    -0.3896009961144075,
    -0.1657806698865791,
    0.4218516581035962,
    -0.42135525380520444,
    0.1311024214797904,
    0.3243300495757096,
    -0.4846741677411175,
    -0.15738120799156816,
    0.34613267724634966,
    -0.5160088246469681,
    -0.008349469023733841,
    0.075043768249175,
    0.07247531345848357,
    0.012003704404324205,
    0.04008590448477767,
    0.0858777911552872,
    -0.041025869566705044,
    0.0339263997616707,
    0.06692329502846918,
    0.01143030483744282,
    0.03238591892316323,
    0.044760768580618254,
    0.3734224280597283,
    0.8525057172020962,
    0.022860737181134003,
    0.08784370402011556,
    -0.033411946359759206,
    0.039673686382951184,
    -0.02453618199602038,
    -0.041587078323247144,
    0.06083069869776355,
    0.13210164591038076,
    -0.035304422274835906,
    0.058591524596129985,
    0.1275694943277904,
    -0.035693524656618215,
    -0.9200998104275797,
    0.003693628923535452,
    7.9031654004782705,
    0.2707107259397703,
    -0.9172849020337832,
    -0.03159921417576493,
    -0.2934674274346821,
    -0.6913775495612902,
    0.036589606688964806,
    0.3529274130467585,
    0.23797390895960147,
    0.650011099216839,
    -0.33816452934690794,
    0.1632312754958963,
    0.6999570353168038,
    0.25811028961543897,
    -0.9205965592686423,
    -0.03509012503439647,
    -0.3071616399541549,
    -0.6870517460375379,
    0.03230351297939501,
    0.349338357351286,
    0.24923729304326933,
    0.6399765310917299,
    -0.3487810733671237,
    0.17135288178299593,
    0.7015184238067889,
    0.2459523733193247,
    -0.9089677872397196,
    -0.040790255233970674,
    -0.31976366330396855,
    -0.6785546472571472,
    0.029799927663198153,
    0.3522823939988269,
    0.261871096865128,
    0.6416760418834243,
    -0.3553705392100601,
    0.18004525202213292,
    0.6977871083410534,
    0.24525080989307943,
    -0.9109260938045439,
    -0.030599201341209796,
    -0.31495692625907484,
    -0.6720437686537758,
    0.032325369575025666,
    0.36533592615314864,
    0.2580939940099383,
    0.6534038561218775,
    -0.35326819334510307,
    0.17615240555652797,
    0.7065360859543051,
    0.25974011035521405,
    -0.9114704268926873,
    -0.011073974710771596,
    -0.26000345242658174,
    -0.6971132704131767,
    0.05404727685290525,
    0.34734861731095373,
    0.20401041911302473,
    0.6756519936663002,
    -0.32411153026123857,
    0.1439557803515126,
    0.7201526727329599,
    0.26740486472899927,
    -0.9264686864586896,
    -0.011286617423799387,
    -0.2672968974530639,
    -0.7106531909007362,
    0.05502832685808934,
    0.3454012479653017,
    0.21071389914479466,
    0.6763804662635746,
    -0.3307332042518911,
    0.14209523415276826,
    0.728127032157957,
    0.25906162286369555,
    -0.9246005046247111,
    -0.028274491983994118,
    -0.28266483528090175,
    -0.7145670628884552,
    0.044090480745738944,
    0.33520166718897615,
    0.22977987650508683,
    0.6612312213949336,
    -0.33890635631274874,
    0.1554459181035903,
    0.713890245777695,
    0.2490235093780844,
    -0.9196337845881141,
    -0.03493114423146007,
    -0.3047480994110266,
    -0.7035390918827412,
    0.03470821940388291,
    0.3280937703140442,
    0.2367638897331127,
    0.6525925923039616,
    -0.3527089990455215,
    0.1559717899711411,
    0.7109600071626767,
    2.0681277789170647,
    0.24999999389648467,
    0.0,
    0.0,
    13.416777503718716,
    13.684505484728268,
    11.194190760215958,
    11.081411596330968
  ],
  "variance": [
    0.0404340285405027,
    0.06535766623748546,
    0.11783293321907022,
    0.05210405236853127,
    0.07981758513388966,
    0.1311080081494879,
    0.04445065784614149,
    0.07611607642830524,
    0.09967967608925346,
    0.043004852091567555,
    0.07656145581587252,
    0.11044010352856987,
    20.470374305406935,
    36.99860796456061,
    90.0440162536572,
    20.07963004699489,
    40.983469063945776,
    92.98553855674282,
    23.27396639626078,
    42.70897658630039,
    88.7007864736349,
    24.133273835027765,
    44.001412633569366,
    84.80310017923559,
    0.006016748211647484,
    0.0758442077076073,
    0.01751064023040556,
    0.06148403392123646,
    0.10896777705463222,
    0.1244703414793951,
    0.09086122390724394,
    0.07818263739618987,
    6.194209633222595,
    2.61395240982714,
    1.5600540416856523,
    6.01343906607312,
    2.548756971493261,
    1.5374526169045835,
    99.51681094533717,
    69.14909390126896,
    182.6977123821054,
    35.19005084514349,
    50.18875130477111,
    55.71976296258869,
    34.990217608956584,
    50.4384943107172,
    55.65452286724417,
    39.64912453985585,
    52.573960083606295,
    55.25280648212214,
    40.526767349195474,
    51.692132620922905,
    54.52459624009872,
    35.45089135420155,
    50.48727543018319,
    56.028955322667976,
    35.21445410709489,
    50.71175808933967,
    55.96596415940557,
    39.91760967634461,
    52.847937677060315,
    55.5541505834909,
    40.782507644329534,
    51.995561668904614,
    54.8084892138904,
    35.723647603204725,
    50.79285681475279,
    56.30564783525444,
    35.445017978248075,
    50.976910135711634,
    56.2691997501188,
    40.15010948110154,
    53.09870893564342,
    55.82738622883384,
    41.04186622894875,
    52.25505617985479,
    55.11782953382309,
    35.92141260759486,
    51.10041044459036,
    56.61190717673119,
    35.6783336642132,
    51.25786407262092,
    56.564697069039745,
    40.40640584793774,
    53.37329806879232,
    56.11982717692641,
    41.28691965492905,
    52.56158019720801,
    55.3987937142534,
    34.51857941173357,
    49.53003457104546,
    54.97764757183389,
    34.31300595018101,
    49.75416453158838,
    54.9036095858871,
    38.960470525227166,
    51.85082676101785,
    54.433651577599704,
    39.890286441752544,
    50.95051544064726,
    53.75756786893839,
    34.745229819208404,
    49.77748259445383,
    55.27871607091054,
    34.56117509444519,
    50.021717247676044,
    55.201450745899955,
    39.19635878676477,
    52.13575517836026,
    54.74540787345794,
    40.11576825698885,
    51.275204855516414,
    54.05623199882405,
    34.988264310707464,
    50.03882538513577,
    55.589771645931286,
    34.80626355298038,
    50.27136317963007,
    55.51802375210533,
    39.45689690929275,
    52.42779448168418,
    55.04560824520157,
    40.31575105712274,
    51.55477629241536,
    54.36408387264092,
    35.24562514244359,
    50.36224180469238,
    55.89870965786839,
    35.03246593088686,
    50.540593358936,
    55.797816524413655,
    39.69041180108651,
    52.67087041381332,
    55.36973645708244,
    40.57729979572918,
    51.834301641918685,
    54.6851342849627,
    1.8197924221997692,
    1e-06,
    1e-06,
    1e-06,
    1115.6864671510195,
    988.5417053994871,
    1178.6005693624365,
    1023.3778473007168
  ]
}
