{
  "calibrationRunId": "calibration-cbb6ff34cc6d23ec",
  "resultHash": "a5d7cf2de35f31373050960f1974a7065761a72a8b318f56ff20be64184fa40d",
  "parameters": {
    "bodyMassScale": 1.0500000000000003,
    "jointDampingScale": 0.8249999999999998,
    "actuatorStrengthScale": 1.175,
    "actuatorDelaySteps": 2
  },
  "fit": {
    "loss": 0.009700829692980233,
    "rmse": {
      "jointPosition": 0.0009030292438339902,
      "jointVelocity": 0.09351004556270141,
      "basePosition": 5.793540982210724e-05,
      "baseOrientation": 0.00010661335549665803,
      "baseVelocity": 0.014770542008320741
    },
    "normalizedTerms": {
      "jointPosition": 8.15461815219388e-05,
      "jointVelocity": 0.008744128621138495,
      "basePosition": 1.3426046845022079e-06,
      "baseOrientation": 1.1366407570256782e-06,
      "baseVelocity": 0.0008726756448782708
    },
    "transitions": 100,
    "sources": [
      {
        "source": "capture-1d9b7732f70b779e-fit-a",
        "transitions": 50
      },
      {
        "source": "capture-1d9b7732f70b779e-fit-b",
        "transitions": 50
      }
    ]
  },
  "validation": {
    "loss": 0.014912677028705041,
    "rmse": {
      "jointPosition": 0.0009712859146856136,
      "jointVelocity": 0.10373606664792197,
      "basePosition": 5.0651417866572473e-05,
      "baseOrientation": 0.00014933020350076562,
      "baseVelocity": 0.0318351601805918
    },
    "normalizedTerms": {
      "jointPosition": 9.43396328066669e-05,
      "jointVelocity": 0.010761171523582108,
      "basePosition": 1.0262264527576547e-06,
      "baseOrientation": 2.2299509677580068e-06,
      "baseVelocity": 0.004053909694895751
    },
    "transitions": 50,
    "sources": [
      {
        "source": "capture-1d9b7732f70b779e-validation",
        "transitions": 50
      }
    ]
  },
  "profileId": "quadruped-dry-run-capture-calibrated-v2",
  "profileProposalHash": "3c1200bb3f382a3531d8bab2118fec1b0bb33a117a37f0f96913063ed3bbdaf2"
}
