{
  "durationSeconds": 4.999999999999671,
  "steps": 250,
  "survivalRate": 1.0,
  "fell": false,
  "motionCommand": [
    0.25,
    0.0,
    0.0
  ],
  "meanMotionCommand": [
    0.25,
    0.0,
    0.0
  ],
  "meanMeasuredMotion": [
    0.011295260710012696,
    2.756249650416736e-13,
    -1.0874154546669813e-13
  ],
  "planarVelocityTrackingError": 0.2387047392899873,
  "yawRateTrackingError": 1.0874154546669813e-13,
  "meanVelocityTrackingError": 0.23870473928998714,
  "meanPlanarVelocityTrackingError": 0.23870473928998714,
  "meanYawRateTrackingError": 9.917065078634572e-13,
  "meanUpright": 0.9396886791118174,
  "meanAbsolutePitchRad": 0.1207122700304323,
  "minimumPitchRad": -0.18308796909564684,
  "maximumPitchRad": -0.013754581943502462,
  "maximumBackwardPitchRad": 0.18308796909564684,
  "maximumAbsolutePitchRad": 0.18308796909564684,
  "maximumAbsolutePitchRateRadPerSec": 2.6160996654429307,
  "meanEnergy": 188.784462057597,
  "meanSmoothness": 133.30072805429452,
  "peakActuator": 8.0,
  "motionCommandSchedule": [
    {
      "atStep": 0,
      "atSeconds": 0.0,
      "command": [
        0.25,
        0.0,
        0.0
      ]
    }
  ],
  "transitionCount": 0,
  "transitions": [],
  "maximumTransitionTerminalPlanarTrackingError": 0.0,
  "maximumTransitionTerminalYawRateTrackingError": 0.0,
  "maximumPlanarSettlingTimeSeconds": 0.0,
  "maximumPlanarBrakingSettlingTimeSeconds": 0.0,
  "maximumYawRateSettlingTimeSeconds": 0.0,
  "maximumPlanarOvershootMps": 0.0,
  "maximumYawRateOvershootRadPerSec": 0.0,
  "unsettledPlanarTransitionCount": 0,
  "unsettledYawRateTransitionCount": 0,
  "initialBasePosition": [
    0.0,
    0.0,
    0.44
  ],
  "finalBasePosition": [
    0.05965303445216983,
    1.3660326999030928e-12,
    0.41914085191813205
  ],
  "netDisplacement": [
    0.05965303445216983,
    1.3660326999030928e-12,
    -0.02085914808186795
  ],
  "targetPlanarDisplacement": [
    1.25,
    0.0
  ],
  "forwardDisplacement": 0.05965303445216983,
  "targetDistance": 1.25,
  "forwardProgress": 0.047722427561735864,
  "signedForwardProgress": 0.047722427561735864,
  "backwardDisplacement": 0.0,
  "meanForwardVelocity": 0.01193060689043475,
  "lateralDrift": 1.3660326999030928e-12,
  "distanceTraveled": 0.2284207016336572
}
