{
  "terms": {
    "survival": 25.0,
    "velocityTracking": 16.14589769912707,
    "forwardProgress": 2.386121378086793,
    "upright": 14.095330186677261,
    "lateralDrift": -1.3660326999030928e-11,
    "transitionTracking": 0.0,
    "energy": -1.8878446205759702,
    "smoothness": -0.6665036402714727,
    "componentMass": -1.5075,
    "sensorChannels": -5.3500000000000005,
    "trainingSteps": -0.0
  },
  "total": 48.21550100303002
}
