{
  "terms": {
    "survival": 30.0,
    "velocityTracking": 12.21443920843078,
    "forwardProgress": 10.0,
    "upright": 9.508415843904144,
    "lateralDrift": -0.20592639188284562,
    "transitionTracking": 4.920631172427104,
    "energy": -3.0516605837257784,
    "smoothness": -0.030995647780178017,
    "componentMass": -1.2060000000000002,
    "sensorChannels": -1.07,
    "trainingSteps": -0.0
  },
  "total": 61.07890360137323
}
