{
  "terms": {
    "survival": 30.0,
    "velocityTracking": 17.54389746970463,
    "forwardProgress": 25.0,
    "upright": 14.325493651708229,
    "lateralDrift": -3.2538772151517463,
    "transitionTracking": 0.0,
    "energy": -0.945753543739874,
    "smoothness": -0.12784429749128287,
    "componentMass": -1.2060000000000002,
    "sensorChannels": -1.07,
    "trainingSteps": -0.0
  },
  "total": 80.26591606502996
}
