{
  "count": 4096.0001,
  "mean": [
    0.19498670376773886,
    0.4051313923283092,
    -0.3582994942479311,
    -0.12384650328509841,
    0.4022046433649222,
    -0.3707797048856375,
    0.16937953020780872,
    0.3835577389195462,
    -0.4835165269834509,
    -0.177997830342975,
    0.3989487359260593,
    -0.4934626669991184,
    0.009589486999397495,
    0.06802265711772248,
    0.06952767022051433,
    0.028284876398557635,
    0.06520001954111228,
    0.07409723546103808,
    0.007702701629005477,
    0.010173316441216329,
    0.03400020213251899,
    0.0068890356449917076,
    0.041253530147159004,
    0.047127027529248036,
    0.4158348722753708,
    0.9364817468620101,
    0.0005109832241548737,
    -0.013145518843873166,
    -0.007692713836476915,
    0.1276997424519558,
    0.08262867439425717,
    -0.02014489851486555,
    0.09094750132548947,
    0.10747941400370255,
    0.1974863887435694,
    0.08991978178823969,
    0.09623924801894966,
    0.19747622496999503,
    0.9579055409603077,
    0.21318408334740763,
    9.755084645008635,
    0.42052355945925535,
    -0.7562709508280326,
    -0.33243858243683616,
    -0.6197613924562969,
    -0.6404831572358242,
    -0.22306476632854347,
    0.29011790326076103,
    -0.03403479997303775,
    0.7998340331285995,
    -0.40970082380532874,
    0.12949288436034517,
    0.9403083276675196,
    0.41084870629166365,
    -0.7800682942705177,
    -0.31122571822934253,
    -0.6305665199127323,
    -0.6639198676005873,
    -0.20396020194512268,
    0.29017886877642207,
    -0.041712442414145824,
    0.8156019274743838,
    -0.4080672372576511,
    0.11444973204949126,
    0.9583206911134086,
    0.4044708328689152,
    -0.7664321865194035,
    -0.32648930567517653,
    -0.6423590794436154,
    -0.6659611388636716,
    -0.21559591662831756,
    0.28706412137414516,
    -0.023086499296620336,
    0.8078022288100076,
    -0.41010907547789055,
    0.13648710094339744,
    0.9387894613808494,
    0.397021586544342,
    -0.789538799617372,
    -0.30363660172208085,
    -0.6558000751883253,
    -0.6916993050259862,
    -0.20074560579859674,
    0.2791358930885467,
    -0.02536648068787488,
    0.8234267409975994,
    -0.41065563745154054,
    0.12212158178074223,
    0.9560689767003783,
    0.40941750094982926,
    -0.7585088663586793,
    -0.3329625832126157,
    -0.6198336745896122,
    -0.6257622190193025,
    -0.2286984392541321,
    0.27243111558343536,
    -0.04009785351502746,
    0.8127912992786587,
    -0.4189277450311069,
    0.1317121337423295,
    0.9340063842011731,
    0.41912308440286966,
    -0.768190691299118,
    -0.3187671339671025,
    -0.6184883502342192,
    -0.6484208968780856,
    -0.21522082812946725,
    0.2770233394728203,
    -0.06206431593361578,
    0.8308001244410023,
    -0.41701663378533466,
    0.11382889207100473,
    0.9521178497234625,
    0.425150956798905,
    -0.7514277745455191,
    -0.33829795962208936,
    -0.6179942947690308,
    -0.6467587696888704,
    -0.23084598933245984,
    0.2879376173520766,
    -0.04143997946139644,
    0.8160730524759455,
    -0.4149262450656313,
    0.12805385230884042,
    0.938354583385706,
    0.42309381781497785,
    -0.7739281888049367,
    -0.314860709439492,
    -0.6267833195614447,
    -0.6701954886683698,
    -0.21552588509415663,
    0.2902984596520141,
    -0.04070360128786981,
    0.8261216508128337,
    -0.4081274038522684,
    0.11051542704979017,
    0.9578852932074481,
    1.3520507482409478,
    0.24999999389648467,
    0.0,
    0.0,
    14.573820170128782,
    17.92507331800644,
    15.431532442316959,
    14.398191822592235
  ],
  "variance": [
    0.03587537995841186,
    0.04535177070171058,
    0.07297379234957535,
    0.04888672563228733,
    0.047959718802084834,
    0.07434676505031444,
    0.03369515955903888,
    0.05781912500748512,
    0.07009473162802625,
    0.03426238269129778,
    0.053117600435762156,
    0.0690049403419995,
    15.482754069599377,
    32.09354101381772,
    65.76226850067187,
    12.672742126359086,
    29.311316962868915,
    63.26956789412983,
    18.40673907552866,
    29.04507089369713,
    64.60077802967982,
    17.900437317467283,
    33.35928891044953,
    60.538127217568174,
    0.001299130598867669,
    0.03198482781795708,
    0.004388198676032486,
    0.00896887785971202,
    0.07742786273493714,
    0.06371768625074653,
    0.062087494196839364,
    0.05134256429458702,
    4.7696157218574005,
    1.8974276656943982,
    1.2481729797612635,
    4.648952281275743,
    1.816615900874177,
    1.2287208429922685,
    43.696209282382554,
    56.79283000010115,
    158.24895338683507,
    22.642399893997368,
    50.108123450529945,
    56.2683919786913,
    21.601733850531872,
    50.2596027902603,
    55.756014292116745,
    24.048921799426967,
    51.57585477238721,
    54.43473554534296,
    24.336274342284618,
    50.93973208869748,
    53.08423914621429,
    22.780118013501085,
    50.321820943380544,
    56.52997361189113,
    21.71229898314872,
    50.51026829309553,
    55.999606015324176,
    24.188460940310513,
    51.820625465737706,
    54.65618659577362,
    24.43585621418935,
    51.19527730897849,
    53.30537861685538,
    22.898408985471537,
    50.60728465610656,
    56.79623263978312,
    21.835099877719625,
    50.66568724537771,
    56.25029105169846,
    24.287050351653352,
    52.08327744144526,
    54.83825729088281,
    24.57909541535116,
    51.450394744274874,
    53.62367095475986,
    23.029895732876366,
    50.84773058250434,
    57.08391981517384,
    21.9151459303578,
    50.86955424399657,
    56.466744235851344,
    24.414472149298835,
    52.256705080146666,
    55.0939989068663,
    24.686132781128084,
    51.71569053501361,
    53.85690303120688,
    22.28263628054429,
    49.73463244993361,
    55.86068796212229,
    21.319298103744426,
    49.90626491768811,
    55.36177716766315,
    23.652928979819954,
    51.18995913286025,
    54.02781565428908,
    23.951213917486672,
    50.55574204424068,
    52.71350192156331,
    22.415327632359805,
    49.97961735794036,
    56.13668124492865,
    21.421309153973628,
    50.13102778941151,
    55.587792020346306,
    23.787432540962456,
    51.447130683199894,
    54.26459375240502,
    24.065863771777284,
    50.821600490753205,
    52.94529219537901,
    22.538951325664204,
    50.271665649654864,
    56.405083974952674,
    21.499703332933564,
    50.28421920378511,
    55.86206613882993,
    23.916430616569677,
    51.70508398578095,
    54.469214314435355,
    24.215724074307456,
    51.07881311079133,
    53.228517523641955,
    22.643734667483585,
    50.50171268383752,
    56.70163185339309,
    21.60218469014179,
    50.53459106450571,
    56.07651077773249,
    24.052845547486843,
    51.867692152836746,
    54.71297255567972,
    24.359555134637592,
    51.3455555919154,
    53.472721996627655,
    2.228111043317998,
    1e-06,
    1e-06,
    1e-06,
    628.3491846809853,
    1444.665568862986,
    1269.8836769813302,
    823.5064178487072
  ]
}
