{
  "durationSeconds": 4.999999999999671,
  "steps": 250,
  "survivalRate": 1.0,
  "fell": false,
  "motionCommand": [
    0.25,
    0.0,
    0.0
  ],
  "meanMotionCommand": [
    0.25,
    0.0,
    0.0
  ],
  "meanMeasuredMotion": [
    0.061818720780069225,
    0.008935976115995578,
    0.016721321273362694
  ],
  "planarVelocityTrackingError": 0.188393326628082,
  "yawRateTrackingError": 0.016721321273362694,
  "meanVelocityTrackingError": 0.19504911270978775,
  "meanPlanarVelocityTrackingError": 0.1904181409382473,
  "meanYawRateTrackingError": 0.030475126609644524,
  "meanUpright": 0.9347658452287758,
  "meanAbsolutePitchRad": 0.1305881108384232,
  "minimumPitchRad": -0.21996289863879404,
  "maximumPitchRad": -0.013761765957869475,
  "maximumBackwardPitchRad": 0.21996289863879404,
  "maximumAbsolutePitchRad": 0.21996289863879404,
  "maximumAbsolutePitchRateRadPerSec": 2.570428543698892,
  "meanEnergy": 186.27129919156377,
  "meanSmoothness": 128.89680681920993,
  "peakActuator": 8.0,
  "motionCommandSchedule": [
    {
      "atStep": 0,
      "atSeconds": 0.0,
      "command": [
        0.25,
        0.0,
        0.0
      ]
    }
  ],
  "transitionCount": 0,
  "transitions": [],
  "maximumTransitionTerminalPlanarTrackingError": 0.0,
  "maximumTransitionTerminalYawRateTrackingError": 0.0,
  "maximumPlanarSettlingTimeSeconds": 0.0,
  "maximumPlanarBrakingSettlingTimeSeconds": 0.0,
  "maximumYawRateSettlingTimeSeconds": 0.0,
  "maximumPlanarOvershootMps": 0.0,
  "maximumYawRateOvershootRadPerSec": 0.0,
  "unsettledPlanarTransitionCount": 0,
  "unsettledYawRateTransitionCount": 0,
  "initialBasePosition": [
    0.0,
    0.0,
    0.44
  ],
  "finalBasePosition": [
    0.3084271498657948,
    0.04565840249910632,
    0.41897422551623265
  ],
  "netDisplacement": [
    0.3084271498657948,
    0.04565840249910632,
    -0.021025774483767357
  ],
  "targetPlanarDisplacement": [
    1.25,
    0.0
  ],
  "forwardDisplacement": 0.3084271498657948,
  "targetDistance": 1.25,
  "forwardProgress": 0.24674171989263582,
  "signedForwardProgress": 0.24674171989263582,
  "backwardDisplacement": 0.0,
  "meanForwardVelocity": 0.06168542997316301,
  "lateralDrift": 0.04565840249910632,
  "distanceTraveled": 0.42165302363267443
}
