{
  "terms": {
    "survival": 25.0,
    "velocityTracking": 16.735713860872018,
    "forwardProgress": 12.337085994631792,
    "upright": 14.021487678431637,
    "lateralDrift": -0.4565840249910632,
    "transitionTracking": 0.0,
    "energy": -1.8627129919156378,
    "smoothness": -0.6444840340960497,
    "componentMass": -1.5075,
    "sensorChannels": -5.3500000000000005,
    "trainingSteps": -0.0
  },
  "total": 58.27300648293269
}
