{
  "count": 8192.000100000001,
  "mean": [
    0.07321270535795028,
    0.3003382400963748,
    -0.48009462789398283,
    -0.0992416903487217,
    0.321746313814345,
    -0.4847162848628876,
    0.10733445852980808,
    0.24182086329374045,
    -0.5427183147142168,
    -0.13012949174404292,
    0.23549400730951126,
    -0.541498709876638,
    -0.009891513377715815,
    0.01855203695173983,
    0.02154836796768704,
    0.012702865939531316,
    0.019938074152646666,
    0.021087128692184116,
    0.0028330836660964928,
    0.022921210829006205,
    -0.0004986022064905723,
    -0.002199813629150782,
    0.020657466067607957,
    0.003134079913166106,
    0.21275551428875053,
    0.37610933093220433,
    0.0008570416105911432,
    -0.05947549729675442,
    0.0457362318696738,
    -0.001876735414433535,
    0.0025794062692679576,
    -0.007192216065891196,
    0.016861599407884433,
    -0.021920091494409516,
    -0.024227355247988774,
    0.01781539239756407,
    -0.024313434943947856,
    -0.024051326310345452,
    0.12632522998426965,
    0.2955990539916808,
    -2.282700333967613,
    0.17933282000479372,
    -0.13553180013295688,
    -0.011713930797264616,
    -0.1777778207296592,
    -0.1406345688777129,
    -0.009875706730987753,
    -0.04637701095988275,
    -0.0005312843355031363,
    0.5301343809997426,
    -0.017039891014730316,
    0.15073442627769937,
    0.5510994776508557,
    0.18023968980025504,
    -0.13575241767799587,
    -0.012694298079662021,
    -0.17772268649410278,
    -0.14290199029922168,
    -0.008897051035307807,
    -0.04580735651460401,
    0.004133982196277185,
    0.527175660540492,
    -0.015621598097948866,
    0.14945717116668078,
    0.5545230132092757,
    0.18366615664575112,
    -0.133879753198841,
    -0.01614362418597367,
    -0.1747520376245447,
    -0.13985241584754893,
    -0.010480829088006108,
    -0.04262869503850393,
    0.004394485940270431,
    0.5303701172103347,
    -0.012161341802378836,
    0.15124833972818574,
    0.5547606282530463,
    0.18434671970680486,
    -0.13388613764687857,
    -0.018896198717031104,
    -0.17452273356513195,
    -0.14383060744712772,
    -0.011245595673495612,
    -0.04378188423343312,
    0.002497459339117182,
    0.534812076121459,
    -0.012813763575558822,
    0.14864671992711972,
    0.5593161306395157,
    0.17913958755938933,
    -0.1345115003563404,
    -0.015116997644241882,
    -0.17751124063916698,
    -0.14190428429383478,
    -0.010852746469501696,
    -0.04667941263128345,
    -0.0018292363649233085,
    0.531706839789916,
    -0.017245791995058973,
    0.15009079451144763,
    0.5532432628945404,
    0.17867337801980257,
    -0.13575915871202163,
    -0.01270073134454452,
    -0.1790419535809539,
    -0.14289344248341124,
    -0.008921229458860012,
    -0.04777464904122011,
    0.0006285281030762941,
    0.5306115714164794,
    -0.017599956946537806,
    0.1499962038888015,
    0.5536312926544826,
    0.18140017709996678,
    -0.1365162249191266,
    -0.012215728137319729,
    -0.1769936284049919,
    -0.141822031886564,
    -0.010401805233071963,
    -0.04507164834990952,
    0.005131076681024368,
    0.5283774888526134,
    -0.01441706065194715,
    0.15239108757308636,
    0.5537649572527001,
    0.1849749351316003,
    -0.1337614973497079,
    -0.01703118178430277,
    -0.17409954962477248,
    -0.14174221770979376,
    -0.009527918850494865,
    -0.042316924357914724,
    0.0053369152558912164,
    0.5308281010500628,
    -0.011153161838905716,
    0.15028194907117828,
    0.5572253294723561,
    0.823957590658952,
    0.13945312472086815,
    0.021972656854894045,
    0.036621093302965105,
    6.17332870462856,
    6.331776881248181,
    7.046892781172637,
    7.265769251645749
  ],
  "variance": [
    0.02826793638268852,
    0.11272995194091469,
    0.09999710714295788,
    0.029673336284186582,
    0.09903449660236305,
    0.1047021695937573,
    0.038096341045998176,
    0.1482266456357438,
    0.04279814188293919,
    0.03876103097389869,
    0.13758920888088863,
    0.04503842268877535,
    16.02643369255669,
    18.30597793067972,
    42.57299222082302,
    15.93504657066031,
    18.103896231386003,
    42.672598232530284,
    17.97917940419146,
    17.409766777577733,
    38.580910917377885,
    17.74916593616193,
    17.65276479371947,
    38.00027760290225,
    0.026683182634866777,
    0.1959486875310739,
    0.2596974787635271,
    0.30502928524778117,
    0.0922353478930882,
    0.03964800899289289,
    0.04516278710103147,
    0.04563608213295848,
    5.884796115276116,
    1.1900434867332366,
    0.3337513874528585,
    5.645603937829823,
    1.146909050465329,
    0.3238225195989407,
    59.24496501238701,
    33.164176575802,
    312.6456486889313,
    41.64907793792357,
    50.26543428729945,
    54.33841528198533,
    42.28380068590599,
    50.102786634681635,
    54.159135738945636,
    44.104084467774726,
    49.34556088888932,
    52.146573970762,
    44.15061954899057,
    49.000155745551716,
    51.57113957326055,
    41.71417427651949,
    50.343842917585256,
    54.42376519039417,
    42.34735029124501,
    50.18092149748779,
    54.24448574900859,
    44.17604927031288,
    49.420877183562595,
    52.2231390580994,
    44.22150244941693,
    49.07694159467091,
    51.64015773291866,
    41.76846542086423,
    50.415047890806896,
    54.50378267032095,
    42.403944530537494,
    50.25054657382906,
    54.30498029581909,
    44.232728153215874,
    49.495927472346644,
    52.29545988702855,
    44.277578382890376,
    49.15170575594566,
    51.70677640158675,
    41.81712698805655,
    50.46527056022777,
    54.576180869286894,
    42.452810073149834,
    50.309042524523406,
    54.387694590365314,
    44.278810395554665,
    49.552860007661735,
    52.369945634891195,
    44.32300381166753,
    49.20830440009025,
    51.75055131569281,
    41.61419789799589,
    50.22830888505374,
    54.291394049143086,
    42.24128007041106,
    50.058914928400384,
    54.10758769816266,
    44.07617570386148,
    49.299358216288034,
    52.09642730231041,
    44.117961310712836,
    48.95907876515235,
    51.535722457624,
    41.657965987623406,
    50.28095935969675,
    54.36171831152572,
    42.29166736973012,
    50.11848988980211,
    54.18226932231342,
    44.113194169583565,
    49.36411057685661,
    52.16249793828852,
    44.15935205272203,
    49.02033351345357,
    51.58652208488509,
    41.72185560083426,
    50.3635524590311,
    54.441457724375496,
    42.35599564868226,
    50.20356409507481,
    54.260718521111414,
    44.184272123570395,
    49.444162811810486,
    52.234927921018766,
    44.23019013427462,
    49.09913790537915,
    51.65318581657069,
    41.77690928789917,
    50.42871143742926,
    54.52563338150862,
    42.41212964860555,
    50.26397014035087,
    54.32909372346317,
    44.23804715836432,
    49.51863018882912,
    52.31266465646311,
    44.2814665052874,
    49.17515837614995,
    51.721668450180324,
    0.14503090332021018,
    0.007037213521456556,
    0.0028131132169695173,
    0.007814181058067889,
    508.3298857352259,
    511.11884979478054,
    501.7197656594852,
    489.2157135496776
  ]
}
