{
  "count": 65536.0001,
  "mean": [
    0.10587113056102976,
    0.16750938983674338,
    -0.49872703109163813,
    -0.12212176966316927,
    0.20579946525375223,
    -0.5131033467730733,
    0.0035262481307266834,
    0.0539552704211511,
    0.17965506311219953,
    0.17134607451944464,
    -0.5528194476823673,
    -0.19401842281170623,
    0.2139664762476828,
    -0.5634320304379276,
    -0.006236715600270372,
    0.0023284234708650245,
    0.013559383026003846,
    0.006912716926017108,
    0.003634916500785204,
    0.014696568321725004,
    -0.0004796789631932243,
    0.0037706437699572062,
    0.008672226976910424,
    -0.0006611586480591878,
    0.009239745637491357,
    -0.0066400579964889074,
    0.0020975647360513927,
    0.007837418432240239,
    0.24080893995254946,
    0.5054426753076434,
    -0.13244004679958693,
    0.029670034132274103,
    -0.022863608336158144,
    -0.03572997034832412,
    0.026415059103333086,
    -0.023021113737626255,
    -0.029998242126849928,
    -0.011747864315316707,
    0.023407424736700336,
    -0.03007325272936374,
    -0.014453652891912425,
    0.023343233074682515,
    0.8617558863440645,
    -0.12642858178905236,
    -0.05235136723066452,
    1.1098637129243425,
    0.16594238466368136,
    0.012359619612892914,
    0.02059936520294293,
    7.031181851136338,
    6.967249668329357,
    8.853067043131638,
    8.74965478671247
  ],
  "variance": [
    0.040947768409355226,
    0.16590273816593762,
    0.11450928199835975,
    0.041071317243827704,
    0.13012055624114477,
    0.12830665112289416,
    0.0037311789499863387,
    0.023499620665571135,
    0.06251943623176809,
    0.18356657776995153,
    0.05533853447709937,
    0.061253359102114074,
    0.14176867854181352,
    0.06814436780648002,
    14.400562910588905,
    21.53582876630468,
    46.471052916850496,
    14.049216543708825,
    21.366073790947457,
    46.716215280812904,
    4.153737557350352,
    9.273825563299853,
    20.099423837093518,
    23.481126875672622,
    37.655152574817926,
    20.022128862657574,
    23.669549742544174,
    37.81145202805663,
    0.021838435313046033,
    0.19863337952427285,
    0.21298138301969013,
    0.21611458257933788,
    0.09785671345030209,
    0.03906728037490456,
    0.08302320034955568,
    0.08742348846066715,
    4.678352929342383,
    2.8907284242273317,
    0.5577248169229421,
    4.551687860237828,
    2.75119948639614,
    0.5355130216243886,
    60.32524109933541,
    46.5427251316715,
    288.41350558559947,
    0.09779450175987767,
    0.004860588263191961,
    0.0017011843445064927,
    0.004725508979850398,
    265.9768470808719,
    269.7441030564638,
    509.2030807989942,
    511.6867675326693
  ]
}
