{
  "durationSeconds": 1.1000000000000008,
  "steps": 55,
  "survivalRate": 0.216,
  "fell": true,
  "motionCommand": [
    0.25,
    0.0,
    0.0
  ],
  "meanMotionCommand": [
    0.25,
    0.0,
    0.0
  ],
  "meanMeasuredMotion": [
    0.43345639846588213,
    -0.007041025487614805,
    0.010340137203202121
  ],
  "planarVelocityTrackingError": 0.1835914654279707,
  "yawRateTrackingError": 0.010340137203202121,
  "meanVelocityTrackingError": 0.30452806903427737,
  "meanPlanarVelocityTrackingError": 0.29639970402585003,
  "meanYawRateTrackingError": 0.03420848827300667,
  "meanUpright": 0.5730223417411743,
  "meanEnergy": 501.1081953409508,
  "meanSmoothness": 27.8063506048506,
  "peakActuator": 8.0,
  "motionCommandSchedule": [
    {
      "atStep": 0,
      "atSeconds": 0.0,
      "command": [
        0.25,
        0.0,
        0.0
      ]
    }
  ],
  "transitionCount": 0,
  "transitions": [],
  "maximumTransitionTerminalPlanarTrackingError": 0.0,
  "maximumTransitionTerminalYawRateTrackingError": 0.0,
  "maximumPlanarSettlingTimeSeconds": 0.0,
  "maximumPlanarBrakingSettlingTimeSeconds": 0.0,
  "maximumYawRateSettlingTimeSeconds": 0.0,
  "maximumPlanarOvershootMps": 0.0,
  "maximumYawRateOvershootRadPerSec": 0.0,
  "unsettledPlanarTransitionCount": 0,
  "unsettledYawRateTransitionCount": 0,
  "initialBasePosition": [
    0.0,
    0.0,
    0.44
  ],
  "finalBasePosition": [
    0.4731489928364371,
    -0.005642953819772907,
    0.18619445609871116
  ],
  "netDisplacement": [
    0.4731489928364371,
    -0.005642953819772907,
    -0.25380554390128884
  ],
  "targetPlanarDisplacement": [
    1.25,
    0.0
  ],
  "forwardDisplacement": 0.4731489928364371,
  "targetDistance": 1.25,
  "forwardProgress": 0.37851919426914965,
  "signedForwardProgress": 0.37851919426914965,
  "backwardDisplacement": 0.0,
  "meanForwardVelocity": 0.4301354480331243,
  "lateralDrift": 0.005642953819772907,
  "distanceTraveled": 0.47888805474715335
}
