{
  "count": 16384.0001,
  "mean": [
    0.19425396636887188,
    0.44755320351828676,
    -0.32521592038103214,
    -0.18846550083196018,
    0.4466131458530099,
    -0.3284292491228992,
    0.1749227589529671,
    0.31088582754292865,
    -0.490211889540807,
    -0.17403576984527092,
    0.30853235591349537,
    -0.4849730507364072,
    0.0046649117100834156,
    0.05786097794994161,
    0.08410241899729738,
    -0.013481240213444637,
    0.05854414054847348,
    0.08661907314514775,
    0.0016715838818845865,
    0.027917853118280392,
    0.044165998850485826,
    -0.014260470089427836,
    0.028829036861495603,
    0.045307169303651085,
    0.33415821336211776,
    0.8822939039198089,
    -0.0001744021178596733,
    0.26422150323262356,
    0.009962407185295707,
    0.12992640212372947,
    0.0068603310907063425,
    -0.04072836787579496,
    0.018747735587465727,
    0.26603393290705685,
    0.010248974736373,
    0.01743442789215729,
    0.2601544055723674,
    0.01068447051137537,
    -3.9426611366522653,
    -0.01471666085146309,
    6.053993365228236,
    0.0811094974037298,
    -1.640935611811432,
    -0.7767345750010695,
    -0.08761944244198672,
    -1.6543381015299687,
    -0.7724114759574776,
    0.14497591784088323,
    0.45201489881500295,
    0.5034869265205703,
    -0.1550893790100585,
    0.46713474737628835,
    0.4982803307172459,
    0.07948701674429788,
    -1.6577576539626009,
    -0.7590129959584635,
    -0.08871336328483495,
    -1.6667139302822964,
    -0.7569026354009324,
    0.1421745083681475,
    0.43575357085479766,
    0.5260285050145581,
    -0.15374114913592113,
    0.450856018190909,
    0.5211546393588912,
    0.08429943732275465,
    -1.6458815766059514,
    -0.7755421838574881,
    -0.08597888279588685,
    -1.6502283033052627,
    -0.774332181949789,
    0.14863392517109153,
    0.4454338170403623,
    0.5180343350454943,
    -0.15106292834161494,
    0.45887537644858123,
    0.5140376417589755,
    0.08263328652047043,
    -1.663524676857024,
    -0.7560317923370575,
    -0.0857180079862037,
    -1.6675763831454766,
    -0.756144629940564,
    0.14432317556058386,
    0.42118490973868317,
    0.5456603170011041,
    -0.1491435329698881,
    0.43423362538289895,
    0.5395093968865573,
    0.08359507135935483,
    -1.6390335240900857,
    -0.7746594312588904,
    -0.07945188822819205,
    -1.6485029171408858,
    -0.7670487431732613,
    0.1455172149978356,
    0.43652893200995563,
    0.5159666115262839,
    -0.15111565159743812,
    0.45549701854927827,
    0.5077245253863278,
    0.08058649954031909,
    -1.6497682136962295,
    -0.7605937709685384,
    -0.08538668190736566,
    -1.6644955912264447,
    -0.7513532741546333,
    0.1390976443968761,
    0.4322933467654325,
    0.5245464543097412,
    -0.15461710326450598,
    0.44840459096432755,
    0.5192718031006777,
    0.08273298747639189,
    -1.634934186662825,
    -0.777826524173738,
    -0.0858916992731573,
    -1.647556980213741,
    -0.7725508671267932,
    0.14475160287702074,
    0.45403056632504357,
    0.5055553322487101,
    -0.15491138946164415,
    0.46912755852915705,
    0.5015654174570351,
    0.07982302282126347,
    -1.6525088920531388,
    -0.7580169879384276,
    -0.08966907662924077,
    -1.6621933701357214,
    -0.7564415834010124,
    0.14168685441137988,
    0.43594905182329174,
    0.5291266157077268,
    -0.1527786565894362,
    0.4508199649803431,
    0.5252566673159752,
    0.7362692954723172,
    12.408748884094683,
    12.393155495390241,
    6.4412635421054745,
    6.276006426714148
  ],
  "variance": [
    0.012902383832440129,
    0.0339366864511514,
    0.04044112353229968,
    0.012858903982503648,
    0.03338295530920258,
    0.04009778047927091,
    0.009997840756624259,
    0.02538216042060875,
    0.028308222108748064,
    0.01025677534251641,
    0.025542097208621717,
    0.027996118151702325,
    6.802618072780606,
    17.310305676476137,
    42.10969139373963,
    6.626224445987269,
    17.009527710551243,
    41.69572695959876,
    9.603478060748502,
    21.112072778163167,
    41.48005980170645,
    9.390893363097284,
    21.353097257108683,
    42.01310019107297,
    0.007002979671616792,
    0.020703388025975995,
    0.004793611526377994,
    0.09637248425430972,
    0.02978155229850871,
    0.09710141460157333,
    0.026679224143315815,
    0.04939903352523307,
    2.1491536905003286,
    1.9143619612039897,
    0.3274502938039046,
    2.057938976521452,
    1.8561312044767762,
    0.3216053915218831,
    94.8713911202697,
    25.88593485198403,
    125.42444543233654,
    15.951545315357198,
    45.73166273063728,
    51.679605787182965,
    15.88976798833942,
    45.718693035856546,
    51.55076401264213,
    23.013600006365426,
    50.43529188291953,
    55.52775369175359,
    22.538306358443887,
    50.525883521315386,
    55.65825340947507,
    16.088411652203067,
    45.87413087469903,
    51.98436208342945,
    16.016792888929228,
    45.860234372302884,
    51.84896001352045,
    23.174138408954217,
    50.66324622179282,
    55.768729772470316,
    22.704809354481544,
    50.7382876368682,
    55.90590990757344,
    16.206656443796042,
    46.168969687324434,
    52.220707490624605,
    16.144495897761686,
    46.17963576569648,
    52.092258348256784,
    23.332848751902752,
    50.92871801697978,
    56.04005552110571,
    22.86037802054584,
    51.00459981430651,
    56.17471212134626,
    16.340594080084102,
    46.31657945556624,
    52.52030992424268,
    16.27645571406567,
    46.331020844172315,
    52.391735104303805,
    23.499641301120995,
    51.19158576772712,
    56.28884887082623,
    23.0158096651296,
    51.25915184711276,
    56.416735580469684,
    15.766800528525136,
    45.54112277143226,
    51.47356384582464,
    15.715090537525098,
    45.537358068017824,
    51.3536964988524,
    22.803891238869028,
    50.22827200443596,
    55.3028676321282,
    22.35107740335132,
    50.315139128797945,
    55.42766063525737,
    15.890863106876873,
    45.69454880279618,
    51.7671834602291,
    15.835545278363059,
    45.66364234992045,
    51.65285856735522,
    22.97301763688346,
    50.47099202350482,
    55.56566732053452,
    22.489936009674132,
    50.54869690572906,
    55.69078464560718,
    16.008782862034796,
    46.00526878078465,
    51.99995346387265,
    15.952885856331143,
    45.99440757864905,
    51.869096252357274,
    23.132726988824878,
    50.706241586993286,
    55.82485226066901,
    22.6521797727666,
    50.79318368459936,
    55.95801405205914,
    16.143909886463486,
    46.14512335490047,
    52.301251502264904,
    16.077727204928888,
    46.12762268798252,
    52.16428965477483,
    23.2969199078787,
    50.95739165585046,
    56.07245027991301,
    22.815440422793284,
    51.03422295455934,
    56.21143078171964,
    0.9618775083096556,
    427.45579244518854,
    423.77139642773363,
    492.8617816866988,
    424.260781953458
  ]
}
