{
  "durationSeconds": 5.999999999999561,
  "steps": 300,
  "survivalRate": 1.0,
  "fell": false,
  "motionCommand": [
    0.0,
    0.0,
    0.0
  ],
  "meanMotionCommand": [
    0.0,
    0.0,
    0.0
  ],
  "meanMeasuredMotion": [
    0.005304902794061314,
    0.027657132963261825,
    -0.006354056083037454
  ],
  "planarVelocityTrackingError": 0.028161303190761315,
  "yawRateTrackingError": 0.006354056083037454,
  "meanVelocityTrackingError": 0.053019193680187954,
  "meanPlanarVelocityTrackingError": 0.03431589766733936,
  "meanYawRateTrackingError": 0.02714192412354428,
  "meanUpright": 0.011733948005451501,
  "meanAbsolutePitchRad": 0.0006191389263211512,
  "minimumPitchRad": -0.02107786751755111,
  "maximumPitchRad": 0.015336707909175368,
  "maximumBackwardPitchRad": 0.02107786751755111,
  "maximumAbsolutePitchRad": 0.02107786751755111,
  "maximumAbsolutePitchRateRadPerSec": 1.9644177007411854,
  "meanBodyTiltRad": 3.051343234266159,
  "maximumBodyTiltRad": 3.1415865800183385,
  "initialBodyTiltRad": 1.5707963267948963,
  "minimumBodyTiltRad": 1.5707963267948963,
  "finalBodyTiltRad": 3.1411467787630105,
  "finalBaseHeightM": 0.05988140519813919,
  "selfRightingTask": true,
  "selfRightingSuccess": 0.0,
  "timeToStableStandSeconds": 6.0,
  "stableStandingDwellSeconds": 0.0,
  "finalStableStandingDwellSeconds": 0.0,
  "minimumJointLimitMarginRad": -0.009997675175870024,
  "disallowedCollisionSteps": 19,
  "meanEnergy": 168.2679502457502,
  "meanSmoothness": 95.30001231608426,
  "peakActuator": 8.0,
  "motionQualityFootEvidenceAvailable": true,
  "motionQualityContactThresholdNewton": 1.0,
  "meanJointJerkRadPerSec3": 17163.40187556444,
  "peakJointJerkRadPerSec3": 44615.11465240163,
  "meanBodyAngularJerkRadPerSec3": 348.11991056973943,
  "peakBodyAngularJerkRadPerSec3": 19830.241545241613,
  "meanActionSlewRatePerSec": 374.9553216283026,
  "peakActionSlewRatePerSec": 800.0,
  "actuatorSaturationRate": 0.2272222222222222,
  "meanFootSlipSpeedMps": 0.7777461660133854,
  "peakFootSlipSpeedMps": 1.0564107628666215,
  "totalFootSlipDistanceM": 0.3110984664053541,
  "meanFootContactImpactNPerSec": 2.634046039516548,
  "peakFootContactImpactNPerSec": 726.0232370945561,
  "peakFootContactForceNewton": 27.54123163680939,
  "motionCommandSchedule": [
    {
      "atStep": 0,
      "atSeconds": 0.0,
      "command": [
        0.0,
        0.0,
        0.0
      ]
    }
  ],
  "transitionCount": 0,
  "transitions": [],
  "maximumTransitionTerminalPlanarTrackingError": 0.0,
  "maximumTransitionTerminalYawRateTrackingError": 0.0,
  "maximumPlanarSettlingTimeSeconds": 0.0,
  "maximumPlanarBrakingSettlingTimeSeconds": 0.0,
  "maximumYawRateSettlingTimeSeconds": 0.0,
  "maximumPlanarOvershootMps": 0.0,
  "maximumYawRateOvershootRadPerSec": 0.0,
  "unsettledPlanarTransitionCount": 0,
  "unsettledYawRateTransitionCount": 0,
  "initialBasePosition": [
    0.0,
    0.0,
    0.18
  ],
  "finalBasePosition": [
    0.028753858274091444,
    0.16902291771403444,
    0.05988140519813919
  ],
  "netDisplacement": [
    0.028753858274091444,
    0.16902291771403444,
    -0.1201185948018608
  ],
  "targetPlanarDisplacement": [
    0.0,
    0.0
  ],
  "forwardDisplacement": 0.0,
  "targetDistance": 0.0,
  "forwardProgress": 1.0,
  "signedForwardProgress": 1.0,
  "backwardDisplacement": 0.0,
  "meanForwardVelocity": 0.0,
  "lateralDrift": 0.17145124985899576,
  "distanceTraveled": 0.20435872876200248
}
