{
  "terms": {
    "survival": 0.0,
    "velocityTracking": 0.0,
    "forwardProgress": 0.0,
    "upright": 0.023467896010903003,
    "lateralDrift": 0.0,
    "transitionTracking": 0.0,
    "energy": -0.3365359004915004,
    "smoothness": -0.09530001231608426,
    "jointJerk": 0.0,
    "bodyAngularJerk": 0.0,
    "actionSlew": 0.0,
    "actuatorSaturation": -0.1136111111111111,
    "footSlip": 0.0,
    "footImpact": 0.0,
    "selfRighting": 0.0,
    "recoveryTime": -12.0,
    "jointLimitMargin": -0.01999535035174005,
    "componentMass": -3.015,
    "sensorChannels": -0.2,
    "trainingSteps": -0.0
  },
  "total": -15.756974478259533
}
