{
  "previous": {
    "assembly": "force-sensing",
    "controller": "force-aware-gait",
    "assemblyHash": "d89572552c790a7256a7fe23403e257b121aab1b617e4b133032638dcb972cea",
    "aggregateScore": 84.1160568259157,
    "cases": [
      {
        "case": {
          "id": "nominal",
          "task": "velocity-track",
          "scenario": "nominal",
          "seed": 42,
          "weight": 1
        },
        "metrics": {
          "durationSeconds": 2.999999999999891,
          "steps": 150,
          "survivalRate": 1,
          "fell": false,
          "meanVelocityTrackingError": 0.19822274958187755,
          "meanUpright": 0.9430565496240639,
          "meanEnergy": 1.2553681043595677,
          "meanSmoothness": 0.38844674595721174,
          "peakActuator": 6
        },
        "score": {
          "terms": {
            "survival": 50,
            "velocityTracking": 16.691387312566917,
            "upright": 18.86113099248128,
            "energy": -0.025107362087191356,
            "smoothness": -0.0038844674595721173,
            "componentMass": -1.4275,
            "sensorChannels": -0.5,
            "trainingSteps": 0
          },
          "total": 83.59602647550143
        },
        "resultHash": "8bef9394b62ced67d6e4f0a94199a272f5666b309673f3737ad2374f5b2a5bdd"
      },
      {
        "case": {
          "id": "low-friction",
          "task": "velocity-track",
          "scenario": "low-friction",
          "seed": 43,
          "weight": 1.2
        },
        "metrics": {
          "durationSeconds": 2.999999999999891,
          "steps": 150,
          "survivalRate": 1,
          "fell": false,
          "meanVelocityTrackingError": 0.19822274958187755,
          "meanUpright": 0.9430565496240639,
          "meanEnergy": 1.2553681043595677,
          "meanSmoothness": 0.38844674595721174,
          "peakActuator": 6
        },
        "score": {
          "terms": {
            "survival": 50,
            "velocityTracking": 16.691387312566917,
            "upright": 18.86113099248128,
            "energy": -0.025107362087191356,
            "smoothness": -0.0038844674595721173,
            "componentMass": -1.4275,
            "sensorChannels": -0.5,
            "trainingSteps": 0
          },
          "total": 83.59602647550143
        },
        "resultHash": "95206d4776a604a59b0047e7ab6a3fec45f66bc81a5ddb19ebe8c29461644db2"
      },
      {
        "case": {
          "id": "lateral-push",
          "task": "stand",
          "scenario": "lateral-push",
          "seed": 44,
          "weight": 1.5
        },
        "metrics": {
          "durationSeconds": 2.0000000000000013,
          "steps": 100,
          "survivalRate": 1,
          "fell": false,
          "meanVelocityTrackingError": 0.10082351887073912,
          "meanUpright": 0.9351917793727084,
          "meanEnergy": 2.976901169370328,
          "meanSmoothness": 0.6246040160620541,
          "peakActuator": 6
        },
        "score": {
          "terms": {
            "survival": 50,
            "velocityTracking": 18.168216482617176,
            "upright": 18.70383558745417,
            "energy": -0.059538023387406554,
            "smoothness": -0.006246040160620541,
            "componentMass": -1.4275,
            "sensorChannels": -0.5,
            "trainingSteps": 0
          },
          "total": 84.87876800652332
        },
        "resultHash": "27299bba011f7c4d287dadbb63da3f74e8c407229f264d7ccfd2f05f3c484e7f"
      }
    ]
  },
  "candidate": {
    "assembly": "force-sensing",
    "controller": "force-aware-gait",
    "assemblyHash": "d89572552c790a7256a7fe23403e257b121aab1b617e4b133032638dcb972cea",
    "aggregateScore": 84.08974063758882,
    "cases": [
      {
        "case": {
          "id": "nominal",
          "task": "velocity-track",
          "scenario": "nominal",
          "seed": 42,
          "weight": 1
        },
        "metrics": {
          "durationSeconds": 2.999999999999891,
          "steps": 150,
          "survivalRate": 1,
          "fell": false,
          "meanVelocityTrackingError": 0.20075472381902132,
          "meanUpright": 0.9426654480923595,
          "meanEnergy": 1.1797467102011285,
          "meanSmoothness": 0.3669561699961152,
          "peakActuator": 6
        },
        "score": {
          "terms": {
            "survival": 50,
            "velocityTracking": 16.65619097994439,
            "upright": 18.85330896184719,
            "energy": -0.02359493420402257,
            "smoothness": -0.003669561699961152,
            "componentMass": -1.4275,
            "sensorChannels": -0.5,
            "trainingSteps": 0
          },
          "total": 83.5547354458876
        },
        "resultHash": "b41e1051b88f6967c5a749490065312d1dff124e540835e33e8cce92a04f4a15"
      },
      {
        "case": {
          "id": "low-friction",
          "task": "velocity-track",
          "scenario": "low-friction",
          "seed": 43,
          "weight": 1.2
        },
        "metrics": {
          "durationSeconds": 2.999999999999891,
          "steps": 150,
          "survivalRate": 1,
          "fell": false,
          "meanVelocityTrackingError": 0.20075472381902132,
          "meanUpright": 0.9426654480923595,
          "meanEnergy": 1.1797467102011285,
          "meanSmoothness": 0.3669561699961152,
          "peakActuator": 6
        },
        "score": {
          "terms": {
            "survival": 50,
            "velocityTracking": 16.65619097994439,
            "upright": 18.85330896184719,
            "energy": -0.02359493420402257,
            "smoothness": -0.003669561699961152,
            "componentMass": -1.4275,
            "sensorChannels": -0.5,
            "trainingSteps": 0
          },
          "total": 83.5547354458876
        },
        "resultHash": "5d40e146617c6e9a3b157510e1075c43484d660104c79b80be0cfa829cc9e9c3"
      },
      {
        "case": {
          "id": "lateral-push",
          "task": "stand",
          "scenario": "lateral-push",
          "seed": 44,
          "weight": 1.5
        },
        "metrics": {
          "durationSeconds": 2.0000000000000013,
          "steps": 100,
          "survivalRate": 1,
          "fell": false,
          "meanVelocityTrackingError": 0.09859473180967886,
          "meanUpright": 0.9330353422020766,
          "meanEnergy": 2.906457285136317,
          "meanSmoothness": 0.5738246366244995,
          "peakActuator": 6
        },
        "score": {
          "terms": {
            "survival": 50,
            "velocityTracking": 18.205075466778055,
            "upright": 18.66070684404153,
            "energy": -0.058129145702726336,
            "smoothness": -0.005738246366244994,
            "componentMass": -1.4275,
            "sensorChannels": -0.5,
            "trainingSteps": 0
          },
          "total": 84.87441491875062
        },
        "resultHash": "a1166caa50580ed1282ade68ec0a1ded9bef333e2f58866232691c156e07ad2b"
      }
    ]
  },
  "delta": -0.026316188326887868,
  "gateReasons": []
}
