{
  "count": 2048.0001,
  "mean": [
    0.2572675640804415,
    -0.5062928424764417,
    0.2664383270018336,
    -0.4996964233621414,
    0.2721240375235097,
    -0.5338980815800501,
    0.28456218140734896,
    -0.5295246334165884,
    0.03870347539953465,
    0.08668278339859334,
    0.04061804702436613,
    0.08826508287860674,
    0.04202755402799498,
    0.07599071505269422,
    0.04538513820065549,
    0.07627682944149408,
    0.4286571833169028,
    0.9985615227107115,
    -0.002578667570562783,
    -0.05228615874276171,
    -0.0018820853417834125,
    0.0058953633627529594,
    0.00048379858223929293,
    0.0028420694528899664,
    -0.0008497342979930546,
    -0.03568774588429269,
    -0.0027104582133281505,
    -0.0008408651283597462,
    -0.03518037962788518,
    -0.002707853510630627,
    0.8553557358740695,
    -0.04320998308874754,
    9.827561297194592,
    12.72253716970225,
    10.340066215916917,
    15.859691843386164,
    16.49902722889168
  ],
  "variance": [
    0.0004508023371824045,
    0.0010432719342850026,
    0.0005036853408676796,
    0.0011412014313757254,
    0.0005957260199003684,
    0.0009368758270543636,
    0.0003240745131240063,
    0.0009430975331660154,
    0.11823498131370984,
    0.4702780414348204,
    0.10696563145262697,
    0.47371585751856243,
    0.14805261372595316,
    0.34987252213287096,
    0.1501574658053805,
    0.358598754004787,
    5.7048779128976226e-06,
    1e-06,
    8.493785241303342e-05,
    3.464881986366836e-05,
    1.1171260003220616e-05,
    0.003350407901576967,
    0.002812297205325311,
    0.0006684042944358835,
    0.01437754957760627,
    0.11014549684714675,
    0.0003106344821058353,
    0.01424232771355252,
    0.10353606006642635,
    0.0003057817645475338,
    4.676458508498991,
    1.0145908436429758,
    5.009954930908412,
    68.94665817934921,
    72.58928975210252,
    36.6704356463351,
    36.713409083270555
  ]
}
