{
  "durationSeconds": 5.979999999999563,
  "steps": 299,
  "survivalRate": 0.9933333333333333,
  "fell": true,
  "motionCommand": [
    0.1254180602006689,
    0.0,
    0.0
  ],
  "meanMotionCommand": [
    0.1254180602006689,
    0.0,
    0.0
  ],
  "meanMeasuredMotion": [
    -0.04748717861451627,
    0.005940092590435517,
    -0.027798366619051898
  ],
  "planarVelocityTrackingError": 0.17300724351806535,
  "yawRateTrackingError": 0.027798366619051898,
  "meanVelocityTrackingError": 0.771349793773667,
  "meanPlanarVelocityTrackingError": 0.4342202807040929,
  "meanYawRateTrackingError": 0.5135826734007272,
  "meanUpright": 0.41764925177873774,
  "meanEnergy": 664.1578652661797,
  "meanSmoothness": 30.4131506011124,
  "peakActuator": 8.0,
  "motionCommandSchedule": [
    {
      "atStep": 0,
      "atSeconds": 0.0,
      "command": [
        0.0,
        0.0,
        0.0
      ]
    },
    {
      "atStep": 50,
      "atSeconds": 1.0,
      "command": [
        0.25,
        0.0,
        0.0
      ]
    },
    {
      "atStep": 200,
      "atSeconds": 4.0,
      "command": [
        0.0,
        0.0,
        0.0
      ]
    }
  ],
  "transitionCount": 2,
  "transitions": [
    {
      "index": 1,
      "atStep": 50,
      "atSeconds": 1.0,
      "endStep": 200,
      "fromCommand": [
        0.0,
        0.0,
        0.0
      ],
      "toCommand": [
        0.25,
        0.0,
        0.0
      ],
      "sampleCount": 150,
      "peakPlanarTrackingError": 1.2694842789661671,
      "peakYawRateTrackingError": 2.27595924759028,
      "terminalMeasuredMotion": [
        -0.060953691215842785,
        0.3555106162047878,
        -0.15293628251248217
      ],
      "terminalPlanarTrackingError": 0.47231345133826713,
      "terminalYawRateTrackingError": 0.15293628251248217,
      "planarOvershootMps": 0.862285074259612,
      "yawRateOvershootRadPerSec": 0.0,
      "planarSettlingTimeSeconds": 3.0,
      "yawRateSettlingTimeSeconds": 2.9,
      "planarSettled": false,
      "yawRateSettled": true
    },
    {
      "index": 2,
      "atStep": 200,
      "atSeconds": 4.0,
      "endStep": 300,
      "fromCommand": [
        0.25,
        0.0,
        0.0
      ],
      "toCommand": [
        0.0,
        0.0,
        0.0
      ],
      "sampleCount": 99,
      "peakPlanarTrackingError": 0.7507706203772828,
      "peakYawRateTrackingError": 3.3000116840534983,
      "terminalMeasuredMotion": [
        -0.231478101932686,
        0.2157883123250231,
        -1.1213184211993266
      ],
      "terminalPlanarTrackingError": 0.3164596457851154,
      "terminalYawRateTrackingError": 1.1213184211993266,
      "planarOvershootMps": 0.6026577711534348,
      "yawRateOvershootRadPerSec": 0.0,
      "planarSettlingTimeSeconds": 1.98,
      "yawRateSettlingTimeSeconds": 1.98,
      "planarSettled": false,
      "yawRateSettled": false
    }
  ],
  "maximumTransitionTerminalPlanarTrackingError": 0.47231345133826713,
  "maximumTransitionTerminalYawRateTrackingError": 1.1213184211993266,
  "maximumPlanarSettlingTimeSeconds": 3.0,
  "maximumYawRateSettlingTimeSeconds": 2.9,
  "maximumPlanarOvershootMps": 0.862285074259612,
  "maximumYawRateOvershootRadPerSec": 0.0,
  "unsettledPlanarTransitionCount": 2,
  "unsettledYawRateTransitionCount": 1,
  "initialBasePosition": [
    0.0,
    0.0,
    0.44
  ],
  "finalBasePosition": [
    -0.2700711006184935,
    0.03801135405548423,
    0.18565700685944186
  ],
  "netDisplacement": [
    -0.2700711006184935,
    0.03801135405548423,
    -0.25434299314055814
  ],
  "targetPlanarDisplacement": [
    0.75,
    0.0
  ],
  "forwardDisplacement": -0.2700711006184935,
  "targetDistance": 0.75,
  "forwardProgress": 0.0,
  "meanForwardVelocity": -0.04516239140777813,
  "lateralDrift": 0.03801135405548423,
  "distanceTraveled": 2.360234664293372
}
