{
  "terms": {
    "survival": 29.799999999999997,
    "velocityTracking": 11.290824697809791,
    "forwardProgress": 0.0,
    "upright": 6.2647387766810665,
    "lateralDrift": -0.19005677027742116,
    "transitionTracking": 3.2065269679707713,
    "energy": -3.3207893263308983,
    "smoothness": -0.0304131506011124,
    "componentMass": -1.2060000000000002,
    "sensorChannels": -1.07,
    "trainingSteps": -0.0
  },
  "total": 44.744831195252196
}
