{
  "durationSeconds": 4.999999999999671,
  "steps": 250,
  "survivalRate": 1.0,
  "fell": false,
  "motionCommand": [
    0.25,
    0.0,
    0.0
  ],
  "meanMotionCommand": [
    0.25,
    0.0,
    0.0
  ],
  "meanMeasuredMotion": [
    0.13085781433807206,
    0.030454577136491127,
    0.0066347532359360886
  ],
  "planarVelocityTrackingError": 0.12297293065087046,
  "yawRateTrackingError": 0.0066347532359360886,
  "meanVelocityTrackingError": 0.5244862941561848,
  "meanPlanarVelocityTrackingError": 0.3080097640721385,
  "meanYawRateTrackingError": 0.31582089439145183,
  "meanUpright": 0.5358520073293315,
  "meanAbsolutePitchRad": 0.9667691105882202,
  "minimumPitchRad": -0.15155087518404994,
  "maximumPitchRad": 1.5687330826310142,
  "maximumBackwardPitchRad": 0.15155087518404994,
  "maximumAbsolutePitchRad": 1.5687330826310142,
  "maximumAbsolutePitchRateRadPerSec": 5.412633001028512,
  "meanBodyTiltRad": 1.0085124227127331,
  "maximumBodyTiltRad": 1.8406338675665639,
  "meanEnergy": 625.7094616553248,
  "meanSmoothness": 33.648328055448054,
  "peakActuator": 8.0,
  "motionQualityFootEvidenceAvailable": true,
  "motionQualityContactThresholdNewton": 1.0,
  "meanJointJerkRadPerSec3": 8166.2719215283805,
  "peakJointJerkRadPerSec3": 52249.040993447365,
  "meanBodyAngularJerkRadPerSec3": 1280.1244380960272,
  "peakBodyAngularJerkRadPerSec3": 12863.048409794843,
  "meanActionSlewRatePerSec": 148.14760646982643,
  "peakActionSlewRatePerSec": 800.0,
  "actuatorSaturationRate": 0.802,
  "meanFootSlipSpeedMps": 0.301680030157311,
  "peakFootSlipSpeedMps": 1.1205337291818214,
  "totalFootSlipDistanceM": 0.30168003015731093,
  "meanFootContactImpactNPerSec": 202.88980464641136,
  "peakFootContactImpactNPerSec": 11171.537461341202,
  "peakFootContactForceNewton": 223.43074922682405,
  "motionCommandSchedule": [
    {
      "atStep": 0,
      "atSeconds": 0.0,
      "command": [
        0.25,
        0.0,
        0.0
      ]
    }
  ],
  "transitionCount": 0,
  "transitions": [],
  "maximumTransitionTerminalPlanarTrackingError": 0.0,
  "maximumTransitionTerminalYawRateTrackingError": 0.0,
  "maximumPlanarSettlingTimeSeconds": 0.0,
  "maximumPlanarBrakingSettlingTimeSeconds": 0.0,
  "maximumYawRateSettlingTimeSeconds": 0.0,
  "maximumPlanarOvershootMps": 0.0,
  "maximumYawRateOvershootRadPerSec": 0.0,
  "unsettledPlanarTransitionCount": 0,
  "unsettledYawRateTransitionCount": 0,
  "initialBasePosition": [
    0.0,
    0.0,
    0.44
  ],
  "finalBasePosition": [
    0.6627981266527058,
    0.15312096906149628,
    0.24965729715322837
  ],
  "netDisplacement": [
    0.6627981266527058,
    0.15312096906149628,
    -0.19034270284677163
  ],
  "targetPlanarDisplacement": [
    1.25,
    0.0
  ],
  "forwardDisplacement": 0.6627981266527058,
  "targetDistance": 1.25,
  "forwardProgress": 0.5302385013221647,
  "signedForwardProgress": 0.5302385013221647,
  "backwardDisplacement": 0.0,
  "meanForwardVelocity": 0.13255962533054988,
  "lateralDrift": 0.15312096906149628,
  "distanceTraveled": 1.3797630043533147
}
