{
  "terms": {
    "survival": 30.0,
    "velocityTracking": 19.678760061667354,
    "forwardProgress": 13.255962533054117,
    "upright": 10.71704014658663,
    "lateralDrift": -1.5312096906149628,
    "transitionTracking": 0.0,
    "energy": -3.1285473082766244,
    "smoothness": -0.033648328055448054,
    "jointJerk": 0.0,
    "bodyAngularJerk": 0.0,
    "actionSlew": 0.0,
    "actuatorSaturation": 0.0,
    "footSlip": 0.0,
    "footImpact": 0.0,
    "componentMass": -1.2060000000000002,
    "sensorChannels": -1.07,
    "trainingSteps": -0.0
  },
  "total": 66.68235741436106
}
