{
  "durationSeconds": 1.460000000000001,
  "steps": 73,
  "survivalRate": 0.288,
  "fell": true,
  "motionCommand": [
    0.25,
    0.0,
    0.0
  ],
  "meanMotionCommand": [
    0.25,
    0.0,
    0.0
  ],
  "meanMeasuredMotion": [
    0.1711420864889605,
    -0.004613404506831057,
    0.0018406004854020486
  ],
  "planarVelocityTrackingError": 0.0789927466572611,
  "yawRateTrackingError": 0.0018406004854020486,
  "meanVelocityTrackingError": 0.20850098274928047,
  "meanPlanarVelocityTrackingError": 0.1716021479743343,
  "meanYawRateTrackingError": 0.05188194229354544,
  "meanUpright": 0.5526238542926581,
  "meanEnergy": 504.9775389652935,
  "meanSmoothness": 26.156506400273233,
  "peakActuator": 8.0,
  "motionCommandSchedule": [
    {
      "atStep": 0,
      "atSeconds": 0.0,
      "command": [
        0.25,
        0.0,
        0.0
      ]
    }
  ],
  "transitionCount": 0,
  "transitions": [],
  "maximumTransitionTerminalPlanarTrackingError": 0.0,
  "maximumTransitionTerminalYawRateTrackingError": 0.0,
  "maximumPlanarSettlingTimeSeconds": 0.0,
  "maximumPlanarBrakingSettlingTimeSeconds": 0.0,
  "maximumYawRateSettlingTimeSeconds": 0.0,
  "maximumPlanarOvershootMps": 0.0,
  "maximumYawRateOvershootRadPerSec": 0.0,
  "unsettledPlanarTransitionCount": 0,
  "unsettledYawRateTransitionCount": 0,
  "initialBasePosition": [
    0.0,
    0.0,
    0.44
  ],
  "finalBasePosition": [
    0.2473593542140818,
    -0.006518527583442827,
    0.18361748012956225
  ],
  "netDisplacement": [
    0.2473593542140818,
    -0.006518527583442827,
    -0.25638251987043775
  ],
  "targetPlanarDisplacement": [
    1.25,
    0.0
  ],
  "forwardDisplacement": 0.2473593542140818,
  "targetDistance": 1.25,
  "forwardProgress": 0.19788748337126544,
  "signedForwardProgress": 0.19788748337126544,
  "backwardDisplacement": 0.0,
  "meanForwardVelocity": 0.1694242152151244,
  "lateralDrift": 0.006518527583442827,
  "distanceTraveled": 0.30999945214643243
}
