{
  "terms": {
    "survival": 7.199999999999999,
    "velocityTracking": 16.54942799839598,
    "forwardProgress": 9.894374168563273,
    "upright": 8.289357814389872,
    "lateralDrift": -0.06518527583442826,
    "transitionTracking": 0.0,
    "energy": -5.049775389652935,
    "smoothness": -0.13078253200136616,
    "componentMass": -1.5075,
    "sensorChannels": -5.3500000000000005,
    "trainingSteps": -0.0
  },
  "total": 29.829916783860394
}
