{
  "terms": {
    "survival": 30.0,
    "velocityTracking": 14.238660920893784,
    "forwardProgress": 10.0,
    "upright": 14.312308973938453,
    "lateralDrift": -0.7345703918825514,
    "transitionTracking": 5.145605563962401,
    "energy": -1.0053531338647843,
    "smoothness": -0.13968456088228756,
    "componentMass": -1.2060000000000002,
    "sensorChannels": -1.07,
    "trainingSteps": -0.0
  },
  "total": 69.54096737216501
}
