{
  "terms": {
    "survival": 15.8,
    "velocityTracking": 15.514305762039129,
    "forwardProgress": 10.244151881235162,
    "upright": 9.648154817943167,
    "lateralDrift": -0.011521617261539479,
    "transitionTracking": 0.0,
    "energy": -5.90275628307201,
    "smoothness": -0.1454615907528277,
    "componentMass": -1.5075,
    "sensorChannels": -5.3500000000000005,
    "trainingSteps": -0.0
  },
  "total": 38.28937297013108
}
