{
  "durationSeconds": 4.999999999999671,
  "steps": 250,
  "survivalRate": 1.0,
  "fell": false,
  "motionCommand": [
    0.25,
    0.0,
    0.0
  ],
  "meanMotionCommand": [
    0.25,
    0.0,
    0.0
  ],
  "meanMeasuredMotion": [
    -0.0733726612394254,
    -0.012976455892615197,
    -0.0054690353134566085
  ],
  "planarVelocityTrackingError": 0.32363291928448995,
  "yawRateTrackingError": 0.0054690353134566085,
  "meanVelocityTrackingError": 0.4065877483539651,
  "meanPlanarVelocityTrackingError": 0.37992581341214177,
  "meanYawRateTrackingError": 0.07291242234978751,
  "meanUpright": 0.5862526212019373,
  "meanEnergy": 606.3733777088231,
  "meanSmoothness": 31.53842511563991,
  "peakActuator": 8.0,
  "motionCommandSchedule": [
    {
      "atStep": 0,
      "atSeconds": 0.0,
      "command": [
        0.25,
        0.0,
        0.0
      ]
    }
  ],
  "transitionCount": 0,
  "transitions": [],
  "maximumTransitionTerminalPlanarTrackingError": 0.0,
  "maximumTransitionTerminalYawRateTrackingError": 0.0,
  "maximumPlanarSettlingTimeSeconds": 0.0,
  "maximumPlanarBrakingSettlingTimeSeconds": 0.0,
  "maximumYawRateSettlingTimeSeconds": 0.0,
  "maximumPlanarOvershootMps": 0.0,
  "maximumYawRateOvershootRadPerSec": 0.0,
  "unsettledPlanarTransitionCount": 0,
  "unsettledYawRateTransitionCount": 0,
  "initialBasePosition": [
    0.0,
    0.0,
    0.44
  ],
  "finalBasePosition": [
    -0.354010067138142,
    -0.06375092020919024,
    0.2153709288740454
  ],
  "netDisplacement": [
    -0.354010067138142,
    -0.06375092020919024,
    -0.2246290711259546
  ],
  "targetPlanarDisplacement": [
    1.25,
    0.0
  ],
  "forwardDisplacement": -0.354010067138142,
  "targetDistance": 1.25,
  "forwardProgress": 0.0,
  "signedForwardProgress": -0.2832080537105136,
  "backwardDisplacement": 0.354010067138142,
  "meanForwardVelocity": -0.07080201342763305,
  "lateralDrift": 0.06375092020919024,
  "distanceTraveled": 1.1263161576028973
}
