{
  "terms": {
    "survival": 25.0,
    "velocityTracking": 14.21880719735022,
    "forwardProgress": 0.0,
    "upright": 8.79378931802906,
    "lateralDrift": -0.6375092020919024,
    "transitionTracking": 0.0,
    "energy": -6.063733777088231,
    "smoothness": -0.15769212557819956,
    "componentMass": -1.5075,
    "sensorChannels": -5.3500000000000005,
    "trainingSteps": -0.0
  },
  "total": 34.29616141062095
}
