{
  "durationSeconds": 4.619999999999713,
  "steps": 231,
  "survivalRate": 0.92,
  "fell": true,
  "motionCommand": [
    0.25,
    0.0,
    0.0
  ],
  "meanMotionCommand": [
    0.25,
    0.0,
    0.0
  ],
  "meanMeasuredMotion": [
    0.038216247692260716,
    5.424202710846831e-11,
    -2.567759975219111e-10
  ],
  "planarVelocityTrackingError": 0.21178375230773927,
  "yawRateTrackingError": 2.567759975219111e-10,
  "meanVelocityTrackingError": 0.29777696006604537,
  "meanPlanarVelocityTrackingError": 0.2977769600660453,
  "meanYawRateTrackingError": 6.898183260987761e-10,
  "meanUpright": 0.6844944234896276,
  "meanEnergy": 568.7596987960305,
  "meanSmoothness": 33.52408927210003,
  "peakActuator": 8.0,
  "motionCommandSchedule": [
    {
      "atStep": 0,
      "atSeconds": 0.0,
      "command": [
        0.25,
        0.0,
        0.0
      ]
    }
  ],
  "transitionCount": 0,
  "transitions": [],
  "maximumTransitionTerminalPlanarTrackingError": 0.0,
  "maximumTransitionTerminalYawRateTrackingError": 0.0,
  "maximumPlanarSettlingTimeSeconds": 0.0,
  "maximumPlanarBrakingSettlingTimeSeconds": 0.0,
  "maximumYawRateSettlingTimeSeconds": 0.0,
  "maximumPlanarOvershootMps": 0.0,
  "maximumYawRateOvershootRadPerSec": 0.0,
  "unsettledPlanarTransitionCount": 0,
  "unsettledYawRateTransitionCount": 0,
  "initialBasePosition": [
    0.0,
    0.0,
    0.44
  ],
  "finalBasePosition": [
    0.18594019649154556,
    2.641048499772498e-10,
    0.18832770660232673
  ],
  "netDisplacement": [
    0.18594019649154556,
    2.641048499772498e-10,
    -0.2516722933976733
  ],
  "targetPlanarDisplacement": [
    1.25,
    0.0
  ],
  "forwardDisplacement": 0.18594019649154556,
  "targetDistance": 1.25,
  "forwardProgress": 0.14875215719323645,
  "signedForwardProgress": 0.14875215719323645,
  "backwardDisplacement": 0.0,
  "meanForwardVelocity": 0.04024679577739331,
  "lateralDrift": 2.641048499772498e-10,
  "distanceTraveled": 0.8495081850661969
}
