{
  "terms": {
    "survival": 23.0,
    "velocityTracking": 15.410968614346626,
    "forwardProgress": 7.4376078596618225,
    "upright": 10.267416352344414,
    "lateralDrift": -2.641048499772498e-09,
    "transitionTracking": 0.0,
    "energy": -5.687596987960306,
    "smoothness": -0.16762044636050014,
    "componentMass": -1.5075,
    "sensorChannels": -5.3500000000000005,
    "trainingSteps": -0.0
  },
  "total": 43.403275389391005
}
