{
  "count": 8192.000100000001,
  "mean": [
    0.2778314178378746,
    -0.5088869609952146,
    0.27823970694848027,
    -0.51185027158438,
    0.2649999416554786,
    -0.5562456483277823,
    0.24456881525950175,
    -0.5575322288458949,
    -0.00654268496501055,
    0.057931328324917424,
    -0.005531504803233011,
    0.055559840702279234,
    0.059224963279652355,
    0.010866375245784425,
    0.057303334576791036,
    0.008918528158951347,
    0.4207947319702611,
    0.9896332750826036,
    -0.0006370449870063095,
    -0.07473606510757519,
    0.006211734868607128,
    0.07153395814371855,
    0.00220054964937093,
    -0.0042659075880949,
    -0.006511629190852432,
    -0.10878223892795318,
    0.008116947462098598,
    -0.006441144192534094,
    -0.11360913047250147,
    0.007973388432753189,
    1.4417345868864082,
    -0.0331914981934279,
    10.190997717693172,
    10.395820569970208,
    12.691120843281043,
    19.7115960542901,
    17.131200706862614
  ],
  "variance": [
    0.01959646536338779,
    0.009318580066491902,
    0.01822578156856846,
    0.009795042615567857,
    0.014897573166564733,
    0.01103398649555291,
    0.012575918327628714,
    0.011346967983677795,
    5.8094508395435795,
    15.80566889338255,
    5.566275214666966,
    15.050595431016122,
    2.8576493681874235,
    5.87625596221916,
    3.4171084338225275,
    6.967410078444234,
    0.000637271155118589,
    0.0031701501473672053,
    0.00032063512245341313,
    0.009895728012218264,
    0.0016156668200418296,
    0.07613708368103118,
    0.0052528587746412106,
    0.011009803139128868,
    0.030255260417694805,
    0.47421875526200874,
    0.024839203131376997,
    0.029617077671413635,
    0.455251003664774,
    0.02462223868683053,
    16.360678137183246,
    6.458249722861908,
    53.007684598233425,
    269.7281712403136,
    303.3880815890386,
    330.0370758911497,
    312.95063598546807
  ]
}
