{
  "durationSeconds": 4.999999999999671,
  "steps": 250,
  "survivalRate": 1.0,
  "fell": false,
  "motionCommand": [
    0.25,
    0.0,
    0.0
  ],
  "meanMotionCommand": [
    0.25,
    0.0,
    0.0
  ],
  "meanMeasuredMotion": [
    0.06398661112950395,
    0.0065907833684130225,
    0.013684811419854214
  ],
  "planarVelocityTrackingError": 0.18613011380347816,
  "yawRateTrackingError": 0.013684811419854214,
  "meanVelocityTrackingError": 0.19388917177203258,
  "meanPlanarVelocityTrackingError": 0.18809346206911132,
  "meanYawRateTrackingError": 0.0341337400502761,
  "meanUpright": 0.9342316865372825,
  "meanAbsolutePitchRad": 0.13165857040585388,
  "minimumPitchRad": -0.2255996492538242,
  "maximumPitchRad": -0.013597508067411937,
  "maximumBackwardPitchRad": 0.2255996492538242,
  "maximumAbsolutePitchRad": 0.2255996492538242,
  "maximumAbsolutePitchRateRadPerSec": 2.5870409001605057,
  "meanEnergy": 186.1108332602487,
  "meanSmoothness": 128.5601665923441,
  "peakActuator": 8.0,
  "motionCommandSchedule": [
    {
      "atStep": 0,
      "atSeconds": 0.0,
      "command": [
        0.25,
        0.0,
        0.0
      ]
    }
  ],
  "transitionCount": 0,
  "transitions": [],
  "maximumTransitionTerminalPlanarTrackingError": 0.0,
  "maximumTransitionTerminalYawRateTrackingError": 0.0,
  "maximumPlanarSettlingTimeSeconds": 0.0,
  "maximumPlanarBrakingSettlingTimeSeconds": 0.0,
  "maximumYawRateSettlingTimeSeconds": 0.0,
  "maximumPlanarOvershootMps": 0.0,
  "maximumYawRateOvershootRadPerSec": 0.0,
  "unsettledPlanarTransitionCount": 0,
  "unsettledYawRateTransitionCount": 0,
  "initialBasePosition": [
    0.0,
    0.0,
    0.44
  ],
  "finalBasePosition": [
    0.319764885465068,
    0.032697232250262595,
    0.41908180571809367
  ],
  "netDisplacement": [
    0.319764885465068,
    0.032697232250262595,
    -0.020918194281906333
  ],
  "targetPlanarDisplacement": [
    1.25,
    0.0
  ],
  "forwardDisplacement": 0.319764885465068,
  "targetDistance": 1.25,
  "forwardProgress": 0.25581190837205436,
  "signedForwardProgress": 0.25581190837205436,
  "backwardDisplacement": 0.0,
  "meanForwardVelocity": 0.0639529770930178,
  "lateralDrift": 0.032697232250262595,
  "distanceTraveled": 0.4259019674509583
}
