{
  "terms": {
    "survival": 25.0,
    "velocityTracking": 16.751973694773493,
    "forwardProgress": 12.790595418602718,
    "upright": 14.013475298059237,
    "lateralDrift": -0.326972322502626,
    "transitionTracking": 0.0,
    "energy": -1.861108332602487,
    "smoothness": -0.6428008329617205,
    "componentMass": -1.5075,
    "sensorChannels": -5.3500000000000005,
    "trainingSteps": -0.0
  },
  "total": 58.86766292336861
}
