{
  "durationSeconds": 4.999999999999671,
  "steps": 250,
  "survivalRate": 1.0,
  "fell": false,
  "motionCommand": [
    0.25,
    0.0,
    0.0
  ],
  "meanMotionCommand": [
    0.25,
    0.0,
    0.0
  ],
  "meanMeasuredMotion": [
    0.13016494900576167,
    0.00345616129806788,
    -0.009166569222563817
  ],
  "planarVelocityTrackingError": 0.11988488018807861,
  "yawRateTrackingError": 0.009166569222563817,
  "meanVelocityTrackingError": 0.16304614245467602,
  "meanPlanarVelocityTrackingError": 0.15554332096034265,
  "meanYawRateTrackingError": 0.029703745468848193,
  "meanUpright": 0.9098661610904382,
  "meanAbsolutePitchRad": 0.18076997030520636,
  "minimumPitchRad": -0.45915006924076956,
  "maximumPitchRad": -0.013894239398338082,
  "maximumBackwardPitchRad": 0.45915006924076956,
  "maximumAbsolutePitchRad": 0.45915006924076956,
  "maximumAbsolutePitchRateRadPerSec": 3.767126077132377,
  "meanEnergy": 181.0797625592504,
  "meanSmoothness": 123.11566387550887,
  "peakActuator": 8.0,
  "motionCommandSchedule": [
    {
      "atStep": 0,
      "atSeconds": 0.0,
      "command": [
        0.25,
        0.0,
        0.0
      ]
    }
  ],
  "transitionCount": 0,
  "transitions": [],
  "maximumTransitionTerminalPlanarTrackingError": 0.0,
  "maximumTransitionTerminalYawRateTrackingError": 0.0,
  "maximumPlanarSettlingTimeSeconds": 0.0,
  "maximumPlanarBrakingSettlingTimeSeconds": 0.0,
  "maximumYawRateSettlingTimeSeconds": 0.0,
  "maximumPlanarOvershootMps": 0.0,
  "maximumYawRateOvershootRadPerSec": 0.0,
  "unsettledPlanarTransitionCount": 0,
  "unsettledYawRateTransitionCount": 0,
  "initialBasePosition": [
    0.0,
    0.0,
    0.44
  ],
  "finalBasePosition": [
    0.6494737130410383,
    0.017039291385438547,
    0.41862609503005127
  ],
  "netDisplacement": [
    0.6494737130410383,
    0.017039291385438547,
    -0.02137390496994873
  ],
  "targetPlanarDisplacement": [
    1.25,
    0.0
  ],
  "forwardDisplacement": 0.6494737130410383,
  "targetDistance": 1.25,
  "forwardProgress": 0.5195789704328306,
  "signedForwardProgress": 0.5195789704328306,
  "backwardDisplacement": 0.0,
  "meanForwardVelocity": 0.1298947426082162,
  "lateralDrift": 0.017039291385438547,
  "distanceTraveled": 0.7406439373995334
}
