{
  "terms": {
    "survival": 25.0,
    "velocityTracking": 17.196222290707095,
    "forwardProgress": 25.97894852164153,
    "upright": 13.647992416356573,
    "lateralDrift": -0.17039291385438549,
    "transitionTracking": 0.0,
    "energy": -1.8107976255925042,
    "smoothness": -0.6155783193775444,
    "componentMass": -1.5075,
    "sensorChannels": -5.3500000000000005,
    "trainingSteps": -0.0
  },
  "total": 72.36889436988076
}
