{
  "durationSeconds": 4.719999999999702,
  "steps": 236,
  "survivalRate": 0.7833333333333333,
  "fell": true,
  "motionCommand": [
    0.15889830508474576,
    0.0,
    0.0
  ],
  "meanMotionCommand": [
    0.15889830508474576,
    0.0,
    0.0
  ],
  "meanMeasuredMotion": [
    0.11900293138913298,
    0.0038907859341458097,
    -0.3040426927304712
  ],
  "planarVelocityTrackingError": 0.04008464865129715,
  "yawRateTrackingError": 0.3040426927304712,
  "meanVelocityTrackingError": 0.6684385726959948,
  "meanPlanarVelocityTrackingError": 0.33793333564942596,
  "meanYawRateTrackingError": 0.4497298139686932,
  "meanUpright": 0.5739564771029273,
  "meanEnergy": 619.9149572673537,
  "meanSmoothness": 28.804475100207984,
  "peakActuator": 8.0,
  "motionCommandSchedule": [
    {
      "atStep": 0,
      "atSeconds": 0.0,
      "command": [
        0.0,
        0.0,
        0.0
      ]
    },
    {
      "atStep": 50,
      "atSeconds": 1.0,
      "command": [
        0.25,
        0.0,
        0.0
      ]
    },
    {
      "atStep": 200,
      "atSeconds": 4.0,
      "command": [
        0.0,
        0.0,
        0.0
      ]
    }
  ],
  "transitionCount": 2,
  "transitions": [
    {
      "index": 1,
      "atStep": 50,
      "atSeconds": 1.0,
      "endStep": 200,
      "fromCommand": [
        0.0,
        0.0,
        0.0
      ],
      "toCommand": [
        0.25,
        0.0,
        0.0
      ],
      "sampleCount": 150,
      "peakPlanarTrackingError": 0.897014178952515,
      "peakYawRateTrackingError": 2.8337041746326856,
      "terminalMeasuredMotion": [
        0.17569319438664688,
        0.013486697043230212,
        -0.27838132667588533
      ],
      "terminalPlanarTrackingError": 0.07552080744799093,
      "terminalYawRateTrackingError": 0.27838132667588533,
      "planarOvershootMps": 0.897014178952515,
      "yawRateOvershootRadPerSec": 0.0,
      "planarSettlingTimeSeconds": 2.72,
      "yawRateSettlingTimeSeconds": 3.0,
      "planarSettled": true,
      "yawRateSettled": false
    },
    {
      "index": 2,
      "atStep": 200,
      "atSeconds": 4.0,
      "endStep": 300,
      "fromCommand": [
        0.25,
        0.0,
        0.0
      ],
      "toCommand": [
        0.0,
        0.0,
        0.0
      ],
      "sampleCount": 36,
      "peakPlanarTrackingError": 0.7055562326652485,
      "peakYawRateTrackingError": 3.570137979945139,
      "terminalMeasuredMotion": [
        0.284558535766848,
        0.4369859336496248,
        -2.309266543735395
      ],
      "terminalPlanarTrackingError": 0.5214693341754688,
      "terminalYawRateTrackingError": 2.309266543735395,
      "planarOvershootMps": 0.19220088477646166,
      "yawRateOvershootRadPerSec": 0.0,
      "planarSettlingTimeSeconds": 0.72,
      "yawRateSettlingTimeSeconds": 0.72,
      "planarSettled": false,
      "yawRateSettled": false
    }
  ],
  "maximumTransitionTerminalPlanarTrackingError": 0.5214693341754688,
  "maximumTransitionTerminalYawRateTrackingError": 2.309266543735395,
  "maximumPlanarSettlingTimeSeconds": 2.72,
  "maximumYawRateSettlingTimeSeconds": 3.0,
  "maximumPlanarOvershootMps": 0.897014178952515,
  "maximumYawRateOvershootRadPerSec": 0.0,
  "unsettledPlanarTransitionCount": 1,
  "unsettledYawRateTransitionCount": 2,
  "initialBasePosition": [
    0.0,
    0.0,
    0.44
  ],
  "finalBasePosition": [
    0.568549893427016,
    0.012151820449797412,
    0.1880812653802988
  ],
  "netDisplacement": [
    0.568549893427016,
    0.012151820449797412,
    -0.2519187346197012
  ],
  "targetPlanarDisplacement": [
    0.75,
    0.0
  ],
  "forwardDisplacement": 0.568549893427016,
  "targetDistance": 0.75,
  "forwardProgress": 0.7580665245693546,
  "meanForwardVelocity": 0.12045548589556183,
  "lateralDrift": 0.012151820449797412,
  "distanceTraveled": 1.4311680806251874
}
