{
  "terms": {
    "survival": 23.5,
    "velocityTracking": 11.987255825476645,
    "forwardProgress": 7.580665245693546,
    "upright": 8.60934715654391,
    "lateralDrift": -0.06075910224898706,
    "transitionTracking": 2.871431632334301,
    "energy": -3.099574786336768,
    "smoothness": -0.028804475100207984,
    "componentMass": -1.2060000000000002,
    "sensorChannels": -1.07,
    "trainingSteps": -0.0
  },
  "total": 49.083561496362435
}
