{
  "durationSeconds": 6.499999999999506,
  "steps": 325,
  "survivalRate": 1.0,
  "fell": false,
  "motionCommand": [
    0.0,
    0.0,
    0.038461538461538464
  ],
  "meanMotionCommand": [
    0.0,
    0.0,
    0.038461538461538464
  ],
  "meanMeasuredMotion": [
    0.013069139896604945,
    -0.002628695509719895,
    0.11795496835357122
  ],
  "planarVelocityTrackingError": 0.013330883606117512,
  "yawRateTrackingError": 0.07949342989203276,
  "meanVelocityTrackingError": 0.4181776748909464,
  "meanPlanarVelocityTrackingError": 0.13235462159468336,
  "meanYawRateTrackingError": 0.3760436131800187,
  "meanUpright": 0.9603609391928228,
  "meanEnergy": 202.4471419604318,
  "meanSmoothness": 140.19409925602884,
  "peakActuator": 8.0,
  "motionCommandSchedule": [
    {
      "atStep": 0,
      "atSeconds": 0.0,
      "command": [
        0.0,
        0.0,
        0.5
      ]
    },
    {
      "atStep": 125,
      "atSeconds": 2.5,
      "command": [
        0.0,
        0.0,
        -0.5
      ]
    },
    {
      "atStep": 225,
      "atSeconds": 4.5,
      "command": [
        0.0,
        0.0,
        0.0
      ]
    }
  ],
  "transitionCount": 2,
  "transitions": [
    {
      "index": 1,
      "atStep": 125,
      "atSeconds": 2.5,
      "endStep": 225,
      "fromCommand": [
        0.0,
        0.0,
        0.5
      ],
      "toCommand": [
        0.0,
        0.0,
        -0.5
      ],
      "sampleCount": 100,
      "peakPlanarTrackingError": 0.4237002230748616,
      "peakYawRateTrackingError": 1.24848376915451,
      "terminalMeasuredMotion": [
        -0.04051592942782074,
        -0.051190386352247194,
        0.047699314996975925
      ],
      "terminalPlanarTrackingError": 0.06528396581314962,
      "terminalYawRateTrackingError": 0.5476993149969759,
      "planarOvershootMps": 0.0,
      "yawRateOvershootRadPerSec": 0.0,
      "planarSettlingTimeSeconds": 1.94,
      "yawRateSettlingTimeSeconds": 2.0,
      "planarSettled": true,
      "yawRateSettled": false
    },
    {
      "index": 2,
      "atStep": 225,
      "atSeconds": 4.5,
      "endStep": 325,
      "fromCommand": [
        0.0,
        0.0,
        -0.5
      ],
      "toCommand": [
        0.0,
        0.0,
        0.0
      ],
      "sampleCount": 100,
      "peakPlanarTrackingError": 0.21987123980731463,
      "peakYawRateTrackingError": 0.4339597991200755,
      "terminalMeasuredMotion": [
        -0.10046920534473187,
        -0.08817011003122359,
        -0.043208151598003695
      ],
      "terminalPlanarTrackingError": 0.13367134893282095,
      "terminalYawRateTrackingError": 0.043208151598003695,
      "planarOvershootMps": 0.0,
      "yawRateOvershootRadPerSec": 0.4339597991200755,
      "planarSettlingTimeSeconds": 2.0,
      "yawRateSettlingTimeSeconds": 0.5,
      "planarSettled": false,
      "yawRateSettled": true
    }
  ],
  "maximumTransitionTerminalPlanarTrackingError": 0.13367134893282095,
  "maximumTransitionTerminalYawRateTrackingError": 0.5476993149969759,
  "maximumPlanarSettlingTimeSeconds": 2.0,
  "maximumYawRateSettlingTimeSeconds": 2.0,
  "maximumPlanarOvershootMps": 0.0,
  "maximumYawRateOvershootRadPerSec": 0.4339597991200755,
  "unsettledPlanarTransitionCount": 1,
  "unsettledYawRateTransitionCount": 1,
  "initialBasePosition": [
    0.0,
    0.0,
    0.44
  ],
  "finalBasePosition": [
    0.08987544634424377,
    -0.02189250917393985,
    0.4221057190121345
  ],
  "netDisplacement": [
    0.08987544634424377,
    -0.02189250917393985,
    -0.017894280987865496
  ],
  "targetPlanarDisplacement": [
    0.0,
    0.0
  ],
  "forwardDisplacement": 0.0,
  "targetDistance": 0.0,
  "forwardProgress": 1.0,
  "meanForwardVelocity": 0.0,
  "lateralDrift": 0.09250339352428148,
  "distanceTraveled": 0.7988594894757599
}
