{
  "terms": {
    "survival": 30.0,
    "velocityTracking": 14.102605304048337,
    "forwardProgress": 10.0,
    "upright": 14.405414087892343,
    "lateralDrift": -0.4625169676214074,
    "transitionTracking": 4.9057038178503,
    "energy": -1.012235709802159,
    "smoothness": -0.14019409925602883,
    "componentMass": -1.2060000000000002,
    "sensorChannels": -1.07,
    "trainingSteps": -0.0
  },
  "total": 69.52277643311137
}
