{
  "terms": {
    "survival": 25.0,
    "velocityTracking": 11.936540799265833,
    "forwardProgress": 22.135357471608607,
    "upright": 9.857430415200145,
    "lateralDrift": -6.461541807395162e-11,
    "transitionTracking": 0.0,
    "energy": -5.835398504377305,
    "smoothness": -0.17897887662612263,
    "componentMass": -1.5075,
    "sensorChannels": -5.3500000000000005,
    "trainingSteps": -0.0
  },
  "total": 56.057451305006545
}
