{
  "count": 8192.000100000001,
  "mean": [
    0.15954552086292684,
    0.3686006634308002,
    -0.42818296837307507,
    -0.15937975038886307,
    0.3690510184211439,
    -0.4272470055188023,
    0.24757447733201057,
    0.2324733753630267,
    -0.5198036187278502,
    -0.2476819136333405,
    0.23291645258914187,
    -0.5200529557368704,
    0.002184556029333382,
    0.00869635131718232,
    0.020498842593832865,
    -0.0019227257290308636,
    0.008891295580443846,
    0.020752908557339675,
    0.008449659435294318,
    0.028397992356395733,
    -0.01778363956533289,
    -0.009121608407096301,
    0.028933556146639942,
    -0.018567518174866966,
    0.37881809846257036,
    0.9772708330231502,
    1.2340003072755451e-05,
    0.015124096794075077,
    1.5882559443369415e-05,
    0.09094986133228311,
    -0.0002385137563515198,
    0.0033887038640183463,
    0.00011120514715088049,
    -0.00010449657615459388,
    0.00029776332682724776,
    0.0001117894856962929,
    -0.009075433581859658,
    0.0003973947268565325,
    0.14921467586210485,
    0.003145605940750794,
    9.832525248916347,
    0.26292040655442206,
    -0.29001177090036895,
    -0.04787377405450485,
    -0.2633543700220856,
    -0.2992223890024569,
    -0.05488845272730033,
    -0.11932692553737201,
    0.08347514207780786,
    0.8135528688327648,
    0.11925303238035953,
    0.07764351925710458,
    0.8040502572227693,
    0.26254817994156604,
    -0.2823004014756994,
    -0.058588077121970776,
    -0.26302816056548534,
    -0.2915629972757582,
    -0.06558820667186437,
    -0.11846137734821056,
    0.09110217064374843,
    0.805100042210687,
    0.11854420709757173,
    0.08527807274200949,
    0.795463543017802,
    0.2622374118667258,
    -0.29302456741099975,
    -0.049149462132233535,
    -0.26276665328468407,
    -0.30222563585158063,
    -0.0561568381156356,
    -0.12008737954501565,
    0.08035504639581649,
    0.8159392974231351,
    0.12004686729150998,
    0.07442412189252191,
    0.8062309826158989,
    0.2619116584171209,
    -0.28229085674183,
    -0.0598716186099561,
    -0.2624472571356655,
    -0.2913724082468207,
    -0.06690308056662779,
    -0.11930978471839856,
    0.08828201056738799,
    0.8067516894074593,
    0.11934862172572125,
    0.08233271391300066,
    0.7969211391940951,
    0.26292040655442206,
    -0.29001177090036895,
    -0.04787377405450485,
    -0.2633543700220856,
    -0.2992223890024569,
    -0.05488845272730033,
    -0.11932692553737201,
    0.08347514207780786,
    0.8135528688327648,
    0.11925303238035953,
    0.07764351925710458,
    0.8040502572227693,
    0.26254817994156604,
    -0.2823004014756994,
    -0.058588077121970776,
    -0.26302816056548534,
    -0.2915629972757582,
    -0.06558820667186437,
    -0.11846137734821056,
    0.09110217064374843,
    0.805100042210687,
    0.11854420709757173,
    0.08527807274200949,
    0.795463543017802,
    0.2622374118667258,
    -0.29302456741099975,
    -0.049149462132233535,
    -0.26276665328468407,
    -0.30222563585158063,
    -0.0561568381156356,
    -0.12008737954501565,
    0.08035504639581649,
    0.8159392974231351,
    0.12004686729150998,
    0.07442412189252191,
    0.8062309826158989,
    0.2619116584171209,
    -0.28229085674183,
    -0.0598716186099561,
    -0.2624472571356655,
    -0.2913724082468207,
    -0.06690308056662779,
    -0.11930978471839856,
    0.08828201056738799,
    0.8067516894074593,
    0.11934862172572125,
    0.08233271391300066,
    0.7969211391940951,
    0.0,
    0.20000000053882577,
    0.0,
    0.0,
    13.364130078621972,
    13.286372866810174,
    14.632405185230452,
    14.738475263476463
  ],
  "variance": [
    0.0049021430678906335,
    0.0779731959282456,
    0.10815978121524907,
    0.004886046120096337,
    0.07789804057734402,
    0.10823484262466361,
    0.01128718267272848,
    0.1422390519086971,
    0.02983975275096381,
    0.011280031856827386,
    0.14231084235780708,
    0.029789814123954098,
    0.2102925023353572,
    6.3774853633357305,
    14.352725128177958,
    0.21026416234717987,
    6.365605721726305,
    14.32870128598697,
    0.3386141854037557,
    7.062759168619744,
    11.224162121677667,
    0.340617076628262,
    7.073431112312938,
    11.254456642974649,
    0.006630712590124385,
    0.0017057557104312548,
    0.0020208906048800393,
    0.031200941372297366,
    0.009785430917223354,
    0.07352661826426765,
    0.013435083085243112,
    0.060867923798721336,
    0.1121803859383417,
    1.0129126213374755,
    0.05445098583789658,
    0.1035161909776994,
    0.9358960107882165,
    0.05177063393991683,
    32.35176760447157,
    9.16490058033389,
    102.5152377098871,
    2.3379410400747767,
    40.06988812712618,
    44.55810950077773,
    2.337117928645009,
    40.04284997963885,
    44.486598162600956,
    2.767941947469859,
    43.618061259924154,
    44.17053792736067,
    2.7943163134055347,
    43.63470778294539,
    44.23363861416402,
    2.3382353955819664,
    40.11868927124342,
    44.64289700604917,
    2.337372775368599,
    40.089975974800154,
    44.57107808862632,
    2.768987341263763,
    43.66198540331247,
    44.24149065954851,
    2.7951167913382724,
    43.680097088844185,
    44.30545000664595,
    2.3384682768448024,
    40.198436348873244,
    44.71058479448123,
    2.337565142188919,
    40.1695635969615,
    44.63722719421703,
    2.770666378885075,
    43.749508206400876,
    44.30992281933635,
    2.796518392534389,
    43.76765153745668,
    44.37379347505388,
    2.338712983683221,
    40.29000844070098,
    44.79535663927547,
    2.3378084873755536,
    40.261208173484405,
    44.72162685294284,
    2.77144937607018,
    43.79839141694358,
    44.39125918318762,
    2.797202868706152,
    43.81784759447148,
    44.455820830455465,
    2.3379410400747767,
    40.06988812712618,
    44.55810950077773,
    2.337117928645009,
    40.04284997963885,
    44.486598162600956,
    2.767941947469859,
    43.618061259924154,
    44.17053792736067,
    2.7943163134055347,
    43.63470778294539,
    44.23363861416402,
    2.3382353955819664,
    40.11868927124342,
    44.64289700604917,
    2.337372775368599,
    40.089975974800154,
    44.57107808862632,
    2.768987341263763,
    43.66198540331247,
    44.24149065954851,
    2.7951167913382724,
    43.680097088844185,
    44.30545000664595,
    2.3384682768448024,
    40.198436348873244,
    44.71058479448123,
    2.337565142188919,
    40.1695635969615,
    44.63722719421703,
    2.770666378885075,
    43.749508206400876,
    44.30992281933635,
    2.796518392534389,
    43.76765153745668,
    44.37379347505388,
    2.338712983683221,
    40.29000844070098,
    44.79535663927547,
    2.3378084873755536,
    40.261208173484405,
    44.72162685294284,
    2.77144937607018,
    43.79839141694358,
    44.39125918318762,
    2.797202868706152,
    43.81784759447148,
    44.455820830455465,
    1e-06,
    1e-06,
    1e-06,
    1e-06,
    270.8396260268446,
    266.6089019111252,
    334.1468776280431,
    341.8144836966637
  ]
}
