{
  "terms": {
    "survival": 25.0,
    "velocityTracking": 16.040828127268398,
    "forwardProgress": 25.73524734989953,
    "upright": 9.650054432161326,
    "lateralDrift": -0.21711320006003254,
    "transitionTracking": 0.0,
    "energy": -1.9508210104637302,
    "smoothness": -0.6626251795638817,
    "componentMass": -1.5075,
    "sensorChannels": -5.3500000000000005,
    "trainingSteps": -0.0
  },
  "total": 66.7380705192416
}
