{
  "durationSeconds": 6.499999999999506,
  "steps": 325,
  "survivalRate": 1.0,
  "fell": false,
  "motionCommand": [
    0.0,
    0.009230769230769237,
    0.0
  ],
  "meanMotionCommand": [
    0.0,
    0.009230769230769237,
    0.0
  ],
  "meanMeasuredMotion": [
    -0.05184988018539483,
    0.006224352598401258,
    -0.025053710858096066
  ],
  "planarVelocityTrackingError": 0.051936967722492025,
  "yawRateTrackingError": 0.025053710858096066,
  "meanVelocityTrackingError": 0.2023040770543255,
  "meanPlanarVelocityTrackingError": 0.12211991471634397,
  "meanYawRateTrackingError": 0.1382793099540024,
  "meanUpright": 0.9426382693642201,
  "meanEnergy": 195.96762356378864,
  "meanSmoothness": 139.17475110591027,
  "peakActuator": 8.0,
  "motionCommandSchedule": [
    {
      "atStep": 0,
      "atSeconds": 0.0,
      "command": [
        0.0,
        0.12,
        0.0
      ]
    },
    {
      "atStep": 125,
      "atSeconds": 2.5,
      "command": [
        0.0,
        -0.12,
        0.0
      ]
    },
    {
      "atStep": 225,
      "atSeconds": 4.5,
      "command": [
        0.0,
        0.0,
        0.0
      ]
    }
  ],
  "transitionCount": 2,
  "transitions": [
    {
      "index": 1,
      "atStep": 125,
      "atSeconds": 2.5,
      "endStep": 225,
      "fromCommand": [
        0.0,
        0.12,
        0.0
      ],
      "toCommand": [
        0.0,
        -0.12,
        0.0
      ],
      "sampleCount": 100,
      "peakPlanarTrackingError": 0.24918042706564686,
      "peakYawRateTrackingError": 0.8017821925066565,
      "terminalMeasuredMotion": [
        -0.01431010186620545,
        -0.0039872288032877885,
        -0.01894906297884995
      ],
      "terminalPlanarTrackingError": 0.11689201040345688,
      "terminalYawRateTrackingError": 0.01894906297884995,
      "planarOvershootMps": 0.04034758422277246,
      "yawRateOvershootRadPerSec": 0.0,
      "planarSettlingTimeSeconds": 1.98,
      "yawRateSettlingTimeSeconds": 1.78,
      "planarSettled": true,
      "yawRateSettled": true
    },
    {
      "index": 2,
      "atStep": 225,
      "atSeconds": 4.5,
      "endStep": 325,
      "fromCommand": [
        0.0,
        -0.12,
        0.0
      ],
      "toCommand": [
        0.0,
        0.0,
        0.0
      ],
      "sampleCount": 100,
      "peakPlanarTrackingError": 0.2544532474860813,
      "peakYawRateTrackingError": 0.4217625830189736,
      "terminalMeasuredMotion": [
        -0.09570669814408127,
        0.03320047799950828,
        -0.00027000964455876767
      ],
      "terminalPlanarTrackingError": 0.10130174632768243,
      "terminalYawRateTrackingError": 0.00027000964455876767,
      "planarOvershootMps": 0.061834537808829436,
      "yawRateOvershootRadPerSec": 0.0,
      "planarSettlingTimeSeconds": 1.1,
      "yawRateSettlingTimeSeconds": 0.2,
      "planarSettled": true,
      "yawRateSettled": true
    }
  ],
  "maximumTransitionTerminalPlanarTrackingError": 0.11689201040345688,
  "maximumTransitionTerminalYawRateTrackingError": 0.01894906297884995,
  "maximumPlanarSettlingTimeSeconds": 1.98,
  "maximumYawRateSettlingTimeSeconds": 1.78,
  "maximumPlanarOvershootMps": 0.061834537808829436,
  "maximumYawRateOvershootRadPerSec": 0.0,
  "unsettledPlanarTransitionCount": 0,
  "unsettledYawRateTransitionCount": 0,
  "initialBasePosition": [
    0.0,
    0.0,
    0.44
  ],
  "finalBasePosition": [
    -0.3254132089741315,
    0.037238338664295746,
    0.4208439682925205
  ],
  "netDisplacement": [
    -0.3254132089741315,
    0.037238338664295746,
    -0.01915603170747948
  ],
  "targetPlanarDisplacement": [
    0.0,
    0.06
  ],
  "forwardDisplacement": 0.037238338664295746,
  "targetDistance": 0.06,
  "forwardProgress": 0.6206389777382625,
  "meanForwardVelocity": 0.005728975179122858,
  "lateralDrift": 0.3254132089741315,
  "distanceTraveled": 0.562512921639939
}
