{
  "durationSeconds": 6.499999999999506,
  "steps": 325,
  "survivalRate": 1.0,
  "fell": false,
  "motionCommand": [
    0.0,
    0.009230769230769237,
    0.0
  ],
  "meanMotionCommand": [
    0.0,
    0.009230769230769237,
    0.0
  ],
  "meanMeasuredMotion": [
    0.05787611631949413,
    0.2538813667013294,
    0.13131250969947653
  ],
  "planarVelocityTrackingError": 0.2514031815290524,
  "yawRateTrackingError": 0.13131250969947653,
  "meanVelocityTrackingError": 0.8516963288102078,
  "meanPlanarVelocityTrackingError": 0.40720854774981874,
  "meanYawRateTrackingError": 0.6838706845014422,
  "meanUpright": 0.9441123504676066,
  "meanEnergy": 514.1899516150295,
  "meanSmoothness": 40.53003912036998,
  "peakActuator": 8.0,
  "motionCommandSchedule": [
    {
      "atStep": 0,
      "atSeconds": 0.0,
      "command": [
        0.0,
        0.12,
        0.0
      ]
    },
    {
      "atStep": 125,
      "atSeconds": 2.5,
      "command": [
        0.0,
        -0.12,
        0.0
      ]
    },
    {
      "atStep": 225,
      "atSeconds": 4.5,
      "command": [
        0.0,
        0.0,
        0.0
      ]
    }
  ],
  "transitionCount": 2,
  "transitions": [
    {
      "index": 1,
      "atStep": 125,
      "atSeconds": 2.5,
      "endStep": 225,
      "fromCommand": [
        0.0,
        0.12,
        0.0
      ],
      "toCommand": [
        0.0,
        -0.12,
        0.0
      ],
      "sampleCount": 100,
      "peakPlanarTrackingError": 0.4325424212920226,
      "peakYawRateTrackingError": 1.760335907560479,
      "terminalMeasuredMotion": [
        0.0366032558495845,
        0.10194794828138753,
        0.18810839148657688
      ],
      "terminalPlanarTrackingError": 0.22494597148005924,
      "terminalYawRateTrackingError": 0.18810839148657688,
      "planarOvershootMps": 0.41094031389871066,
      "yawRateOvershootRadPerSec": 0.0,
      "planarSettlingTimeSeconds": 2.0,
      "yawRateSettlingTimeSeconds": 1.9,
      "planarSettled": false,
      "yawRateSettled": true
    },
    {
      "index": 2,
      "atStep": 225,
      "atSeconds": 4.5,
      "endStep": 325,
      "fromCommand": [
        0.0,
        -0.12,
        0.0
      ],
      "toCommand": [
        0.0,
        0.0,
        0.0
      ],
      "sampleCount": 100,
      "peakPlanarTrackingError": 1.3340207750246615,
      "peakYawRateTrackingError": 2.268604417075614,
      "terminalMeasuredMotion": [
        0.7813855360567378,
        0.8868715290869235,
        0.9119102680197184
      ],
      "terminalPlanarTrackingError": 1.1819917364616612,
      "terminalYawRateTrackingError": 0.9119102680197184,
      "planarOvershootMps": 1.0332947309994365,
      "yawRateOvershootRadPerSec": 0.0,
      "planarSettlingTimeSeconds": 2.0,
      "yawRateSettlingTimeSeconds": 2.0,
      "planarSettled": false,
      "yawRateSettled": false
    }
  ],
  "maximumTransitionTerminalPlanarTrackingError": 1.1819917364616612,
  "maximumTransitionTerminalYawRateTrackingError": 0.9119102680197184,
  "maximumPlanarSettlingTimeSeconds": 2.0,
  "maximumYawRateSettlingTimeSeconds": 2.0,
  "maximumPlanarOvershootMps": 1.0332947309994365,
  "maximumYawRateOvershootRadPerSec": 0.0,
  "unsettledPlanarTransitionCount": 2,
  "unsettledYawRateTransitionCount": 1,
  "initialBasePosition": [
    0.0,
    0.0,
    0.44
  ],
  "finalBasePosition": [
    0.36505000747064,
    1.640594620855255,
    0.32211618266960984
  ],
  "netDisplacement": [
    0.36505000747064,
    1.640594620855255,
    -0.11788381733039016
  ],
  "targetPlanarDisplacement": [
    0.0,
    0.06
  ],
  "forwardDisplacement": 1.640594620855255,
  "targetDistance": 0.06,
  "forwardProgress": 1.0,
  "meanForwardVelocity": 0.25239917243928917,
  "lateralDrift": 0.36505000747064,
  "distanceTraveled": 2.734999344660172
}
