{
  "terms": {
    "survival": 30.0,
    "velocityTracking": 10.800907086558212,
    "forwardProgress": 10.0,
    "upright": 14.1616852570141,
    "lateralDrift": -1.8252500373532,
    "transitionTracking": 3.6913096823446296,
    "energy": -2.5709497580751477,
    "smoothness": -0.04053003912036998,
    "componentMass": -1.2060000000000002,
    "sensorChannels": -1.07,
    "trainingSteps": -0.0
  },
  "total": 61.941172191368224
}
