{
  "durationSeconds": 18.000000000000902,
  "steps": 900,
  "survivalRate": 1.0,
  "fell": false,
  "motionCommand": [
    0.13111111111111284,
    0.02499999999999996,
    0.041666666666666664
  ],
  "meanMotionCommand": [
    0.13111111111111284,
    0.02499999999999996,
    0.041666666666666664
  ],
  "meanMeasuredMotion": [
    0.044467108620333505,
    0.004087350397305276,
    -0.01142595460494062
  ],
  "planarVelocityTrackingError": 0.08913204856294543,
  "yawRateTrackingError": 0.053092621271607285,
  "meanVelocityTrackingError": 0.351830468792642,
  "meanPlanarVelocityTrackingError": 0.20741313256240682,
  "meanYawRateTrackingError": 0.22257110336910102,
  "meanUpright": 0.8939099860483698,
  "meanAbsolutePitchRad": 0.20670628965247953,
  "minimumPitchRad": -0.6347068903185646,
  "maximumPitchRad": 1.0411296058620785,
  "maximumBackwardPitchRad": 0.6347068903185646,
  "maximumAbsolutePitchRad": 1.0411296058620785,
  "maximumAbsolutePitchRateRadPerSec": 5.693444375371632,
  "meanBodyTiltRad": 0.215777440214738,
  "maximumBodyTiltRad": 1.0411296064256514,
  "initialBodyTiltRad": 0.0,
  "minimumBodyTiltRad": 0.0,
  "finalBodyTiltRad": 0.09469787409998645,
  "finalBaseHeightM": 0.4234454315614028,
  "selfRightingTask": true,
  "recoveryTriggered": true,
  "selfRightingSuccess": 1.0,
  "timeToStableStandSeconds": 5.479999999999401,
  "stableStandingDwellSeconds": 1.98,
  "finalStableStandingDwellSeconds": 0.0,
  "minimumJointLimitMarginRad": 0.02838196425104844,
  "disallowedCollisionSteps": 0,
  "meanEnergy": 161.30890291201325,
  "meanSmoothness": 108.48863906339513,
  "peakActuator": 8.0,
  "motionQualityFootEvidenceAvailable": true,
  "motionQualityContactThresholdNewton": 1.0,
  "meanJointJerkRadPerSec3": 18312.71012580814,
  "peakJointJerkRadPerSec3": 53950.942805875675,
  "meanBodyAngularJerkRadPerSec3": 2130.521329622051,
  "peakBodyAngularJerkRadPerSec3": 14735.6048709821,
  "meanActionSlewRatePerSec": 399.78652295915697,
  "peakActionSlewRatePerSec": 800.0,
  "actuatorSaturationRate": 0.3407407407407407,
  "meanFootSlipSpeedMps": 0.05193195783071242,
  "peakFootSlipSpeedMps": 1.0807284712338092,
  "totalFootSlipDistanceM": 1.6888272686547692,
  "meanFootContactImpactNPerSec": 514.2618505078786,
  "peakFootContactImpactNPerSec": 14426.248313876285,
  "peakFootContactForceNewton": 288.5249662775257,
  "motionCommandSchedule": [
    {
      "atStep": 0,
      "atSeconds": 0.0,
      "command": [
        0.2,
        0.0,
        0.0
      ]
    },
    {
      "atStep": 400,
      "atSeconds": 8.0,
      "command": [
        0.2,
        0.0,
        0.0
      ]
    },
    {
      "atStep": 500,
      "atSeconds": 10.0,
      "command": [
        0.12,
        0.0,
        0.25
      ]
    },
    {
      "atStep": 650,
      "atSeconds": 13.0,
      "command": [
        0.0,
        0.15,
        0.0
      ]
    },
    {
      "atStep": 800,
      "atSeconds": 16.0,
      "command": [
        0.0,
        0.0,
        0.0
      ]
    }
  ],
  "transitionCount": 4,
  "transitions": [
    {
      "index": 1,
      "atStep": 400,
      "atSeconds": 8.0,
      "endStep": 500,
      "fromCommand": [
        0.2,
        0.0,
        0.0
      ],
      "toCommand": [
        0.2,
        0.0,
        0.0
      ],
      "sampleCount": 100,
      "peakPlanarTrackingError": 0.7957045187748581,
      "peakYawRateTrackingError": 0.5605974664201545,
      "terminalMeasuredMotion": [
        -0.008614743580762325,
        -0.0010668305958186324,
        -0.032416786371517195
      ],
      "terminalPlanarTrackingError": 0.20861747138431957,
      "terminalYawRateTrackingError": 0.032416786371517195,
      "planarOvershootMps": 0.0,
      "yawRateOvershootRadPerSec": 0.0,
      "planarSettlingTimeSeconds": 2.0,
      "yawRateSettlingTimeSeconds": 0.26,
      "planarSettled": false,
      "yawRateSettled": true,
      "planarBraking": false
    },
    {
      "index": 2,
      "atStep": 500,
      "atSeconds": 10.0,
      "endStep": 650,
      "fromCommand": [
        0.2,
        0.0,
        0.0
      ],
      "toCommand": [
        0.12,
        0.0,
        0.25
      ],
      "sampleCount": 150,
      "peakPlanarTrackingError": 0.315190841338699,
      "peakYawRateTrackingError": 0.8931502542775845,
      "terminalMeasuredMotion": [
        0.007006627703582425,
        -0.0016059352414068643,
        0.0592037895753504
      ],
      "terminalPlanarTrackingError": 0.11300478401783004,
      "terminalYawRateTrackingError": 0.19079621042464961,
      "planarOvershootMps": 0.3128984225035278,
      "yawRateOvershootRadPerSec": 0.40640366911626313,
      "planarSettlingTimeSeconds": 3.0,
      "yawRateSettlingTimeSeconds": 2.98,
      "planarSettled": true,
      "yawRateSettled": true,
      "planarBraking": false
    },
    {
      "index": 3,
      "atStep": 650,
      "atSeconds": 13.0,
      "endStep": 800,
      "fromCommand": [
        0.12,
        0.0,
        0.25
      ],
      "toCommand": [
        0.0,
        0.15,
        0.0
      ],
      "sampleCount": 150,
      "peakPlanarTrackingError": 0.17811295808569852,
      "peakYawRateTrackingError": 1.2394955481358547,
      "terminalMeasuredMotion": [
        0.042506850110137516,
        0.04236144272166781,
        -0.38078843079333347
      ],
      "terminalPlanarTrackingError": 0.115727660130353,
      "terminalYawRateTrackingError": 0.38078843079333347,
      "planarOvershootMps": 0.03462311106620453,
      "yawRateOvershootRadPerSec": 1.2394955481358547,
      "planarSettlingTimeSeconds": 2.7,
      "yawRateSettlingTimeSeconds": 3.0,
      "planarSettled": true,
      "yawRateSettled": false,
      "planarBraking": false
    },
    {
      "index": 4,
      "atStep": 800,
      "atSeconds": 16.0,
      "endStep": 900,
      "fromCommand": [
        0.0,
        0.15,
        0.0
      ],
      "toCommand": [
        0.0,
        0.0,
        0.0
      ],
      "sampleCount": 100,
      "peakPlanarTrackingError": 0.15648692138160572,
      "peakYawRateTrackingError": 1.226983893550293,
      "terminalMeasuredMotion": [
        -0.026380771132374598,
        0.004859598381452533,
        0.010778287377686718
      ],
      "terminalPlanarTrackingError": 0.026824630136643917,
      "terminalYawRateTrackingError": 0.010778287377686718,
      "planarOvershootMps": 0.08129076369153533,
      "yawRateOvershootRadPerSec": 0.0,
      "planarSettlingTimeSeconds": 0.2,
      "yawRateSettlingTimeSeconds": 0.24,
      "planarSettled": true,
      "yawRateSettled": true,
      "planarBraking": true
    }
  ],
  "maximumTransitionTerminalPlanarTrackingError": 0.20861747138431957,
  "maximumTransitionTerminalYawRateTrackingError": 0.38078843079333347,
  "maximumPlanarSettlingTimeSeconds": 3.0,
  "maximumPlanarBrakingSettlingTimeSeconds": 0.2,
  "maximumYawRateSettlingTimeSeconds": 3.0,
  "maximumPlanarOvershootMps": 0.3128984225035278,
  "maximumYawRateOvershootRadPerSec": 1.2394955481358547,
  "unsettledPlanarTransitionCount": 1,
  "unsettledYawRateTransitionCount": 1,
  "initialBasePosition": [
    1.017983065972739,
    -0.14308443248699398,
    0.4762978460770211
  ],
  "finalBasePosition": [
    0.8034506603856753,
    0.056685410007608,
    0.4234454315614028
  ],
  "netDisplacement": [
    -0.21453240558706366,
    0.199769842494602,
    -0.052852414515618285
  ],
  "targetPlanarDisplacement": [
    0.76,
    0.44999999999999996
  ],
  "forwardDisplacement": -0.08281871723470077,
  "targetDistance": 0.8832326986700617,
  "forwardProgress": 0.0,
  "signedForwardProgress": -0.09376772096346303,
  "backwardDisplacement": 0.08281871723470077,
  "meanForwardVelocity": -0.00828187172346933,
  "lateralDrift": 0.28119957875659973,
  "distanceTraveled": 2.8945390603196324,
  "episodeInitialBasePosition": [
    0.0,
    0.0,
    0.44
  ],
  "mobilityMeasurementStartedAtSeconds": 8.0,
  "recoveryEvaluationStartedAtSeconds": 2.7,
  "missionStageDurationsSeconds": {
    "approach": 2.48,