{
  "terms": {
    "survival": 10.0,
    "velocityTracking": 4.438426369660664,
    "forwardProgress": 0.0,
    "upright": 1.7878199720967396,
    "lateralDrift": -0.5623991575131995,
    "transitionTracking": 0.21877529893724335,
    "energy": -0.3226178058240265,
    "smoothness": -0.10848863906339513,
    "jointJerk": 0.0,
    "bodyAngularJerk": 0.0,
    "actionSlew": 0.0,
    "actuatorSaturation": -0.17037037037037034,
    "footSlip": 0.0,
    "footImpact": 0.0,
    "selfRighting": 100.0,
    "recoveryTime": -10.959999999998802,
    "jointLimitMargin": 0.05676392850209688,
    "componentMass": -3.015,
    "sensorChannels": -2.14,
    "trainingSteps": -0.0
  },
  "total": 99.22290959642694
}
