{
  "count": 4096.0001,
  "mean": [
    0.1725998195789005,
    0.5087705641568153,
    -0.42375171780523585,
    -0.1698706973467619,
    0.4949455680542693,
    -0.418949837692613,
    0.1644257507098482,
    0.27678632002484843,
    -0.5172847841689278,
    -0.17581436018542684,
    0.2761636051115633,
    -0.5122339280861665,
    -0.02086961109606422,
    0.07513318338936775,
    0.11600839075917828,
    0.00701702759763857,
    0.07434803229206526,
    0.11063950447696087,
    0.007439430797847353,
    0.06759428700266162,
    0.04287905672139433,
    0.020879996080522826,
    0.06779295826101725,
    0.020642869381842677,
    0.32841291468160466,
    0.876471159963701,
    -0.007910110367888617,
    0.1977533449171067,
    0.02187269471791572,
    0.07303539791738553,
    0.0009443161136289219,
    -0.07438527060225066,
    -0.06764711422294958,
    0.2543635396222446,
    -0.015506151296678454,
    -0.06635729823318026,
    0.25219126036879924,
    -0.015664908260058993,
    -3.154935153671001,
    -0.15556584837741735,
    5.873240144487433,
    0.15252845463470294,
    -1.2124568211867817,
    0.23479471987410025,
    -0.07411847417073317,
    -1.205451179296946,
    0.22762898432159653,
    0.2576817395645145,
    0.42619825693186214,
    0.7152061586224483,
    -0.17928951909963464,
    0.4175445236962552,
    0.7135507654547558,
    0.16701149394738724,
    -1.2112545701036077,
    0.22942682255031674,
    -0.06681943865260984,
    -1.2059116119360844,
    0.22988792349326934,
    0.2597287996784308,
    0.42384135057212624,
    0.7218779897327008,
    -0.17713335101130231,
    0.4216134849496428,
    0.7157426127999016,
    0.16814927003452024,
    -1.2062314070936602,
    0.21668818114097735,
    -0.06595650355593219,
    -1.2026896793292419,
    0.22032563959679594,
    0.2608439679139523,
    0.41785775853543405,
    0.7305838658504042,
    -0.17798189903147144,
    0.4131504684468785,
    0.7247739281871349,
    0.16750782041814677,
    -1.198817626284112,
    0.20502509233450697,
    -0.0685227276267403,
    -1.1909308510325156,
    0.20508851017972635,
    0.25780358428744776,
    0.42402435908774777,
    0.7269464970155137,
    -0.17927453028394633,
    0.40473803131005326,
    0.7305705172984117,
    0.11169037611686887,
    -1.193488573900239,
    0.20292678438396575,
    -0.06787829055390353,
    -1.1908945191706548,
    0.18245011095289349,
    0.2490946689563505,
    0.41807164860309753,
    0.6989445940506671,
    -0.192291864685206,
    0.39839735557419376,
    0.6949969741320355,
    0.12340558555304601,
    -1.206663345915809,
    0.22023753181303815,
    -0.07477200080077406,
    -1.2000835639387784,
    0.19939635438700115,
    0.2570939489463808,
    0.4181725438258579,
    0.7030362892371677,
    -0.19217066031500107,
    0.4033159647002239,
    0.6920251965737313,
    0.13905089427532202,
    -1.214415185797171,
    0.23086957570061967,
    -0.07598941808888875,
    -1.2073414420693271,
    0.21568900293011029,
    0.2686800380741005,
    0.42481310567650366,
    0.7015352927765405,
    -0.18653536258351253,
    0.41601823012291084,
    0.6842461686059784,
    0.15576790538125945,
    -1.214409119158908,
    0.22570072129593177,
    -0.06588922889544033,
    -1.2052247545171508,
    0.22320590695678397,
    0.27199145336296154,
    0.4342863142830649,
    0.7015487014674526,
    -0.17420945265579743,
    0.42712156030761145,
    0.6944509037422032,
    2.3708547506156314,
    11.95509291533152,
    10.6125188871257,
    8.741465451836346,
    8.431295993063856
  ],
  "variance": [
    0.05422495970629504,
    0.12960556711377882,
    0.2019061009308928,
    0.05688179920157817,
    0.13162150332990474,
    0.20385546555193687,
    0.04884900511765892,
    0.1197748249502108,
    0.1888472734697366,
    0.04930683365742835,
    0.11498456545656656,
    0.18898405002454347,
    27.227256153498566,
    64.15921214386489,
    152.3498714318746,
    28.10949408946505,
    64.53065310813577,
    155.27505502474486,
    34.180794368514434,
    74.784884494184,
    146.2017941696315,
    35.03084136452022,
    73.29222675955363,
    146.4291069917916,
    0.007120175169657096,
    0.0264309072977203,
    0.021513863322793626,
    0.11298803634521638,
    0.031230936497341023,
    0.22413162282914567,
    0.062311912287592856,
    0.1480795941299787,
    4.66176773701716,
    5.690288956801582,
    0.7481854117239802,
    4.504075955474822,
    5.604498548080472,
    0.7345637434086902,
    191.5029256172389,
    42.330196642732425,
    226.27057253009377,
    42.21664558132962,
    50.95281658513222,
    56.37449597987147,
    42.565337929993255,
    50.93441379675714,
    56.54493176699625,
    46.763695593097026,
    52.45731491529033,
    55.021527779590556,
    47.09333656870836,
    52.65160266048515,
    55.13691754030261,
    42.60253947371551,
    51.347733345002354,
    56.75274963843875,
    42.9417995100886,
    51.332075775038064,
    56.94395531779087,
    47.13550787765946,
    52.8354880355299,
    55.40534240172877,
    47.509428796089615,
    53.04223108161324,
    55.53367314408438,
    42.971325821552696,
    51.73797028046241,
    57.152015784313726,
    43.280984319612095,
    51.71621272374872,
    57.334454853798675,
    47.52951800876927,
    53.238808995604565,
    55.79616208759222,
    47.85251510945396,
    53.446992011612565,
    55.93115190911909,
    43.344570980825566,
    52.17293582495005,
    57.51220580509577,
    43.65762519014307,
    52.14241232182406,
    57.7515577133648,
    47.92814272851659,
    53.60723260631273,
    56.22256440201024,
    48.249809208369285,
    53.8495443222686,
    56.33738197843711,
    41.22764578877261,
    50.0501765327795,
    55.32614558613683,
    41.5931357549923,
    49.938594906943564,
    55.559097715848985,
    45.78365075064354,
    51.4422945941212,
    53.97420864499726,
    46.103224833302406,
    51.62965438979428,
    54.10316898252217,
    41.61390235414007,
    50.36579918791628,
    55.717592180097505,
    41.951934615612274,
    50.33229862460443,
    55.94893998388218,
    46.141065236231384,
    51.82826555900513,
    54.374319232208,
    46.47011335873148,
    52.04206613021448,
    54.52802100393396,
    41.981481176035395,
    50.68248132960599,
    56.103885156637816,
    42.32576007492697,
    50.6638488310589,
    56.31136892667239,
    46.518150107226454,
    52.222713209148516,
    54.775431476666576,
    46.84224705845042,
    52.40607054163483,
    54.89624639369925,
    42.36169157363304,
    51.06089519228319,
    56.50432506052071,
    42.68787541962337,
    51.061738833307565,
    56.67128284273495,
    46.886592159982804,
    52.57472800367285,
    55.179136939981376,
    47.259270197973734,
    52.80422739507597,
    55.30099423457057,
    0.8480517506916689,
    1111.9500574961123,
    952.5829508493509,
    1194.9161366659212,
    1190.5423693632576
  ]
}
