{
  "durationSeconds": 18.000000000000902,
  "steps": 900,
  "survivalRate": 1.0,
  "fell": false,
  "motionCommand": [
    0.13111111111111284,
    0.02499999999999996,
    0.041666666666666664
  ],
  "meanMotionCommand": [
    0.13111111111111284,
    0.02499999999999996,
    0.041666666666666664
  ],
  "meanMeasuredMotion": [
    0.00509813069894696,
    0.11572927408558283,
    -0.11342264212501724
  ],
  "planarVelocityTrackingError": 0.15527740469383727,
  "yawRateTrackingError": 0.1550893087916839,
  "meanVelocityTrackingError": 0.5904381772747764,
  "meanPlanarVelocityTrackingError": 0.32178382059801985,
  "meanYawRateTrackingError": 0.4337080818679065,
  "meanUpright": 0.3574075485618558,
  "meanAbsolutePitchRad": 0.14095307382545533,
  "minimumPitchRad": -1.5473552681377416,
  "maximumPitchRad": 0.06739947107551647,
  "maximumBackwardPitchRad": 1.5473552681377416,
  "maximumAbsolutePitchRad": 1.5473552681377416,
  "maximumAbsolutePitchRateRadPerSec": 7.664471927252802,
  "meanBodyTiltRad": 1.8997771294896302,
  "maximumBodyTiltRad": 3.1408266258448263,
  "initialBodyTiltRad": 0.0,
  "minimumBodyTiltRad": 0.0,
  "finalBodyTiltRad": 3.0541283850198755,
  "finalBaseHeightM": 0.0732959992998734,
  "selfRightingTask": true,
  "recoveryTriggered": true,
  "selfRightingSuccess": 0.0,
  "timeToStableStandSeconds": 15.3,
  "stableStandingDwellSeconds": 0.0,
  "finalStableStandingDwellSeconds": 0.0,
  "minimumJointLimitMarginRad": -0.07840971112833461,
  "disallowedCollisionSteps": 0,
  "meanEnergy": 382.4613304265381,
  "meanSmoothness": 64.7129429332321,
  "peakActuator": 8.0,
  "motionQualityFootEvidenceAvailable": true,
  "motionQualityContactThresholdNewton": 1.0,
  "meanJointJerkRadPerSec3": 13123.53512332657,
  "peakJointJerkRadPerSec3": 55022.67464505137,
  "meanBodyAngularJerkRadPerSec3": 3134.7668901329835,
  "peakBodyAngularJerkRadPerSec3": 20077.229220559588,
  "meanActionSlewRatePerSec": 273.513350814308,
  "peakActionSlewRatePerSec": 800.0,
  "actuatorSaturationRate": 0.7251851851851852,
  "meanFootSlipSpeedMps": 0.144145324183525,
  "peakFootSlipSpeedMps": 0.943819475265158,
  "totalFootSlipDistanceM": 0.6544197717932035,
  "meanFootContactImpactNPerSec": 199.3613691745056,
  "peakFootContactImpactNPerSec": 13934.1421274171,
  "peakFootContactForceNewton": 278.68361399065566,
  "motionCommandSchedule": [
    {
      "atStep": 0,
      "atSeconds": 0.0,
      "command": [
        0.2,
        0.0,
        0.0
      ]
    },
    {
      "atStep": 400,
      "atSeconds": 8.0,
      "command": [
        0.2,
        0.0,
        0.0
      ]
    },
    {
      "atStep": 500,
      "atSeconds": 10.0,
      "command": [
        0.12,
        0.0,
        0.25
      ]
    },
    {
      "atStep": 650,
      "atSeconds": 13.0,
      "command": [
        0.0,
        0.15,
        0.0
      ]
    },
    {
      "atStep": 800,
      "atSeconds": 16.0,
      "command": [
        0.0,
        0.0,
        0.0
      ]
    }
  ],
  "transitionCount": 4,
  "transitions": [
    {
      "index": 1,
      "atStep": 400,
      "atSeconds": 8.0,
      "endStep": 500,
      "fromCommand": [
        0.2,
        0.0,
        0.0
      ],
      "toCommand": [
        0.2,
        0.0,
        0.0
      ],
      "sampleCount": 100,
      "peakPlanarTrackingError": 0.5402251245843052,
      "peakYawRateTrackingError": 1.2480785957629474,
      "terminalMeasuredMotion": [
        0.023166842744743513,
        0.057975904812648714,
        0.11359424033673238
      ],
      "terminalPlanarTrackingError": 0.18609452179929312,
      "terminalYawRateTrackingError": 0.11359424033673238,
      "planarOvershootMps": 0.0,
      "yawRateOvershootRadPerSec": 0.0,
      "planarSettlingTimeSeconds": 2.0,
      "yawRateSettlingTimeSeconds": 1.44,
      "planarSettled": false,
      "yawRateSettled": true,
      "planarBraking": false
    },
    {
      "index": 2,
      "atStep": 500,
      "atSeconds": 10.0,
      "endStep": 650,
      "fromCommand": [
        0.2,
        0.0,
        0.0
      ],
      "toCommand": [
        0.12,
        0.0,
        0.25
      ],
      "sampleCount": 150,
      "peakPlanarTrackingError": 0.4669663838717286,
      "peakYawRateTrackingError": 1.2087841988461303,
      "terminalMeasuredMotion": [
        -0.008596546368434555,
        0.00837254234983737,
        0.09174327134945129
      ],
      "terminalPlanarTrackingError": 0.12886881392830754,
      "terminalYawRateTrackingError": 0.1582567286505487,
      "planarOvershootMps": 0.45768820893164097,
      "yawRateOvershootRadPerSec": 0.4331741738480517,
      "planarSettlingTimeSeconds": 3.0,
      "yawRateSettlingTimeSeconds": 2.94,
      "planarSettled": false,
      "yawRateSettled": true,
      "planarBraking": false
    },
    {
      "index": 3,
      "atStep": 650,
      "atSeconds": 13.0,
      "endStep": 800,
      "fromCommand": [
        0.12,
        0.0,
        0.25
      ],
      "toCommand": [
        0.0,
        0.15,
        0.0
      ],
      "sampleCount": 150,
      "peakPlanarTrackingError": 0.4469856110421451,
      "peakYawRateTrackingError": 0.7371622101568926,
      "terminalMeasuredMotion": [
        0.01944944222138796,
        -0.04251231751113093,
        0.017995178930546883
      ],
      "terminalPlanarTrackingError": 0.19349230784770127,
      "terminalYawRateTrackingError": 0.017995178930546883,
      "planarOvershootMps": 0.13079345448275786,
      "yawRateOvershootRadPerSec": 0.7371622101568926,
      "planarSettlingTimeSeconds": 3.0,
      "yawRateSettlingTimeSeconds": 0.92,
      "planarSettled": false,
      "yawRateSettled": true,
      "planarBraking": false
    },
    {
      "index": 4,
      "atStep": 800,
      "atSeconds": 16.0,
      "endStep": 900,
      "fromCommand": [
        0.0,
        0.15,
        0.0
      ],
      "toCommand": [
        0.0,
        0.0,
        0.0
      ],
      "sampleCount": 100,
      "peakPlanarTrackingError": 0.343661362559135,
      "peakYawRateTrackingError": 0.7860122387509251,
      "terminalMeasuredMotion": [
        -0.03977197589373798,
        -0.015330376301182275,
        0.11096465592974218
      ],
      "terminalPlanarTrackingError": 0.042624294762821896,
      "terminalYawRateTrackingError": 0.11096465592974218,
      "planarOvershootMps": 0.23647100140240002,
      "yawRateOvershootRadPerSec": 0.0,
      "planarSettlingTimeSeconds": 0.2,
      "yawRateSettlingTimeSeconds": 0.2,
      "planarSettled": true,
      "yawRateSettled": true,
      "planarBraking": true
    }
  ],
  "maximumTransitionTerminalPlanarTrackingError": 0.19349230784770127,
  "maximumTransitionTerminalYawRateTrackingError": 0.1582567286505487,
  "maximumPlanarSettlingTimeSeconds": 3.0,
  "maximumPlanarBrakingSettlingTimeSeconds": 0.2,
  "maximumYawRateSettlingTimeSeconds": 2.94,
  "maximumPlanarOvershootMps": 0.45768820893164097,
  "maximumYawRateOvershootRadPerSec": 0.7371622101568926,
  "unsettledPlanarTransitionCount": 3,
  "unsettledYawRateTransitionCount": 0,
  "initialBasePosition": [
    0.1652062257462124,
    2.184651914972028,
    0.05491068835563262
  ],
  "finalBasePosition": [
    0.08919883232942356,
    2.0759848400951926,
    0.0732959992998734
  ],
  "netDisplacement": [
    -0.07600739341678885,
    -0.10866707487683547,
    0.018385310944240785
  ],
  "targetPlanarDisplacement": [
    0.76,
    0.44999999999999996
  ],
  "forwardDisplacement": -0.12076749745785997,
  "targetDistance": 0.8832326986700617,
  "forwardProgress": 0.0,
  "signedForwardProgress": -0.13673349915566654,
  "backwardDisplacement": 0.12076749745785997,
  "meanForwardVelocity": -0.012076749745784907,
  "lateralDrift": 0.054780184136857986,
  "distanceTraveled": 4.788748621777504,
  "episodeInitialBasePosition": [
    0.0,
    0.0,
    0.44
  ],
  "mobilityMeasurementStartedAtSeconds": 8.0,
  "recoveryEvaluationStartedAtSeconds": 2.7,
  "missionStageDurationsSeconds": {
    "approach": 2.48,
    "impact": 0.16,