{
  "terms": {
    "survival": 10.0,
    "velocityTracking": 3.77254525559807,
    "forwardProgress": 0.0,
    "upright": 0.7148150971237116,
    "lateralDrift": -0.10956036827371597,
    "transitionTracking": 0.23566565271127377,
    "energy": -0.7649226608530763,
    "smoothness": -0.0647129429332321,
    "jointJerk": 0.0,
    "bodyAngularJerk": 0.0,
    "actionSlew": 0.0,
    "actuatorSaturation": -0.3625925925925926,
    "footSlip": 0.0,
    "footImpact": 0.0,
    "selfRighting": 0.0,
    "recoveryTime": -30.6,
    "jointLimitMargin": -0.15681942225666923,
    "componentMass": -3.015,
    "sensorChannels": -2.14,
    "trainingSteps": -1.31072
  },
  "total": -23.801301981476232
}
