{
  "durationSeconds": 6.499999999999506,
  "steps": 325,
  "survivalRate": 1.0,
  "fell": false,
  "motionCommand": [
    0.0,
    0.0,
    0.038461538461538464
  ],
  "meanMotionCommand": [
    0.0,
    0.0,
    0.038461538461538464
  ],
  "meanMeasuredMotion": [
    -0.022286947763912796,
    -0.019202254310524643,
    0.02083691105259831
  ],
  "planarVelocityTrackingError": 0.029418270024551746,
  "yawRateTrackingError": 0.017624627408940153,
  "meanVelocityTrackingError": 0.3599960904303982,
  "meanPlanarVelocityTrackingError": 0.13855272025532345,
  "meanYawRateTrackingError": 0.3067318977378607,
  "meanUpright": 0.953095401401045,
  "meanEnergy": 196.568043612111,
  "meanSmoothness": 136.44599722150363,
  "peakActuator": 8.0,
  "motionCommandSchedule": [
    {
      "atStep": 0,
      "atSeconds": 0.0,
      "command": [
        0.0,
        0.0,
        0.5
      ]
    },
    {
      "atStep": 125,
      "atSeconds": 2.5,
      "command": [
        0.0,
        0.0,
        -0.5
      ]
    },
    {
      "atStep": 225,
      "atSeconds": 4.5,
      "command": [
        0.0,
        0.0,
        0.0
      ]
    }
  ],
  "transitionCount": 2,
  "transitions": [
    {
      "index": 1,
      "atStep": 125,
      "atSeconds": 2.5,
      "endStep": 225,
      "fromCommand": [
        0.0,
        0.0,
        0.5
      ],
      "toCommand": [
        0.0,
        0.0,
        -0.5
      ],
      "sampleCount": 100,
      "peakPlanarTrackingError": 0.3439579323821042,
      "peakYawRateTrackingError": 1.1366468823953668,
      "terminalMeasuredMotion": [
        -0.11486435715036938,
        -0.025874822659869217,
        -0.17246991514096055
      ],
      "terminalPlanarTrackingError": 0.11774263030545605,
      "terminalYawRateTrackingError": 0.32753008485903945,
      "planarOvershootMps": 0.0,
      "yawRateOvershootRadPerSec": 0.19668383219713048,
      "planarSettlingTimeSeconds": 2.0,
      "yawRateSettlingTimeSeconds": 2.0,
      "planarSettled": true,
      "yawRateSettled": false
    },
    {
      "index": 2,
      "atStep": 225,
      "atSeconds": 4.5,
      "endStep": 325,
      "fromCommand": [
        0.0,
        0.0,
        -0.5
      ],
      "toCommand": [
        0.0,
        0.0,
        0.0
      ],
      "sampleCount": 100,
      "peakPlanarTrackingError": 0.20124058541263246,
      "peakYawRateTrackingError": 0.1773735312632766,
      "terminalMeasuredMotion": [
        -0.047423811253194816,
        -0.02201954181367483,
        -0.030130712016062888
      ],
      "terminalPlanarTrackingError": 0.05228650012635022,
      "terminalYawRateTrackingError": 0.030130712016062888,
      "planarOvershootMps": 0.0,
      "yawRateOvershootRadPerSec": 0.15049040232850852,
      "planarSettlingTimeSeconds": 0.2,
      "yawRateSettlingTimeSeconds": 0.2,
      "planarSettled": true,
      "yawRateSettled": true
    }
  ],
  "maximumTransitionTerminalPlanarTrackingError": 0.11774263030545605,
  "maximumTransitionTerminalYawRateTrackingError": 0.32753008485903945,
  "maximumPlanarSettlingTimeSeconds": 2.0,
  "maximumYawRateSettlingTimeSeconds": 2.0,
  "maximumPlanarOvershootMps": 0.0,
  "maximumYawRateOvershootRadPerSec": 0.19668383219713048,
  "unsettledPlanarTransitionCount": 0,
  "unsettledYawRateTransitionCount": 1,
  "initialBasePosition": [
    0.0,
    0.0,
    0.44
  ],
  "finalBasePosition": [
    -0.13967864800649285,
    -0.12052075965040755,
    0.4206359813149029
  ],
  "netDisplacement": [
    -0.13967864800649285,
    -0.12052075965040755,
    -0.01936401868509713
  ],
  "targetPlanarDisplacement": [
    0.0,
    0.0
  ],
  "forwardDisplacement": 0.0,
  "targetDistance": 0.0,
  "forwardProgress": 1.0,
  "meanForwardVelocity": 0.0,
  "lateralDrift": 0.18448679685991906,
  "distanceTraveled": 0.8395441090726834
}
