{
  "terms": {
    "survival": 30.0,
    "velocityTracking": 14.705924627820508,
    "forwardProgress": 10.0,
    "upright": 14.296431021015675,
    "lateralDrift": -0.9224339842995953,
    "transitionTracking": 5.317304333729588,
    "energy": -0.9828402180605551,
    "smoothness": -0.13644599722150363,
    "componentMass": -1.2060000000000002,
    "sensorChannels": -1.07,
    "trainingSteps": -0.0
  },
  "total": 70.00193978298412
}
