{
  "durationSeconds": 4.999999999999671,
  "steps": 250,
  "survivalRate": 1.0,
  "fell": false,
  "motionCommand": [
    0.25,
    0.0,
    0.0
  ],
  "meanMotionCommand": [
    0.25,
    0.0,
    0.0
  ],
  "meanMeasuredMotion": [
    -0.034510876191158286,
    2.406272229804072e-16,
    -9.53447238974498e-16
  ],
  "planarVelocityTrackingError": 0.2845108761911583,
  "yawRateTrackingError": 9.53447238974498e-16,
  "meanVelocityTrackingError": 0.2845108761911582,
  "meanPlanarVelocityTrackingError": 0.2845108761911582,
  "meanYawRateTrackingError": 4.702608766942365e-15,
  "meanUpright": 0.945019145662665,
  "meanEnergy": 193.91569971747683,
  "meanSmoothness": 137.85167616136187,
  "peakActuator": 8.0,
  "motionCommandSchedule": [
    {
      "atStep": 0,
      "atSeconds": 0.0,
      "command": [
        0.25,
        0.0,
        0.0
      ]
    }
  ],
  "transitionCount": 0,
  "transitions": [],
  "maximumTransitionTerminalPlanarTrackingError": 0.0,
  "maximumTransitionTerminalYawRateTrackingError": 0.0,
  "maximumPlanarSettlingTimeSeconds": 0.0,
  "maximumPlanarBrakingSettlingTimeSeconds": 0.0,
  "maximumYawRateSettlingTimeSeconds": 0.0,
  "maximumPlanarOvershootMps": 0.0,
  "maximumYawRateOvershootRadPerSec": 0.0,
  "unsettledPlanarTransitionCount": 0,
  "unsettledYawRateTransitionCount": 0,
  "initialBasePosition": [
    0.0,
    0.0,
    0.44
  ],
  "finalBasePosition": [
    -0.16801120142203718,
    1.2276323866672506e-15,
    0.42233881430140846
  ],
  "netDisplacement": [
    -0.16801120142203718,
    1.2276323866672506e-15,
    -0.01766118569859154
  ],
  "targetPlanarDisplacement": [
    1.25,
    0.0
  ],
  "forwardDisplacement": -0.16801120142203718,
  "targetDistance": 1.25,
  "forwardProgress": 0.0,
  "meanForwardVelocity": -0.03360224028440965,
  "lateralDrift": 1.2276323866672506e-15,
  "distanceTraveled": 0.4410829427882232
}
