{
  "terms": {
    "survival": 30.0,
    "velocityTracking": 23.355193448385766,
    "forwardProgress": 0.0,
    "upright": 14.175287184939975,
    "lateralDrift": -1.2276323866672506e-14,
    "transitionTracking": 0.0,
    "energy": -0.9695784985873842,
    "smoothness": -0.13785167616136187,
    "componentMass": -1.2060000000000002,
    "sensorChannels": -1.07,
    "trainingSteps": -0.0
  },
  "total": 64.14705045857698
}
