{
  "durationSeconds": 3.999999999999781,
  "steps": 200,
  "survivalRate": 1.0,
  "fell": false,
  "motionCommand": [
    0.20000000000000015,
    0.0,
    0.0
  ],
  "meanMotionCommand": [
    0.20000000000000015,
    0.0,
    0.0
  ],
  "meanMeasuredMotion": [
    -0.02373013740566386,
    -0.005325200511909549,
    -0.001172189762149238
  ],
  "planarVelocityTrackingError": 0.22379350335532383,
  "yawRateTrackingError": 0.001172189762149238,
  "meanVelocityTrackingError": 0.24866924663575996,
  "meanPlanarVelocityTrackingError": 0.24369552119712645,
  "meanYawRateTrackingError": 0.028839073639171438,
  "meanUpright": 0.9734883002989733,
  "meanAbsolutePitchRad": 0.04402449435417898,
  "minimumPitchRad": -0.15372038084954912,
  "maximumPitchRad": 0.00195371970598942,
  "maximumBackwardPitchRad": 0.15372038084954912,
  "maximumAbsolutePitchRad": 0.15372038084954912,
  "maximumAbsolutePitchRateRadPerSec": 0.866554622682967,
  "meanBodyTiltRad": 0.05305579381173329,
  "maximumBodyTiltRad": 0.19815419747167565,
  "meanEnergy": 8.767841201196035,
  "meanSmoothness": 0.4081058547925375,
  "peakActuator": 6.0,
  "motionQualityFootEvidenceAvailable": true,
  "motionQualityContactThresholdNewton": 1.0,
  "meanJointJerkRadPerSec3": 340.1930472661377,
  "peakJointJerkRadPerSec3": 10294.151520729898,
  "meanBodyAngularJerkRadPerSec3": 65.68920282814595,
  "peakBodyAngularJerkRadPerSec3": 4007.241571397214,
  "meanActionSlewRatePerSec": 10.417431505556918,
  "peakActionSlewRatePerSec": 440.49377889193744,
  "actuatorSaturationRate": 0.004166666666666667,
  "meanFootSlipSpeedMps": 0.02760437038648454,
  "peakFootSlipSpeedMps": 0.364480017757399,
  "totalFootSlipDistanceM": 0.25727273200203565,
  "meanFootContactImpactNPerSec": 47.238882785580635,
  "peakFootContactImpactNPerSec": 7376.5731272727935,
  "peakFootContactForceNewton": 147.53146254545587,
  "motionCommandSchedule": [
    {
      "atStep": 0,
      "atSeconds": 0.0,
      "command": [
        0.2,
        0.0,
        0.0
      ]
    }
  ],
  "transitionCount": 0,
  "transitions": [],
  "maximumTransitionTerminalPlanarTrackingError": 0.0,
  "maximumTransitionTerminalYawRateTrackingError": 0.0,
  "maximumPlanarSettlingTimeSeconds": 0.0,
  "maximumPlanarBrakingSettlingTimeSeconds": 0.0,
  "maximumYawRateSettlingTimeSeconds": 0.0,
  "maximumPlanarOvershootMps": 0.0,
  "maximumYawRateOvershootRadPerSec": 0.0,
  "unsettledPlanarTransitionCount": 0,
  "unsettledYawRateTransitionCount": 0,
  "initialBasePosition": [
    0.0,
    0.0,
    0.38
  ],
  "finalBasePosition": [
    -0.09566768740329051,
    -0.020873732667788195,
    0.35028835522034946
  ],
  "netDisplacement": [
    -0.09566768740329051,
    -0.020873732667788195,
    -0.029711644779650548
  ],
  "targetPlanarDisplacement": [
    0.8,
    0.0
  ],
  "forwardDisplacement": -0.09566768740329051,
  "targetDistance": 0.8,
  "forwardProgress": 0.0,
  "signedForwardProgress": -0.11958460925411314,
  "backwardDisplacement": 0.09566768740329051,
  "meanForwardVelocity": -0.023916921850823936,
  "lateralDrift": 0.020873732667788195,
  "distanceTraveled": 0.6676149429493432
}
