{
  "durationSeconds": 4.999999999999671,
  "steps": 250,
  "survivalRate": 1.0,
  "fell": false,
  "motionCommand": [
    0,
    0,
    0.5
  ],
  "meanVelocityTrackingError": 0.4592648680024204,
  "meanPlanarVelocityTrackingError": 0.09317642963820215,
  "meanYawRateTrackingError": 0.43919447396110906,
  "meanUpright": 0.9471961066457526,
  "meanEnergy": 199.2687268093416,
  "meanSmoothness": 139.88401509952007,
  "peakActuator": 8.0,
  "initialBasePosition": [
    0.0,
    0.0,
    0.44
  ],
  "finalBasePosition": [
    -0.05331652133329834,
    -0.07876631695292005,
    0.420839873716551
  ],
  "netDisplacement": [
    -0.05331652133329834,
    -0.07876631695292005,
    -0.019160126283448986
  ],
  "forwardDisplacement": 0.0,
  "targetDistance": 0.0,
  "forwardProgress": 1.0,
  "meanForwardVelocity": 0.0,
  "lateralDrift": 0.09511458423087343,
  "distanceTraveled": 0.38562937426580696
}
