{
  "terms": {
    "survival": 30.0,
    "velocityTracking": 20.55829661757487,
    "forwardProgress": 25.0,
    "upright": 14.20794159968629,
    "lateralDrift": -0.9511458423087343,
    "energy": -0.996343634046708,
    "smoothness": -0.13988401509952006,
    "componentMass": -1.2060000000000002,
    "sensorChannels": -1.07,
    "trainingSteps": -0.0
  },
  "total": 85.4028647258062
}
