{
  "durationSeconds": 6.499999999999506,
  "steps": 325,
  "survivalRate": 1.0,
  "fell": false,
  "motionCommand": [
    0.0,
    0.0,
    0.038461538461538464
  ],
  "meanMotionCommand": [
    0.0,
    0.0,
    0.038461538461538464
  ],
  "meanMeasuredMotion": [
    0.041751711551482135,
    0.003412381319190219,
    0.0633310620286342
  ],
  "planarVelocityTrackingError": 0.041890926985992144,
  "yawRateTrackingError": 0.024869523567095736,
  "meanVelocityTrackingError": 0.41389486943489845,
  "meanPlanarVelocityTrackingError": 0.12386942358512333,
  "meanYawRateTrackingError": 0.3736257145711124,
  "meanUpright": 0.9667960433324567,
  "meanEnergy": 200.6610175787314,
  "meanSmoothness": 138.3250115210106,
  "peakActuator": 8.0,
  "motionCommandSchedule": [
    {
      "atStep": 0,
      "atSeconds": 0.0,
      "command": [
        0.0,
        0.0,
        0.5
      ]
    },
    {
      "atStep": 125,
      "atSeconds": 2.5,
      "command": [
        0.0,
        0.0,
        -0.5
      ]
    },
    {
      "atStep": 225,
      "atSeconds": 4.5,
      "command": [
        0.0,
        0.0,
        0.0
      ]
    }
  ],
  "transitionCount": 2,
  "transitions": [
    {
      "index": 1,
      "atStep": 125,
      "atSeconds": 2.5,
      "endStep": 225,
      "fromCommand": [
        0.0,
        0.0,
        0.5
      ],
      "toCommand": [
        0.0,
        0.0,
        -0.5
      ],
      "sampleCount": 100,
      "peakPlanarTrackingError": 0.25184002536182065,
      "peakYawRateTrackingError": 1.158380067585226,
      "terminalMeasuredMotion": [
        0.13235926351618538,
        0.008631381009654712,
        0.32937051422192887
      ],
      "terminalPlanarTrackingError": 0.1326403987353809,
      "terminalYawRateTrackingError": 0.8293705142219289,
      "planarOvershootMps": 0.0,
      "yawRateOvershootRadPerSec": 0.0,
      "planarSettlingTimeSeconds": 2.0,
      "yawRateSettlingTimeSeconds": 2.0,
      "planarSettled": false,
      "yawRateSettled": false
    },
    {
      "index": 2,
      "atStep": 225,
      "atSeconds": 4.5,
      "endStep": 325,
      "fromCommand": [
        0.0,
        0.0,
        -0.5
      ],
      "toCommand": [
        0.0,
        0.0,
        0.0
      ],
      "sampleCount": 100,
      "peakPlanarTrackingError": 0.1737898702918528,
      "peakYawRateTrackingError": 0.4651142623195739,
      "terminalMeasuredMotion": [
        0.00017373786152827323,
        0.0026401213460568807,
        -0.01484003064195175
      ],
      "terminalPlanarTrackingError": 0.002645831734338677,
      "terminalYawRateTrackingError": 0.01484003064195175,
      "planarOvershootMps": 0.0,
      "yawRateOvershootRadPerSec": 0.1737258123238456,
      "planarSettlingTimeSeconds": 0.2,
      "yawRateSettlingTimeSeconds": 0.44,
      "planarSettled": true,
      "yawRateSettled": true
    }
  ],
  "maximumTransitionTerminalPlanarTrackingError": 0.1326403987353809,
  "maximumTransitionTerminalYawRateTrackingError": 0.8293705142219289,
  "maximumPlanarSettlingTimeSeconds": 2.0,
  "maximumYawRateSettlingTimeSeconds": 2.0,
  "maximumPlanarOvershootMps": 0.0,
  "maximumYawRateOvershootRadPerSec": 0.1737258123238456,
  "unsettledPlanarTransitionCount": 1,
  "unsettledYawRateTransitionCount": 1,
  "initialBasePosition": [
    0.0,
    0.0,
    0.44
  ],
  "finalBasePosition": [
    0.26748979915782944,
    0.02321779627039727,
    0.40983761665404284
  ],
  "netDisplacement": [
    0.26748979915782944,
    0.02321779627039727,
    -0.030162383345957167
  ],
  "targetPlanarDisplacement": [
    0.0,
    0.0
  ],
  "forwardDisplacement": 0.0,
  "targetDistance": 0.0,
  "forwardProgress": 1.0,
  "meanForwardVelocity": 0.0,
  "lateralDrift": 0.2684955469223831,
  "distanceTraveled": 0.7335511875895
}
