{
  "terms": {
    "survival": 30.0,
    "velocityTracking": 14.145323271449131,
    "forwardProgress": 10.0,
    "upright": 14.501940649986851,
    "lateralDrift": -1.3424777346119154,
    "transitionTracking": 4.889388404882271,
    "energy": -1.003305087893657,
    "smoothness": -0.1383250115210106,
    "componentMass": -1.2060000000000002,
    "sensorChannels": -1.07,
    "trainingSteps": -0.0
  },
  "total": 68.77654449229168
}
