{
  "durationSeconds": 1.7000000000000013,
  "steps": 85,
  "survivalRate": 0.336,
  "fell": true,
  "motionCommand": [
    0.25,
    0.0,
    0.0
  ],
  "meanMotionCommand": [
    0.25,
    0.0,
    0.0
  ],
  "meanMeasuredMotion": [
    0.13149540195826853,
    -0.010282967460885249,
    -0.004662499862162957
  ],
  "planarVelocityTrackingError": 0.11894990196227137,
  "yawRateTrackingError": 0.004662499862162957,
  "meanVelocityTrackingError": 0.2539652811545876,
  "meanPlanarVelocityTrackingError": 0.21919043821750853,
  "meanYawRateTrackingError": 0.05510192610207819,
  "meanUpright": 0.5050798843205714,
  "meanEnergy": 565.436303901972,
  "meanSmoothness": 27.484563032595585,
  "peakActuator": 8.0,
  "motionCommandSchedule": [
    {
      "atStep": 0,
      "atSeconds": 0.0,
      "command": [
        0.25,
        0.0,
        0.0
      ]
    }
  ],
  "transitionCount": 0,
  "transitions": [],
  "maximumTransitionTerminalPlanarTrackingError": 0.0,
  "maximumTransitionTerminalYawRateTrackingError": 0.0,
  "maximumPlanarSettlingTimeSeconds": 0.0,
  "maximumPlanarBrakingSettlingTimeSeconds": 0.0,
  "maximumYawRateSettlingTimeSeconds": 0.0,
  "maximumPlanarOvershootMps": 0.0,
  "maximumYawRateOvershootRadPerSec": 0.0,
  "unsettledPlanarTransitionCount": 0,
  "unsettledYawRateTransitionCount": 0,
  "initialBasePosition": [
    0.0,
    0.0,
    0.44
  ],
  "finalBasePosition": [
    0.22111341114523678,
    -0.01672576695884514,
    0.18741647461548244
  ],
  "netDisplacement": [
    0.22111341114523678,
    -0.01672576695884514,
    -0.25258352538451756
  ],
  "targetPlanarDisplacement": [
    1.25,
    0.0
  ],
  "forwardDisplacement": 0.22111341114523678,
  "targetDistance": 1.25,
  "forwardProgress": 0.17689072891618943,
  "signedForwardProgress": 0.17689072891618943,
  "backwardDisplacement": 0.0,
  "meanForwardVelocity": 0.13006671243837448,
  "lateralDrift": 0.01672576695884514,
  "distanceTraveled": 0.38162604304001374
}
