{
  "terms": {
    "survival": 8.4,
    "velocityTracking": 15.949404900257697,
    "forwardProgress": 8.84453644580947,
    "upright": 7.57619826480857,
    "lateralDrift": -0.16725766958845142,
    "transitionTracking": 0.0,
    "energy": -5.65436303901972,
    "smoothness": -0.1374228151629779,
    "componentMass": -1.5075,
    "sensorChannels": -5.3500000000000005,
    "trainingSteps": -0.0
  },
  "total": 27.95359608710459
}
