{
  "durationSeconds": 4.999999999999671,
  "steps": 250,
  "survivalRate": 1.0,
  "fell": false,
  "motionCommand": [
    0.25,
    0.0,
    0.0
  ],
  "meanMotionCommand": [
    0.25,
    0.0,
    0.0
  ],
  "meanMeasuredMotion": [
    0.005241885091363944,
    8.596696619880565e-13,
    1.1188286781139786e-13
  ],
  "planarVelocityTrackingError": 0.24475811490863605,
  "yawRateTrackingError": 1.1188286781139786e-13,
  "meanVelocityTrackingError": 0.27323939264883756,
  "meanPlanarVelocityTrackingError": 0.27323939264883756,
  "meanYawRateTrackingError": 1.8093736992010348e-11,
  "meanUpright": 0.6028078581489905,
  "meanEnergy": 608.0647514644232,
  "meanSmoothness": 35.41335583920437,
  "peakActuator": 8.0,
  "motionCommandSchedule": [
    {
      "atStep": 0,
      "atSeconds": 0.0,
      "command": [
        0.25,
        0.0,
        0.0
      ]
    }
  ],
  "transitionCount": 0,
  "transitions": [],
  "maximumTransitionTerminalPlanarTrackingError": 0.0,
  "maximumTransitionTerminalYawRateTrackingError": 0.0,
  "maximumPlanarSettlingTimeSeconds": 0.0,
  "maximumPlanarBrakingSettlingTimeSeconds": 0.0,
  "maximumYawRateSettlingTimeSeconds": 0.0,
  "maximumPlanarOvershootMps": 0.0,
  "maximumYawRateOvershootRadPerSec": 0.0,
  "unsettledPlanarTransitionCount": 0,
  "unsettledYawRateTransitionCount": 0,
  "initialBasePosition": [
    0.0,
    0.0,
    0.44
  ],
  "finalBasePosition": [
    0.03797593252613564,
    4.042221268087496e-12,
    0.273334584646166
  ],
  "netDisplacement": [
    0.03797593252613564,
    4.042221268087496e-12,
    -0.166665415353834
  ],
  "targetPlanarDisplacement": [
    1.25,
    0.0
  ],
  "forwardDisplacement": 0.03797593252613564,
  "targetDistance": 1.25,
  "forwardProgress": 0.03038074602090851,
  "signedForwardProgress": 0.03038074602090851,
  "backwardDisplacement": 0.0,
  "meanForwardVelocity": 0.007595186505227627,
  "lateralDrift": 4.042221268087496e-12,
  "distanceTraveled": 0.591163197016608
}
