{
  "durationSeconds": 6.499999999999506,
  "steps": 325,
  "survivalRate": 1.0,
  "fell": false,
  "motionCommand": [
    0.0,
    0.0,
    0.038461538461538464
  ],
  "meanMotionCommand": [
    0.0,
    0.0,
    0.038461538461538464
  ],
  "meanMeasuredMotion": [
    0.04062817571998661,
    0.016027343014874098,
    0.13611347722805248
  ],
  "planarVelocityTrackingError": 0.04367521478425198,
  "yawRateTrackingError": 0.09765193876651401,
  "meanVelocityTrackingError": 0.42673276709531743,
  "meanPlanarVelocityTrackingError": 0.12500037699902974,
  "meanYawRateTrackingError": 0.3908005805644216,
  "meanUpright": 0.9722127829914295,
  "meanEnergy": 193.44791631606967,
  "meanSmoothness": 132.8609388832644,
  "peakActuator": 8.0,
  "motionCommandSchedule": [
    {
      "atStep": 0,
      "atSeconds": 0.0,
      "command": [
        0.0,
        0.0,
        0.5
      ]
    },
    {
      "atStep": 125,
      "atSeconds": 2.5,
      "command": [
        0.0,
        0.0,
        -0.5
      ]
    },
    {
      "atStep": 225,
      "atSeconds": 4.5,
      "command": [
        0.0,
        0.0,
        0.0
      ]
    }
  ],
  "transitionCount": 2,
  "transitions": [
    {
      "index": 1,
      "atStep": 125,
      "atSeconds": 2.5,
      "endStep": 225,
      "fromCommand": [
        0.0,
        0.0,
        0.5
      ],
      "toCommand": [
        0.0,
        0.0,
        -0.5
      ],
      "sampleCount": 100,
      "peakPlanarTrackingError": 0.4360281670875071,
      "peakYawRateTrackingError": 1.3656532436631266,
      "terminalMeasuredMotion": [
        -0.01801010753804965,
        -0.004514042888103126,
        0.020499864313981358
      ],
      "terminalPlanarTrackingError": 0.018567190329388753,
      "terminalYawRateTrackingError": 0.5204998643139813,
      "planarOvershootMps": 0.0,
      "yawRateOvershootRadPerSec": 0.0,
      "planarSettlingTimeSeconds": 1.64,
      "yawRateSettlingTimeSeconds": 2.0,
      "planarSettled": true,
      "yawRateSettled": false
    },
    {
      "index": 2,
      "atStep": 225,
      "atSeconds": 4.5,
      "endStep": 325,
      "fromCommand": [
        0.0,
        0.0,
        -0.5
      ],
      "toCommand": [
        0.0,
        0.0,
        0.0
      ],
      "sampleCount": 100,
      "peakPlanarTrackingError": 0.12566113723779004,
      "peakYawRateTrackingError": 0.4416470186049,
      "terminalMeasuredMotion": [
        0.00715364567244518,
        0.0020331442627693234,
        0.02442826026614292
      ],
      "terminalPlanarTrackingError": 0.007436956501158621,
      "terminalYawRateTrackingError": 0.02442826026614292,
      "planarOvershootMps": 0.0,
      "yawRateOvershootRadPerSec": 0.4416470186049,
      "planarSettlingTimeSeconds": 0.2,
      "yawRateSettlingTimeSeconds": 0.34,
      "planarSettled": true,
      "yawRateSettled": true
    }
  ],
  "maximumTransitionTerminalPlanarTrackingError": 0.018567190329388753,
  "maximumTransitionTerminalYawRateTrackingError": 0.5204998643139813,
  "maximumPlanarSettlingTimeSeconds": 1.64,
  "maximumYawRateSettlingTimeSeconds": 2.0,
  "maximumPlanarOvershootMps": 0.0,
  "maximumYawRateOvershootRadPerSec": 0.4416470186049,
  "unsettledPlanarTransitionCount": 0,
  "unsettledYawRateTransitionCount": 1,
  "initialBasePosition": [
    0.0,
    0.0,
    0.44
  ],
  "finalBasePosition": [
    0.26387898005677773,
    0.0993344545590696,
    0.40856966521392046
  ],
  "netDisplacement": [
    0.26387898005677773,
    0.0993344545590696,
    -0.03143033478607954
  ],
  "targetPlanarDisplacement": [
    0.0,
    0.0
  ],
  "forwardDisplacement": 0.0,
  "targetDistance": 0.0,
  "forwardProgress": 1.0,
  "meanForwardVelocity": 0.0,
  "lateralDrift": 0.2819564682328695,
  "distanceTraveled": 0.7431408141638731
}
