{
  "terms": {
    "survival": 30.0,
    "velocityTracking": 14.018042103790723,
    "forwardProgress": 10.0,
    "upright": 14.583191744871444,
    "lateralDrift": -1.4097823411643475,
    "transitionTracking": 5.337400125508018,
    "energy": -0.9672395815803484,
    "smoothness": -0.1328609388832644,
    "componentMass": -1.2060000000000002,
    "sensorChannels": -1.07,
    "trainingSteps": -0.0
  },
  "total": 69.15275111254222
}
