{
  "durationSeconds": 5.999999999999561,
  "steps": 300,
  "survivalRate": 1.0,
  "fell": false,
  "motionCommand": [
    0.125,
    0.0,
    0.0
  ],
  "meanMotionCommand": [
    0.125,
    0.0,
    0.0
  ],
  "meanMeasuredMotion": [
    0.019314985240942103,
    2.56685466138054e-16,
    -7.886312317176435e-17
  ],
  "planarVelocityTrackingError": 0.1056850147590579,
  "yawRateTrackingError": 7.886312317176435e-17,
  "meanVelocityTrackingError": 0.15455553203693564,
  "meanPlanarVelocityTrackingError": 0.15455553203693564,
  "meanYawRateTrackingError": 6.7587429012457645e-15,
  "meanUpright": 0.9606852641027681,
  "meanEnergy": 189.9735634419228,
  "meanSmoothness": 131.6545943923816,
  "peakActuator": 8.0,
  "motionCommandSchedule": [
    {
      "atStep": 0,
      "atSeconds": 0.0,
      "command": [
        0.0,
        0.0,
        0.0
      ]
    },
    {
      "atStep": 50,
      "atSeconds": 1.0,
      "command": [
        0.25,
        0.0,
        0.0
      ]
    },
    {
      "atStep": 200,
      "atSeconds": 4.0,
      "command": [
        0.0,
        0.0,
        0.0
      ]
    }
  ],
  "transitionCount": 2,
  "transitions": [
    {
      "index": 1,
      "atStep": 50,
      "atSeconds": 1.0,
      "endStep": 200,
      "fromCommand": [
        0.0,
        0.0,
        0.0
      ],
      "toCommand": [
        0.25,
        0.0,
        0.0
      ],
      "sampleCount": 150,
      "peakPlanarTrackingError": 0.6455834536009039,
      "peakYawRateTrackingError": 1.2187347335402442e-14,
      "terminalMeasuredMotion": [
        0.20339289216779394,
        5.359462742575767e-16,
        -8.51491061884595e-16
      ],
      "terminalPlanarTrackingError": 0.04660710783220606,
      "terminalYawRateTrackingError": 8.51491061884595e-16,
      "planarOvershootMps": 0.13071387129682444,
      "yawRateOvershootRadPerSec": 0.0,
      "planarSettlingTimeSeconds": 2.62,
      "yawRateSettlingTimeSeconds": 0.2,
      "planarSettled": true,
      "yawRateSettled": true
    },
    {
      "index": 2,
      "atStep": 200,
      "atSeconds": 4.0,
      "endStep": 300,
      "fromCommand": [
        0.25,
        0.0,
        0.0
      ],
      "toCommand": [
        0.0,
        0.0,
        0.0
      ],
      "sampleCount": 100,
      "peakPlanarTrackingError": 0.23672508285613153,
      "peakYawRateTrackingError": 4.2760220362690303e-14,
      "terminalMeasuredMotion": [
        -0.024926484347166794,
        -4.4014455128487185e-16,
        7.575096166753464e-15
      ],
      "terminalPlanarTrackingError": 0.024926484347166794,
      "terminalYawRateTrackingError": 7.575096166753464e-15,
      "planarOvershootMps": 0.11071700894159883,
      "yawRateOvershootRadPerSec": 0.0,
      "planarSettlingTimeSeconds": 0.4,
      "yawRateSettlingTimeSeconds": 0.2,
      "planarSettled": true,
      "yawRateSettled": true
    }
  ],
  "maximumTransitionTerminalPlanarTrackingError": 0.04660710783220606,
  "maximumTransitionTerminalYawRateTrackingError": 7.575096166753464e-15,
  "maximumPlanarSettlingTimeSeconds": 2.62,
  "maximumYawRateSettlingTimeSeconds": 0.2,
  "maximumPlanarOvershootMps": 0.13071387129682444,
  "maximumYawRateOvershootRadPerSec": 0.0,
  "unsettledPlanarTransitionCount": 0,
  "unsettledYawRateTransitionCount": 0,
  "initialBasePosition": [
    0.0,
    0.0,
    0.44
  ],
  "finalBasePosition": [
    0.11609935444802685,
    1.602591174226615e-15,
    0.41342409175462724
  ],
  "netDisplacement": [
    0.11609935444802685,
    1.602591174226615e-15,
    -0.02657590824537276
  ],
  "targetPlanarDisplacement": [
    0.75,
    0.0
  ],
  "forwardDisplacement": 0.11609935444802685,
  "targetDistance": 0.75,
  "forwardProgress": 0.1547991392640358,
  "meanForwardVelocity": 0.01934989240800589,
  "lateralDrift": 1.602591174226615e-15,
  "distanceTraveled": 0.6498025726330174
}
