{
  "terms": {
    "survival": 30.0,
    "velocityTracking": 17.322683444004472,
    "forwardProgress": 1.547991392640358,
    "upright": 14.410278961541522,
    "lateralDrift": -8.012955871133076e-15,
    "transitionTracking": 7.505026530678202,
    "energy": -0.949867817209614,
    "smoothness": -0.1316545943923816,
    "componentMass": -1.2060000000000002,
    "sensorChannels": -1.07,
    "trainingSteps": -0.0
  },
  "total": 67.42845791726255
}
