{
  "durationSeconds": 18.000000000000902,
  "steps": 900,
  "survivalRate": 1.0,
  "fell": false,
  "motionCommand": [
    0.13111111111111284,
    0.02499999999999996,
    0.041666666666666664
  ],
  "meanMotionCommand": [
    0.13111111111111284,
    0.02499999999999996,
    0.041666666666666664
  ],
  "meanMeasuredMotion": [
    0.05778537593832869,
    0.008769653058797346,
    0.00034708125930899507
  ],
  "planarVelocityTrackingError": 0.07510051664576668,
  "yawRateTrackingError": 0.04131958540735767,
  "meanVelocityTrackingError": 0.3244330539002306,
  "meanPlanarVelocityTrackingError": 0.20347364467669388,
  "meanYawRateTrackingError": 0.19456940728749247,
  "meanUpright": 0.8962950104970931,
  "meanAbsolutePitchRad": 0.20184571411337537,
  "minimumPitchRad": -0.6347069051786498,
  "maximumPitchRad": 1.0411296058614832,
  "maximumBackwardPitchRad": 0.6347069051786498,
  "maximumAbsolutePitchRad": 1.0411296058614832,
  "maximumAbsolutePitchRateRadPerSec": 5.6934438997790044,
  "meanBodyTiltRad": 0.2110013276919224,
  "maximumBodyTiltRad": 1.0411296064250561,
  "initialBodyTiltRad": 0.0,
  "minimumBodyTiltRad": 0.0,
  "finalBodyTiltRad": 0.08692477590436118,
  "finalBaseHeightM": 0.4210597838239348,
  "selfRightingTask": true,
  "recoveryTriggered": true,
  "selfRightingSuccess": 1.0,
  "timeToStableStandSeconds": 5.479999999999401,
  "stableStandingDwellSeconds": 1.98,
  "finalStableStandingDwellSeconds": 0.0,
  "minimumJointLimitMarginRad": 0.02838196454511377,
  "disallowedCollisionSteps": 0,
  "meanEnergy": 164.81664460153044,
  "meanSmoothness": 110.4638023441288,
  "peakActuator": 8.0,
  "motionQualityFootEvidenceAvailable": true,
  "motionQualityContactThresholdNewton": 1.0,
  "meanJointJerkRadPerSec3": 18518.014635813746,
  "peakJointJerkRadPerSec3": 53950.942748760586,
  "meanBodyAngularJerkRadPerSec3": 2109.667564513386,
  "peakBodyAngularJerkRadPerSec3": 14735.598911161858,
  "meanActionSlewRatePerSec": 402.74810328481374,
  "peakActionSlewRatePerSec": 800.0,
  "actuatorSaturationRate": 0.34342592592592586,
  "meanFootSlipSpeedMps": 0.04021715826838846,
  "peakFootSlipSpeedMps": 1.0807283034908644,
  "totalFootSlipDistanceM": 1.4293178048585256,
  "meanFootContactImpactNPerSec": 475.55670860258317,
  "peakFootContactImpactNPerSec": 14426.242001327671,
  "peakFootContactForceNewton": 288.5248400265534,
  "motionCommandSchedule": [
    {
      "atStep": 0,
      "atSeconds": 0.0,
      "command": [
        0.2,
        0.0,
        0.0
      ]
    },
    {
      "atStep": 400,
      "atSeconds": 8.0,
      "command": [
        0.2,
        0.0,
        0.0
      ]
    },
    {
      "atStep": 500,
      "atSeconds": 10.0,
      "command": [
        0.12,
        0.0,
        0.25
      ]
    },
    {
      "atStep": 650,
      "atSeconds": 13.0,
      "command": [
        0.0,
        0.15,
        0.0
      ]
    },
    {
      "atStep": 800,
      "atSeconds": 16.0,
      "command": [
        0.0,
        0.0,
        0.0
      ]
    }
  ],
  "transitionCount": 4,
  "transitions": [
    {
      "index": 1,
      "atStep": 400,
      "atSeconds": 8.0,
      "endStep": 500,
      "fromCommand": [
        0.2,
        0.0,
        0.0
      ],
      "toCommand": [
        0.2,
        0.0,
        0.0
      ],
      "sampleCount": 100,
      "peakPlanarTrackingError": 0.7957045051170968,
      "peakYawRateTrackingError": 0.5605975368562629,
      "terminalMeasuredMotion": [
        -0.008614745701396708,
        0.0010668319574949551,
        0.03241669058496676
      ],
      "terminalPlanarTrackingError": 0.20861747351188956,
      "terminalYawRateTrackingError": 0.03241669058496676,
      "planarOvershootMps": 0.0,
      "yawRateOvershootRadPerSec": 0.0,
      "planarSettlingTimeSeconds": 2.0,
      "yawRateSettlingTimeSeconds": 0.26,
      "planarSettled": false,
      "yawRateSettled": true,
      "planarBraking": false
    },
    {
      "index": 2,
      "atStep": 500,
      "atSeconds": 10.0,
      "endStep": 650,
      "fromCommand": [
        0.2,
        0.0,
        0.0
      ],
      "toCommand": [
        0.12,
        0.0,
        0.25
      ],
      "sampleCount": 150,
      "peakPlanarTrackingError": 0.23698180828202886,
      "peakYawRateTrackingError": 0.7238029528195906,
      "terminalMeasuredMotion": [
        -0.011451642639785136,
        0.013742333800156634,
        0.0051506317194682264
      ],
      "terminalPlanarTrackingError": 0.1321680221951312,
      "terminalYawRateTrackingError": 0.24484936828053178,
      "planarOvershootMps": 0.23551360880685085,
      "yawRateOvershootRadPerSec": 0.6170847923846315,
      "planarSettlingTimeSeconds": 3.0,
      "yawRateSettlingTimeSeconds": 3.0,
      "planarSettled": false,
      "yawRateSettled": true,
      "planarBraking": false
    },
    {
      "index": 3,
      "atStep": 650,
      "atSeconds": 13.0,
      "endStep": 800,
      "fromCommand": [
        0.12,
        0.0,
        0.25
      ],
      "toCommand": [
        0.0,
        0.15,
        0.0
      ],
      "sampleCount": 150,
      "peakPlanarTrackingError": 0.1789909642653212,
      "peakYawRateTrackingError": 0.4959007862170963,
      "terminalMeasuredMotion": [
        0.06522819154720352,
        0.04460945084397147,
        -0.1831498753871588
      ],
      "terminalPlanarTrackingError": 0.1239430708992154,
      "terminalYawRateTrackingError": 0.1831498753871588,
      "planarOvershootMps": 0.0016588862578053587,
      "yawRateOvershootRadPerSec": 0.4959007862170963,
      "planarSettlingTimeSeconds": 3.0,
      "yawRateSettlingTimeSeconds": 2.92,
      "planarSettled": false,
      "yawRateSettled": true,
      "planarBraking": false
    },
    {
      "index": 4,
      "atStep": 800,
      "atSeconds": 16.0,
      "endStep": 900,
      "fromCommand": [
        0.0,
        0.15,
        0.0
      ],
      "toCommand": [
        0.0,
        0.0,
        0.0
      ],
      "sampleCount": 100,
      "peakPlanarTrackingError": 0.11291561976254118,
      "peakYawRateTrackingError": 0.4503245766037254,
      "terminalMeasuredMotion": [
        -0.017409938600020304,
        -0.004434091347981744,
        0.002241642585752643
      ],
      "terminalPlanarTrackingError": 0.017965720918981333,
      "terminalYawRateTrackingError": 0.002241642585752643,
      "planarOvershootMps": 0.10347305568833873,
      "yawRateOvershootRadPerSec": 0.0,
      "planarSettlingTimeSeconds": 0.2,
      "yawRateSettlingTimeSeconds": 0.2,
      "planarSettled": true,
      "yawRateSettled": true,
      "planarBraking": true
    }
  ],
  "maximumTransitionTerminalPlanarTrackingError": 0.20861747351188956,
  "maximumTransitionTerminalYawRateTrackingError": 0.24484936828053178,
  "maximumPlanarSettlingTimeSeconds": 3.0,
  "maximumPlanarBrakingSettlingTimeSeconds": 0.2,
  "maximumYawRateSettlingTimeSeconds": 3.0,
  "maximumPlanarOvershootMps": 0.23551360880685085,
  "maximumYawRateOvershootRadPerSec": 0.6170847923846315,
  "unsettledPlanarTransitionCount": 3,
  "unsettledYawRateTransitionCount": 0,
  "initialBasePosition": [
    1.0179830559280731,
    0.14308442119829026,
    0.47629785310774786
  ],
  "finalBasePosition": [
    1.0326210740280397,
    0.16167312594800998,
    0.4210597838239348
  ],
  "netDisplacement": [
    0.014638018099966565,
    0.018588704749719714,
    -0.055238069283813085
  ],
  "targetPlanarDisplacement": [
    0.76,
    0.44999999999999996
  ],
  "forwardDisplacement": 0.022066450803616623,
  "targetDistance": 0.8832326986700617,
  "forwardProgress": 0.024983733999933932,
  "signedForwardProgress": 0.024983733999933932,
  "backwardDisplacement": 0.0,
  "meanForwardVelocity": 0.0022066450803614633,
  "lateralDrift": 0.008537169735853235,
  "distanceTraveled": 2.700789015629016,
  "episodeInitialBasePosition": [
    0.0,
    0.0,
    0.44
  ],
  "mobilityMeasurementStartedAtSeconds": 8.0,
  "recoveryEvaluationStartedAtSeconds": 2.7,