{
  "terms": {
    "survival": 10.0,
    "velocityTracking": 4.530240303449856,
    "forwardProgress": 0.49967467999867865,
    "upright": 1.7925900209941863,
    "lateralDrift": -0.01707433947170647,
    "transitionTracking": 0.24078789914266455,
    "energy": -0.3296332892030609,
    "smoothness": -0.1104638023441288,
    "jointJerk": 0.0,
    "bodyAngularJerk": 0.0,
    "actionSlew": 0.0,
    "actuatorSaturation": -0.17171296296296293,
    "footSlip": 0.0,
    "footImpact": 0.0,
    "selfRighting": 100.0,
    "recoveryTime": -10.959999999998802,
    "jointLimitMargin": 0.05676392909022754,
    "componentMass": -3.015,
    "sensorChannels": -2.14,
    "trainingSteps": -0.08192
  },
  "total": 100.29425243869495
}
