{
  "count": 4096.0001,
  "mean": [
    0.17376987816208617,
    0.43316873605305867,
    -0.3796024448570906,
    -0.15926730461549501,
    0.4449801367710274,
    -0.4073659182107245,
    0.13435033061852245,
    0.33451340927378415,
    -0.48892087857560473,
    -0.15222493011175797,
    0.3628465516238053,
    -0.5131209504856002,
    -0.028283169251821366,
    0.08439470789183626,
    0.04698927342401343,
    0.018044948175537503,
    0.05766184720464982,
    0.0897256508023179,
    -0.027755377104614655,
    0.0271463611973485,
    0.08312218768510914,
    0.025536605455667265,
    0.04205058874280866,
    0.06412443651210076,
    0.37579507092625863,
    0.8536206271414103,
    0.006585881902660155,
    0.07514181647343356,
    -0.05160005058693717,
    0.034623976893041516,
    -0.008000161013851946,
    -0.04179840534069294,
    0.10691147200626093,
    0.1490598814558399,
    0.04212178473454032,
    0.1034807787682407,
    0.1441954392833662,
    0.04129183073644806,
    -0.9112039123519985,
    0.16491256796907022,
    8.364869613054852,
    0.25293225551624476,
    -1.0150419176643146,
    -0.07194515090367057,
    -0.3807362169525512,
    -0.8798174764343296,
    -0.008090021908399761,
    0.3127414300887081,
    0.09638397825023796,
    0.6584548225494827,
    -0.3503156030565037,
    0.016416238632683683,
    0.7035303064880243,
    0.25544796946662673,
    -1.0197020349295538,
    -0.06818413776535115,
    -0.3883585200260423,
    -0.8756854617776462,
    -0.023066952269166694,
    0.3042145432204981,
    0.09762502309074451,
    0.6524561962156507,
    -0.3675872327521362,
    0.011762790816459194,
    0.7079603236067098,
    0.2683613579008504,
    -1.0271300033693367,
    -0.06607870700002651,
    -0.38590591672641655,
    -0.873159149617139,
    -0.0294945555360807,
    0.30878357538422485,
    0.10848883795258027,
    0.6407118560405703,
    -0.37016617347280406,
    0.019067514402907878,
    0.7001746017683939,
    0.27955933525624194,
    -1.043424885624478,
    -0.049966902550565025,
    -0.37917914911638584,
    -0.8885756944426904,
    -0.02035295519490736,
    0.3156379793334923,
    0.11423268135565556,
    0.6408295008017995,
    -0.36810732529255075,
    0.018799552460245773,
    0.6982811821529866,
    0.24752337151109083,
    -1.0174596234720559,
    -0.06655647960579357,
    -0.3410421197355789,
    -0.8896944151775263,
    0.029358702641845723,
    0.2909168411201758,
    0.11974130765207376,
    0.642479943796584,
    -0.3264891787223506,
    0.04957157348738992,
    0.6675411666585495,
    0.24571570080532015,
    -1.0170917176398406,
    -0.07265994107433425,
    -0.35820364395018256,
    -0.894966979758437,
    0.02085658419895766,
    0.29816696867956033,
    0.1043521024699651,
    0.6539657865069545,
    -0.3302548709196905,
    0.035898246399575284,
    0.6878600343902598,
    0.25196715332428427,
    -1.012088783623108,
    -0.08629477633225242,
    -0.3677904254617858,
    -0.8951272373492764,
    0.005709400222333839,
    0.298850335957704,
    0.09997922894611769,
    0.6538814129459553,
    -0.34863149030565566,
    0.02593944743057513,
    0.6929394443579553,
    0.26252122771454883,
    -1.0207380063218656,
    -0.07960848474115208,
    -0.37052961295881376,
    -0.8940914636211255,
    -0.010665374596935173,
    0.30389000822188394,
    0.09700853850648619,
    0.6598104663435707,
    -0.3578370300517744,
    0.009438209275037126,
    0.7073155224073542,
    2.044209293562667,
    0.24999999389648467,
    0.0,
    0.0,
    13.95373337299157,
    14.843136437786079,
    11.332061250463331,
    11.168383951784019
  ],
  "variance": [
    0.04332061060945224,
    0.06766987091495326,
    0.11878985539117183,
    0.05066996056037162,
    0.07542921267825828,
    0.128575564713515,
    0.04211869974911173,
    0.0751866764997391,
    0.09919670003247841,
    0.03868915086186197,
    0.0738264037338727,
    0.10549309168678557,
    19.23233248744401,
    34.78090630464571,
    87.90022616491376,
    17.351712596758297,
    36.97239711775242,
    89.514394738727,
    23.026189894226665,
    43.79977718011838,
    85.8245065255347,
    22.919897715717227,
    43.84358354238763,
    82.70359976611411,
    0.006201961661752001,
    0.07334111835115494,
    0.017846445399862663,
    0.043711251910707224,
    0.1280193671488345,
    0.10062397828961224,
    0.11108153535495582,
    0.08545690163143468,
    5.479946377402046,
    2.5950988842503793,
    1.6052189653607771,
    5.315378816330584,
    2.5283950598350766,
    1.5810567485048659,
    90.08366036494732,
    76.09517845040192,
    184.4493762184897,
    35.35243851499884,
    49.65030018628323,
    55.66681704393247,
    34.439112410688,
    49.83122346025208,
    55.53999462627159,
    40.43433458197508,
    52.43245574943027,
    54.738468144007335,
    40.47947596931624,
    51.36668063230139,
    54.35580137659041,
    35.53191061277258,
    49.90788038140766,
    55.97367578727937,
    34.66539108506132,
    50.11942068286784,
    55.814439307117695,
    40.6284661656605,
    52.699818620624235,
    55.03956735831688,
    40.68334823681003,
    51.647996811750446,
    54.66159211651447,
    35.74623106763154,
    50.159975853703585,
    56.26481139323714,
    34.90007008007557,
    50.37331514315604,
    56.07821685348948,
    40.88129261196142,
    52.95850184132627,
    55.311661825321174,
    40.9484622200275,
    51.942442103399536,
    54.985189136162546,
    35.940161693076256,
    50.39923365706168,
    56.56110193436037,
    35.157081224082916,
    50.65523338673437,
    56.3687934346405,
    41.136742916530125,
    53.24692330620191,
    55.61302838589906,
    41.20667089673691,
    52.2324085208258,
    55.25233297985217,
    34.68225478716826,
    48.88758110912146,
    54.94079390673462,
    33.80049975844894,
    49.158267768697534,
    54.818416593973545,
    39.77389206372462,
    51.6631009817545,
    53.97994486047524,
    39.77664327962324,
    50.6522733279249,
    53.646673346665786,
    34.91993465646281,
    49.200839913533926,
    55.228154288835015,
    34.02255997636697,
    49.416607422079196,
    55.09980985178081,
    40.032483116874864,
    51.96930330778905,
    54.27415358779253,
    40.04113585769674,
    50.954432098728205,
    53.93123352697399,
    35.11616106056501,
    49.492704794190765,
    55.55453063655839,
    34.22371229215936,
    49.661140980886856,
    55.36491661064423,
    40.25541275978427,
    52.278291563305515,
    54.58058015246621,
    40.27088069086003,
    51.22824579395467,
    54.242601527804055,
    35.32376888047019,
    49.75478696969441,
    55.840255667652,
    34.49091341708027,
    49.95016532705456,
    55.64244617853764,
    40.445574198609755,
    52.51977797025018,
    54.85120470704097,
    40.501177469584256,
    51.52334553989406,
    54.52126925475679,
    1.8176107691122283,
    1e-06,
    1e-06,
    1e-06,
    1222.8206111618397,
    1046.3842062868587,
    1186.0394149668937,
    1030.0030368076132
  ]
}
