{
  "durationSeconds": 1.7600000000000013,
  "steps": 88,
  "survivalRate": 0.29,
  "fell": true,
  "motionCommand": [
    0.10795454545454546,
    0.0,
    0.0
  ],
  "meanMotionCommand": [
    0.10795454545454546,
    0.0,
    0.0
  ],
  "meanMeasuredMotion": [
    0.4310400229865509,
    -3.518921591288946e-14,
    -6.750133326224394e-14
  ],
  "planarVelocityTrackingError": 0.32308547753200545,
  "yawRateTrackingError": 6.750133326224394e-14,
  "meanVelocityTrackingError": 0.33469565880142665,
  "meanPlanarVelocityTrackingError": 0.33469565880142665,
  "meanYawRateTrackingError": 1.277814092524169e-13,
  "meanUpright": 0.9312258532589496,
  "meanEnergy": 520.7469945127913,
  "meanSmoothness": 25.61968106902846,
  "peakActuator": 8.0,
  "motionCommandSchedule": [
    {
      "atStep": 0,
      "atSeconds": 0.0,
      "command": [
        0.0,
        0.0,
        0.0
      ]
    },
    {
      "atStep": 50,
      "atSeconds": 1.0,
      "command": [
        0.25,
        0.0,
        0.0
      ]
    },
    {
      "atStep": 200,
      "atSeconds": 4.0,
      "command": [
        0.0,
        0.0,
        0.0
      ]
    }
  ],
  "transitionCount": 2,
  "transitions": [
    {
      "index": 1,
      "atStep": 50,
      "atSeconds": 1.0,
      "endStep": 200,
      "fromCommand": [
        0.0,
        0.0,
        0.0
      ],
      "toCommand": [
        0.25,
        0.0,
        0.0
      ],
      "sampleCount": 38,
      "peakPlanarTrackingError": 0.9783432891270847,
      "peakYawRateTrackingError": 9.394307869573871e-13,
      "terminalMeasuredMotion": [
        1.1006547727200435,
        -1.5959984223994555e-13,
        -8.449455983348377e-14
      ],
      "terminalPlanarTrackingError": 0.8506547727200435,
      "terminalYawRateTrackingError": 8.449455983348377e-14,
      "planarOvershootMps": 0.9783432891270847,
      "yawRateOvershootRadPerSec": 0.0,
      "planarSettlingTimeSeconds": 0.76,
      "yawRateSettlingTimeSeconds": 0.2,
      "planarSettled": false,
      "yawRateSettled": true
    },
    {
      "index": 2,
      "atStep": 200,
      "atSeconds": 4.0,
      "endStep": 300,
      "fromCommand": [
        0.25,
        0.0,
        0.0
      ],
      "toCommand": [
        0.0,
        0.0,
        0.0
      ],
      "sampleCount": 0,
      "peakPlanarTrackingError": 0.0,
      "peakYawRateTrackingError": 0.0,
      "terminalMeasuredMotion": [
        0.0,
        0.0,
        0.0
      ],
      "terminalPlanarTrackingError": 0.0,
      "terminalYawRateTrackingError": 0.0,
      "planarOvershootMps": 0.0,
      "yawRateOvershootRadPerSec": 0.0,
      "planarSettlingTimeSeconds": 0.0,
      "yawRateSettlingTimeSeconds": 0.0,
      "planarSettled": false,
      "yawRateSettled": false
    }
  ],
  "maximumTransitionTerminalPlanarTrackingError": 0.8506547727200435,
  "maximumTransitionTerminalYawRateTrackingError": 8.449455983348377e-14,
  "maximumPlanarSettlingTimeSeconds": 0.76,
  "maximumYawRateSettlingTimeSeconds": 0.2,
  "maximumPlanarOvershootMps": 0.9783432891270847,
  "maximumYawRateOvershootRadPerSec": 0.0,
  "unsettledPlanarTransitionCount": 2,
  "unsettledYawRateTransitionCount": 1,
  "initialBasePosition": [
    0.0,
    0.0,
    0.44
  ],
  "finalBasePosition": [
    0.7489061733292561,
    -5.987028347217504e-14,
    0.18264074840613687
  ],
  "netDisplacement": [
    0.7489061733292561,
    -5.987028347217504e-14,
    -0.25735925159386314
  ],
  "targetPlanarDisplacement": [
    0.75,
    0.0
  ],
  "forwardDisplacement": 0.7489061733292561,
  "targetDistance": 0.75,
  "forwardProgress": 0.9985415644390082,
  "meanForwardVelocity": 0.4255148712098043,
  "lateralDrift": 5.987028347217504e-14,
  "distanceTraveled": 0.7670583619158432
}
