{
  "terms": {
    "survival": 8.7,
    "velocityTracking": 14.984689481915488,
    "forwardProgress": 9.985415644390082,
    "upright": 13.968387798884244,
    "lateralDrift": -2.993514173608752e-13,
    "transitionTracking": 7.91766042376237,
    "energy": -2.6037349725639563,
    "smoothness": -0.02561968106902846,
    "componentMass": -1.2060000000000002,
    "sensorChannels": -1.07,
    "trainingSteps": -0.0
  },
  "total": 50.6507986953189
}
