{
  "durationSeconds": 3.0599999999998846,
  "steps": 153,
  "survivalRate": 0.608,
  "fell": true,
  "motionCommand": [
    0.25,
    0.0,
    0.0
  ],
  "meanMotionCommand": [
    0.25,
    0.0,
    0.0
  ],
  "meanMeasuredMotion": [
    0.07615106758565605,
    0.0020515450289839816,
    0.009921472523983578
  ],
  "planarVelocityTrackingError": 0.17386103686166457,
  "yawRateTrackingError": 0.009921472523983578,
  "meanVelocityTrackingError": 0.2941707013429247,
  "meanPlanarVelocityTrackingError": 0.27761234357620074,
  "meanYawRateTrackingError": 0.02489172506311626,
  "meanUpright": 0.6571951620765104,
  "meanEnergy": 584.1145030986798,
  "meanSmoothness": 28.870556291625753,
  "peakActuator": 8.0,
  "motionCommandSchedule": [
    {
      "atStep": 0,
      "atSeconds": 0.0,
      "command": [
        0.25,
        0.0,
        0.0
      ]
    }
  ],
  "transitionCount": 0,
  "transitions": [],
  "maximumTransitionTerminalPlanarTrackingError": 0.0,
  "maximumTransitionTerminalYawRateTrackingError": 0.0,
  "maximumPlanarSettlingTimeSeconds": 0.0,
  "maximumPlanarBrakingSettlingTimeSeconds": 0.0,
  "maximumYawRateSettlingTimeSeconds": 0.0,
  "maximumPlanarOvershootMps": 0.0,
  "maximumYawRateOvershootRadPerSec": 0.0,
  "unsettledPlanarTransitionCount": 0,
  "unsettledYawRateTransitionCount": 0,
  "initialBasePosition": [
    0.0,
    0.0,
    0.44
  ],
  "finalBasePosition": [
    0.23347044397625974,
    0.005749170530871152,
    0.1898764876390526
  ],
  "netDisplacement": [
    0.23347044397625974,
    0.005749170530871152,
    -0.25012351236094743
  ],
  "targetPlanarDisplacement": [
    1.25,
    0.0
  ],
  "forwardDisplacement": 0.23347044397625974,
  "targetDistance": 1.25,
  "forwardProgress": 0.1867763551810078,
  "signedForwardProgress": 0.1867763551810078,
  "backwardDisplacement": 0.0,
  "meanForwardVelocity": 0.07629753071119887,
  "lateralDrift": 0.005749170530871152,
  "distanceTraveled": 0.5413485790919752
}
