{
  "terms": {
    "survival": 15.2,
    "velocityTracking": 15.453911898365927,
    "forwardProgress": 9.33881775905039,
    "upright": 9.857927431147656,
    "lateralDrift": -0.05749170530871152,
    "transitionTracking": 0.0,
    "energy": -5.841145030986799,
    "smoothness": -0.14435278145812877,
    "componentMass": -1.5075,
    "sensorChannels": -5.3500000000000005,
    "trainingSteps": -0.0
  },
  "total": 36.95016757081033
}
