{
  "durationSeconds": 4.999999999999671,
  "steps": 250,
  "survivalRate": 1.0,
  "fell": false,
  "motionCommand": [
    0.25,
    0.0,
    0.0
  ],
  "meanMotionCommand": [
    0.25,
    0.0,
    0.0
  ],
  "meanMeasuredMotion": [
    -0.016631088737466385,
    0.06766964514725769,
    0.056852226640246244
  ],
  "planarVelocityTrackingError": 0.27508420230119074,
  "yawRateTrackingError": 0.056852226640246244,
  "meanVelocityTrackingError": 0.7260135913083209,
  "meanPlanarVelocityTrackingError": 0.32623574824274,
  "meanYawRateTrackingError": 0.5479856081073383,
  "meanUpright": 0.523489480737226,
  "meanEnergy": 644.00862013787,
  "meanSmoothness": 30.90875011972694,
  "peakActuator": 8.0,
  "motionCommandSchedule": [
    {
      "atStep": 0,
      "atSeconds": 0.0,
      "command": [
        0.25,
        0.0,
        0.0
      ]
    }
  ],
  "transitionCount": 0,
  "transitions": [],
  "maximumTransitionTerminalPlanarTrackingError": 0.0,
  "maximumTransitionTerminalYawRateTrackingError": 0.0,
  "maximumPlanarSettlingTimeSeconds": 0.0,
  "maximumPlanarBrakingSettlingTimeSeconds": 0.0,
  "maximumYawRateSettlingTimeSeconds": 0.0,
  "maximumPlanarOvershootMps": 0.0,
  "maximumYawRateOvershootRadPerSec": 0.0,
  "unsettledPlanarTransitionCount": 0,
  "unsettledYawRateTransitionCount": 0,
  "initialBasePosition": [
    0.0,
    0.0,
    0.44
  ],
  "finalBasePosition": [
    -0.07023000846119902,
    0.33786973299127954,
    0.2251492744776301
  ],
  "netDisplacement": [
    -0.07023000846119902,
    0.33786973299127954,
    -0.2148507255223699
  ],
  "targetPlanarDisplacement": [
    1.25,
    0.0
  ],
  "forwardDisplacement": -0.07023000846119902,
  "targetDistance": 1.25,
  "forwardProgress": 0.0,
  "signedForwardProgress": -0.05618400676895922,
  "backwardDisplacement": 0.07023000846119902,
  "meanForwardVelocity": -0.014046001692240727,
  "lateralDrift": 0.33786973299127954,
  "distanceTraveled": 1.1820072639341264
}
