{
  "durationSeconds": 2.0000000000000013,
  "steps": 100,
  "survivalRate": 1.0,
  "fell": false,
  "motionCommand": [
    0.0,
    0.0,
    0.0
  ],
  "meanMotionCommand": [
    0.0,
    0.0,
    0.0
  ],
  "meanMeasuredMotion": [
    0.2819848381640076,
    0.0028850315484283103,
    0.0033331135796569465
  ],
  "planarVelocityTrackingError": 0.2819995963852023,
  "yawRateTrackingError": 0.0033331135796569465,
  "meanVelocityTrackingError": 0.32778371775264115,
  "meanPlanarVelocityTrackingError": 0.3255833635986829,
  "meanYawRateTrackingError": 0.005695658804907656,
  "meanUpright": 0.681107458797671,
  "meanEnergy": 537.6987929475376,
  "meanSmoothness": 28.404064731206176,
  "peakActuator": 8.0,
  "motionCommandSchedule": [
    {
      "atStep": 0,
      "atSeconds": 0.0,
      "command": [
        0.0,
        0.0,
        0.0
      ]
    }
  ],
  "transitionCount": 0,
  "transitions": [],
  "maximumTransitionTerminalPlanarTrackingError": 0.0,
  "maximumTransitionTerminalYawRateTrackingError": 0.0,
  "maximumPlanarSettlingTimeSeconds": 0.0,
  "maximumYawRateSettlingTimeSeconds": 0.0,
  "maximumPlanarOvershootMps": 0.0,
  "maximumYawRateOvershootRadPerSec": 0.0,
  "unsettledPlanarTransitionCount": 0,
  "unsettledYawRateTransitionCount": 0,
  "initialBasePosition": [
    0.0,
    0.0,
    0.44
  ],
  "finalBasePosition": [
    0.5659794265739179,
    0.005689682605419003,
    0.2505674635749079
  ],
  "netDisplacement": [
    0.5659794265739179,
    0.005689682605419003,
    -0.1894325364250921
  ],
  "targetPlanarDisplacement": [
    0.0,
    0.0
  ],
  "forwardDisplacement": 0.0,
  "targetDistance": 0.0,
  "forwardProgress": 1.0,
  "meanForwardVelocity": 0.0,
  "lateralDrift": 0.566008024495317,
  "distanceTraveled": 0.6472675191367561
}
