{
  "terms": {
    "survival": 30.0,
    "velocityTracking": 15.062694121487858,
    "forwardProgress": 10.0,
    "upright": 10.216611881965065,
    "lateralDrift": -2.8300401224765848,
    "transitionTracking": 30.0,
    "energy": -2.688493964737688,
    "smoothness": -0.02840406473120618,
    "componentMass": -1.2060000000000002,
    "sensorChannels": -1.07,
    "trainingSteps": -0.0
  },
  "total": 87.45636785150744
}
