{
  "durationSeconds": 6.499999999999506,
  "steps": 325,
  "survivalRate": 1.0,
  "fell": false,
  "motionCommand": [
    0.030769230769230813,
    0.0,
    0.0
  ],
  "meanMotionCommand": [
    0.030769230769230813,
    0.0,
    0.0
  ],
  "meanMeasuredMotion": [
    0.08659442857830618,
    -0.008697436573701154,
    0.005634642651608485
  ],
  "planarVelocityTrackingError": 0.056498655854594876,
  "yawRateTrackingError": 0.005634642651608485,
  "meanVelocityTrackingError": 0.17414853352971751,
  "meanPlanarVelocityTrackingError": 0.15702578206327922,
  "meanYawRateTrackingError": 0.03389530400238064,
  "meanUpright": 0.5980825511499931,
  "meanEnergy": 177.21861813442396,
  "meanSmoothness": 121.53483410250574,
  "peakActuator": 8.0,
  "motionCommandSchedule": [
    {
      "atStep": 0,
      "atSeconds": 0.0,
      "command": [
        0.2,
        0.0,
        0.0
      ]
    },
    {
      "atStep": 125,
      "atSeconds": 2.5,
      "command": [
        -0.15,
        0.0,
        0.0
      ]
    },
    {
      "atStep": 225,
      "atSeconds": 4.5,
      "command": [
        0.0,
        0.0,
        0.0
      ]
    }
  ],
  "transitionCount": 2,
  "transitions": [
    {
      "index": 1,
      "atStep": 125,
      "atSeconds": 2.5,
      "endStep": 225,
      "fromCommand": [
        0.2,
        0.0,
        0.0
      ],
      "toCommand": [
        -0.15,
        0.0,
        0.0
      ],
      "sampleCount": 100,
      "peakPlanarTrackingError": 0.7037966665268426,
      "peakYawRateTrackingError": 0.39245908725230133,
      "terminalMeasuredMotion": [
        -0.11294558649057111,
        -0.037377726376410444,
        0.002656719046754113
      ],
      "terminalPlanarTrackingError": 0.05263196737342767,
      "terminalYawRateTrackingError": 0.002656719046754113,
      "planarOvershootMps": 0.22383471844426275,
      "yawRateOvershootRadPerSec": 0.0,
      "planarSettlingTimeSeconds": 1.92,
      "yawRateSettlingTimeSeconds": 0.2,
      "planarSettled": true,
      "yawRateSettled": true
    },
    {
      "index": 2,
      "atStep": 225,
      "atSeconds": 4.5,
      "endStep": 325,
      "fromCommand": [
        -0.15,
        0.0,
        0.0
      ],
      "toCommand": [
        0.0,
        0.0,
        0.0
      ],
      "sampleCount": 100,
      "peakPlanarTrackingError": 0.29209333087311606,
      "peakYawRateTrackingError": 0.3308054156961266,
      "terminalMeasuredMotion": [
        0.0773473439204536,
        0.009417474637758005,
        -0.0008562726083335149
      ],
      "terminalPlanarTrackingError": 0.0779185500384969,
      "terminalYawRateTrackingError": 0.0008562726083335149,
      "planarOvershootMps": 0.15771501370422955,
      "yawRateOvershootRadPerSec": 0.0,
      "planarSettlingTimeSeconds": 1.7,
      "yawRateSettlingTimeSeconds": 0.2,
      "planarSettled": true,
      "yawRateSettled": true
    }
  ],
  "maximumTransitionTerminalPlanarTrackingError": 0.0779185500384969,
  "maximumTransitionTerminalYawRateTrackingError": 0.002656719046754113,
  "maximumPlanarSettlingTimeSeconds": 1.92,
  "maximumYawRateSettlingTimeSeconds": 0.2,
  "maximumPlanarOvershootMps": 0.22383471844426275,
  "maximumYawRateOvershootRadPerSec": 0.0,
  "unsettledPlanarTransitionCount": 0,
  "unsettledYawRateTransitionCount": 0,
  "initialBasePosition": [
    0.0,
    0.0,
    0.44
  ],
  "finalBasePosition": [
    0.57877813329895,
    -0.05048066579713774,
    0.2554012926944377
  ],
  "netDisplacement": [
    0.57877813329895,
    -0.05048066579713774,
    -0.18459870730556233
  ],
  "targetPlanarDisplacement": [
    0.2,
    0.0
  ],
  "forwardDisplacement": 0.57877813329895,
  "targetDistance": 0.2,
  "forwardProgress": 1.0,
  "meanForwardVelocity": 0.08904278973830676,
  "lateralDrift": 0.05048066579713774,
  "distanceTraveled": 1.205606593743806
}
