{
  "terms": {
    "survival": 30.0,
    "velocityTracking": 17.03362004794754,
    "forwardProgress": 10.0,
    "upright": 8.971238267249896,
    "lateralDrift": -0.2524033289856887,
    "transitionTracking": 8.760633250472155,
    "energy": -0.8860930906721198,
    "smoothness": -0.12153483410250575,
    "componentMass": -1.2060000000000002,
    "sensorChannels": -1.07,
    "trainingSteps": -0.0
  },
  "total": 71.22946031190928
}
