{
  "terms": {
    "survival": 12.092307692307692,
    "velocityTracking": 10.23058433425755,
    "forwardProgress": 10.0,
    "upright": 11.211059748861922,
    "lateralDrift": -5.953616654906641,
    "transitionTracking": 7.102325374690242,
    "energy": -2.511461215304192,
    "smoothness": -0.040179659221526956,
    "componentMass": -1.2060000000000002,
    "sensorChannels": -1.07,
    "trainingSteps": -0.0
  },
  "total": 39.85501962068505
}
