{
  "durationSeconds": 4.999999999999671,
  "steps": 250,
  "survivalRate": 1.0,
  "fell": false,
  "motionCommand": [
    0.25,
    0.0,
    0.0
  ],
  "meanMotionCommand": [
    0.25,
    0.0,
    0.0
  ],
  "meanMeasuredMotion": [
    -0.0532364983194116,
    0.011259848441240776,
    0.021685357621291552
  ],
  "planarVelocityTrackingError": 0.30344547796917026,
  "yawRateTrackingError": 0.021685357621291552,
  "meanVelocityTrackingError": 0.381795302574824,
  "meanPlanarVelocityTrackingError": 0.35317971804835013,
  "meanYawRateTrackingError": 0.07104212502762704,
  "meanUpright": 0.5982720909246733,
  "meanEnergy": 606.7616279063458,
  "meanSmoothness": 31.2515669996285,
  "peakActuator": 8.0,
  "motionCommandSchedule": [
    {
      "atStep": 0,
      "atSeconds": 0.0,
      "command": [
        0.25,
        0.0,
        0.0
      ]
    }
  ],
  "transitionCount": 0,
  "transitions": [],
  "maximumTransitionTerminalPlanarTrackingError": 0.0,
  "maximumTransitionTerminalYawRateTrackingError": 0.0,
  "maximumPlanarSettlingTimeSeconds": 0.0,
  "maximumPlanarBrakingSettlingTimeSeconds": 0.0,
  "maximumYawRateSettlingTimeSeconds": 0.0,
  "maximumPlanarOvershootMps": 0.0,
  "maximumYawRateOvershootRadPerSec": 0.0,
  "unsettledPlanarTransitionCount": 0,
  "unsettledYawRateTransitionCount": 0,
  "initialBasePosition": [
    0.0,
    0.0,
    0.44
  ],
  "finalBasePosition": [
    -0.2558078263854244,
    0.05488976830205656,
    0.2372868099385709
  ],
  "netDisplacement": [
    -0.2558078263854244,
    0.05488976830205656,
    -0.2027131900614291
  ],
  "targetPlanarDisplacement": [
    1.25,
    0.0
  ],
  "forwardDisplacement": -0.2558078263854244,
  "targetDistance": 1.25,
  "forwardProgress": 0.0,
  "signedForwardProgress": -0.2046462611083395,
  "backwardDisplacement": 0.2558078263854244,
  "meanForwardVelocity": -0.05116156527708824,
  "lateralDrift": 0.05488976830205656,
  "distanceTraveled": 1.0380508778232047
}
