{
  "terms": {
    "survival": 25.0,
    "velocityTracking": 14.473923860308538,
    "forwardProgress": 0.0,
    "upright": 8.974081363870098,
    "lateralDrift": -0.5488976830205656,
    "transitionTracking": 0.0,
    "energy": -6.067616279063458,
    "smoothness": -0.1562578349981425,
    "componentMass": -1.5075,
    "sensorChannels": -5.3500000000000005,
    "trainingSteps": -0.0
  },
  "total": 34.81773342709647
}
