{
  "durationSeconds": 1.7000000000000013,
  "steps": 85,
  "survivalRate": 0.336,
  "fell": true,
  "motionCommand": [
    0.25,
    0.0,
    0.0
  ],
  "meanMotionCommand": [
    0.25,
    0.0,
    0.0
  ],
  "meanMeasuredMotion": [
    0.22154560908014828,
    -8.024142493678536e-05,
    0.02671519062280269
  ],
  "planarVelocityTrackingError": 0.02845450406009593,
  "yawRateTrackingError": 0.02671519062280269,
  "meanVelocityTrackingError": 0.2342319537805125,
  "meanPlanarVelocityTrackingError": 0.19899489628970227,
  "meanYawRateTrackingError": 0.0485979066276929,
  "meanUpright": 0.5349575332351157,
  "meanEnergy": 574.2490039939777,
  "meanSmoothness": 25.794447609505337,
  "peakActuator": 8.0,
  "motionCommandSchedule": [
    {
      "atStep": 0,
      "atSeconds": 0.0,
      "command": [
        0.25,
        0.0,
        0.0
      ]
    }
  ],
  "transitionCount": 0,
  "transitions": [],
  "maximumTransitionTerminalPlanarTrackingError": 0.0,
  "maximumTransitionTerminalYawRateTrackingError": 0.0,
  "maximumPlanarSettlingTimeSeconds": 0.0,
  "maximumPlanarBrakingSettlingTimeSeconds": 0.0,
  "maximumYawRateSettlingTimeSeconds": 0.0,
  "maximumPlanarOvershootMps": 0.0,
  "maximumYawRateOvershootRadPerSec": 0.0,
  "unsettledPlanarTransitionCount": 0,
  "unsettledYawRateTransitionCount": 0,
  "initialBasePosition": [
    0.0,
    0.0,
    0.44
  ],
  "finalBasePosition": [
    0.37368059725909475,
    -0.0005581957720464624,
    0.184004544831056
  ],
  "netDisplacement": [
    0.37368059725909475,
    -0.0005581957720464624,
    -0.255995455168944
  ],
  "targetPlanarDisplacement": [
    1.25,
    0.0
  ],
  "forwardDisplacement": 0.37368059725909475,
  "targetDistance": 1.25,
  "forwardProgress": 0.2989444778072758,
  "signedForwardProgress": 0.2989444778072758,
  "backwardDisplacement": 0.0,
  "meanForwardVelocity": 0.21981211603476145,
  "lateralDrift": 0.0005581957720464624,
  "distanceTraveled": 0.43270399220696876
}
