{
  "terms": {
    "survival": 8.4,
    "velocityTracking": 16.20440950239461,
    "forwardProgress": 14.947223890363789,
    "upright": 8.024362998526737,
    "lateralDrift": -0.005581957720464624,
    "transitionTracking": 0.0,
    "energy": -5.742490039939777,
    "smoothness": -0.1289722380475267,
    "componentMass": -1.5075,
    "sensorChannels": -5.3500000000000005,
    "trainingSteps": -0.0
  },
  "total": 34.84145215557737
}
