{
  "terms": {
    "survival": 9.4,
    "velocityTracking": 13.003839367791343,
    "forwardProgress": 0.0,
    "upright": 9.353185461901983,
    "lateralDrift": -0.08977642934350417,
    "transitionTracking": 9.27282754915391,
    "energy": -0.7416895516322032,
    "smoothness": -0.09681272208531376,
    "componentMass": -1.2060000000000002,
    "sensorChannels": -1.07,
    "trainingSteps": -0.0
  },
  "total": 37.82557367578622
}
