{
  "durationSeconds": 6.499999999999506,
  "steps": 325,
  "survivalRate": 1.0,
  "fell": false,
  "motionCommand": [
    0.0,
    0.009230769230769237,
    0.0
  ],
  "meanMotionCommand": [
    0.0,
    0.009230769230769237,
    0.0
  ],
  "meanMeasuredMotion": [
    -0.04068143504381779,
    0.00498380490750959,
    -0.02735589988447943
  ],
  "planarVelocityTrackingError": 0.04090251658745959,
  "yawRateTrackingError": 0.02735589988447943,
  "meanVelocityTrackingError": 0.18421796668487525,
  "meanPlanarVelocityTrackingError": 0.1105323444488575,
  "meanYawRateTrackingError": 0.13003751837964364,
  "meanUpright": 0.9418770242118982,
  "meanEnergy": 187.2509183717483,
  "meanSmoothness": 133.86692670477547,
  "peakActuator": 8.0,
  "motionCommandSchedule": [
    {
      "atStep": 0,
      "atSeconds": 0.0,
      "command": [
        0.0,
        0.12,
        0.0
      ]
    },
    {
      "atStep": 125,
      "atSeconds": 2.5,
      "command": [
        0.0,
        -0.12,
        0.0
      ]
    },
    {
      "atStep": 225,
      "atSeconds": 4.5,
      "command": [
        0.0,
        0.0,
        0.0
      ]
    }
  ],
  "transitionCount": 2,
  "transitions": [
    {
      "index": 1,
      "atStep": 125,
      "atSeconds": 2.5,
      "endStep": 225,
      "fromCommand": [
        0.0,
        0.12,
        0.0
      ],
      "toCommand": [
        0.0,
        -0.12,
        0.0
      ],
      "sampleCount": 100,
      "peakPlanarTrackingError": 0.23735719327676374,
      "peakYawRateTrackingError": 0.6700182635342223,
      "terminalMeasuredMotion": [
        -0.03186113326161859,
        0.0018428055803308661,
        -0.05429885979604517
      ],
      "terminalPlanarTrackingError": 0.125939672400721,
      "terminalYawRateTrackingError": 0.05429885979604517,
      "planarOvershootMps": 0.03190306546195815,
      "yawRateOvershootRadPerSec": 0.0,
      "planarSettlingTimeSeconds": 2.0,
      "yawRateSettlingTimeSeconds": 1.76,
      "planarSettled": false,
      "yawRateSettled": true
    },
    {
      "index": 2,
      "atStep": 225,
      "atSeconds": 4.5,
      "endStep": 325,
      "fromCommand": [
        0.0,
        -0.12,
        0.0
      ],
      "toCommand": [
        0.0,
        0.0,
        0.0
      ],
      "sampleCount": 100,
      "peakPlanarTrackingError": 0.22010521086452184,
      "peakYawRateTrackingError": 0.3207657129592152,
      "terminalMeasuredMotion": [
        -0.060248226394713555,
        0.019667161383168246,
        -0.010574103323223694
      ],
      "terminalPlanarTrackingError": 0.0633770149232373,
      "terminalYawRateTrackingError": 0.010574103323223694,
      "planarOvershootMps": 0.057219137800546147,
      "yawRateOvershootRadPerSec": 0.0,
      "planarSettlingTimeSeconds": 0.2,
      "yawRateSettlingTimeSeconds": 0.2,
      "planarSettled": true,
      "yawRateSettled": true
    }
  ],
  "maximumTransitionTerminalPlanarTrackingError": 0.125939672400721,
  "maximumTransitionTerminalYawRateTrackingError": 0.05429885979604517,
  "maximumPlanarSettlingTimeSeconds": 2.0,
  "maximumYawRateSettlingTimeSeconds": 1.76,
  "maximumPlanarOvershootMps": 0.057219137800546147,
  "maximumYawRateOvershootRadPerSec": 0.0,
  "unsettledPlanarTransitionCount": 1,
  "unsettledYawRateTransitionCount": 0,
  "initialBasePosition": [
    0.0,
    0.0,
    0.44
  ],
  "finalBasePosition": [
    -0.2546385901891017,
    0.02951747353310954,
    0.42146828551321575
  ],
  "netDisplacement": [
    -0.2546385901891017,
    0.02951747353310954,
    -0.018531714486784256
  ],
  "targetPlanarDisplacement": [
    0.0,
    0.06
  ],
  "forwardDisplacement": 0.02951747353310954,
  "targetDistance": 0.06,
  "forwardProgress": 0.4919578922184924,
  "meanForwardVelocity": 0.00454114977432489,
  "lateralDrift": 0.2546385901891017,
  "distanceTraveled": 0.48918356512531574
}
