{
  "terms": {
    "survival": 30.0,
    "velocityTracking": 16.888782777032525,
    "forwardProgress": 4.9195789221849235,
    "upright": 14.128155363178474,
    "lateralDrift": -1.2731929509455084,
    "transitionTracking": 6.003052348018414,
    "energy": -0.9362545918587415,
    "smoothness": -0.13386692670477546,
    "componentMass": -1.2060000000000002,
    "sensorChannels": -1.07,
    "trainingSteps": -0.0
  },
  "total": 67.32025494090531
}
