{
  "durationSeconds": 2.3999999999999573,
  "steps": 120,
  "survivalRate": 0.476,
  "fell": true,
  "motionCommand": [
    0.25,
    0.0,
    0.0
  ],
  "meanMotionCommand": [
    0.25,
    0.0,
    0.0
  ],
  "meanMeasuredMotion": [
    0.020203936319520905,
    -4.136718883059749e-15,
    2.9129228820193266e-14
  ],
  "planarVelocityTrackingError": 0.22979606368047908,
  "yawRateTrackingError": 2.9129228820193266e-14,
  "meanVelocityTrackingError": 0.3067012645593109,
  "meanPlanarVelocityTrackingError": 0.3067012645593109,
  "meanYawRateTrackingError": 3.1772350447503296e-13,
  "meanUpright": 0.6629290749088868,
  "meanEnergy": 583.1711800358368,
  "meanSmoothness": 27.438143630082337,
  "peakActuator": 8.0,
  "motionCommandSchedule": [
    {
      "atStep": 0,
      "atSeconds": 0.0,
      "command": [
        0.25,
        0.0,
        0.0
      ]
    }
  ],
  "transitionCount": 0,
  "transitions": [],
  "maximumTransitionTerminalPlanarTrackingError": 0.0,
  "maximumTransitionTerminalYawRateTrackingError": 0.0,
  "maximumPlanarSettlingTimeSeconds": 0.0,
  "maximumPlanarBrakingSettlingTimeSeconds": 0.0,
  "maximumYawRateSettlingTimeSeconds": 0.0,
  "maximumPlanarOvershootMps": 0.0,
  "maximumYawRateOvershootRadPerSec": 0.0,
  "unsettledPlanarTransitionCount": 0,
  "unsettledYawRateTransitionCount": 0,
  "initialBasePosition": [
    0.0,
    0.0,
    0.44
  ],
  "finalBasePosition": [
    0.05094368228483836,
    -1.2855384583227933e-14,
    0.1847585207710498
  ],
  "netDisplacement": [
    0.05094368228483836,
    -1.2855384583227933e-14,
    -0.25524147922895024
  ],
  "targetPlanarDisplacement": [
    1.25,
    0.0
  ],
  "forwardDisplacement": 0.05094368228483836,
  "targetDistance": 1.25,
  "forwardProgress": 0.04075494582787069,
  "signedForwardProgress": 0.04075494582787069,
  "backwardDisplacement": 0.0,
  "meanForwardVelocity": 0.021226534285349694,
  "lateralDrift": 1.2855384583227933e-14,
  "distanceTraveled": 0.4640160602367212
}
