{
  "terms": {
    "survival": 11.899999999999999,
    "velocityTracking": 15.305717184520415,
    "forwardProgress": 2.0377472913935346,
    "upright": 9.943936123633302,
    "lateralDrift": -1.2855384583227933e-13,
    "transitionTracking": 0.0,
    "energy": -5.8317118003583674,
    "smoothness": -0.1371907181504117,
    "componentMass": -1.5075,
    "sensorChannels": -5.3500000000000005,
    "trainingSteps": -0.0
  },
  "total": 26.360998081038343
}
