{
  "terms": {
    "survival": 25.0,
    "velocityTracking": 13.119173374444904,
    "forwardProgress": 26.511925066108233,
    "upright": 8.037780109939971,
    "lateralDrift": -1.5312096906149628,
    "transitionTracking": 0.0,
    "energy": -6.257094616553249,
    "smoothness": -0.16824164027724028,
    "componentMass": -1.5075,
    "sensorChannels": -5.3500000000000005,
    "trainingSteps": -0.0
  },
  "total": 57.854832603047655
}
