{
  "count": 8192.000100000001,
  "mean": [
    0.17057512132512087,
    0.4820861036069863,
    -0.39733057028571017,
    -0.19006440223467208,
    0.4669237520797072,
    -0.4048488252164959,
    0.16384218922609922,
    0.29456742274550146,
    -0.4839114138032854,
    -0.14437189427488345,
    0.28266969477775655,
    -0.4889744859838122,
    -0.022198068553557028,
    0.1265972416908798,
    0.04891453407012107,
    -0.009255857383075173,
    0.11252474877123353,
    0.05055544214922078,
    -0.013499636087511922,
    0.07041274424842789,
    0.040808115025115395,
    0.0015622319328117615,
    0.05885269467126138,
    0.038825579113635676,
    0.34635650003772844,
    0.8302616597148202,
    0.014366380543397604,
    0.1539474960583947,
    -0.07745665471664519,
    0.05438478849758604,
    0.0239621520549438,
    -0.05776246275609078,
    -0.013361832072242346,
    0.11579102875957659,
    -0.08470987075098267,
    -0.013441442268635875,
    0.1128434685719359,
    -0.08299782362374857,
    -2.45168355854734,
    -0.036816603507643965,
    6.687287208814245,
    12.775435143303039,
    12.431181009954333,
    9.696952219093534,
    9.642622218301026
  ],
  "variance": [
    0.05051354988596105,
    0.09049285778664434,
    0.13834032350129247,
    0.04612017244378444,
    0.09273961318774593,
    0.14225294689696213,
    0.043556650299379975,
    0.08397062755918831,
    0.13398383608364237,
    0.04323554738978833,
    0.08210284778565018,
    0.1354046719573406,
    29.182504088556573,
    54.58757738452647,
    140.92163462721317,
    29.321053323483927,
    55.64413381423232,
    141.12311979463803,
    36.600618256646825,
    60.69224041041601,
    130.3887869272872,
    35.27006587568894,
    60.506169444663186,
    129.3202819089302,
    0.00730192763774871,
    0.05142531979580345,
    0.0271695769712987,
    0.09204205402923371,
    0.11015793109346662,
    0.134027603784279,
    0.07640147749781435,
    0.10440238292630984,
    7.828073195103995,
    3.922110532313864,
    1.1804910938198447,
    7.524394597885168,
    3.8283140960993682,
    1.155526860533007,
    167.7126716774691,
    75.42590347208774,
    213.91990913165526,
    1291.3348340801926,
    1303.8442150524363,
    1293.1402039484958,
    1214.8223941174842
  ]
}
