{
  "durationSeconds": 4.999999999999671,
  "steps": 250,
  "survivalRate": 1.0,
  "fell": false,
  "motionCommand": [
    0.25,
    0.0,
    0.0
  ],
  "meanMotionCommand": [
    0.25,
    0.0,
    0.0
  ],
  "meanMeasuredMotion": [
    -0.06006293419350498,
    -0.0011541684228739385,
    0.04282900927763019
  ],
  "planarVelocityTrackingError": 0.31006508230601226,
  "yawRateTrackingError": 0.04282900927763019,
  "meanVelocityTrackingError": 0.468229496106717,
  "meanPlanarVelocityTrackingError": 0.36519063955262693,
  "meanYawRateTrackingError": 0.17684822840005335,
  "meanUpright": 0.575615975996109,
  "meanEnergy": 613.9727233859153,
  "meanSmoothness": 29.066927010807838,
  "peakActuator": 8.0,
  "motionCommandSchedule": [
    {
      "atStep": 0,
      "atSeconds": 0.0,
      "command": [
        0.25,
        0.0,
        0.0
      ]
    }
  ],
  "transitionCount": 0,
  "transitions": [],
  "maximumTransitionTerminalPlanarTrackingError": 0.0,
  "maximumTransitionTerminalYawRateTrackingError": 0.0,
  "maximumPlanarSettlingTimeSeconds": 0.0,
  "maximumPlanarBrakingSettlingTimeSeconds": 0.0,
  "maximumYawRateSettlingTimeSeconds": 0.0,
  "maximumPlanarOvershootMps": 0.0,
  "maximumYawRateOvershootRadPerSec": 0.0,
  "unsettledPlanarTransitionCount": 0,
  "unsettledYawRateTransitionCount": 0,
  "initialBasePosition": [
    0.0,
    0.0,
    0.44
  ],
  "finalBasePosition": [
    -0.2902926344678712,
    -0.006191408189772293,
    0.27067525943304144
  ],
  "netDisplacement": [
    -0.2902926344678712,
    -0.006191408189772293,
    -0.16932474056695856
  ],
  "targetPlanarDisplacement": [
    1.25,
    0.0
  ],
  "forwardDisplacement": -0.2902926344678712,
  "targetDistance": 1.25,
  "forwardProgress": 0.0,
  "signedForwardProgress": -0.23223410757429694,
  "backwardDisplacement": 0.2902926344678712,
  "meanForwardVelocity": -0.05805852689357805,
  "lateralDrift": 0.006191408189772293,
  "distanceTraveled": 1.0405395157859931
}
