{
  "terms": {
    "survival": 25.0,
    "velocityTracking": 13.621848664009075,
    "forwardProgress": 0.0,
    "upright": 8.634239639941635,
    "lateralDrift": -0.06191408189772293,
    "transitionTracking": 0.0,
    "energy": -6.139727233859153,
    "smoothness": -0.14533463505403918,
    "componentMass": -1.5075,
    "sensorChannels": -5.3500000000000005,
    "trainingSteps": -0.0
  },
  "total": 34.051612353139795
}
