{
  "terms": {
    "survival": 10.0,
    "velocityTracking": 1.7018273067489857,
    "forwardProgress": 0.9396538559769468,
    "upright": 1.9830902684400393,
    "lateralDrift": -0.0014346562964247498,
    "transitionTracking": 0.0,
    "energy": -0.009448736203075472,
    "smoothness": -0.0004471989361534125,
    "jointJerk": 0.0,
    "bodyAngularJerk": 0.0,
    "actionSlew": 0.0,
    "actuatorSaturation": 0.0,
    "footSlip": 0.0,
    "footImpact": 0.0,
    "componentMass": 0.0,
    "sensorChannels": 0,
    "trainingSteps": 0
  },
  "total": 14.613240839730318
}
