{
  "durationSeconds": 4.999999999999671,
  "steps": 250,
  "survivalRate": 1.0,
  "fell": false,
  "motionCommand": [
    0.25,
    0.0,
    0.0
  ],
  "meanMotionCommand": [
    0.25,
    0.0,
    0.0
  ],
  "meanMeasuredMotion": [
    0.08666492541921983,
    -0.0018487908123059774,
    -0.010604362148488148
  ],
  "planarVelocityTrackingError": 0.16334553748350975,
  "yawRateTrackingError": 0.010604362148488148,
  "meanVelocityTrackingError": 0.2433409784504863,
  "meanPlanarVelocityTrackingError": 0.2147790183083052,
  "meanYawRateTrackingError": 0.07066163337978912,
  "meanUpright": 0.9450308182954984,
  "meanAbsolutePitchRad": 0.10998520435035399,
  "minimumPitchRad": -0.1778022645108753,
  "maximumPitchRad": -0.014177288135104793,
  "maximumBackwardPitchRad": 0.1778022645108753,
  "maximumAbsolutePitchRad": 0.1778022645108753,
  "maximumAbsolutePitchRateRadPerSec": 2.253970042481646,
  "meanEnergy": 188.137583534853,
  "meanSmoothness": 125.96923186351586,
  "peakActuator": 8.0,
  "motionCommandSchedule": [
    {
      "atStep": 0,
      "atSeconds": 0.0,
      "command": [
        0.25,
        0.0,
        0.0
      ]
    }
  ],
  "transitionCount": 0,
  "transitions": [],
  "maximumTransitionTerminalPlanarTrackingError": 0.0,
  "maximumTransitionTerminalYawRateTrackingError": 0.0,
  "maximumPlanarSettlingTimeSeconds": 0.0,
  "maximumPlanarBrakingSettlingTimeSeconds": 0.0,
  "maximumYawRateSettlingTimeSeconds": 0.0,
  "maximumPlanarOvershootMps": 0.0,
  "maximumYawRateOvershootRadPerSec": 0.0,
  "unsettledPlanarTransitionCount": 0,
  "unsettledYawRateTransitionCount": 0,
  "initialBasePosition": [
    0.0,
    0.0,
    0.44
  ],
  "finalBasePosition": [
    0.4313965402168857,
    -0.010578113156476249,
    0.42253412009499214
  ],
  "netDisplacement": [
    0.4313965402168857,
    -0.010578113156476249,
    -0.017465879905007864
  ],
  "targetPlanarDisplacement": [
    1.25,
    0.0
  ],
  "forwardDisplacement": 0.4313965402168857,
  "targetDistance": 1.25,
  "forwardProgress": 0.3451172321735086,
  "signedForwardProgress": 0.3451172321735086,
  "backwardDisplacement": 0.0,
  "meanForwardVelocity": 0.08627930804338281,
  "lateralDrift": 0.010578113156476249,
  "distanceTraveled": 0.7474139954490715
}
