{
  "terms": {
    "survival": 25.0,
    "velocityTracking": 16.085691975603506,
    "forwardProgress": 17.25586160867543,
    "upright": 14.175462274432476,
    "lateralDrift": -0.10578113156476249,
    "transitionTracking": 0.0,
    "energy": -1.8813758353485301,
    "smoothness": -0.6298461593175793,
    "componentMass": -1.5075,
    "sensorChannels": -5.3500000000000005,
    "trainingSteps": -0.0
  },
  "total": 63.04251273248054
}
