{
  "terms": {
    "survival": 30.0,
    "velocityTracking": 15.210013537562702,
    "forwardProgress": 10.0,
    "upright": 9.026590905159132,
    "lateralDrift": -0.23096936852424296,
    "transitionTracking": 5.3315746634387295,
    "energy": -3.0897939963874363,
    "smoothness": -0.0291686447844421,
    "componentMass": -1.2060000000000002,
    "sensorChannels": -1.07,
    "trainingSteps": -0.0
  },
  "total": 63.94224709646444
}
