{
  "terms": {
    "survival": 25.0,
    "velocityTracking": 16.85123543972179,
    "forwardProgress": 12.863808063375547,
    "upright": 14.013557390406337,
    "lateralDrift": -2.5154835479703568e-11,
    "transitionTracking": 0.0,
    "energy": -1.8615396305642347,
    "smoothness": -0.6434041382163628,
    "componentMass": -1.5075,
    "sensorChannels": -5.3500000000000005,
    "trainingSteps": -0.0
  },
  "total": 59.36615712469792
}
