{
  "durationSeconds": 1.9600000000000015,
  "steps": 98,
  "survivalRate": 0.388,
  "fell": true,
  "motionCommand": [
    0.25,
    0.0,
    0.0
  ],
  "meanMotionCommand": [
    0.25,
    0.0,
    0.0
  ],
  "meanMeasuredMotion": [
    0.1068755825735988,
    2.263003963482397e-13,
    1.72201872697834e-14
  ],
  "planarVelocityTrackingError": 0.1431244174264012,
  "yawRateTrackingError": 1.72201872697834e-14,
  "meanVelocityTrackingError": 0.2792396388608424,
  "meanPlanarVelocityTrackingError": 0.2792396388608424,
  "meanYawRateTrackingError": 1.451028912221915e-12,
  "meanUpright": 0.7316624241012154,
  "meanEnergy": 555.3442163351707,
  "meanSmoothness": 39.86539109815038,
  "peakActuator": 8.0,
  "motionCommandSchedule": [
    {
      "atStep": 0,
      "atSeconds": 0.0,
      "command": [
        0.25,
        0.0,
        0.0
      ]
    }
  ],
  "transitionCount": 0,
  "transitions": [],
  "maximumTransitionTerminalPlanarTrackingError": 0.0,
  "maximumTransitionTerminalYawRateTrackingError": 0.0,
  "maximumPlanarSettlingTimeSeconds": 0.0,
  "maximumPlanarBrakingSettlingTimeSeconds": 0.0,
  "maximumYawRateSettlingTimeSeconds": 0.0,
  "maximumPlanarOvershootMps": 0.0,
  "maximumYawRateOvershootRadPerSec": 0.0,
  "unsettledPlanarTransitionCount": 0,
  "unsettledYawRateTransitionCount": 0,
  "initialBasePosition": [
    0.0,
    0.0,
    0.44
  ],
  "finalBasePosition": [
    0.21168830642582484,
    4.1335492197463206e-13,
    0.1873642455263021
  ],
  "netDisplacement": [
    0.21168830642582484,
    4.1335492197463206e-13,
    -0.2526357544736979
  ],
  "targetPlanarDisplacement": [
    1.25,
    0.0
  ],
  "forwardDisplacement": 0.21168830642582484,
  "targetDistance": 1.25,
  "forwardProgress": 0.16935064514065987,
  "signedForwardProgress": 0.16935064514065987,
  "backwardDisplacement": 0.0,
  "meanForwardVelocity": 0.10800423797235953,
  "lateralDrift": 4.1335492197463206e-13,
  "distanceTraveled": 0.4119943759194116
}
