{
  "terms": {
    "survival": 9.700000000000001,
    "velocityTracking": 15.634287269123332,
    "forwardProgress": 8.467532257032993,
    "upright": 10.974936361518232,
    "lateralDrift": -4.1335492197463205e-12,
    "transitionTracking": 0.0,
    "energy": -5.553442163351707,
    "smoothness": -0.1993269554907519,
    "componentMass": -1.5075,
    "sensorChannels": -5.3500000000000005,
    "trainingSteps": -0.0
  },
  "total": 32.166486768827966
}
