{
  "durationSeconds": 4.999999999999671,
  "steps": 250,
  "survivalRate": 1.0,
  "fell": false,
  "motionCommand": [
    0.0,
    0.0,
    0.5
  ],
  "meanMeasuredMotion": [
    -0.007852014010339504,
    -0.019554220645163167,
    0.06227666712247856
  ],
  "planarVelocityTrackingError": 0.021071821683430535,
  "yawRateTrackingError": 0.4377233328775214,
  "meanVelocityTrackingError": 0.4578801688184355,
  "meanPlanarVelocityTrackingError": 0.09315513210147323,
  "meanYawRateTrackingError": 0.438047813357498,
  "meanUpright": 0.9474949031143589,
  "meanEnergy": 200.55638591442244,
  "meanSmoothness": 140.68922545948752,
  "peakActuator": 8.0,
  "initialBasePosition": [
    0.0,
    0.0,
    0.44
  ],
  "finalBasePosition": [
    -0.03567300501278616,
    -0.09399375160175985,
    0.4204156532092876
  ],
  "netDisplacement": [
    -0.03567300501278616,
    -0.09399375160175985,
    -0.019584346790712415
  ],
  "forwardDisplacement": 0.0,
  "targetDistance": 0.0,
  "forwardProgress": 1.0,
  "meanForwardVelocity": 0.0,
  "lateralDrift": 0.10053550928311648,
  "distanceTraveled": 0.38291200947200005
}
