{
  "terms": {
    "survival": 30.0,
    "velocityTracking": 20.57782295256408,
    "forwardProgress": 25.0,
    "upright": 14.212423546715383,
    "lateralDrift": -1.0053550928311648,
    "energy": -1.002781929572112,
    "smoothness": -0.14068922545948753,
    "componentMass": -1.2060000000000002,
    "sensorChannels": -1.07,
    "trainingSteps": -0.0
  },
  "total": 85.3654202514167
}
