{
  "count": 16384.0001,
  "mean": [
    0.18307731268493857,
    0.425379661714614,
    -0.34671130737058226,
    -0.18210920682373338,
    0.4219312926092922,
    -0.3530195947225046,
    0.17499276358196153,
    0.3147413687520471,
    -0.49525700015504703,
    -0.1746157836361804,
    0.31699203785637237,
    -0.4954895182336788,
    0.01401819536817124,
    0.047888406175832336,
    0.08235248560817425,
    -0.0010734693959350314,
    0.04568983673805238,
    0.08337540415536895,
    0.014995365025854454,
    0.019410982752494036,
    0.05532301717663383,
    0.0010508686740877547,
    0.017735702141363125,
    0.0557830058401533,
    0.3503828726985568,
    0.8835784072911376,
    0.006846874412692847,
    0.21911986833109173,
    -0.03671874440030721,
    0.11711803578669745,
    -0.0022360587542037897,
    -0.038839608042238176,
    -0.020702946587450456,
    0.27173038992016274,
    -0.041024416500168734,
    -0.019992037848909443,
    0.26416026093191086,
    -0.041084259620703424,
    -3.153166835325497,
    -0.0025654702652731978,
    6.279423387363368,
    0.1506442794923165,
    -1.3938607899451319,
    -0.6515803184712761,
    -0.11807229928070236,
    -1.3440734151660143,
    -0.6260876873153832,
    0.1810786839301772,
    0.4004150935054885,
    0.623019981474804,
    -0.15620464614866272,
    0.37478153178129703,
    0.6185897265707331,
    0.15548459538160983,
    -1.3904631904018945,
    -0.6531433520861754,
    -0.10947212955313732,
    -1.3417196883154203,
    -0.622909778728697,
    0.18395177914786598,
    0.4062829810370696,
    0.6203254739004603,
    -0.147903076829729,
    0.3794075481293935,
    0.6146835455332523,
    13.03078406074787,
    13.105001309827628,
    7.58059628813335,
    7.341862687326222
  ],
  "variance": [
    0.014758549991942357,
    0.032066935773853375,
    0.04280022303704654,
    0.013479774686917464,
    0.03239569450666491,
    0.04265079001636975,
    0.011495554284981661,
    0.026891004554535976,
    0.028172211772703955,
    0.011134828191942774,
    0.026291490515273592,
    0.028098139655496457,
    7.5147778466400625,
    17.985441435927633,
    43.510952717003235,
    7.724747894643951,
    17.81992469963664,
    43.70009011585044,
    9.898018968339162,
    20.51117092773786,
    40.12955190005736,
    10.130318064058969,
    20.588929076125556,
    40.073011237899536,
    0.006730732321815913,
    0.019775608148080333,
    0.006296257056125633,
    0.102507717096314,
    0.041313334710737094,
    0.09872981855553083,
    0.03331576250338559,
    0.046817666104832234,
    2.345797507708394,
    2.050570063566919,
    0.3942238877006452,
    2.2416739684704123,
    1.9800257791435691,
    0.38747945699956865,
    83.59600852225427,
    29.8841570677372,
    130.23533460224544,
    18.470022018575765,
    47.32992885057468,
    52.73056659580285,
    18.592692472935617,
    47.454225604403234,
    52.7618839647839,
    23.49618260374504,
    50.91569281049583,
    56.03675699252952,
    23.841312555606834,
    50.850384298606514,
    56.12718647476236,
    18.268402611884788,
    47.123711444972564,
    52.49294419976307,
    18.39426402042533,
    47.22763161018704,
    52.52642776287152,
    23.26385496116603,
    50.67795176619347,
    55.79780638403315,
    23.612026055988085,
    50.61394354743945,
    55.885902769496795,
    574.0022817365145,
    638.746465694737,
    528.9619163473208,
    497.7050465177969
  ]
}
