{
  "previous": {
    "assembly": "force-sensing",
    "controller": "force-aware-gait",
    "assemblyHash": "d89572552c790a7256a7fe23403e257b121aab1b617e4b133032638dcb972cea",
    "aggregateScore": 84.22840290335803,
    "cases": [
      {
        "case": {
          "id": "nominal",
          "task": "velocity-track",
          "scenario": "nominal",
          "seed": 42,
          "weight": 1
        },
        "metrics": {
          "durationSeconds": 2.999999999999891,
          "steps": 150,
          "survivalRate": 1,
          "fell": false,
          "meanVelocityTrackingError": 0.19365981992917136,
          "meanUpright": 0.9481169206101492,
          "meanEnergy": 1.4960086965866342,
          "meanSmoothness": 0.40149205511721037,
          "peakActuator": 6
        },
        "score": {
          "terms": {
            "survival": 50,
            "velocityTracking": 16.755192447699837,
            "upright": 18.962338412202982,
            "energy": -0.029920173931732685,
            "smoothness": -0.0040149205511721036,
            "componentMass": -1.4275,
            "sensorChannels": -0.5,
            "trainingSteps": 0
          },
          "total": 83.75609576541991
        },
        "resultHash": "f3286c279dbc5971c998fd607b2bb1f2d881e8bc1b51cf06da1d7c5c02bf612a"
      },
      {
        "case": {
          "id": "low-friction",
          "task": "velocity-track",
          "scenario": "low-friction",
          "seed": 43,
          "weight": 1.2
        },
        "metrics": {
          "durationSeconds": 2.999999999999891,
          "steps": 150,
          "survivalRate": 1,
          "fell": false,
          "meanVelocityTrackingError": 0.19365981992917136,
          "meanUpright": 0.9481169206101492,
          "meanEnergy": 1.4960086965866342,
          "meanSmoothness": 0.40149205511721037,
          "peakActuator": 6
        },
        "score": {
          "terms": {
            "survival": 50,
            "velocityTracking": 16.755192447699837,
            "upright": 18.962338412202982,
            "energy": -0.029920173931732685,
            "smoothness": -0.0040149205511721036,
            "componentMass": -1.4275,
            "sensorChannels": -0.5,
            "trainingSteps": 0
          },
          "total": 83.75609576541991
        },
        "resultHash": "70b27e2b2e7b12ef61efc5253ee03f9f8f6e28ca1bd7a39b677df3fa67b14fb6"
      },
      {
        "case": {
          "id": "lateral-push",
          "task": "stand",
          "scenario": "lateral-push",
          "seed": 44,
          "weight": 1.5
        },
        "metrics": {
          "durationSeconds": 2.0000000000000013,
          "steps": 100,
          "survivalRate": 1,
          "fell": false,
          "meanVelocityTrackingError": 0.10654337038205364,
          "meanUpright": 0.9421495212763911,
          "meanEnergy": 3.1165478298100227,
          "meanSmoothness": 0.6342286306776106,
          "peakActuator": 6
        },
        "score": {
          "terms": {
            "survival": 50,
            "velocityTracking": 18.074302856375745,
            "upright": 18.842990425527823,
            "energy": -0.06233095659620046,
            "smoothness": -0.006342286306776106,
            "componentMass": -1.4275,
            "sensorChannels": -0.5,
            "trainingSteps": 0
          },
          "total": 84.9211200390006
        },
        "resultHash": "141d5bfcf6404ec0c638c9d6d1630edeed49cc987c62e1ef073476cfeb306984"
      }
    ]
  },
  "candidate": {
    "assembly": "force-sensing",
    "controller": "force-aware-gait",
    "assemblyHash": "d89572552c790a7256a7fe23403e257b121aab1b617e4b133032638dcb972cea",
    "aggregateScore": 84.25444528948661,
    "cases": [
      {
        "case": {
          "id": "nominal",
          "task": "velocity-track",
          "scenario": "nominal",
          "seed": 42,
          "weight": 1
        },
        "metrics": {
          "durationSeconds": 2.999999999999891,
          "steps": 150,
          "survivalRate": 1,
          "fell": false,
          "meanVelocityTrackingError": 0.19201303753477256,
          "meanUpright": 0.9480218653247192,
          "meanEnergy": 1.6480993707090124,
          "meanSmoothness": 0.4632488268850761,
          "peakActuator": 6
        },
        "score": {
          "terms": {
            "survival": 50,
            "velocityTracking": 16.778339976349944,
            "upright": 18.960437306494384,
            "energy": -0.03296198741418025,
            "smoothness": -0.004632488268850762,
            "componentMass": -1.4275,
            "sensorChannels": -0.5,
            "trainingSteps": 0
          },
          "total": 83.7736828071613
        },
        "resultHash": "4287f1353ecb95d474901b26dfe47f1fb265c60309ed0f4d1eee337d2d6315d4"
      },
      {
        "case": {
          "id": "low-friction",
          "task": "velocity-track",
          "scenario": "low-friction",
          "seed": 43,
          "weight": 1.2
        },
        "metrics": {
          "durationSeconds": 2.999999999999891,
          "steps": 150,
          "survivalRate": 1,
          "fell": false,
          "meanVelocityTrackingError": 0.19201303753477256,
          "meanUpright": 0.9480218653247192,
          "meanEnergy": 1.6480993707090124,
          "meanSmoothness": 0.4632488268850761,
          "peakActuator": 6
        },
        "score": {
          "terms": {
            "survival": 50,
            "velocityTracking": 16.778339976349944,
            "upright": 18.960437306494384,
            "energy": -0.03296198741418025,
            "smoothness": -0.004632488268850762,
            "componentMass": -1.4275,
            "sensorChannels": -0.5,
            "trainingSteps": 0
          },
          "total": 83.7736828071613
        },
        "resultHash": "d42489399a591c8368a8e4261d3dc02b534303f9c224185998e5790af1a987c9"
      },
      {
        "case": {
          "id": "lateral-push",
          "task": "stand",
          "scenario": "lateral-push",
          "seed": 44,
          "weight": 1.5
        },
        "metrics": {
          "durationSeconds": 2.0000000000000013,
          "steps": 100,
          "survivalRate": 1,
          "fell": false,
          "meanVelocityTrackingError": 0.10380359598361799,
          "meanUpright": 0.9420049531699565,
          "meanEnergy": 3.227784202096481,
          "meanSmoothness": 0.764525064075128,
          "peakActuator": 6
        },
        "score": {
          "terms": {
            "survival": 50,
            "velocityTracking": 18.11916546818065,
            "upright": 18.84009906339913,
            "energy": -0.06455568404192963,
            "smoothness": -0.00764525064075128,
            "componentMass": -1.4275,
            "sensorChannels": -0.5,
            "trainingSteps": 0
          },
          "total": 84.9595635968971
        },
        "resultHash": "57b28b15a5018a086ff2cccca9017f3baac72ba98445f092fdb95c7d9ad0d4f6"
      }
    ]
  },
  "delta": 0.02604238612858012,
  "gateReasons": []
}
