{
  "durationSeconds": 4.999999999999671,
  "steps": 250,
  "survivalRate": 1.0,
  "fell": false,
  "motionCommand": [
    0.25,
    0.0,
    0.0
  ],
  "meanMotionCommand": [
    0.25,
    0.0,
    0.0
  ],
  "meanMeasuredMotion": [
    -0.04874076757979458,
    -0.0008638379796382157,
    0.009148604916554793
  ],
  "planarVelocityTrackingError": 0.29874201651294363,
  "yawRateTrackingError": 0.009148604916554793,
  "meanVelocityTrackingError": 0.3514679407790135,
  "meanPlanarVelocityTrackingError": 0.34871144914001917,
  "meanYawRateTrackingError": 0.014902631172083668,
  "meanUpright": 0.5959823143353479,
  "meanEnergy": 602.0250373370149,
  "meanSmoothness": 31.49691237788859,
  "peakActuator": 8.0,
  "motionCommandSchedule": [
    {
      "atStep": 0,
      "atSeconds": 0.0,
      "command": [
        0.25,
        0.0,
        0.0
      ]
    }
  ],
  "transitionCount": 0,
  "transitions": [],
  "maximumTransitionTerminalPlanarTrackingError": 0.0,
  "maximumTransitionTerminalYawRateTrackingError": 0.0,
  "maximumPlanarSettlingTimeSeconds": 0.0,
  "maximumPlanarBrakingSettlingTimeSeconds": 0.0,
  "maximumYawRateSettlingTimeSeconds": 0.0,
  "maximumPlanarOvershootMps": 0.0,
  "maximumYawRateOvershootRadPerSec": 0.0,
  "unsettledPlanarTransitionCount": 0,
  "unsettledYawRateTransitionCount": 0,
  "initialBasePosition": [
    0.0,
    0.0,
    0.44
  ],
  "finalBasePosition": [
    -0.23158820864518062,
    -0.0037088682399019296,
    0.22355961668781563
  ],
  "netDisplacement": [
    -0.23158820864518062,
    -0.0037088682399019296,
    -0.21644038331218438
  ],
  "targetPlanarDisplacement": [
    1.25,
    0.0
  ],
  "forwardDisplacement": -0.23158820864518062,
  "targetDistance": 1.25,
  "forwardProgress": 0.0,
  "signedForwardProgress": -0.1852705669161445,
  "backwardDisplacement": 0.23158820864518062,
  "meanForwardVelocity": -0.04631764172903917,
  "lateralDrift": 0.0037088682399019296,
  "distanceTraveled": 0.9539478429471503
}
