{
  "terms": {
    "survival": 25.0,
    "velocityTracking": 14.798723222743703,
    "forwardProgress": 0.0,
    "upright": 8.939734715030218,
    "lateralDrift": -0.037088682399019295,
    "transitionTracking": 0.0,
    "energy": -6.020250373370149,
    "smoothness": -0.15748456188944296,
    "componentMass": -1.5075,
    "sensorChannels": -5.3500000000000005,
    "trainingSteps": -0.0
  },
  "total": 35.66613432011531
}
