{
  "previous": {
    "assembly": "force-sensing",
    "controller": "force-aware-gait",
    "assemblyHash": "d89572552c790a7256a7fe23403e257b121aab1b617e4b133032638dcb972cea",
    "aggregateScore": 84.0203274304768,
    "cases": [
      {
        "case": {
          "id": "nominal",
          "task": "velocity-track",
          "scenario": "nominal",
          "seed": 42,
          "weight": 1
        },
        "metrics": {
          "durationSeconds": 2.999999999999891,
          "steps": 150,
          "survivalRate": 1,
          "fell": false,
          "meanVelocityTrackingError": 0.20318412266984362,
          "meanUpright": 0.9402246179610237,
          "meanEnergy": 1.1582632894080682,
          "meanSmoothness": 0.4085338350661831,
          "peakActuator": 6
        },
        "score": {
          "terms": {
            "survival": 50,
            "velocityTracking": 16.622559775490025,
            "upright": 18.804492359220475,
            "energy": -0.023165265788161363,
            "smoothness": -0.004085338350661831,
            "componentMass": -1.4275,
            "sensorChannels": -0.5,
            "trainingSteps": 0
          },
          "total": 83.47230153057167
        },
        "resultHash": "78c7c7cf7118918094627ee9842ac91997d4545467be5117f7633d9617d77371"
      },
      {
        "case": {
          "id": "low-friction",
          "task": "velocity-track",
          "scenario": "low-friction",
          "seed": 43,
          "weight": 1.2
        },
        "metrics": {
          "durationSeconds": 2.999999999999891,
          "steps": 150,
          "survivalRate": 1,
          "fell": false,
          "meanVelocityTrackingError": 0.20318412266984362,
          "meanUpright": 0.9402246179610237,
          "meanEnergy": 1.1582632894080682,
          "meanSmoothness": 0.4085338350661831,
          "peakActuator": 6
        },
        "score": {
          "terms": {
            "survival": 50,
            "velocityTracking": 16.622559775490025,
            "upright": 18.804492359220475,
            "energy": -0.023165265788161363,
            "smoothness": -0.004085338350661831,
            "componentMass": -1.4275,
            "sensorChannels": -0.5,
            "trainingSteps": 0
          },
          "total": 83.47230153057167
        },
        "resultHash": "4c7bc5ebc194b3b02fd078b827e3917d86376513e6fa6d4abf1016d229e8091f"
      },
      {
        "case": {
          "id": "lateral-push",
          "task": "stand",
          "scenario": "lateral-push",
          "seed": 44,
          "weight": 1.5
        },
        "metrics": {
          "durationSeconds": 2.0000000000000013,
          "steps": 100,
          "survivalRate": 1,
          "fell": false,
          "meanVelocityTrackingError": 0.09490135251768991,
          "meanUpright": 0.9274412754890321,
          "meanEnergy": 2.8660452155779508,
          "meanSmoothness": 0.6391647673968318,
          "peakActuator": 6
        },
        "score": {
          "terms": {
            "survival": 50,
            "velocityTracking": 18.266485792542547,
            "upright": 18.54882550978064,
            "energy": -0.057320904311559014,
            "smoothness": -0.006391647673968318,
            "componentMass": -1.4275,
            "sensorChannels": -0.5,
            "trainingSteps": 0
          },
          "total": 84.82409875033765
        },
        "resultHash": "741d238d02b9e5784aa1b9606859fba966f7580f73893ce3077154389a13003c"
      }
    ]
  },
  "candidate": {
    "assembly": "force-sensing",
    "controller": "force-aware-gait",
    "assemblyHash": "d89572552c790a7256a7fe23403e257b121aab1b617e4b133032638dcb972cea",
    "aggregateScore": 84.07506901465986,
    "cases": [
      {
        "case": {
          "id": "nominal",
          "task": "velocity-track",
          "scenario": "nominal",
          "seed": 42,
          "weight": 1
        },
        "metrics": {
          "durationSeconds": 2.999999999999891,
          "steps": 150,
          "survivalRate": 1,
          "fell": false,
          "meanVelocityTrackingError": 0.20014925657536645,
          "meanUpright": 0.9411826520466146,
          "meanEnergy": 1.1898567983456754,
          "meanSmoothness": 0.40129449658757127,
          "peakActuator": 6
        },
        "score": {
          "terms": {
            "survival": 50,
            "velocityTracking": 16.664593916485128,
            "upright": 18.823653040932292,
            "energy": -0.023797135966913508,
            "smoothness": -0.004012944965875713,
            "componentMass": -1.4275,
            "sensorChannels": -0.5,
            "trainingSteps": 0
          },
          "total": 83.53293687648463
        },
        "resultHash": "c4442136c28bb68791050f14cca22ade9f21e7a2fbbb3e7584d4f6e6c80b2ef6"
      },
      {
        "case": {
          "id": "low-friction",
          "task": "velocity-track",
          "scenario": "low-friction",
          "seed": 43,
          "weight": 1.2
        },
        "metrics": {
          "durationSeconds": 2.999999999999891,
          "steps": 150,
          "survivalRate": 1,
          "fell": false,
          "meanVelocityTrackingError": 0.20014925657536645,
          "meanUpright": 0.9411826520466146,
          "meanEnergy": 1.1898567983456754,
          "meanSmoothness": 0.40129449658757127,
          "peakActuator": 6
        },
        "score": {
          "terms": {
            "survival": 50,
            "velocityTracking": 16.664593916485128,
            "upright": 18.823653040932292,
            "energy": -0.023797135966913508,
            "smoothness": -0.004012944965875713,
            "componentMass": -1.4275,
            "sensorChannels": -0.5,
            "trainingSteps": 0
          },
          "total": 83.53293687648463
        },
        "resultHash": "161da7e48cb61816414fdfe697186c694a84cabfaa4d52c4275b09c62cadf5b3"
      },
      {
        "case": {
          "id": "lateral-push",
          "task": "stand",
          "scenario": "lateral-push",
          "seed": 44,
          "weight": 1.5
        },
        "metrics": {
          "durationSeconds": 2.0000000000000013,
          "steps": 100,
          "survivalRate": 1,
          "fell": false,
          "meanVelocityTrackingError": 0.0979450608870732,
          "meanUpright": 0.9323098898146401,
          "meanEnergy": 2.904361335665178,
          "meanSmoothness": 0.6262107921321286,
          "peakActuator": 6
        },
        "score": {
          "terms": {
            "survival": 50,
            "velocityTracking": 18.215847688992028,
            "upright": 18.646197796292803,
            "energy": -0.05808722671330356,
            "smoothness": -0.006262107921321286,
            "componentMass": -1.4275,
            "sensorChannels": -0.5,
            "trainingSteps": 0
          },
          "total": 84.8701961506502
        },
        "resultHash": "4cff6144a05165df523002f2dfd75bd28a30966c052c5843a0732deafffe4149"
      }
    ]
  },
  "delta": 0.05474158418306274,
  "gateReasons": []
}
