{
  "durationSeconds": 2.539999999999942,
  "steps": 127,
  "survivalRate": 0.504,
  "fell": true,
  "motionCommand": [
    0.25,
    0.0,
    0.0
  ],
  "meanMotionCommand": [
    0.25,
    0.0,
    0.0
  ],
  "meanMeasuredMotion": [
    -0.003650923861612648,
    -0.027942443570638638,
    -0.06486037093803182
  ],
  "planarVelocityTrackingError": 0.2551853666034711,
  "yawRateTrackingError": 0.06486037093803182,
  "meanVelocityTrackingError": 0.36767031954332957,
  "meanPlanarVelocityTrackingError": 0.3003688594450597,
  "meanYawRateTrackingError": 0.14075018767983533,
  "meanUpright": 0.575056380695028,
  "meanEnergy": 586.947251761922,
  "meanSmoothness": 28.587839888829095,
  "peakActuator": 8.0,
  "motionCommandSchedule": [
    {
      "atStep": 0,
      "atSeconds": 0.0,
      "command": [
        0.25,
        0.0,
        0.0
      ]
    }
  ],
  "transitionCount": 0,
  "transitions": [],
  "maximumTransitionTerminalPlanarTrackingError": 0.0,
  "maximumTransitionTerminalYawRateTrackingError": 0.0,
  "maximumPlanarSettlingTimeSeconds": 0.0,
  "maximumPlanarBrakingSettlingTimeSeconds": 0.0,
  "maximumYawRateSettlingTimeSeconds": 0.0,
  "maximumPlanarOvershootMps": 0.0,
  "maximumYawRateOvershootRadPerSec": 0.0,
  "unsettledPlanarTransitionCount": 0,
  "unsettledYawRateTransitionCount": 0,
  "initialBasePosition": [
    0.0,
    0.0,
    0.44
  ],
  "finalBasePosition": [
    -0.0034447072527926136,
    -0.07017650863329873,
    0.18601439367340064
  ],
  "netDisplacement": [
    -0.0034447072527926136,
    -0.07017650863329873,
    -0.2539856063265994
  ],
  "targetPlanarDisplacement": [
    1.25,
    0.0
  ],
  "forwardDisplacement": -0.0034447072527926136,
  "targetDistance": 1.25,
  "forwardProgress": 0.0,
  "signedForwardProgress": -0.002755765802234091,
  "backwardDisplacement": 0.0034447072527926136,
  "meanForwardVelocity": -0.0013561839577923985,
  "lateralDrift": 0.07017650863329873,
  "distanceTraveled": 0.6048990019640632
}
