{
  "terms": {
    "survival": 12.6,
    "velocityTracking": 14.623407201435853,
    "forwardProgress": 0.0,
    "upright": 8.62584571042542,
    "lateralDrift": -0.7017650863329873,
    "transitionTracking": 0.0,
    "energy": -5.8694725176192195,
    "smoothness": -0.1429391994441455,
    "componentMass": -1.5075,
    "sensorChannels": -5.3500000000000005,
    "trainingSteps": -0.0
  },
  "total": 22.27757610846492
}
