{
  "durationSeconds": 6.499999999999506,
  "steps": 325,
  "survivalRate": 1.0,
  "fell": false,
  "motionCommand": [
    0.0,
    0.0,
    0.038461538461538464
  ],
  "meanMotionCommand": [
    0.0,
    0.0,
    0.038461538461538464
  ],
  "meanMeasuredMotion": [
    0.04131215968607795,
    0.10062033315405407,
    0.1579888944408642
  ],
  "planarVelocityTrackingError": 0.10877107143887495,
  "yawRateTrackingError": 0.11952735597932573,
  "meanVelocityTrackingError": 0.5838016781262582,
  "meanPlanarVelocityTrackingError": 0.21490177063772534,
  "meanYawRateTrackingError": 0.4971310844805944,
  "meanUpright": 0.9019574955481507,
  "meanEnergy": 187.7958764154309,
  "meanSmoothness": 126.56591899031157,
  "peakActuator": 8.0,
  "motionCommandSchedule": [
    {
      "atStep": 0,
      "atSeconds": 0.0,
      "command": [
        0.0,
        0.0,
        0.5
      ]
    },
    {
      "atStep": 125,
      "atSeconds": 2.5,
      "command": [
        0.0,
        0.0,
        -0.5
      ]
    },
    {
      "atStep": 225,
      "atSeconds": 4.5,
      "command": [
        0.0,
        0.0,
        0.0
      ]
    }
  ],
  "transitionCount": 2,
  "transitions": [
    {
      "index": 1,
      "atStep": 125,
      "atSeconds": 2.5,
      "endStep": 225,
      "fromCommand": [
        0.0,
        0.0,
        0.5
      ],
      "toCommand": [
        0.0,
        0.0,
        -0.5
      ],
      "sampleCount": 100,
      "peakPlanarTrackingError": 0.3260899801179538,
      "peakYawRateTrackingError": 1.467370800045072,
      "terminalMeasuredMotion": [
        0.05871666201305135,
        0.07968775930062497,
        -0.06640793967554047
      ],
      "terminalPlanarTrackingError": 0.09898376321553576,
      "terminalYawRateTrackingError": 0.4335920603244595,
      "planarOvershootMps": 0.0,
      "yawRateOvershootRadPerSec": 0.21042446825145444,
      "planarSettlingTimeSeconds": 1.94,
      "yawRateSettlingTimeSeconds": 2.0,
      "planarSettled": true,
      "yawRateSettled": false
    },
    {
      "index": 2,
      "atStep": 225,
      "atSeconds": 4.5,
      "endStep": 325,
      "fromCommand": [
        0.0,
        0.0,
        -0.5
      ],
      "toCommand": [
        0.0,
        0.0,
        0.0
      ],
      "sampleCount": 100,
      "peakPlanarTrackingError": 1.0221483550131174,
      "peakYawRateTrackingError": 1.0599925723558177,
      "terminalMeasuredMotion": [
        0.1351375863697453,
        0.22482311858951362,
        -0.024274159756964626
      ],
      "terminalPlanarTrackingError": 0.2623120315619451,
      "terminalYawRateTrackingError": 0.024274159756964626,
      "planarOvershootMps": 0.0,
      "yawRateOvershootRadPerSec": 0.819861217783533,
      "planarSettlingTimeSeconds": 2.0,
      "yawRateSettlingTimeSeconds": 1.76,
      "planarSettled": false,
      "yawRateSettled": true
    }
  ],
  "maximumTransitionTerminalPlanarTrackingError": 0.2623120315619451,
  "maximumTransitionTerminalYawRateTrackingError": 0.4335920603244595,
  "maximumPlanarSettlingTimeSeconds": 2.0,
  "maximumYawRateSettlingTimeSeconds": 2.0,
  "maximumPlanarOvershootMps": 0.0,
  "maximumYawRateOvershootRadPerSec": 0.819861217783533,
  "unsettledPlanarTransitionCount": 1,
  "unsettledYawRateTransitionCount": 1,
  "initialBasePosition": [
    0.0,
    0.0,
    0.44
  ],
  "finalBasePosition": [
    0.2686254866952559,
    0.6498561334260508,
    0.25727120886537763
  ],
  "netDisplacement": [
    0.2686254866952559,
    0.6498561334260508,
    -0.18272879113462237
  ],
  "targetPlanarDisplacement": [
    0.0,
    0.0
  ],
  "forwardDisplacement": 0.0,
  "targetDistance": 0.0,
  "forwardProgress": 1.0,
  "meanForwardVelocity": 0.0,
  "lateralDrift": 0.7031874901146352,
  "distanceTraveled": 1.3720663830962252
}
