{
  "durationSeconds": 4.999999999999671,
  "steps": 250,
  "survivalRate": 1.0,
  "fell": false,
  "motionCommand": [
    0.25,
    0.0,
    0.0
  ],
  "meanMotionCommand": [
    0.25,
    0.0,
    0.0
  ],
  "meanMeasuredMotion": [
    0.008695885927855971,
    0.007023599037118631,
    -0.018095010812153343
  ],
  "planarVelocityTrackingError": 0.24140630980066885,
  "yawRateTrackingError": 0.018095010812153343,
  "meanVelocityTrackingError": 0.36839957319708205,
  "meanPlanarVelocityTrackingError": 0.3215912691602336,
  "meanYawRateTrackingError": 0.0885333596040693,
  "meanUpright": 0.5619591301744368,
  "meanEnergy": 583.7796212067234,
  "meanSmoothness": 34.383326847355235,
  "peakActuator": 8.0,
  "motionCommandSchedule": [
    {
      "atStep": 0,
      "atSeconds": 0.0,
      "command": [
        0.25,
        0.0,
        0.0
      ]
    }
  ],
  "transitionCount": 0,
  "transitions": [],
  "maximumTransitionTerminalPlanarTrackingError": 0.0,
  "maximumTransitionTerminalYawRateTrackingError": 0.0,
  "maximumPlanarSettlingTimeSeconds": 0.0,
  "maximumPlanarBrakingSettlingTimeSeconds": 0.0,
  "maximumYawRateSettlingTimeSeconds": 0.0,
  "maximumPlanarOvershootMps": 0.0,
  "maximumYawRateOvershootRadPerSec": 0.0,
  "unsettledPlanarTransitionCount": 0,
  "unsettledYawRateTransitionCount": 0,
  "initialBasePosition": [
    0.0,
    0.0,
    0.44
  ],
  "finalBasePosition": [
    0.05272261996036344,
    0.034484101105250305,
    0.22017544442653686
  ],
  "netDisplacement": [
    0.05272261996036344,
    0.034484101105250305,
    -0.21982455557346314
  ],
  "targetPlanarDisplacement": [
    1.25,
    0.0
  ],
  "forwardDisplacement": 0.05272261996036344,
  "targetDistance": 1.25,
  "forwardProgress": 0.04217809596829075,
  "signedForwardProgress": 0.04217809596829075,
  "backwardDisplacement": 0.0,
  "meanForwardVelocity": 0.010544523992073382,
  "lateralDrift": 0.034484101105250305,
  "distanceTraveled": 1.0223573534382042
}
