{
  "terms": {
    "survival": 25.0,
    "velocityTracking": 14.615614029513823,
    "forwardProgress": 2.1089047984145375,
    "upright": 8.429386952616552,
    "lateralDrift": -0.34484101105250303,
    "transitionTracking": 0.0,
    "energy": -5.837796212067234,
    "smoothness": -0.17191663423677617,
    "componentMass": -1.5075,
    "sensorChannels": -5.3500000000000005,
    "trainingSteps": -0.0
  },
  "total": 36.9418519231884
}
