{
  "previous": {
    "assembly": "force-sensing",
    "controller": "force-aware-gait",
    "assemblyHash": "d89572552c790a7256a7fe23403e257b121aab1b617e4b133032638dcb972cea",
    "aggregateScore": 83.97336485851835,
    "cases": [
      {
        "case": {
          "id": "nominal",
          "task": "velocity-track",
          "scenario": "nominal",
          "seed": 42,
          "weight": 1
        },
        "metrics": {
          "durationSeconds": 2.999999999999891,
          "steps": 150,
          "survivalRate": 1,
          "fell": false,
          "meanVelocityTrackingError": 0.20398946658959094,
          "meanUpright": 0.9395233677824253,
          "meanEnergy": 1.104527538067565,
          "meanSmoothness": 0.4060324310823327,
          "peakActuator": 5.999999999999998
        },
        "score": {
          "terms": {
            "survival": 50,
            "velocityTracking": 16.61144100924056,
            "upright": 18.790467355648506,
            "energy": -0.0220905507613513,
            "smoothness": -0.004060324310823328,
            "componentMass": -1.4275,
            "sensorChannels": -0.5,
            "trainingSteps": 0
          },
          "total": 83.4482574898169
        },
        "resultHash": "cc4c5b5e648b061ba2f9a4a4199db9107a59fc76d5c08f957a965563ff228194"
      },
      {
        "case": {
          "id": "low-friction",
          "task": "velocity-track",
          "scenario": "low-friction",
          "seed": 43,
          "weight": 1.2
        },
        "metrics": {
          "durationSeconds": 2.999999999999891,
          "steps": 150,
          "survivalRate": 1,
          "fell": false,
          "meanVelocityTrackingError": 0.20398946658959094,
          "meanUpright": 0.9395233677824253,
          "meanEnergy": 1.104527538067565,
          "meanSmoothness": 0.4060324310823327,
          "peakActuator": 5.999999999999998
        },
        "score": {
          "terms": {
            "survival": 50,
            "velocityTracking": 16.61144100924056,
            "upright": 18.790467355648506,
            "energy": -0.0220905507613513,
            "smoothness": -0.004060324310823328,
            "componentMass": -1.4275,
            "sensorChannels": -0.5,
            "trainingSteps": 0
          },
          "total": 83.4482574898169
        },
        "resultHash": "905852d52e3aa91099a5767cc5b3cd2aa2463af91190d2a81ad7b66b56997683"
      },
      {
        "case": {
          "id": "lateral-push",
          "task": "stand",
          "scenario": "lateral-push",
          "seed": 44,
          "weight": 1.5
        },
        "metrics": {
          "durationSeconds": 2.0000000000000013,
          "steps": 100,
          "survivalRate": 1,
          "fell": false,
          "meanVelocityTrackingError": 0.09648684338131173,
          "meanUpright": 0.9246535546627935,
          "meanEnergy": 2.7890217637916073,
          "meanSmoothness": 0.6341264430979656,
          "peakActuator": 5.999999999999998
        },
        "score": {
          "terms": {
            "survival": 50,
            "velocityTracking": 18.240072939064756,
            "upright": 18.49307109325587,
            "energy": -0.055780435275832145,
            "smoothness": -0.006341264430979657,
            "componentMass": -1.4275,
            "sensorChannels": -0.5,
            "trainingSteps": 0
          },
          "total": 84.74352233261382
        },
        "resultHash": "cd7142b277cef9c7c81e3cd091751cc2ad9d893aa36ad702aaf75ad4f2e2636b"
      }
    ]
  },
  "candidate": {
    "assembly": "force-sensing",
    "controller": "force-aware-gait",
    "assemblyHash": "d89572552c790a7256a7fe23403e257b121aab1b617e4b133032638dcb972cea",
    "aggregateScore": 84.0203274304768,
    "cases": [
      {
        "case": {
          "id": "nominal",
          "task": "velocity-track",
          "scenario": "nominal",
          "seed": 42,
          "weight": 1
        },
        "metrics": {
          "durationSeconds": 2.999999999999891,
          "steps": 150,
          "survivalRate": 1,
          "fell": false,
          "meanVelocityTrackingError": 0.20318412266984362,
          "meanUpright": 0.9402246179610237,
          "meanEnergy": 1.1582632894080682,
          "meanSmoothness": 0.4085338350661831,
          "peakActuator": 6
        },
        "score": {
          "terms": {
            "survival": 50,
            "velocityTracking": 16.622559775490025,
            "upright": 18.804492359220475,
            "energy": -0.023165265788161363,
            "smoothness": -0.004085338350661831,
            "componentMass": -1.4275,
            "sensorChannels": -0.5,
            "trainingSteps": 0
          },
          "total": 83.47230153057167
        },
        "resultHash": "78c7c7cf7118918094627ee9842ac91997d4545467be5117f7633d9617d77371"
      },
      {
        "case": {
          "id": "low-friction",
          "task": "velocity-track",
          "scenario": "low-friction",
          "seed": 43,
          "weight": 1.2
        },
        "metrics": {
          "durationSeconds": 2.999999999999891,
          "steps": 150,
          "survivalRate": 1,
          "fell": false,
          "meanVelocityTrackingError": 0.20318412266984362,
          "meanUpright": 0.9402246179610237,
          "meanEnergy": 1.1582632894080682,
          "meanSmoothness": 0.4085338350661831,
          "peakActuator": 6
        },
        "score": {
          "terms": {
            "survival": 50,
            "velocityTracking": 16.622559775490025,
            "upright": 18.804492359220475,
            "energy": -0.023165265788161363,
            "smoothness": -0.004085338350661831,
            "componentMass": -1.4275,
            "sensorChannels": -0.5,
            "trainingSteps": 0
          },
          "total": 83.47230153057167
        },
        "resultHash": "4c7bc5ebc194b3b02fd078b827e3917d86376513e6fa6d4abf1016d229e8091f"
      },
      {
        "case": {
          "id": "lateral-push",
          "task": "stand",
          "scenario": "lateral-push",
          "seed": 44,
          "weight": 1.5
        },
        "metrics": {
          "durationSeconds": 2.0000000000000013,
          "steps": 100,
          "survivalRate": 1,
          "fell": false,
          "meanVelocityTrackingError": 0.09490135251768991,
          "meanUpright": 0.9274412754890321,
          "meanEnergy": 2.8660452155779508,
          "meanSmoothness": 0.6391647673968318,
          "peakActuator": 6
        },
        "score": {
          "terms": {
            "survival": 50,
            "velocityTracking": 18.266485792542547,
            "upright": 18.54882550978064,
            "energy": -0.057320904311559014,
            "smoothness": -0.006391647673968318,
            "componentMass": -1.4275,
            "sensorChannels": -0.5,
            "trainingSteps": 0
          },
          "total": 84.82409875033765
        },
        "resultHash": "741d238d02b9e5784aa1b9606859fba966f7580f73893ce3077154389a13003c"
      }
    ]
  },
  "delta": 0.046962571958445665,
  "gateReasons": []
}
