{
  "durationSeconds": 4.999999999999671,
  "steps": 250,
  "survivalRate": 1.0,
  "fell": false,
  "motionCommand": [
    0.25,
    0.0,
    0.0
  ],
  "meanMotionCommand": [
    0.25,
    0.0,
    0.0
  ],
  "meanMeasuredMotion": [
    0.16420808293413428,
    0.039672059283436194,
    -0.03282921899674207
  ],
  "planarVelocityTrackingError": 0.09452050212321589,
  "yawRateTrackingError": 0.03282921899674207,
  "meanVelocityTrackingError": 0.508332947035257,
  "meanPlanarVelocityTrackingError": 0.2863208560154661,
  "meanYawRateTrackingError": 0.31908950096646876,
  "meanUpright": 0.5425645302567249,
  "meanEnergy": 628.3133182265094,
  "meanSmoothness": 33.617963168005346,
  "peakActuator": 8.0,
  "motionCommandSchedule": [
    {
      "atStep": 0,
      "atSeconds": 0.0,
      "command": [
        0.25,
        0.0,
        0.0
      ]
    }
  ],
  "transitionCount": 0,
  "transitions": [],
  "maximumTransitionTerminalPlanarTrackingError": 0.0,
  "maximumTransitionTerminalYawRateTrackingError": 0.0,
  "maximumPlanarSettlingTimeSeconds": 0.0,
  "maximumPlanarBrakingSettlingTimeSeconds": 0.0,
  "maximumYawRateSettlingTimeSeconds": 0.0,
  "maximumPlanarOvershootMps": 0.0,
  "maximumYawRateOvershootRadPerSec": 0.0,
  "unsettledPlanarTransitionCount": 0,
  "unsettledYawRateTransitionCount": 0,
  "initialBasePosition": [
    0.0,
    0.0,
    0.44
  ],
  "finalBasePosition": [
    0.8255944883372756,
    0.19614244692782393,
    0.23831625504774745
  ],
  "netDisplacement": [
    0.8255944883372756,
    0.19614244692782393,
    -0.20168374495225255
  ],
  "targetPlanarDisplacement": [
    1.25,
    0.0
  ],
  "forwardDisplacement": 0.8255944883372756,
  "targetDistance": 1.25,
  "forwardProgress": 0.6604755906698204,
  "signedForwardProgress": 0.6604755906698204,
  "backwardDisplacement": 0.0,
  "meanForwardVelocity": 0.16511889766746596,
  "lateralDrift": 0.19614244692782393,
  "distanceTraveled": 1.4013209561593503
}
