{
  "terms": {
    "survival": 25.0,
    "velocityTracking": 13.259671904211546,
    "forwardProgress": 33.02377953349102,
    "upright": 8.138467953850874,
    "lateralDrift": -1.9614244692782392,
    "transitionTracking": 0.0,
    "energy": -6.283133182265094,
    "smoothness": -0.16808981584002675,
    "componentMass": -1.5075,
    "sensorChannels": -5.3500000000000005,
    "trainingSteps": -0.0
  },
  "total": 64.15177192417008
}
