{
  "durationSeconds": 1.5800000000000012,
  "steps": 79,
  "survivalRate": 0.312,
  "fell": true,
  "motionCommand": [
    0.25,
    0.0,
    0.0
  ],
  "meanMotionCommand": [
    0.25,
    0.0,
    0.0
  ],
  "meanMeasuredMotion": [
    0.35800173233524185,
    8.808313566943437e-15,
    2.01217612140434e-14
  ],
  "planarVelocityTrackingError": 0.10800173233524185,
  "yawRateTrackingError": 2.01217612140434e-14,
  "meanVelocityTrackingError": 0.2968119336534745,
  "meanPlanarVelocityTrackingError": 0.2968119336534745,
  "meanYawRateTrackingError": 6.190946309355372e-14,
  "meanUpright": 0.8459931201524867,
  "meanEnergy": 527.8767485544529,
  "meanSmoothness": 28.97179609609045,
  "peakActuator": 8.0,
  "motionCommandSchedule": [
    {
      "atStep": 0,
      "atSeconds": 0.0,
      "command": [
        0.25,
        0.0,
        0.0
      ]
    }
  ],
  "transitionCount": 0,
  "transitions": [],
  "maximumTransitionTerminalPlanarTrackingError": 0.0,
  "maximumTransitionTerminalYawRateTrackingError": 0.0,
  "maximumPlanarSettlingTimeSeconds": 0.0,
  "maximumPlanarBrakingSettlingTimeSeconds": 0.0,
  "maximumYawRateSettlingTimeSeconds": 0.0,
  "maximumPlanarOvershootMps": 0.0,
  "maximumYawRateOvershootRadPerSec": 0.0,
  "unsettledPlanarTransitionCount": 0,
  "unsettledYawRateTransitionCount": 0,
  "initialBasePosition": [
    0.0,
    0.0,
    0.44
  ],
  "finalBasePosition": [
    0.5587684961851191,
    1.2264827222556611e-14,
    0.18667697804705108
  ],
  "netDisplacement": [
    0.5587684961851191,
    1.2264827222556611e-14,
    -0.2533230219529489
  ],
  "targetPlanarDisplacement": [
    1.25,
    0.0
  ],
  "forwardDisplacement": 0.5587684961851191,
  "targetDistance": 1.25,
  "forwardProgress": 0.4470147969480953,
  "signedForwardProgress": 0.4470147969480953,
  "backwardDisplacement": 0.0,
  "meanForwardVelocity": 0.3536509469526068,
  "lateralDrift": 1.2264827222556611e-14,
  "distanceTraveled": 0.5874678940302791
}
