{
  "terms": {
    "survival": 7.8,
    "velocityTracking": 11.566827548957612,
    "forwardProgress": 17.880591877923813,
    "upright": 12.6898968022873,
    "lateralDrift": -1.226482722255661e-13,
    "transitionTracking": 0.0,
    "energy": -5.278767485544529,
    "smoothness": -0.14485898048045226,
    "componentMass": -1.5075,
    "sensorChannels": -5.3500000000000005,
    "trainingSteps": -0.0
  },
  "total": 37.65618976314362
}
