{
  "durationSeconds": 5.999999999999561,
  "steps": 300,
  "survivalRate": 1.0,
  "fell": false,
  "motionCommand": [
    0.125,
    0.0,
    0.0
  ],
  "meanMotionCommand": [
    0.125,
    0.0,
    0.0
  ],
  "meanMeasuredMotion": [
    0.042907572308098794,
    0.01350542705346834,
    -0.016002079967115574
  ],
  "planarVelocityTrackingError": 0.08319593285880375,
  "yawRateTrackingError": 0.016002079967115574,
  "meanVelocityTrackingError": 0.47019193435834455,
  "meanPlanarVelocityTrackingError": 0.34289549713647377,
  "meanYawRateTrackingError": 0.1819948245535888,
  "meanUpright": 0.4546241785034784,
  "meanEnergy": 647.7800484258709,
  "meanSmoothness": 29.707253907324404,
  "peakActuator": 8.0,
  "motionCommandSchedule": [
    {
      "atStep": 0,
      "atSeconds": 0.0,
      "command": [
        0.0,
        0.0,
        0.0
      ]
    },
    {
      "atStep": 50,
      "atSeconds": 1.0,
      "command": [
        0.25,
        0.0,
        0.0
      ]
    },
    {
      "atStep": 200,
      "atSeconds": 4.0,
      "command": [
        0.0,
        0.0,
        0.0
      ]
    }
  ],
  "transitionCount": 2,
  "transitions": [
    {
      "index": 1,
      "atStep": 50,
      "atSeconds": 1.0,
      "endStep": 200,
      "fromCommand": [
        0.0,
        0.0,
        0.0
      ],
      "toCommand": [
        0.25,
        0.0,
        0.0
      ],
      "sampleCount": 150,
      "peakPlanarTrackingError": 0.7641642422668914,
      "peakYawRateTrackingError": 0.30412616412283355,
      "terminalMeasuredMotion": [
        -0.0939000166784884,
        -0.021953755842438444,
        -0.03167288622719691
      ],
      "terminalPlanarTrackingError": 0.34460004188486976,
      "terminalYawRateTrackingError": 0.03167288622719691,
      "planarOvershootMps": 0.3198289682984753,
      "yawRateOvershootRadPerSec": 0.0,
      "planarSettlingTimeSeconds": 3.0,
      "yawRateSettlingTimeSeconds": 0.2,
      "planarSettled": false,
      "yawRateSettled": true
    },
    {
      "index": 2,
      "atStep": 200,
      "atSeconds": 4.0,
      "endStep": 300,
      "fromCommand": [
        0.25,
        0.0,
        0.0
      ],
      "toCommand": [
        0.0,
        0.0,
        0.0
      ],
      "sampleCount": 100,
      "peakPlanarTrackingError": 0.7786210600089859,
      "peakYawRateTrackingError": 2.7290226510249322,
      "terminalMeasuredMotion": [
        -0.055050308749849564,
        -0.09224440517489055,
        0.09610847933559208
      ],
      "terminalPlanarTrackingError": 0.10742237559988672,
      "terminalYawRateTrackingError": 0.09610847933559208,
      "planarOvershootMps": 0.6691487967307983,
      "yawRateOvershootRadPerSec": 0.0,
      "planarSettlingTimeSeconds": 1.82,
      "yawRateSettlingTimeSeconds": 1.96,
      "planarSettled": true,
      "yawRateSettled": true
    }
  ],
  "maximumTransitionTerminalPlanarTrackingError": 0.34460004188486976,
  "maximumTransitionTerminalYawRateTrackingError": 0.09610847933559208,
  "maximumPlanarSettlingTimeSeconds": 3.0,
  "maximumYawRateSettlingTimeSeconds": 1.96,
  "maximumPlanarOvershootMps": 0.6691487967307983,
  "maximumYawRateOvershootRadPerSec": 0.0,
  "unsettledPlanarTransitionCount": 1,
  "unsettledYawRateTransitionCount": 0,
  "initialBasePosition": [
    0.0,
    0.0,
    0.44
  ],
  "finalBasePosition": [
    0.2659219481944476,
    0.07992965862258027,
    0.2647126832772965
  ],
  "netDisplacement": [
    0.2659219481944476,
    0.07992965862258027,
    -0.17528731672270348
  ],
  "targetPlanarDisplacement": [
    0.75,
    0.0
  ],
  "forwardDisplacement": 0.2659219481944476,
  "targetDistance": 0.75,
  "forwardProgress": 0.3545625975925968,
  "meanForwardVelocity": 0.04432032469907784,
  "lateralDrift": 0.07992965862258027,
  "distanceTraveled": 1.7063257790536468
}
