{
  "terms": {
    "survival": 30.0,
    "velocityTracking": 13.603665978979043,
    "forwardProgress": 3.545625975925968,
    "upright": 6.819362677552176,
    "lateralDrift": -0.39964829311290134,
    "transitionTracking": 4.24336710782355,
    "energy": -3.2389002421293545,
    "smoothness": -0.029707253907324406,
    "componentMass": -1.2060000000000002,
    "sensorChannels": -1.07,
    "trainingSteps": -0.0
  },
  "total": 52.26776595113115
}
