{
  "durationSeconds": 3.999999999999781,
  "steps": 200,
  "survivalRate": 1.0,
  "fell": false,
  "motionCommand": [
    0.20000000000000015,
    0.0,
    0.0
  ],
  "meanMotionCommand": [
    0.20000000000000015,
    0.0,
    0.0
  ],
  "meanMeasuredMotion": [
    -0.11059280094328969,
    -0.02967349977713382,
    -0.10541784653433851
  ],
  "planarVelocityTrackingError": 0.31200705855288213,
  "yawRateTrackingError": 0.10541784653433851,
  "meanVelocityTrackingError": 0.41043979778796336,
  "meanPlanarVelocityTrackingError": 0.3397845417041433,
  "meanYawRateTrackingError": 0.13944660278590576,
  "meanUpright": 0.8570934543019103,
  "meanAbsolutePitchRad": 0.2672151746905867,
  "minimumPitchRad": -0.7838891152228401,
  "maximumPitchRad": -0.0007570668482451103,
  "maximumBackwardPitchRad": 0.7838891152228401,
  "maximumAbsolutePitchRad": 0.7838891152228401,
  "maximumAbsolutePitchRateRadPerSec": 1.4001314107427687,
  "meanBodyTiltRad": 0.29054043332574414,
  "maximumBodyTiltRad": 0.8133986950195048,
  "meanEnergy": 13.651262405356915,
  "meanSmoothness": 0.35831717065247587,
  "peakActuator": 6.0,
  "motionQualityFootEvidenceAvailable": true,
  "motionQualityContactThresholdNewton": 1.0,
  "meanJointJerkRadPerSec3": 287.2364855074722,
  "peakJointJerkRadPerSec3": 12230.458833066341,
  "meanBodyAngularJerkRadPerSec3": 77.5164002981954,
  "peakBodyAngularJerkRadPerSec3": 3458.584118906346,
  "meanActionSlewRatePerSec": 8.600185213998843,
  "peakActionSlewRatePerSec": 440.49377889193744,
  "actuatorSaturationRate": 0.035,
  "meanFootSlipSpeedMps": 0.04788758483874441,
  "peakFootSlipSpeedMps": 0.35787089586685744,
  "totalFootSlipDistanceM": 0.4616363178454966,
  "meanFootContactImpactNPerSec": 50.182666686081745,
  "peakFootContactImpactNPerSec": 8773.781470281781,
  "peakFootContactForceNewton": 175.47562940563563,
  "motionCommandSchedule": [
    {
      "atStep": 0,
      "atSeconds": 0.0,
      "command": [
        0.2,
        0.0,
        0.0
      ]
    }
  ],
  "transitionCount": 0,
  "transitions": [],
  "maximumTransitionTerminalPlanarTrackingError": 0.0,
  "maximumTransitionTerminalYawRateTrackingError": 0.0,
  "maximumPlanarSettlingTimeSeconds": 0.0,
  "maximumPlanarBrakingSettlingTimeSeconds": 0.0,
  "maximumYawRateSettlingTimeSeconds": 0.0,
  "maximumPlanarOvershootMps": 0.0,
  "maximumYawRateOvershootRadPerSec": 0.0,
  "unsettledPlanarTransitionCount": 0,
  "unsettledYawRateTransitionCount": 0,
  "initialBasePosition": [
    0.0,
    0.0,
    0.38
  ],
  "finalBasePosition": [
    -0.44490103602711145,
    -0.11910062886320741,
    0.283638078875213
  ],
  "netDisplacement": [
    -0.44490103602711145,
    -0.11910062886320741,
    -0.09636192112478703
  ],
  "targetPlanarDisplacement": [
    0.8,
    0.0
  ],
  "forwardDisplacement": -0.44490103602711145,
  "targetDistance": 0.8,
  "forwardProgress": 0.0,
  "signedForwardProgress": -0.5561262950338893,
  "backwardDisplacement": 0.44490103602711145,
  "meanForwardVelocity": -0.11122525900678396,
  "lateralDrift": 0.11910062886320741,
  "distanceTraveled": 0.8114803188135654
}
