{
  "durationSeconds": 6.499999999999506,
  "steps": 325,
  "survivalRate": 1.0,
  "fell": false,
  "motionCommand": [
    0.0,
    0.009230769230769237,
    0.0
  ],
  "meanMotionCommand": [
    0.0,
    0.009230769230769237,
    0.0
  ],
  "meanMeasuredMotion": [
    -0.053566380221348936,
    0.010617289611960607,
    -0.026798490289272118
  ],
  "planarVelocityTrackingError": 0.05358432166954791,
  "yawRateTrackingError": 0.026798490289272118,
  "meanVelocityTrackingError": 0.19144820679381208,
  "meanPlanarVelocityTrackingError": 0.1162678882033219,
  "meanYawRateTrackingError": 0.1334267656570163,
  "meanUpright": 0.9433845198360006,
  "meanEnergy": 196.35139696300112,
  "meanSmoothness": 139.5705349019998,
  "peakActuator": 8.0,
  "motionCommandSchedule": [
    {
      "atStep": 0,
      "atSeconds": 0.0,
      "command": [
        0.0,
        0.12,
        0.0
      ]
    },
    {
      "atStep": 125,
      "atSeconds": 2.5,
      "command": [
        0.0,
        -0.12,
        0.0
      ]
    },
    {
      "atStep": 225,
      "atSeconds": 4.5,
      "command": [
        0.0,
        0.0,
        0.0
      ]
    }
  ],
  "transitionCount": 2,
  "transitions": [
    {
      "index": 1,
      "atStep": 125,
      "atSeconds": 2.5,
      "endStep": 225,
      "fromCommand": [
        0.0,
        0.12,
        0.0
      ],
      "toCommand": [
        0.0,
        -0.12,
        0.0
      ],
      "sampleCount": 100,
      "peakPlanarTrackingError": 0.22269597284927928,
      "peakYawRateTrackingError": 0.7690992889410769,
      "terminalMeasuredMotion": [
        -0.016238693292319067,
        -0.00024966053758313406,
        0.017930039630580385
      ],
      "terminalPlanarTrackingError": 0.12084634442632546,
      "terminalYawRateTrackingError": 0.017930039630580385,
      "planarOvershootMps": 0.02853739188120738,
      "yawRateOvershootRadPerSec": 0.0,
      "planarSettlingTimeSeconds": 2.0,
      "yawRateSettlingTimeSeconds": 1.8,
      "planarSettled": false,
      "yawRateSettled": true
    },
    {
      "index": 2,
      "atStep": 225,
      "atSeconds": 4.5,
      "endStep": 325,
      "fromCommand": [
        0.0,
        -0.12,
        0.0
      ],
      "toCommand": [
        0.0,
        0.0,
        0.0
      ],
      "sampleCount": 100,
      "peakPlanarTrackingError": 0.21227175713408464,
      "peakYawRateTrackingError": 0.3047645504955751,
      "terminalMeasuredMotion": [
        -0.0721863280158105,
        0.02614444818040195,
        0.043615558813368954
      ],
      "terminalPlanarTrackingError": 0.07677498370604784,
      "terminalYawRateTrackingError": 0.043615558813368954,
      "planarOvershootMps": 0.06915121298552007,
      "yawRateOvershootRadPerSec": 0.0,
      "planarSettlingTimeSeconds": 0.86,
      "yawRateSettlingTimeSeconds": 0.2,
      "planarSettled": true,
      "yawRateSettled": true
    }
  ],
  "maximumTransitionTerminalPlanarTrackingError": 0.12084634442632546,
  "maximumTransitionTerminalYawRateTrackingError": 0.043615558813368954,
  "maximumPlanarSettlingTimeSeconds": 2.0,
  "maximumYawRateSettlingTimeSeconds": 1.8,
  "maximumPlanarOvershootMps": 0.06915121298552007,
  "maximumYawRateOvershootRadPerSec": 0.0,
  "unsettledPlanarTransitionCount": 1,
  "unsettledYawRateTransitionCount": 0,
  "initialBasePosition": [
    0.0,
    0.0,
    0.44
  ],
  "finalBasePosition": [
    -0.3374692374457506,
    0.06596280756991585,
    0.4206792887835169
  ],
  "netDisplacement": [
    -0.3374692374457506,
    0.06596280756991585,
    -0.0193207112164831
  ],
  "targetPlanarDisplacement": [
    0.0,
    0.06
  ],
  "forwardDisplacement": 0.06596280756991585,
  "targetDistance": 0.06,
  "forwardProgress": 1.0,
  "meanForwardVelocity": 0.010148124241526287,
  "lateralDrift": 0.3374692374457506,
  "distanceTraveled": 0.5228451431245025
}
