{
  "terms": {
    "survival": 30.0,
    "velocityTracking": 16.786294096509668,
    "forwardProgress": 10.0,
    "upright": 14.15076779754001,
    "lateralDrift": -1.687346187228753,
    "transitionTracking": 5.959933611762652,
    "energy": -0.9817569848150056,
    "smoothness": -0.1395705349019998,
    "componentMass": -1.2060000000000002,
    "sensorChannels": -1.07,
    "trainingSteps": -0.0
  },
  "total": 71.81232179886656
}
