{
  "durationSeconds": 7.999999999999341,
  "steps": 400,
  "survivalRate": 1.0,
  "fell": false,
  "motionCommand": [
    0.0,
    0.007500000000000004,
    0.0
  ],
  "meanMotionCommand": [
    0.0,
    0.007500000000000004,
    0.0
  ],
  "meanMeasuredMotion": [
    0.11277633898733765,
    0.1319019476621019,
    -0.015540014589343456
  ],
  "planarVelocityTrackingError": 0.16791172447899888,
  "yawRateTrackingError": 0.015540014589343456,
  "meanVelocityTrackingError": 0.8244930077895267,
  "meanPlanarVelocityTrackingError": 0.36959569850628443,
  "meanYawRateTrackingError": 0.6763532085898089,
  "meanUpright": 0.8211695850097555,
  "meanEnergy": 513.0639470153944,
  "meanSmoothness": 40.302546454375296,
  "peakActuator": 8.0,
  "motionCommandSchedule": [
    {
      "atStep": 0,
      "atSeconds": 0.0,
      "command": [
        0.0,
        0.12,
        0.0
      ]
    },
    {
      "atStep": 125,
      "atSeconds": 2.5,
      "command": [
        0.0,
        -0.12,
        0.0
      ]
    },
    {
      "atStep": 225,
      "atSeconds": 4.5,
      "command": [
        0.0,
        0.0,
        0.0
      ]
    }
  ],
  "transitionCount": 2,
  "transitions": [
    {
      "index": 1,
      "atStep": 125,
      "atSeconds": 2.5,
      "endStep": 225,
      "fromCommand": [
        0.0,
        0.12,
        0.0
      ],
      "toCommand": [
        0.0,
        -0.12,
        0.0
      ],
      "sampleCount": 100,
      "peakPlanarTrackingError": 0.5688246129170186,
      "peakYawRateTrackingError": 1.7358746691904687,
      "terminalMeasuredMotion": [
        0.4199330221005832,
        -0.2493755676558907,
        0.3820227211866129
      ],
      "terminalPlanarTrackingError": 0.4394107196653409,
      "terminalYawRateTrackingError": 0.3820227211866129,
      "planarOvershootMps": 0.4052092642473253,
      "yawRateOvershootRadPerSec": 0.0,
      "planarSettlingTimeSeconds": 2.0,
      "yawRateSettlingTimeSeconds": 2.0,
      "planarSettled": false,
      "yawRateSettled": false
    },
    {
      "index": 2,
      "atStep": 225,
      "atSeconds": 4.5,
      "endStep": 400,
      "fromCommand": [
        0.0,
        -0.12,
        0.0
      ],
      "toCommand": [
        0.0,
        0.0,
        0.0
      ],
      "sampleCount": 175,
      "peakPlanarTrackingError": 1.153708082030649,
      "peakYawRateTrackingError": 2.4909032196457654,
      "terminalMeasuredMotion": [
        -0.0036069983482535906,
        0.13878168174282932,
        -0.04128105115729135
      ],
      "terminalPlanarTrackingError": 0.1388285475846098,
      "terminalYawRateTrackingError": 0.04128105115729135,
      "planarOvershootMps": 0.6533781709503804,
      "yawRateOvershootRadPerSec": 0.0,
      "planarSettlingTimeSeconds": 3.5,
      "yawRateSettlingTimeSeconds": 3.32,
      "planarSettled": false,
      "yawRateSettled": true
    }
  ],
  "maximumTransitionTerminalPlanarTrackingError": 0.4394107196653409,
  "maximumTransitionTerminalYawRateTrackingError": 0.3820227211866129,
  "maximumPlanarSettlingTimeSeconds": 3.5,
  "maximumYawRateSettlingTimeSeconds": 3.32,
  "maximumPlanarOvershootMps": 0.6533781709503804,
  "maximumYawRateOvershootRadPerSec": 0.0,
  "unsettledPlanarTransitionCount": 2,
  "unsettledYawRateTransitionCount": 1,
  "initialBasePosition": [
    0.0,
    0.0,
    0.44
  ],
  "finalBasePosition": [
    0.902250530317109,
    1.0553254401329468,
    0.2153527820265024
  ],
  "netDisplacement": [
    0.902250530317109,
    1.0553254401329468,
    -0.2246472179734976
  ],
  "targetPlanarDisplacement": [
    0.0,
    0.06
  ],
  "forwardDisplacement": 1.0553254401329468,
  "targetDistance": 0.06,
  "forwardProgress": 1.0,
  "meanForwardVelocity": 0.13191568001662923,
  "lateralDrift": 0.902250530317109,
  "distanceTraveled": 3.0613147834078838
}
