{
  "terms": {
    "survival": 30.0,
    "velocityTracking": 10.961949382437533,
    "forwardProgress": 10.0,
    "upright": 12.317543775146332,
    "lateralDrift": -4.511252651585545,
    "transitionTracking": 3.2276071052270385,
    "energy": -2.5653197350769723,
    "smoothness": -0.040302546454375296,
    "componentMass": -1.2060000000000002,
    "sensorChannels": -1.07,
    "trainingSteps": -0.0
  },
  "total": 57.11422532969401
}
