{
  "durationSeconds": 18.000000000000902,
  "steps": 900,
  "survivalRate": 1.0,
  "fell": false,
  "motionCommand": [
    0.13111111111111284,
    0.02499999999999996,
    0.041666666666666664
  ],
  "meanMotionCommand": [
    0.13111111111111284,
    0.02499999999999996,
    0.041666666666666664
  ],
  "meanMeasuredMotion": [
    0.0392737558205526,
    0.007572845284930843,
    -0.009726685084916527
  ],
  "planarVelocityTrackingError": 0.0934762298567264,
  "yawRateTrackingError": 0.05139335175158319,
  "meanVelocityTrackingError": 0.3265077362687849,
  "meanPlanarVelocityTrackingError": 0.20974640092079655,
  "meanYawRateTrackingError": 0.190692282123466,
  "meanUpright": 0.8970254713969104,
  "meanAbsolutePitchRad": 0.20065170427435305,
  "minimumPitchRad": -0.5886038247293973,
  "maximumPitchRad": 1.0411296058614832,
  "maximumBackwardPitchRad": 0.5886038247293973,
  "maximumAbsolutePitchRad": 1.0411296058614832,
  "maximumAbsolutePitchRateRadPerSec": 5.831251617505867,
  "meanBodyTiltRad": 0.20944436902563135,
  "maximumBodyTiltRad": 1.0411296064250561,
  "initialBodyTiltRad": 0.0,
  "minimumBodyTiltRad": 0.0,
  "finalBodyTiltRad": 0.09585279222499493,
  "finalBaseHeightM": 0.4229837326704029,
  "selfRightingTask": true,
  "recoveryTriggered": true,
  "selfRightingSuccess": 1.0,
  "timeToStableStandSeconds": 5.4399999999993875,
  "stableStandingDwellSeconds": 1.94,
  "finalStableStandingDwellSeconds": 0.0,
  "minimumJointLimitMarginRad": 0.031152587625839834,
  "disallowedCollisionSteps": 1,
  "meanEnergy": 163.59263444427165,
  "meanSmoothness": 110.07457368505116,
  "peakActuator": 8.0,
  "motionQualityFootEvidenceAvailable": true,
  "motionQualityContactThresholdNewton": 1.0,
  "meanJointJerkRadPerSec3": 18585.08878678417,
  "peakJointJerkRadPerSec3": 50599.562270379305,
  "meanBodyAngularJerkRadPerSec3": 2251.5254692803646,
  "peakBodyAngularJerkRadPerSec3": 21911.390059991623,
  "meanActionSlewRatePerSec": 404.7863480305857,
  "peakActionSlewRatePerSec": 800.0,
  "actuatorSaturationRate": 0.3349074074074074,
  "meanFootSlipSpeedMps": 0.04288738137642783,
  "peakFootSlipSpeedMps": 0.7193542428728887,
  "totalFootSlipDistanceM": 1.3929821471063772,
  "meanFootContactImpactNPerSec": 516.8954706410294,
  "peakFootContactImpactNPerSec": 11335.098930809449,
  "peakFootContactForceNewton": 226.70197861618897,
  "motionCommandSchedule": [
    {
      "atStep": 0,
      "atSeconds": 0.0,
      "command": [
        0.2,
        0.0,
        0.0
      ]
    },
    {
      "atStep": 400,
      "atSeconds": 8.0,
      "command": [
        0.2,
        0.0,
        0.0
      ]
    },
    {
      "atStep": 500,
      "atSeconds": 10.0,
      "command": [
        0.12,
        0.0,
        0.25
      ]
    },
    {
      "atStep": 650,
      "atSeconds": 13.0,
      "command": [
        0.0,
        0.15,
        0.0
      ]
    },
    {
      "atStep": 800,
      "atSeconds": 16.0,
      "command": [
        0.0,
        0.0,
        0.0
      ]
    }
  ],
  "transitionCount": 4,
  "transitions": [
    {
      "index": 1,
      "atStep": 400,
      "atSeconds": 8.0,
      "endStep": 500,
      "fromCommand": [
        0.2,
        0.0,
        0.0
      ],
      "toCommand": [
        0.2,
        0.0,
        0.0
      ],
      "sampleCount": 100,
      "peakPlanarTrackingError": 0.8192093788944164,
      "peakYawRateTrackingError": 0.34868970444130815,
      "terminalMeasuredMotion": [
        -0.015469297635556403,
        0.003613534871289121,
        0.028051334618423712
      ],
      "terminalPlanarTrackingError": 0.21549959595745422,
      "terminalYawRateTrackingError": 0.028051334618423712,
      "planarOvershootMps": 0.0,
      "yawRateOvershootRadPerSec": 0.0,
      "planarSettlingTimeSeconds": 2.0,
      "yawRateSettlingTimeSeconds": 0.2,
      "planarSettled": false,
      "yawRateSettled": true,
      "planarBraking": false
    },
    {
      "index": 2,
      "atStep": 500,
      "atSeconds": 10.0,
      "endStep": 650,
      "fromCommand": [
        0.2,
        0.0,
        0.0
      ],
      "toCommand": [
        0.12,
        0.0,
        0.25
      ],
      "sampleCount": 150,
      "peakPlanarTrackingError": 0.23766800370921323,
      "peakYawRateTrackingError": 0.6848472938035811,
      "terminalMeasuredMotion": [
        0.0038514474215570554,
        0.008538805500141123,
        0.053959664324403356
      ],
      "terminalPlanarTrackingError": 0.11646200009203243,
      "terminalYawRateTrackingError": 0.19604033567559664,
      "planarOvershootMps": 0.23461989388649823,
      "yawRateOvershootRadPerSec": 0.661414619140988,
      "planarSettlingTimeSeconds": 3.0,
      "yawRateSettlingTimeSeconds": 2.96,
      "planarSettled": true,
      "yawRateSettled": true,
      "planarBraking": false
    },
    {
      "index": 3,
      "atStep": 650,
      "atSeconds": 13.0,
      "endStep": 800,
      "fromCommand": [
        0.12,
        0.0,
        0.25
      ],
      "toCommand": [
        0.0,
        0.15,
        0.0
      ],
      "sampleCount": 150,
      "peakPlanarTrackingError": 0.18171303009960907,
      "peakYawRateTrackingError": 0.5633607747305379,
      "terminalMeasuredMotion": [
        -0.04145161776738326,
        0.05545685641818006,
        -0.2597590112424532
      ],
      "terminalPlanarTrackingError": 0.10323101575527514,
      "terminalYawRateTrackingError": 0.2597590112424532,
      "planarOvershootMps": 0.05426602423469226,
      "yawRateOvershootRadPerSec": 0.5633607747305379,
      "planarSettlingTimeSeconds": 2.76,
      "yawRateSettlingTimeSeconds": 3.0,
      "planarSettled": true,
      "yawRateSettled": false,
      "planarBraking": false
    },
    {
      "index": 4,
      "atStep": 800,
      "atSeconds": 16.0,
      "endStep": 900,
      "fromCommand": [
        0.0,
        0.15,
        0.0
      ],
      "toCommand": [
        0.0,
        0.0,
        0.0
      ],
      "sampleCount": 100,
      "peakPlanarTrackingError": 0.10159727617774819,
      "peakYawRateTrackingError": 0.4685689749110835,
      "terminalMeasuredMotion": [
        -0.034579368470977076,
        -0.0021140613730109706,
        0.0023072334134220966
      ],
      "terminalPlanarTrackingError": 0.03464393134937865,
      "terminalYawRateTrackingError": 0.0023072334134220966,
      "planarOvershootMps": 0.06940307845087541,
      "yawRateOvershootRadPerSec": 0.0,
      "planarSettlingTimeSeconds": 0.2,
      "yawRateSettlingTimeSeconds": 0.2,
      "planarSettled": true,
      "yawRateSettled": true,
      "planarBraking": true
    }
  ],
  "maximumTransitionTerminalPlanarTrackingError": 0.21549959595745422,
  "maximumTransitionTerminalYawRateTrackingError": 0.2597590112424532,
  "maximumPlanarSettlingTimeSeconds": 3.0,
  "maximumPlanarBrakingSettlingTimeSeconds": 0.2,
  "maximumYawRateSettlingTimeSeconds": 3.0,
  "maximumPlanarOvershootMps": 0.23461989388649823,
  "maximumYawRateOvershootRadPerSec": 0.661414619140988,
  "unsettledPlanarTransitionCount": 1,
  "unsettledYawRateTransitionCount": 1,
  "initialBasePosition": [
    0.9076498556168763,
    0.04770971871486673,
    0.42154584328575484
  ],
  "finalBasePosition": [
    0.7043092114727104,
    0.13940597312021538,
    0.4229837326704029
  ],
  "netDisplacement": [
    -0.20334064414416586,
    0.09169625440534865,
    0.0014378893846480612
  ],
  "targetPlanarDisplacement": [
    0.76,
    0.44999999999999996
  ],
  "forwardDisplacement": -0.12825111121647245,
  "targetDistance": 0.8832326986700617,
  "forwardProgress": 0.0,
  "signedForwardProgress": -0.1452064800245599,
  "backwardDisplacement": 0.12825111121647245,
  "meanForwardVelocity": -0.012825111121646087,
  "lateralDrift": 0.1825028030049805,
  "distanceTraveled": 2.8469797878765615,
  "episodeInitialBasePosition": [
    0.0,
    0.0,
    0.44
  ],
  "mobilityMeasurementStartedAtSeconds": 8.0,
  "recoveryEvaluationStartedAtSeconds": 2.7,
  "missionStageDurationsSeconds": {
    "approach": 2.48,