{
  "terms": {
    "survival": 10.0,
    "velocityTracking": 4.523154924732564,
    "forwardProgress": 0.0,
    "upright": 1.7940509427938207,
    "lateralDrift": -0.365005606009961,
    "transitionTracking": 0.23891171546334206,
    "energy": -0.3271852688885433,
    "smoothness": -0.11007457368505116,
    "jointJerk": 0.0,
    "bodyAngularJerk": 0.0,
    "actionSlew": 0.0,
    "actuatorSaturation": -0.1674537037037037,
    "footSlip": 0.0,
    "footImpact": 0.0,
    "selfRighting": 100.0,
    "recoveryTime": -10.879999999998775,
    "jointLimitMargin": 0.06230517525167967,
    "componentMass": -3.015,
    "sensorChannels": -2.14,
    "trainingSteps": -0.32768
  },
  "total": 99.28602360595538
}
