{
  "terms": {
    "survival": 17.759999999999998,
    "velocityTracking": 12.87981433607787,
    "forwardProgress": 0.0,
    "upright": 12.354494264248249,
    "lateralDrift": -4.211425139537927,
    "energy": -2.502624265906743,
    "smoothness": -0.03890923716460758,
    "componentMass": -1.2060000000000002,
    "sensorChannels": -1.07,
    "trainingSteps": -0.0
  },
  "total": 33.96534995771684
}
