{
  "terms": {
    "survival": 30.0,
    "velocityTracking": 12.5267345075782,
    "forwardProgress": 9.11946725656261,
    "upright": 7.410814855257455,
    "lateralDrift": -0.8641281097574389,
    "transitionTracking": 3.4734250891020397,
    "energy": -3.1928347197862585,
    "smoothness": -0.029890783610443335,
    "componentMass": -1.2060000000000002,
    "sensorChannels": -1.07,
    "trainingSteps": -0.0
  },
  "total": 56.16758809534616
}
