{
  "durationSeconds": 6.499999999999506,
  "steps": 325,
  "survivalRate": 1.0,
  "fell": false,
  "motionCommand": [
    0.030769230769230813,
    0.0,
    0.0
  ],
  "meanMotionCommand": [
    0.030769230769230813,
    0.0,
    0.0
  ],
  "meanMeasuredMotion": [
    0.036184933813134056,
    0.04754523964540791,
    0.020406135715864745
  ],
  "planarVelocityTrackingError": 0.0478526869924669,
  "yawRateTrackingError": 0.020406135715864745,
  "meanVelocityTrackingError": 0.6140302857242019,
  "meanPlanarVelocityTrackingError": 0.27100986242813957,
  "meanYawRateTrackingError": 0.4472173505324636,
  "meanUpright": 0.63753400794957,
  "meanEnergy": 618.266042398843,
  "meanSmoothness": 31.416562141366757,
  "peakActuator": 8.0,
  "motionCommandSchedule": [
    {
      "atStep": 0,
      "atSeconds": 0.0,
      "command": [
        0.2,
        0.0,
        0.0
      ]
    },
    {
      "atStep": 125,
      "atSeconds": 2.5,
      "command": [
        -0.15,
        0.0,
        0.0
      ]
    },
    {
      "atStep": 225,
      "atSeconds": 4.5,
      "command": [
        0.0,
        0.0,
        0.0
      ]
    }
  ],
  "transitionCount": 2,
  "transitions": [
    {
      "index": 1,
      "atStep": 125,
      "atSeconds": 2.5,
      "endStep": 225,
      "fromCommand": [
        0.2,
        0.0,
        0.0
      ],
      "toCommand": [
        -0.15,
        0.0,
        0.0
      ],
      "sampleCount": 100,
      "peakPlanarTrackingError": 0.4956750298439243,
      "peakYawRateTrackingError": 2.777822949830768,
      "terminalMeasuredMotion": [
        -0.08062659962544513,
        0.09058077586181654,
        -0.2817237979608417
      ],
      "terminalPlanarTrackingError": 0.11409445926624541,
      "terminalYawRateTrackingError": 0.2817237979608417,
      "planarOvershootMps": 0.315137072063029,
      "yawRateOvershootRadPerSec": 0.0,
      "planarSettlingTimeSeconds": 1.98,
      "yawRateSettlingTimeSeconds": 2.0,
      "planarSettled": true,
      "yawRateSettled": false,
      "planarBraking": false
    },
    {
      "index": 2,
      "atStep": 225,
      "atSeconds": 4.5,
      "endStep": 325,
      "fromCommand": [
        -0.15,
        0.0,
        0.0
      ],
      "toCommand": [
        0.0,
        0.0,
        0.0
      ],
      "sampleCount": 100,
      "peakPlanarTrackingError": 0.6202988731312641,
      "peakYawRateTrackingError": 2.013465758184836,
      "terminalMeasuredMotion": [
        0.0603990666801143,
        0.1650812995527914,
        -0.10737692594030639
      ],
      "terminalPlanarTrackingError": 0.1757836247147821,
      "terminalYawRateTrackingError": 0.10737692594030639,
      "planarOvershootMps": 0.513576334839049,
      "yawRateOvershootRadPerSec": 0.0,
      "planarSettlingTimeSeconds": 2.0,
      "yawRateSettlingTimeSeconds": 1.98,
      "planarSettled": false,
      "yawRateSettled": true,
      "planarBraking": true
    }
  ],
  "maximumTransitionTerminalPlanarTrackingError": 0.1757836247147821,
  "maximumTransitionTerminalYawRateTrackingError": 0.2817237979608417,
  "maximumPlanarSettlingTimeSeconds": 2.0,
  "maximumPlanarBrakingSettlingTimeSeconds": 2.0,
  "maximumYawRateSettlingTimeSeconds": 2.0,
  "maximumPlanarOvershootMps": 0.513576334839049,
  "maximumYawRateOvershootRadPerSec": 0.0,
  "unsettledPlanarTransitionCount": 1,
  "unsettledYawRateTransitionCount": 1,
  "initialBasePosition": [
    0.0,
    0.0,
    0.44
  ],
  "finalBasePosition": [
    0.2461343764758356,
    0.30978027133975644,
    0.24483396734548166
  ],
  "netDisplacement": [
    0.2461343764758356,
    0.30978027133975644,
    -0.19516603265451835
  ],
  "targetPlanarDisplacement": [
    0.2,
    0.0
  ],
  "forwardDisplacement": 0.2461343764758356,
  "targetDistance": 0.2,
  "forwardProgress": 1.0,
  "signedForwardProgress": 1.230671882379178,
  "backwardDisplacement": 0.0,
  "meanForwardVelocity": 0.037866827150131434,
  "lateralDrift": 0.30978027133975644,
  "distanceTraveled": 1.8274163849155556
}
