{
  "terms": {
    "survival": 30.0,
    "velocityTracking": 12.391341213914192,
    "forwardProgress": 10.0,
    "upright": 9.56301011924355,
    "lateralDrift": -1.5489013566987822,
    "transitionTracking": 5.024213562947375,
    "energy": -3.0913302119942148,
    "smoothness": -0.03141656214136676,
    "componentMass": -1.2060000000000002,
    "sensorChannels": -1.07,
    "trainingSteps": -0.0
  },
  "total": 60.03091676527075
}
