{
  "durationSeconds": 6.499999999999506,
  "steps": 325,
  "survivalRate": 1.0,
  "fell": false,
  "motionCommand": [
    0.0,
    0.0,
    0.038461538461538464
  ],
  "meanMotionCommand": [
    0.0,
    0.0,
    0.038461538461538464
  ],
  "meanMeasuredMotion": [
    0.0010448809246933752,
    0.0215564690397524,
    0.19030959164005154
  ],
  "planarVelocityTrackingError": 0.021581777813901058,
  "yawRateTrackingError": 0.15184805317851308,
  "meanVelocityTrackingError": 0.4736329956690947,
  "meanPlanarVelocityTrackingError": 0.1346494402589304,
  "meanYawRateTrackingError": 0.4326989194074085,
  "meanUpright": 0.9720088716172771,
  "meanEnergy": 190.06008918287446,
  "meanSmoothness": 128.7684559233022,
  "peakActuator": 8.0,
  "motionCommandSchedule": [
    {
      "atStep": 0,
      "atSeconds": 0.0,
      "command": [
        0.0,
        0.0,
        0.5
      ]
    },
    {
      "atStep": 125,
      "atSeconds": 2.5,
      "command": [
        0.0,
        0.0,
        -0.5
      ]
    },
    {
      "atStep": 225,
      "atSeconds": 4.5,
      "command": [
        0.0,
        0.0,
        0.0
      ]
    }
  ],
  "transitionCount": 2,
  "transitions": [
    {
      "index": 1,
      "atStep": 125,
      "atSeconds": 2.5,
      "endStep": 225,
      "fromCommand": [
        0.0,
        0.0,
        0.5
      ],
      "toCommand": [
        0.0,
        0.0,
        -0.5
      ],
      "sampleCount": 100,
      "peakPlanarTrackingError": 0.3552727125985078,
      "peakYawRateTrackingError": 1.4151753293565745,
      "terminalMeasuredMotion": [
        0.025886888149049592,
        0.028936353731838494,
        -0.10002228993311202
      ],
      "terminalPlanarTrackingError": 0.03882581029850488,
      "terminalYawRateTrackingError": 0.399977710066888,
      "planarOvershootMps": 0.0,
      "yawRateOvershootRadPerSec": 0.1661990294414747,
      "planarSettlingTimeSeconds": 1.68,
      "yawRateSettlingTimeSeconds": 2.0,
      "planarSettled": true,
      "yawRateSettled": false
    },
    {
      "index": 2,
      "atStep": 225,
      "atSeconds": 4.5,
      "endStep": 325,
      "fromCommand": [
        0.0,
        0.0,
        -0.5
      ],
      "toCommand": [
        0.0,
        0.0,
        0.0
      ],
      "sampleCount": 100,
      "peakPlanarTrackingError": 0.11653320452142674,
      "peakYawRateTrackingError": 0.6453373941883784,
      "terminalMeasuredMotion": [
        0.009603575923425459,
        0.01636215001116646,
        0.014586675926102915
      ],
      "terminalPlanarTrackingError": 0.0189723120231803,
      "terminalYawRateTrackingError": 0.014586675926102915,
      "planarOvershootMps": 0.0,
      "yawRateOvershootRadPerSec": 0.4093772340336949,
      "planarSettlingTimeSeconds": 0.2,
      "yawRateSettlingTimeSeconds": 0.52,
      "planarSettled": true,
      "yawRateSettled": true
    }
  ],
  "maximumTransitionTerminalPlanarTrackingError": 0.03882581029850488,
  "maximumTransitionTerminalYawRateTrackingError": 0.399977710066888,
  "maximumPlanarSettlingTimeSeconds": 1.68,
  "maximumYawRateSettlingTimeSeconds": 2.0,
  "maximumPlanarOvershootMps": 0.0,
  "maximumYawRateOvershootRadPerSec": 0.4093772340336949,
  "unsettledPlanarTransitionCount": 0,
  "unsettledYawRateTransitionCount": 1,
  "initialBasePosition": [
    0.0,
    0.0,
    0.44
  ],
  "finalBasePosition": [
    0.007328334294405043,
    0.13805261105767816,
    0.4106836793477686
  ],
  "netDisplacement": [
    0.007328334294405043,
    0.13805261105767816,
    -0.029316320652231387
  ],
  "targetPlanarDisplacement": [
    0.0,
    0.0
  ],
  "forwardDisplacement": 0.0,
  "targetDistance": 0.0,
  "forwardProgress": 1.0,
  "meanForwardVelocity": 0.0,
  "lateralDrift": 0.13824698153440138,
  "distanceTraveled": 0.8166601993524946
}
