{
  "count": 4096.0001,
  "mean": [
    0.27710894532916747,
    -0.512574588748688,
    0.27914098721617275,
    -0.5115890915855152,
    0.25897762554957376,
    -0.5590068384720107,
    0.24851775842371174,
    -0.5587675059038686,
    -0.005926002194672807,
    0.06626108923029958,
    -0.009583776297414174,
    0.06544912938743523,
    0.052313141986126896,
    0.01029898528516753,
    0.05754999173896467,
    0.011061851817940487,
    0.4211122320519776,
    0.9902080012828307,
    -0.0008868439946837766,
    -0.07349328375510555,
    0.008967634460267769,
    0.079820401563296,
    0.0046482102758979875,
    -0.004507133169684309,
    -0.003919383293981668,
    -0.10622790527733038,
    0.006653792267715194,
    -0.003885883357564054,
    -0.11259479870228756,
    0.006662293990964639,
    1.4802524452392343,
    -0.03415299518428018,
    10.130581539829775,
    10.730624201066504,
    11.814236183046729,
    19.342469898045113,
    17.871091694764488
  ],
  "variance": [
    0.018935250312317083,
    0.009421514105887345,
    0.018691458584772523,
    0.009648647735858456,
    0.013558961525539233,
    0.010924730484023698,
    0.012527916588580951,
    0.010864399681077417,
    5.928662242661467,
    15.436452445809076,
    5.8243241977381475,
    15.140503809836673,
    3.366181456258312,
    6.493329408450178,
    3.670582312859376,
    7.251629361420164,
    0.0005577734148036925,
    0.0030472905419667157,
    0.0002753548504849334,
    0.009181277653494288,
    0.0015178332829233446,
    0.08025761075132337,
    0.005018288609169971,
    0.012588665995822925,
    0.026633840479769477,
    0.5253841155944718,
    0.02025392058448043,
    0.02623137194841193,
    0.5034483689203505,
    0.020038698791113578,
    17.56818959550739,
    5.284983563497163,
    61.30024976381172,
    270.37783011300615,
    281.79960393198223,
    331.0591214226525,
    329.7502203310109
  ]
}
