{
  "terms": {
    "survival": 30.0,
    "velocityTracking": 9.997072667288888,
    "forwardProgress": 10.0,
    "upright": 14.220910142704804,
    "lateralDrift": -2.597372025271745,
    "transitionTracking": 4.32546746365681,
    "energy": -2.5435467104121297,
    "smoothness": -0.040118613314193335,
    "componentMass": -1.2060000000000002,
    "sensorChannels": -1.07,
    "trainingSteps": -0.0
  },
  "total": 61.086412924652436
}
