{
  "durationSeconds": 4.999999999999671,
  "steps": 250,
  "survivalRate": 1.0,
  "fell": false,
  "motionCommand": [
    0.25,
    0.0,
    0.0
  ],
  "meanMotionCommand": [
    0.25,
    0.0,
    0.0
  ],
  "meanMeasuredMotion": [
    0.06382728727431575,
    0.006204041035274374,
    0.0019631616201151113
  ],
  "planarVelocityTrackingError": 0.18627605613392056,
  "yawRateTrackingError": 0.0019631616201151113,
  "meanVelocityTrackingError": 0.19106658518185515,
  "meanPlanarVelocityTrackingError": 0.18772128530602647,
  "meanYawRateTrackingError": 0.023076967705844408,
  "meanUpright": 0.9348491476894106,
  "meanAbsolutePitchRad": 0.13042324311001338,
  "minimumPitchRad": -0.21878752138934016,
  "maximumPitchRad": -0.013563360712152509,
  "maximumBackwardPitchRad": 0.21878752138934016,
  "maximumAbsolutePitchRad": 0.21878752138934016,
  "maximumAbsolutePitchRateRadPerSec": 2.637113074881708,
  "meanEnergy": 186.31006330121068,
  "meanSmoothness": 128.71652899693183,
  "peakActuator": 8.0,
  "motionCommandSchedule": [
    {
      "atStep": 0,
      "atSeconds": 0.0,
      "command": [
        0.25,
        0.0,
        0.0
      ]
    }
  ],
  "transitionCount": 0,
  "transitions": [],
  "maximumTransitionTerminalPlanarTrackingError": 0.0,
  "maximumTransitionTerminalYawRateTrackingError": 0.0,
  "maximumPlanarSettlingTimeSeconds": 0.0,
  "maximumPlanarBrakingSettlingTimeSeconds": 0.0,
  "maximumYawRateSettlingTimeSeconds": 0.0,
  "maximumPlanarOvershootMps": 0.0,
  "maximumYawRateOvershootRadPerSec": 0.0,
  "unsettledPlanarTransitionCount": 0,
  "unsettledYawRateTransitionCount": 0,
  "initialBasePosition": [
    0.0,
    0.0,
    0.44
  ],
  "finalBasePosition": [
    0.31831322793784733,
    0.03057923013257511,
    0.4179803400273386
  ],
  "netDisplacement": [
    0.31831322793784733,
    0.03057923013257511,
    -0.02201965997266142
  ],
  "targetPlanarDisplacement": [
    1.25,
    0.0
  ],
  "forwardDisplacement": 0.31831322793784733,
  "targetDistance": 1.25,
  "forwardProgress": 0.2546505823502779,
  "signedForwardProgress": 0.2546505823502779,
  "backwardDisplacement": 0.0,
  "meanForwardVelocity": 0.06366264558757365,
  "lateralDrift": 0.03057923013257511,
  "distanceTraveled": 0.4214815502855284
}
