{
  "terms": {
    "survival": 25.0,
    "velocityTracking": 16.791672479793686,
    "forwardProgress": 12.732529117513893,
    "upright": 14.02273721534116,
    "lateralDrift": -0.3057923013257511,
    "transitionTracking": 0.0,
    "energy": -1.8631006330121067,
    "smoothness": -0.6435826449846591,
    "componentMass": -1.5075,
    "sensorChannels": -5.3500000000000005,
    "trainingSteps": -0.0
  },
  "total": 58.87696323332622
}
