{
  "durationSeconds": 4.999999999999671,
  "steps": 250,
  "survivalRate": 1.0,
  "fell": false,
  "motionCommand": [
    0.25,
    0.0,
    0.0
  ],
  "meanMotionCommand": [
    0.25,
    0.0,
    0.0
  ],
  "meanMeasuredMotion": [
    -0.08737609709690018,
    0.07480988861230792,
    0.27428748233356787
  ],
  "planarVelocityTrackingError": 0.34557076023084327,
  "yawRateTrackingError": 0.27428748233356787,
  "meanVelocityTrackingError": 0.939422288415622,
  "meanPlanarVelocityTrackingError": 0.3840069014156423,
  "meanYawRateTrackingError": 0.7884933546680547,
  "meanUpright": 0.9541892772635142,
  "meanAbsolutePitchRad": 0.07989031608682688,
  "minimumPitchRad": -0.19706415039751177,
  "maximumPitchRad": 0.038796132961904484,
  "maximumBackwardPitchRad": 0.19706415039751177,
  "maximumAbsolutePitchRad": 0.19706415039751177,
  "maximumAbsolutePitchRateRadPerSec": 4.825342470487597,
  "meanBodyTiltRad": 0.09167577820275903,
  "maximumBodyTiltRad": 0.20701674724306016,
  "meanEnergy": 436.3065280852996,
  "meanSmoothness": 66.04713946051915,
  "peakActuator": 8.0,
  "motionQualityFootEvidenceAvailable": true,
  "motionQualityContactThresholdNewton": 1.0,
  "meanJointJerkRadPerSec3": 15160.929879306159,
  "peakJointJerkRadPerSec3": 57661.0857545969,
  "meanBodyAngularJerkRadPerSec3": 3789.245636037522,
  "peakBodyAngularJerkRadPerSec3": 20057.478671028377,
  "meanActionSlewRatePerSec": 277.8635449465376,
  "peakActionSlewRatePerSec": 800.0,
  "actuatorSaturationRate": 0.6916666666666668,
  "meanFootSlipSpeedMps": 0.14987484667528397,
  "peakFootSlipSpeedMps": 0.44399283861210104,
  "totalFootSlipDistanceM": 0.39566959522274986,
  "meanFootContactImpactNPerSec": 687.3503349426246,
  "peakFootContactImpactNPerSec": 13949.943999162168,
  "peakFootContactForceNewton": 279.001604462761,
  "motionCommandSchedule": [
    {
      "atStep": 0,
      "atSeconds": 0.0,
      "command": [
        0.25,
        0.0,
        0.0
      ]
    }
  ],
  "transitionCount": 0,
  "transitions": [],
  "maximumTransitionTerminalPlanarTrackingError": 0.0,
  "maximumTransitionTerminalYawRateTrackingError": 0.0,
  "maximumPlanarSettlingTimeSeconds": 0.0,
  "maximumPlanarBrakingSettlingTimeSeconds": 0.0,
  "maximumYawRateSettlingTimeSeconds": 0.0,
  "maximumPlanarOvershootMps": 0.0,
  "maximumYawRateOvershootRadPerSec": 0.0,
  "unsettledPlanarTransitionCount": 0,
  "unsettledYawRateTransitionCount": 0,
  "initialBasePosition": [
    0.0,
    0.0,
    0.44
  ],
  "finalBasePosition": [
    -0.43732271606470025,
    0.3730090792889608,
    0.43525674156593197
  ],
  "netDisplacement": [
    -0.43732271606470025,
    0.3730090792889608,
    -0.004743258434068032
  ],
  "targetPlanarDisplacement": [
    1.25,
    0.0
  ],
  "forwardDisplacement": -0.43732271606470025,
  "targetDistance": 1.25,
  "forwardProgress": 0.0,
  "signedForwardProgress": -0.3498581728517602,
  "backwardDisplacement": 0.43732271606470025,
  "meanForwardVelocity": -0.08746454321294579,
  "lateralDrift": 0.3730090792889608,
  "distanceTraveled": 1.1052964083677281
}
