{
  "terms": {
    "survival": 30.0,
    "velocityTracking": 15.468523889404192,
    "forwardProgress": 0.0,
    "upright": 19.083785545270285,
    "lateralDrift": -3.7300907928896083,
    "transitionTracking": 0.0,
    "energy": -2.181532640426498,
    "smoothness": -0.06604713946051916,
    "jointJerk": 0.0,
    "bodyAngularJerk": 0.0,
    "actionSlew": 0.0,
    "actuatorSaturation": 0.0,
    "footSlip": 0.0,
    "footImpact": 0.0,
    "componentMass": -1.2060000000000002,
    "sensorChannels": -1.07,
    "trainingSteps": -0.4096
  },
  "total": 55.88903886189785
}
