{
  "count": 2048.0001,
  "mean": [
    0.2572463010121232,
    -0.5064510109606257,
    0.26630721336436175,
    -0.5001360061843594,
    0.2719502451507491,
    -0.533967904998296,
    0.284428507658832,
    -0.5296720799773968,
    0.03862147601373408,
    0.08652333018993497,
    0.040528961527284045,
    0.08794643564589734,
    0.0420103376448761,
    0.07573185740555685,
    0.04532232696212077,
    0.07620958200906872,
    0.4286411168536731,
    0.9985609493943842,
    -0.0025622385429640276,
    -0.05229803215867898,
    -0.0017908184621236404,
    0.00580244786852639,
    0.0004894247159637748,
    0.0028447375554318238,
    -0.0008317144977690982,
    -0.035756022784915215,
    -0.002640224843780332,
    -0.0008303589741514291,
    -0.03522679804279454,
    -0.002641171096900563,
    0.8547691815728542,
    -0.04588523991662229,
    9.83041517403909,
    12.772056448005477,
    10.285532727168311,
    15.837592543595504,
    16.54544573880703
  ],
  "variance": [
    0.0004505020594437529,
    0.0010407947015933952,
    0.0005027137149687702,
    0.0011312044786529131,
    0.0005962557996946593,
    0.0009364522513741359,
    0.000323370599609623,
    0.0009416344162294716,
    0.11754636610721919,
    0.4685682245059481,
    0.10637647454786965,
    0.47296680522239615,
    0.14837769177098728,
    0.35106843925647613,
    0.15116560565973888,
    0.359341883366139,
    5.674769179980197e-06,
    1e-06,
    8.546796739864889e-05,
    3.4700380493203266e-05,
    1.0909980818253479e-05,
    0.0033710008920700574,
    0.002817214212228008,
    0.0006714533654104135,
    0.014406120711295534,
    0.11035311410218437,
    0.0003107948641390701,
    0.014271713302547999,
    0.10372405763110618,
    0.0003067056308239695,
    4.67995939477108,
    0.9994399300886716,
    5.010401869158157,
    68.34606979165802,
    72.25633560777922,
    36.70360531075083,
    36.65173188614896
  ]
}
