{
  "durationSeconds": 18.000000000000902,
  "steps": 900,
  "survivalRate": 1.0,
  "fell": false,
  "motionCommand": [
    0.13111111111111284,
    0.02499999999999996,
    0.041666666666666664
  ],
  "meanMotionCommand": [
    0.13111111111111284,
    0.02499999999999996,
    0.041666666666666664
  ],
  "meanMeasuredMotion": [
    0.08891020193094759,
    0.09407914055490249,
    -0.22926209188102523
  ],
  "planarVelocityTrackingError": 0.0809496411075215,
  "yawRateTrackingError": 0.2709287585476919,
  "meanVelocityTrackingError": 0.7509601775665777,
  "meanPlanarVelocityTrackingError": 0.3146787720908743,
  "meanYawRateTrackingError": 0.6215097858076661,
  "meanUpright": 0.784553487589185,
  "meanAbsolutePitchRad": 0.413632852688086,
  "minimumPitchRad": -1.0689741533326957,
  "maximumPitchRad": 0.0026995731284405757,
  "maximumBackwardPitchRad": 1.0689741533326957,
  "maximumAbsolutePitchRad": 1.0689741533326957,
  "maximumAbsolutePitchRateRadPerSec": 4.618677168731554,
  "meanBodyTiltRad": 0.43710013034022355,
  "maximumBodyTiltRad": 1.0827969560311441,
  "initialBodyTiltRad": 0.0,
  "minimumBodyTiltRad": 0.0,
  "finalBodyTiltRad": 0.5692414803267365,
  "finalBaseHeightM": 0.3155522093958544,
  "selfRightingTask": true,
  "recoveryTriggered": true,
  "selfRightingSuccess": 0.0,
  "timeToStableStandSeconds": 15.3,
  "stableStandingDwellSeconds": 0.0,
  "finalStableStandingDwellSeconds": 0.0,
  "minimumJointLimitMarginRad": -0.03583625581494876,
  "disallowedCollisionSteps": 0,
  "meanEnergy": 339.22035617554405,
  "meanSmoothness": 68.57619657547566,
  "peakActuator": 8.0,
  "motionQualityFootEvidenceAvailable": true,
  "motionQualityContactThresholdNewton": 1.0,
  "meanJointJerkRadPerSec3": 13572.726833548892,
  "peakJointJerkRadPerSec3": 55022.67464505137,
  "meanBodyAngularJerkRadPerSec3": 3591.281343552543,
  "peakBodyAngularJerkRadPerSec3": 20460.991617906784,
  "meanActionSlewRatePerSec": 294.26183466623775,
  "peakActionSlewRatePerSec": 800.0,
  "actuatorSaturationRate": 0.6847222222222222,
  "meanFootSlipSpeedMps": 0.17286426004386699,
  "peakFootSlipSpeedMps": 0.943819475265158,
  "totalFootSlipDistanceM": 1.8496475824693774,
  "meanFootContactImpactNPerSec": 399.0318539314992,
  "peakFootContactImpactNPerSec": 13934.1421274171,
  "peakFootContactForceNewton": 278.68361399065566,
  "motionCommandSchedule": [
    {
      "atStep": 0,
      "atSeconds": 0.0,
      "command": [
        0.2,
        0.0,
        0.0
      ]
    },
    {
      "atStep": 400,
      "atSeconds": 8.0,
      "command": [
        0.2,
        0.0,
        0.0
      ]
    },
    {
      "atStep": 500,
      "atSeconds": 10.0,
      "command": [
        0.12,
        0.0,
        0.25
      ]
    },
    {
      "atStep": 650,
      "atSeconds": 13.0,
      "command": [
        0.0,
        0.15,
        0.0
      ]
    },
    {
      "atStep": 800,
      "atSeconds": 16.0,
      "command": [
        0.0,
        0.0,
        0.0
      ]
    }
  ],
  "transitionCount": 4,
  "transitions": [
    {
      "index": 1,
      "atStep": 400,
      "atSeconds": 8.0,
      "endStep": 500,
      "fromCommand": [
        0.2,
        0.0,
        0.0
      ],
      "toCommand": [
        0.2,
        0.0,
        0.0
      ],
      "sampleCount": 100,
      "peakPlanarTrackingError": 0.9691033099032665,
      "peakYawRateTrackingError": 1.5546099182801847,
      "terminalMeasuredMotion": [
        0.1737822191167155,
        -0.024250096890962053,
        -0.32915245884789485
      ],
      "terminalPlanarTrackingError": 0.03571329211463103,
      "terminalYawRateTrackingError": 0.32915245884789485,
      "planarOvershootMps": 0.0,
      "yawRateOvershootRadPerSec": 0.0,
      "planarSettlingTimeSeconds": 1.72,
      "yawRateSettlingTimeSeconds": 2.0,
      "planarSettled": true,
      "yawRateSettled": false,
      "planarBraking": false
    },
    {
      "index": 2,
      "atStep": 500,
      "atSeconds": 10.0,
      "endStep": 650,
      "fromCommand": [
        0.2,
        0.0,
        0.0
      ],
      "toCommand": [
        0.12,
        0.0,
        0.25
      ],
      "sampleCount": 150,
      "peakPlanarTrackingError": 0.41995062187742394,
      "peakYawRateTrackingError": 1.5188112895163934,
      "terminalMeasuredMotion": [
        0.20859741130889592,
        -0.0569301259283729,
        0.005581237459542568
      ],
      "terminalPlanarTrackingError": 0.10531163529666641,
      "terminalYawRateTrackingError": 0.24441876254045744,
      "planarOvershootMps": 0.22234555104113746,
      "yawRateOvershootRadPerSec": 1.3333556415953722,
      "planarSettlingTimeSeconds": 2.26,
      "yawRateSettlingTimeSeconds": 2.74,
      "planarSettled": true,
      "yawRateSettled": true,
      "planarBraking": false
    },
    {
      "index": 3,
      "atStep": 650,
      "atSeconds": 13.0,
      "endStep": 800,
      "fromCommand": [
        0.12,
        0.0,
        0.25
      ],
      "toCommand": [
        0.0,
        0.15,
        0.0
      ],
      "sampleCount": 150,
      "peakPlanarTrackingError": 0.6194693970619172,
      "peakYawRateTrackingError": 1.5722503780765156,
      "terminalMeasuredMotion": [
        0.12476231519841459,
        -0.11720164020648607,
        -0.3589085142954029
      ],
      "terminalPlanarTrackingError": 0.294893797531764,
      "terminalYawRateTrackingError": 0.3589085142954029,
      "planarOvershootMps": 0.08521973636996125,
      "yawRateOvershootRadPerSec": 1.5722503780765156,
      "planarSettlingTimeSeconds": 3.0,
      "yawRateSettlingTimeSeconds": 3.0,
      "planarSettled": false,
      "yawRateSettled": false,
      "planarBraking": false
    },
    {
      "index": 4,
      "atStep": 800,
      "atSeconds": 16.0,
      "endStep": 900,
      "fromCommand": [
        0.0,
        0.15,
        0.0
      ],
      "toCommand": [
        0.0,
        0.0,
        0.0
      ],
      "sampleCount": 100,
      "peakPlanarTrackingError": 0.5247213560144118,
      "peakYawRateTrackingError": 1.3831189808168003,
      "terminalMeasuredMotion": [
        0.006879232427754717,
        -0.0883029454896449,
        -0.0814128767981254
      ],
      "terminalPlanarTrackingError": 0.08857050310877923,
      "terminalYawRateTrackingError": 0.0814128767981254,
      "planarOvershootMps": 0.429122296101288,
      "yawRateOvershootRadPerSec": 0.0,
      "planarSettlingTimeSeconds": 1.98,
      "yawRateSettlingTimeSeconds": 1.94,
      "planarSettled": true,
      "yawRateSettled": true,
      "planarBraking": true
    }
  ],
  "maximumTransitionTerminalPlanarTrackingError": 0.294893797531764,
  "maximumTransitionTerminalYawRateTrackingError": 0.3589085142954029,
  "maximumPlanarSettlingTimeSeconds": 3.0,
  "maximumPlanarBrakingSettlingTimeSeconds": 1.98,
  "maximumYawRateSettlingTimeSeconds": 3.0,
  "maximumPlanarOvershootMps": 0.429122296101288,
  "maximumYawRateOvershootRadPerSec": 1.5722503780765156,
  "unsettledPlanarTransitionCount": 1,
  "unsettledYawRateTransitionCount": 2,
  "initialBasePosition": [
    0.1276981910057493,
    1.8702714241363876,
    0.3175142676456181
  ],
  "finalBasePosition": [
    1.5966163999639087,
    1.7002958877201941,
    0.3155522093958544
  ],
  "netDisplacement": [
    1.4689182089581594,
    -0.16997553641619345,
    -0.0019620582497636985
  ],
  "targetPlanarDisplacement": [
    0.76,
    0.44999999999999996
  ],
  "forwardDisplacement": 1.1773667901864813,
  "targetDistance": 0.8832326986700617,
  "forwardProgress": 1.0,
  "signedForwardProgress": 1.3330199300357828,
  "backwardDisplacement": 0.0,
  "meanForwardVelocity": 0.1177366790186375,
  "lateralDrift": 0.8946618517377399,
  "distanceTraveled": 5.2157184424863505,
  "episodeInitialBasePosition": [
    0.0,
    0.0,
    0.44
  ],
  "mobilityMeasurementStartedAtSeconds": 8.0,
  "recoveryEvaluationStartedAtSeconds": 2.7,
  "missionStageDurationsSeconds": {
    "approach": 2.48,
    "impact": 0.16,
    "recover": 5.34,
    "resume": 2.0,