{
  "durationSeconds": 4.999999999999671,
  "steps": 250,
  "survivalRate": 1.0,
  "fell": false,
  "motionCommand": [
    0.25,
    0.0,
    0.0
  ],
  "meanMotionCommand": [
    0.25,
    0.0,
    0.0
  ],
  "meanMeasuredMotion": [
    -0.005662031463876311,
    7.667229473219775e-12,
    2.2287299727235697e-11
  ],
  "planarVelocityTrackingError": 0.25566203146387634,
  "yawRateTrackingError": 2.2287299727235697e-11,
  "meanVelocityTrackingError": 0.2678201886607802,
  "meanPlanarVelocityTrackingError": 0.2678201886607802,
  "meanYawRateTrackingError": 3.16392857473578e-10,
  "meanUpright": 0.6512775539489645,
  "meanEnergy": 591.2312736925185,
  "meanSmoothness": 33.97597965188535,
  "peakActuator": 8.0,
  "motionCommandSchedule": [
    {
      "atStep": 0,
      "atSeconds": 0.0,
      "command": [
        0.25,
        0.0,
        0.0
      ]
    }
  ],
  "transitionCount": 0,
  "transitions": [],
  "maximumTransitionTerminalPlanarTrackingError": 0.0,
  "maximumTransitionTerminalYawRateTrackingError": 0.0,
  "maximumPlanarSettlingTimeSeconds": 0.0,
  "maximumPlanarBrakingSettlingTimeSeconds": 0.0,
  "maximumYawRateSettlingTimeSeconds": 0.0,
  "maximumPlanarOvershootMps": 0.0,
  "maximumYawRateOvershootRadPerSec": 0.0,
  "unsettledPlanarTransitionCount": 0,
  "unsettledYawRateTransitionCount": 0,
  "initialBasePosition": [
    0.0,
    0.0,
    0.44
  ],
  "finalBasePosition": [
    -0.02475980492833262,
    4.556219446018447e-11,
    0.2589612085152025
  ],
  "netDisplacement": [
    -0.02475980492833262,
    4.556219446018447e-11,
    -0.1810387914847975
  ],
  "targetPlanarDisplacement": [
    1.25,
    0.0
  ],
  "forwardDisplacement": -0.02475980492833262,
  "targetDistance": 1.25,
  "forwardProgress": 0.0,
  "signedForwardProgress": -0.019807843942666097,
  "backwardDisplacement": 0.02475980492833262,
  "meanForwardVelocity": -0.004951960985666849,
  "lateralDrift": 4.556219446018447e-11,
  "distanceTraveled": 0.731145671008411
}
