{
  "terms": {
    "survival": 25.0,
    "velocityTracking": 15.775107683942418,
    "forwardProgress": 0.0,
    "upright": 9.769163309234466,
    "lateralDrift": -4.556219446018447e-10,
    "transitionTracking": 0.0,
    "energy": -5.912312736925185,
    "smoothness": -0.16987989825942676,
    "componentMass": -1.5075,
    "sensorChannels": -5.3500000000000005,
    "trainingSteps": -0.0
  },
  "total": 37.60457835753665
}
