{
  "count": 16384.0001,
  "mean": [
    0.10422562005473837,
    0.321517447136752,
    -0.4146498613419703,
    -0.1426956211170774,
    0.36589996786114987,
    -0.44971376998717344,
    0.14611743048398532,
    0.1880028287442948,
    -0.5211567187532838,
    -0.19515328815848187,
    0.23709705186089863,
    -0.5405648705449225,
    -0.003749758292802643,
    -0.010105976914753567,
    0.020239117590730514,
    0.0003586906707727343,
    -0.0030542677487990066,
    0.01403796445961801,
    0.006189458973302788,
    0.02497632674473697,
    -0.004129446519040957,
    -0.012817396800285577,
    0.0358103483187904,
    -0.010893601140743333,
    0.2832015342196136,
    0.6452802236446286,
    -0.1077785351972779,
    0.19321893615315963,
    -0.021952877732352584,
    0.026833976933538048,
    0.02253453357965737,
    -0.006682164827202893,
    -0.005905995280597975,
    0.03739215436367636,
    0.01641512493595967,
    -0.005523049868392368,
    0.032034757646198245,
    0.016486989588996376,
    0.009231652474616336,
    0.009539106542732639,
    2.944600900529576,
    0.16211371300421568,
    -0.429188484051113,
    -0.14063127052595392,
    -0.19185045245301519,
    -0.4016673093883522,
    -0.09563729721928424,
    0.0733957345686041,
    0.13275562997170554,
    0.6812213768407049,
    0.028472631896018875,
    0.13470035304991648,
    0.689857371694256,
    0.1618840863315008,
    -0.4265336973085612,
    -0.14145936307225765,
    -0.19138752128824926,
    -0.39949598985395884,
    -0.09615544509483186,
    0.07380396308812068,
    0.1324035832641722,
    0.6822631789557766,
    0.028892391698104744,
    0.13295355937702172,
    0.6911605692753231,
    0.16350394084966935,
    -0.4278789008586271,
    -0.1410753104523631,
    -0.18899286886002992,
    -0.3984295456800561,
    -0.09806988651561832,
    0.07539821723454028,
    0.13004133403626011,
    0.6846840930888684,
    0.03196361618866769,
    0.12924493248236965,
    0.6947691822694542,
    0.1644466508604562,
    -0.42742381109229444,
    -0.14057989884278752,
    -0.18809494845205102,
    -0.3978122533196774,
    -0.09589309329045065,
    0.07551017816933292,
    0.12976744179384747,
    0.6829494500140834,
    0.03375044843630467,
    0.1290850277743831,
    0.6950058905974309,
    0.16240414673928122,
    -0.43085232414567026,
    -0.13871319389564557,
    -0.19018921423833074,
    -0.4037234699685306,
    -0.09486135889851298,
    0.07369439111784454,
    0.1329040496661269,
    0.6786742391972721,
    0.03018250293646449,
    0.13482584392650113,
    0.6891240282254892,
    0.16206410237024974,
    -0.42898038399551175,
    -0.13945045659329414,
    -0.19175333390878777,
    -0.40229912408264307,
    -0.09402868075411729,
    0.07344260188579046,
    0.13405893212829453,
    0.6795028826526475,
    0.028490155307785568,
    0.13583644738728837,
    0.688161973810311,
    0.1617369779180645,
    -0.4266960621430083,
    -0.14012017271868982,
    -0.19138910062073267,
    -0.398885091697109,
    -0.09563516089174989,
    0.07368006368074588,
    0.13160151569702624,
    0.6823193931079011,
    0.02908883198224915,
    0.13218210946116163,
    0.6911224033000687,
    0.16341495932053543,
    -0.42759525154892764,
    -0.13991164802982572,
    -0.18890709206050343,
    -0.3987555209348295,
    -0.09586974863492204,
    0.07540353180206945,
    0.13095938525873782,
    0.6829669745531882,
    0.031933813612642165,
    0.12998941350767962,
    0.6927192520195632,
    0.7436635073613386,
    0.1508056648571803,
    0.01785278380356618,
    0.029754638490267153,
    9.79836516869853,
    9.38558393809027,
    10.355992787437826,
    10.36041196486529
  ],
  "variance": [
    0.025516610468714927,
    0.13902467174297725,
    0.09427672448817549,
    0.024214994074341634,
    0.08385420823172154,
    0.11238887721782545,
    0.03808938609118283,
    0.1624666255181767,
    0.038191889408726226,
    0.03318763518891634,
    0.11210585227127247,
    0.054252964700665166,
    11.763431858447268,
    17.60056991468716,
    41.376517510525545,
    11.251076184112595,
    17.21855068616535,
    41.277239573180694,
    13.328355798090554,
    17.567482313198596,
    36.96077317695297,
    13.17977492796687,
    17.587026291959617,
    37.51534140392189,
    0.02438035605441627,
    0.1943353483093812,
    0.07532500918938469,
    0.21710612080459987,
    0.04743644014336078,
    0.055526863164459005,
    0.04976056779343682,
    0.057467488910770574,
    4.1685828011964,
    1.519917019897316,
    0.2945447292520199,
    4.026050382798564,
    1.4556969345704958,
    0.28552307553615147,
    41.592162529231516,
    29.10005666135986,
    266.3375460602158,
    26.027580952853388,
    46.89860580320298,
    50.89137080746533,
    25.95112384962436,
    45.8617993649488,
    50.40665805675301,
    28.604571665140554,
    47.807988242621086,
    49.439915087405026,
    28.955975869388578,
    48.29360164507005,
    49.92670499107335,
    26.068744719595095,
    46.96436084756294,
    50.954376733133486,
    25.990489114655226,
    45.9289727845137,
    50.46571671295149,
    28.65105754228125,
    47.866120849890216,
    49.500517711877016,
    29.000510712231346,
    48.348433163274706,
    49.96839225552624,
    26.11858487942838,
    47.0243286414788,
    51.02116240340155,
    26.03710115215196,
    45.983838040410156,
    50.52812126938253,
    28.70188843980315,
    47.934991249547494,
    49.558386043060416,
    29.049896964804862,
    48.41608449716812,
    50.02882819803465,
    26.163932618346323,
    47.08954068621365,
    51.08655622968754,
    26.08023605736175,
    46.042455006487664,
    50.594048625869476,
    28.743001736025757,
    47.99374857564233,
    49.61834107397742,
    29.087167970002614,
    48.47063139958444,
    50.09497356050366,
    25.985198661991834,
    46.83949557503375,
    50.84265872508643,
    25.909016793346254,
    45.80586053155477,
    50.36194954121355,
    28.563936693296675,
    47.753761998459474,
    49.38584264737861,
    28.915520776324605,
    48.23913506240862,
    49.87916371388288,
    26.019972718669464,
    46.90483784727589,
    50.89972508260791,
    25.94338170086329,
    45.864770472986635,
    50.41710105650672,
    28.59685141324453,
    47.813282412911654,
    49.44470338649976,
    28.948288808849874,
    48.29966428040163,
    49.93198003553905,
    26.06130180088237,
    46.97063912409041,
    50.960648460053534,
    25.982583877620552,
    45.93353191301223,
    50.46965186746995,
    28.643348543879295,
    47.87704543288156,
    49.506087840563566,
    28.99279925979425,
    48.35916698140889,
    49.974748479390264,
    26.11085404206973,
    47.03097180106641,
    51.02954749534189,
    26.029474773831158,
    45.985922160915635,
    50.53571725056562,
    28.69396915419673,
    47.941959906524275,
    49.570279485769774,
    29.0423240999339,
    48.424382369989665,
    50.038662902781844,
    0.41036814047281195,
    0.006276212798011431,
    0.0023592018909245,
    0.0065533272143958815,
    474.67671820868645,
    464.77173962499984,
    539.9284192567291,
    564.7372664992798
  ]
}
