{
  "count": 8192.000100000001,
  "mean": [
    0.19204881408171462,
    0.4339064218457504,
    -0.32038262692964914,
    -0.20470713386685496,
    0.43175070986866587,
    -0.32226010243452263,
    0.1881608157325352,
    0.3054694142881808,
    -0.49632277584001044,
    -0.1884698459211925,
    0.30599604316981854,
    -0.497606548173323,
    0.007673433548392679,
    0.03357068275009571,
    0.0853992446885827,
    -0.020271407844771088,
    0.03878700646029945,
    0.07744332118086099,
    0.006606959326872385,
    0.00675842799743343,
    0.048426011833475585,
    -0.014230933408466089,
    0.008538491314958065,
    0.04876943057745646,
    0.3346600892675901,
    0.8724320100333859,
    0.0072966635922732505,
    0.2785601166492102,
    -0.009821837062761251,
    0.14675948244531165,
    0.0023939143317135204,
    -0.03506369050857409,
    0.025752398711906127,
    0.3058355944226964,
    0.005200543302655425,
    0.025527499942416012,
    0.2976995221792953,
    0.004860424450259248,
    -4.343759287118046,
    -0.04482965119669807,
    5.700245602844045,
    12.519881435742436,
    12.445377255071758,
    6.030592249699067,
    5.588938448088146
  ],
  "variance": [
    0.005247471536914882,
    0.021708842609925172,
    0.024881950282850278,
    0.007012559280202067,
    0.02066965255556331,
    0.02467300666774146,
    0.0034493531371764877,
    0.014298449060406117,
    0.012340644539801448,
    0.0034526136388158385,
    0.014347657990741575,
    0.012224875087846263,
    3.091322012287351,
    10.51481767258482,
    25.496403388551922,
    3.039331561832031,
    10.537890559014043,
    25.682270242923796,
    4.14851540671537,
    13.011316185749667,
    26.53557127700939,
    4.368845696994559,
    12.994458468576415,
    26.599127669211594,
    0.006561115065457946,
    0.029762028753013856,
    0.009245957533546074,
    0.09255443816697641,
    0.029546848569988696,
    0.07367389076469326,
    0.010146803747035813,
    0.03392235121494401,
    0.9704965627161852,
    1.278664519967195,
    0.1332295699787683,
    0.9241338228927057,
    1.216256008656734,
    0.13131064784665905,
    84.25153403421888,
    11.725780796378018,
    92.21576424154559,
    219.2278661509823,
    230.69764485253998,
    243.34429150046455,
    202.20056842097335
  ]
}
