{
  "durationSeconds": 4.619999999999713,
  "steps": 231,
  "survivalRate": 0.92,
  "fell": true,
  "motionCommand": [
    0.25,
    0.0,
    0.0
  ],
  "meanMotionCommand": [
    0.25,
    0.0,
    0.0
  ],
  "meanMeasuredMotion": [
    -0.0850907312502193,
    0.007633785299665687,
    0.034082468765783296
  ],
  "planarVelocityTrackingError": 0.3351776735521149,
  "yawRateTrackingError": 0.034082468765783296,
  "meanVelocityTrackingError": 0.5389875498665998,
  "meanPlanarVelocityTrackingError": 0.3909343552509322,
  "meanYawRateTrackingError": 0.2555909302240564,
  "meanUpright": 0.38498763925690177,
  "meanEnergy": 634.999834626112,
  "meanSmoothness": 29.06665923448494,
  "peakActuator": 8.0,
  "motionCommandSchedule": [
    {
      "atStep": 0,
      "atSeconds": 0.0,
      "command": [
        0.25,
        0.0,
        0.0
      ]
    }
  ],
  "transitionCount": 0,
  "transitions": [],
  "maximumTransitionTerminalPlanarTrackingError": 0.0,
  "maximumTransitionTerminalYawRateTrackingError": 0.0,
  "maximumPlanarSettlingTimeSeconds": 0.0,
  "maximumPlanarBrakingSettlingTimeSeconds": 0.0,
  "maximumYawRateSettlingTimeSeconds": 0.0,
  "maximumPlanarOvershootMps": 0.0,
  "maximumYawRateOvershootRadPerSec": 0.0,
  "unsettledPlanarTransitionCount": 0,
  "unsettledYawRateTransitionCount": 0,
  "initialBasePosition": [
    0.0,
    0.0,
    0.44
  ],
  "finalBasePosition": [
    -0.3843807286437555,
    0.038853361478328574,
    0.1793207647204859
  ],
  "netDisplacement": [
    -0.3843807286437555,
    0.038853361478328574,
    -0.2606792352795141
  ],
  "targetPlanarDisplacement": [
    1.25,
    0.0
  ],
  "forwardDisplacement": -0.3843807286437555,
  "targetDistance": 1.25,
  "forwardProgress": 0.0,
  "signedForwardProgress": -0.3075045829150044,
  "backwardDisplacement": 0.3843807286437555,
  "meanForwardVelocity": -0.08319929191423796,
  "lateralDrift": 0.038853361478328574,
  "distanceTraveled": 1.101318246504787
}
