{
  "terms": {
    "survival": 23.0,
    "velocityTracking": 12.995556722816639,
    "forwardProgress": 0.0,
    "upright": 5.774814588853527,
    "lateralDrift": -0.38853361478328574,
    "transitionTracking": 0.0,
    "energy": -6.3499983462611205,
    "smoothness": -0.14533329617242471,
    "componentMass": -1.5075,
    "sensorChannels": -5.3500000000000005,
    "trainingSteps": -0.0
  },
  "total": 28.029006054453333
}
