{
  "durationSeconds": 4.999999999999671,
  "steps": 250,
  "survivalRate": 1.0,
  "fell": false,
  "motionCommand": [
    0.25,
    0.0,
    0.0
  ],
  "meanMotionCommand": [
    0.25,
    0.0,
    0.0
  ],
  "meanMeasuredMotion": [
    -0.05105905916947861,
    -2.3048830399457066e-15,
    1.1785380786024978e-14
  ],
  "planarVelocityTrackingError": 0.3010590591694786,
  "yawRateTrackingError": 1.1785380786024978e-14,
  "meanVelocityTrackingError": 0.30455409473308126,
  "meanPlanarVelocityTrackingError": 0.30455409473308126,
  "meanYawRateTrackingError": 5.824920520735388e-14,
  "meanUpright": 0.9451739047621329,
  "meanEnergy": 190.84147647393218,
  "meanSmoothness": 133.2593674049653,
  "peakActuator": 8.0,
  "motionCommandSchedule": [
    {
      "atStep": 0,
      "atSeconds": 0.0,
      "command": [
        0.25,
        0.0,
        0.0
      ]
    }
  ],
  "transitionCount": 0,
  "transitions": [],
  "maximumTransitionTerminalPlanarTrackingError": 0.0,
  "maximumTransitionTerminalYawRateTrackingError": 0.0,
  "maximumPlanarSettlingTimeSeconds": 0.0,
  "maximumPlanarBrakingSettlingTimeSeconds": 0.0,
  "maximumYawRateSettlingTimeSeconds": 0.0,
  "maximumPlanarOvershootMps": 0.0,
  "maximumYawRateOvershootRadPerSec": 0.0,
  "unsettledPlanarTransitionCount": 0,
  "unsettledYawRateTransitionCount": 0,
  "initialBasePosition": [
    0.0,
    0.0,
    0.44
  ],
  "finalBasePosition": [
    -0.25037934245137505,
    -1.116666405708222e-14,
    0.4232868821767149
  ],
  "netDisplacement": [
    -0.25037934245137505,
    -1.116666405708222e-14,
    -0.016713117823285106
  ],
  "targetPlanarDisplacement": [
    1.25,
    0.0
  ],
  "forwardDisplacement": -0.25037934245137505,
  "targetDistance": 1.25,
  "forwardProgress": 0.0,
  "meanForwardVelocity": -0.0500758684902783,
  "lateralDrift": 1.116666405708222e-14,
  "distanceTraveled": 0.497668378319846
}
