{
  "terms": {
    "survival": 30.0,
    "velocityTracking": 22.996363371300564,
    "forwardProgress": 0.0,
    "upright": 14.177608571431994,
    "lateralDrift": -1.116666405708222e-13,
    "transitionTracking": 0.0,
    "energy": -0.9542073823696609,
    "smoothness": -0.1332593674049653,
    "componentMass": -1.2060000000000002,
    "sensorChannels": -1.07,
    "trainingSteps": -0.0
  },
  "total": 63.81050519295782
}
