{
  "count": 8192.000100000001,
  "mean": [
    0.19317084110058347,
    0.4274412143543418,
    -0.33305968450114404,
    -0.19321242074945477,
    0.42699360368475264,
    -0.33150685471065783,
    0.18718544096193052,
    0.30101688348000405,
    -0.5001283250982677,
    -0.18678198064471424,
    0.30194960978576146,
    -0.50286576497114,
    0.010691786258265376,
    0.03519617126395835,
    0.08206614441007427,
    -0.017631022463954964,
    0.04014200875983379,
    0.0784867247139746,
    0.005687770866712615,
    0.006911922243243434,
    0.04605034527581675,
    -0.011353080507361068,
    0.006810934295763402,
    0.04383103929293146,
    0.3221468426420132,
    0.8764431409004644,
    -0.0004977253830758426,
    0.33502410389741255,
    0.004830058227858574,
    0.16043513249786448,
    -0.0015551152423475577,
    -0.03718312546093005,
    0.010428622427074841,
    0.3169462029957716,
    0.004820340166660371,
    0.01041136172630804,
    0.30887464267703985,
    0.004954938702911522,
    -5.140252736539773,
    0.003648444534010729,
    5.0288091546827784,
    11.244806121759856,
    11.119438474990293,
    5.036961118064144,
    4.873776213950473
  ],
  "variance": [
    0.006986254055699601,
    0.024368494358616544,
    0.026658182836731444,
    0.007752723215283879,
    0.024898450860991832,
    0.026711764972325507,
    0.003407125751649057,
    0.014285223695247387,
    0.012367760844844236,
    0.0035434395512999877,
    0.01437378015797424,
    0.011891292160632639,
    2.8954983974842046,
    10.351477393782151,
    26.0198288982365,
    2.775651627832026,
    10.419121683645201,
    26.166194856310472,
    4.7026753925133855,
    12.928120862107782,
    26.785882488374007,
    4.6566471989704326,
    12.993859187599101,
    26.653276136131726,
    0.006413738851857447,
    0.015210224536484176,
    0.002452731603118561,
    0.09451453757046795,
    0.007389342711912915,
    0.07673277205709239,
    0.0077935764745632125,
    0.03166295630297647,
    0.9703193471267898,
    1.3160439371990622,
    0.12872569227931135,
    0.9151204865757063,
    1.2586817748934724,
    0.126144736990666,
    86.53517703840785,
    12.737736831617932,
    86.54781378802899,
    236.437827048592,
    226.9677053545588,
    198.03342633420266,
    188.3134802802532
  ]
}
