{
  "proposal": {
    "strategy": "coordinate-neutral-knee-increase",
    "hypothesis": "Increase neutralKnee by one bounded step.",
    "expectedEffect": "Test whether neutralKnee=-0.51 improves the complete locked quadruped score.",
    "values": {
      "/config/neutralKnee": -0.51
    }
  },
  "previous": {
    "assembly": "force-sensing",
    "controller": "force-aware-gait",
    "assemblyHash": "d89572552c790a7256a7fe23403e257b121aab1b617e4b133032638dcb972cea",
    "aggregateScore": 84.1160568259157,
    "cases": [
      {
        "case": {
          "id": "nominal",
          "task": "velocity-track",
          "scenario": "nominal",
          "seed": 42,
          "weight": 1
        },
        "metrics": {
          "durationSeconds": 2.999999999999891,
          "steps": 150,
          "survivalRate": 1,
          "fell": false,
          "meanVelocityTrackingError": 0.19822274958187755,
          "meanUpright": 0.9430565496240639,
          "meanEnergy": 1.2553681043595677,
          "meanSmoothness": 0.38844674595721174,
          "peakActuator": 6
        },
        "score": {
          "terms": {
            "survival": 50,
            "velocityTracking": 16.691387312566917,
            "upright": 18.86113099248128,
            "energy": -0.025107362087191356,
            "smoothness": -0.0038844674595721173,
            "componentMass": -1.4275,
            "sensorChannels": -0.5,
            "trainingSteps": 0
          },
          "total": 83.59602647550143
        },
        "resultHash": "8bef9394b62ced67d6e4f0a94199a272f5666b309673f3737ad2374f5b2a5bdd"
      },
      {
        "case": {
          "id": "low-friction",
          "task": "velocity-track",
          "scenario": "low-friction",
          "seed": 43,
          "weight": 1.2
        },
        "metrics": {
          "durationSeconds": 2.999999999999891,
          "steps": 150,
          "survivalRate": 1,
          "fell": false,
          "meanVelocityTrackingError": 0.19822274958187755,
          "meanUpright": 0.9430565496240639,
          "meanEnergy": 1.2553681043595677,
          "meanSmoothness": 0.38844674595721174,
          "peakActuator": 6
        },
        "score": {
          "terms": {
            "survival": 50,
            "velocityTracking": 16.691387312566917,
            "upright": 18.86113099248128,
            "energy": -0.025107362087191356,
            "smoothness": -0.0038844674595721173,
            "componentMass": -1.4275,
            "sensorChannels": -0.5,
            "trainingSteps": 0
          },
          "total": 83.59602647550143
        },
        "resultHash": "95206d4776a604a59b0047e7ab6a3fec45f66bc81a5ddb19ebe8c29461644db2"
      },
      {
        "case": {
          "id": "lateral-push",
          "task": "stand",
          "scenario": "lateral-push",
          "seed": 44,
          "weight": 1.5
        },
        "metrics": {
          "durationSeconds": 2.0000000000000013,
          "steps": 100,
          "survivalRate": 1,
          "fell": false,
          "meanVelocityTrackingError": 0.10082351887073912,
          "meanUpright": 0.9351917793727084,
          "meanEnergy": 2.976901169370328,
          "meanSmoothness": 0.6246040160620541,
          "peakActuator": 6
        },
        "score": {
          "terms": {
            "survival": 50,
            "velocityTracking": 18.168216482617176,
            "upright": 18.70383558745417,
            "energy": -0.059538023387406554,
            "smoothness": -0.006246040160620541,
            "componentMass": -1.4275,
            "sensorChannels": -0.5,
            "trainingSteps": 0
          },
          "total": 84.87876800652332
        },
        "resultHash": "27299bba011f7c4d287dadbb63da3f74e8c407229f264d7ccfd2f05f3c484e7f"
      }
    ]
  },
  "candidate": {
    "assembly": "force-sensing",
    "controller": "force-aware-gait",
    "assemblyHash": "d89572552c790a7256a7fe23403e257b121aab1b617e4b133032638dcb972cea",
    "aggregateScore": 84.1563495527771,
    "cases": [
      {
        "case": {
          "id": "nominal",
          "task": "velocity-track",
          "scenario": "nominal",
          "seed": 42,
          "weight": 1
        },
        "metrics": {
          "durationSeconds": 2.999999999999891,
          "steps": 150,
          "survivalRate": 1,
          "fell": false,
          "meanVelocityTrackingError": 0.19646036184790114,
          "meanUpright": 0.9448694360672864,
          "meanEnergy": 1.2962238106596744,
          "meanSmoothness": 0.3702222641580656,
          "peakActuator": 6
        },
        "score": {
          "terms": {
            "survival": 50,
            "velocityTracking": 16.71597374869196,
            "upright": 18.897388721345727,
            "energy": -0.02592447621319349,
            "smoothness": -0.003702222641580656,
            "componentMass": -1.4275,
            "sensorChannels": -0.5,
            "trainingSteps": 0
          },
          "total": 83.65623577118292
        },
        "resultHash": "c33d1020414b376b40b5bf00b39b64c51bc5eff6bd37ea1e2f62954cd7335eec"
      },
      {
        "case": {
          "id": "low-friction",
          "task": "velocity-track",
          "scenario": "low-friction",
          "seed": 43,
          "weight": 1.2
        },
        "metrics": {
          "durationSeconds": 2.999999999999891,
          "steps": 150,
          "survivalRate": 1,
          "fell": false,
          "meanVelocityTrackingError": 0.19646036184790114,
          "meanUpright": 0.9448694360672864,
          "meanEnergy": 1.2962238106596744,
          "meanSmoothness": 0.3702222641580656,
          "peakActuator": 6
        },
        "score": {
          "terms": {
            "survival": 50,
            "velocityTracking": 16.71597374869196,
            "upright": 18.897388721345727,
            "energy": -0.02592447621319349,
            "smoothness": -0.003702222641580656,
            "componentMass": -1.4275,
            "sensorChannels": -0.5,
            "trainingSteps": 0
          },
          "total": 83.65623577118292
        },
        "resultHash": "0c4177033cafd15009be6e820a3ba3322f00123fc1ed064b9a66592974e70ae5"
      },
      {
        "case": {
          "id": "lateral-push",
          "task": "stand",
          "scenario": "lateral-push",
          "seed": 44,
          "weight": 1.5
        },
        "metrics": {
          "durationSeconds": 2.0000000000000013,
          "steps": 100,
          "survivalRate": 1,
          "fell": false,
          "meanVelocityTrackingError": 0.10345212164061295,
          "meanUpright": 0.9378689813472728,
          "meanEnergy": 2.9554898441546458,
          "meanSmoothness": 0.5856894583502279,
          "peakActuator": 6
        },
        "score": {
          "terms": {
            "survival": 50,
            "velocityTracking": 18.12493683030306,
            "upright": 18.757379626945458,
            "energy": -0.05910979688309292,
            "smoothness": -0.005856894583502279,
            "componentMass": -1.4275,
            "sensorChannels": -0.5,
            "trainingSteps": 0
          },
          "total": 84.88984976578192
        },
        "resultHash": "8170a79ddeea35f24c4d809cf6bd5ff64f99014c724d83275530c78939700036"
      }
    ]
  },
  "scoreDelta": 0.04029272686139507
}
