{
  "durationSeconds": 18.000000000000902,
  "steps": 900,
  "survivalRate": 1.0,
  "fell": false,
  "motionCommand": [
    0.13111111111111284,
    0.02499999999999996,
    0.041666666666666664
  ],
  "meanMotionCommand": [
    0.13111111111111284,
    0.02499999999999996,
    0.041666666666666664
  ],
  "meanMeasuredMotion": [
    0.038922568893826705,
    0.04960307742788522,
    0.053412866263830405
  ],
  "planarVelocityTrackingError": 0.09541508651712718,
  "yawRateTrackingError": 0.011746199597163741,
  "meanVelocityTrackingError": 0.308822492020756,
  "meanPlanarVelocityTrackingError": 0.21001309575083715,
  "meanYawRateTrackingError": 0.17520363405923342,
  "meanUpright": 0.18851040094458205,
  "meanAbsolutePitchRad": 0.05455921736506472,
  "minimumPitchRad": -0.19164851134187702,
  "maximumPitchRad": 1.4863365148766674,
  "maximumBackwardPitchRad": 0.19164851134187702,
  "maximumAbsolutePitchRad": 1.4863365148766674,
  "maximumAbsolutePitchRateRadPerSec": 6.371607178683034,
  "meanBodyTiltRad": 2.488020264517584,
  "maximumBodyTiltRad": 3.1413429229521097,
  "initialBodyTiltRad": 0.0,
  "minimumBodyTiltRad": 0.0,
  "finalBodyTiltRad": 3.1407480602806275,
  "finalBaseHeightM": 0.05928360148363212,
  "selfRightingTask": true,
  "recoveryTriggered": true,
  "selfRightingSuccess": 0.0,
  "timeToStableStandSeconds": 15.3,
  "stableStandingDwellSeconds": 0.0,
  "finalStableStandingDwellSeconds": 0.0,
  "minimumJointLimitMarginRad": -0.002120752988272856,
  "disallowedCollisionSteps": 2,
  "meanEnergy": 211.09498403382074,
  "meanSmoothness": 152.50633366022873,
  "peakActuator": 8.0,
  "motionQualityFootEvidenceAvailable": true,
  "motionQualityContactThresholdNewton": 1.0,
  "meanJointJerkRadPerSec3": 23598.432782873486,
  "peakJointJerkRadPerSec3": 47658.77871644174,
  "meanBodyAngularJerkRadPerSec3": 3137.9629504059253,
  "peakBodyAngularJerkRadPerSec3": 18204.412745304187,
  "meanActionSlewRatePerSec": 546.1751011707905,
  "peakActionSlewRatePerSec": 800.0,
  "actuatorSaturationRate": 0.4666666666666667,
  "meanFootSlipSpeedMps": 0.043189783380622605,
  "peakFootSlipSpeedMps": 0.40797544509488526,
  "totalFootSlipDistanceM": 0.34292688004214344,
  "meanFootContactImpactNPerSec": 104.5173217922155,
  "peakFootContactImpactNPerSec": 5669.736695995875,
  "peakFootContactForceNewton": 113.39473391991751,
  "motionCommandSchedule": [
    {
      "atStep": 0,
      "atSeconds": 0.0,
      "command": [
        0.2,
        0.0,
        0.0
      ]
    },
    {
      "atStep": 400,
      "atSeconds": 8.0,
      "command": [
        0.2,
        0.0,
        0.0
      ]
    },
    {
      "atStep": 500,
      "atSeconds": 10.0,
      "command": [
        0.12,
        0.0,
        0.25
      ]
    },
    {
      "atStep": 650,
      "atSeconds": 13.0,
      "command": [
        0.0,
        0.15,
        0.0
      ]
    },
    {
      "atStep": 800,
      "atSeconds": 16.0,
      "command": [
        0.0,
        0.0,
        0.0
      ]
    }
  ],
  "transitionCount": 4,
  "transitions": [
    {
      "index": 1,
      "atStep": 400,
      "atSeconds": 8.0,
      "endStep": 500,
      "fromCommand": [
        0.2,
        0.0,
        0.0
      ],
      "toCommand": [
        0.2,
        0.0,
        0.0
      ],
      "sampleCount": 100,
      "peakPlanarTrackingError": 0.2992577498000217,
      "peakYawRateTrackingError": 0.24927408213944438,
      "terminalMeasuredMotion": [
        -0.012780956246650732,
        0.0025913234805325035,
        -0.012433947168235992
      ],
      "terminalPlanarTrackingError": 0.21279673469914864,
      "terminalYawRateTrackingError": 0.012433947168235992,
      "planarOvershootMps": 0.0,
      "yawRateOvershootRadPerSec": 0.0,
      "planarSettlingTimeSeconds": 2.0,
      "yawRateSettlingTimeSeconds": 0.2,
      "planarSettled": false,
      "yawRateSettled": true,
      "planarBraking": false
    },
    {
      "index": 2,
      "atStep": 500,
      "atSeconds": 10.0,
      "endStep": 650,
      "fromCommand": [
        0.2,
        0.0,
        0.0
      ],
      "toCommand": [
        0.12,
        0.0,
        0.25
      ],
      "sampleCount": 150,
      "peakPlanarTrackingError": 0.2227199738467581,
      "peakYawRateTrackingError": 0.46438942929095767,
      "terminalMeasuredMotion": [
        -0.008872634034574264,
        0.000519546546852083,
        -0.008258281295618355
      ],
      "terminalPlanarTrackingError": 0.12887368129926163,
      "terminalYawRateTrackingError": 0.25825828129561834,
      "planarOvershootMps": 0.22268001894352424,
      "yawRateOvershootRadPerSec": 0.0,
      "planarSettlingTimeSeconds": 3.0,
      "yawRateSettlingTimeSeconds": 3.0,
      "planarSettled": false,
      "yawRateSettled": false,
      "planarBraking": false
    },
    {
      "index": 3,
      "atStep": 650,
      "atSeconds": 13.0,
      "endStep": 800,
      "fromCommand": [
        0.12,
        0.0,
        0.25
      ],
      "toCommand": [
        0.0,
        0.15,
        0.0
      ],
      "sampleCount": 150,
      "peakPlanarTrackingError": 0.22477817595191996,
      "peakYawRateTrackingError": 0.24920518400777944,
      "terminalMeasuredMotion": [
        -0.009332517254720013,
        -0.0018210666459224333,
        -0.03184707974856081
      ],
      "terminalPlanarTrackingError": 0.1521076334567574,
      "terminalYawRateTrackingError": 0.03184707974856081,
      "planarOvershootMps": 0.0,
      "yawRateOvershootRadPerSec": 0.2487961509950002,
      "planarSettlingTimeSeconds": 3.0,
      "yawRateSettlingTimeSeconds": 0.2,
      "planarSettled": false,
      "yawRateSettled": true,
      "planarBraking": false
    },
    {
      "index": 4,
      "atStep": 800,
      "atSeconds": 16.0,
      "endStep": 900,
      "fromCommand": [
        0.0,
        0.15,
        0.0
      ],
      "toCommand": [
        0.0,
        0.0,
        0.0
      ],
      "sampleCount": 100,
      "peakPlanarTrackingError": 0.10819589681202121,
      "peakYawRateTrackingError": 0.2770893710122258,
      "terminalMeasuredMotion": [
        0.0035935521766698266,
        0.0038532528708454744,
        0.02933731150055322
      ],
      "terminalPlanarTrackingError": 0.00526888744737704,
      "terminalYawRateTrackingError": 0.02933731150055322,
      "planarOvershootMps": 0.06098361473266012,
      "yawRateOvershootRadPerSec": 0.0,
      "planarSettlingTimeSeconds": 0.2,
      "yawRateSettlingTimeSeconds": 0.2,
      "planarSettled": true,
      "yawRateSettled": true,
      "planarBraking": true
    }
  ],
  "maximumTransitionTerminalPlanarTrackingError": 0.21279673469914864,
  "maximumTransitionTerminalYawRateTrackingError": 0.25825828129561834,
  "maximumPlanarSettlingTimeSeconds": 3.0,
  "maximumPlanarBrakingSettlingTimeSeconds": 0.2,
  "maximumYawRateSettlingTimeSeconds": 3.0,
  "maximumPlanarOvershootMps": 0.22268001894352424,
  "maximumYawRateOvershootRadPerSec": 0.2487961509950002,
  "unsettledPlanarTransitionCount": 3,
  "unsettledYawRateTransitionCount": 1,
  "initialBasePosition": [
    0.7193737697930408,
    0.8838118072357726,
    0.061197604150918496
  ],
  "finalBasePosition": [
    0.6991661076433422,
    0.9023451593663745,
    0.05928360148363212
  ],
  "netDisplacement": [
    -0.020207662149698602,
    0.01853335213060192,
    -0.001914002667286377
  ],
  "targetPlanarDisplacement": [
    0.76,
    0.44999999999999996
  ],
  "forwardDisplacement": -0.007945601182527816,
  "targetDistance": 0.8832326986700617,
  "forwardProgress": 0.0,
  "signedForwardProgress": -0.008996045090373127,
  "backwardDisplacement": 0.007945601182527816,
  "meanForwardVelocity": -0.0007945601182527099,
  "lateralDrift": 0.02624313572348893,
  "distanceTraveled": 1.9989331878826855,
  "episodeInitialBasePosition": [
    0.0,
    0.0,
    0.44
  ],
  "mobilityMeasurementStartedAtSeconds": 8.0,
  "recoveryEvaluationStartedAtSeconds": 2.7,
  "missionStageDurationsSeconds": {
    "approach": 2.48,
    "impact": 0.16,