{
  "terms": {
    "survival": 10.0,
    "velocityTracking": 4.584273296477585,
    "forwardProgress": 0.0,
    "upright": 0.3770208018891641,
    "lateralDrift": -0.05248627144697786,
    "transitionTracking": 0.2518088948195913,
    "energy": -0.4221899680676415,
    "smoothness": -0.15250633366022873,
    "jointJerk": 0.0,
    "bodyAngularJerk": 0.0,
    "actionSlew": 0.0,
    "actuatorSaturation": -0.23333333333333334,
    "footSlip": 0.0,
    "footImpact": 0.0,
    "selfRighting": 0.0,
    "recoveryTime": -30.6,
    "jointLimitMargin": -0.004241505976545712,
    "componentMass": -3.115,
    "sensorChannels": -0.22,
    "trainingSteps": -0.0
  },
  "total": -19.586654419298384
}
