{
  "previous": {
    "assembly": "force-sensing",
    "controller": "force-aware-gait",
    "assemblyHash": "d89572552c790a7256a7fe23403e257b121aab1b617e4b133032638dcb972cea",
    "aggregateScore": 84.07506901465986,
    "cases": [
      {
        "case": {
          "id": "nominal",
          "task": "velocity-track",
          "scenario": "nominal",
          "seed": 42,
          "weight": 1
        },
        "metrics": {
          "durationSeconds": 2.999999999999891,
          "steps": 150,
          "survivalRate": 1,
          "fell": false,
          "meanVelocityTrackingError": 0.20014925657536645,
          "meanUpright": 0.9411826520466146,
          "meanEnergy": 1.1898567983456754,
          "meanSmoothness": 0.40129449658757127,
          "peakActuator": 6
        },
        "score": {
          "terms": {
            "survival": 50,
            "velocityTracking": 16.664593916485128,
            "upright": 18.823653040932292,
            "energy": -0.023797135966913508,
            "smoothness": -0.004012944965875713,
            "componentMass": -1.4275,
            "sensorChannels": -0.5,
            "trainingSteps": 0
          },
          "total": 83.53293687648463
        },
        "resultHash": "c4442136c28bb68791050f14cca22ade9f21e7a2fbbb3e7584d4f6e6c80b2ef6"
      },
      {
        "case": {
          "id": "low-friction",
          "task": "velocity-track",
          "scenario": "low-friction",
          "seed": 43,
          "weight": 1.2
        },
        "metrics": {
          "durationSeconds": 2.999999999999891,
          "steps": 150,
          "survivalRate": 1,
          "fell": false,
          "meanVelocityTrackingError": 0.20014925657536645,
          "meanUpright": 0.9411826520466146,
          "meanEnergy": 1.1898567983456754,
          "meanSmoothness": 0.40129449658757127,
          "peakActuator": 6
        },
        "score": {
          "terms": {
            "survival": 50,
            "velocityTracking": 16.664593916485128,
            "upright": 18.823653040932292,
            "energy": -0.023797135966913508,
            "smoothness": -0.004012944965875713,
            "componentMass": -1.4275,
            "sensorChannels": -0.5,
            "trainingSteps": 0
          },
          "total": 83.53293687648463
        },
        "resultHash": "161da7e48cb61816414fdfe697186c694a84cabfaa4d52c4275b09c62cadf5b3"
      },
      {
        "case": {
          "id": "lateral-push",
          "task": "stand",
          "scenario": "lateral-push",
          "seed": 44,
          "weight": 1.5
        },
        "metrics": {
          "durationSeconds": 2.0000000000000013,
          "steps": 100,
          "survivalRate": 1,
          "fell": false,
          "meanVelocityTrackingError": 0.0979450608870732,
          "meanUpright": 0.9323098898146401,
          "meanEnergy": 2.904361335665178,
          "meanSmoothness": 0.6262107921321286,
          "peakActuator": 6
        },
        "score": {
          "terms": {
            "survival": 50,
            "velocityTracking": 18.215847688992028,
            "upright": 18.646197796292803,
            "energy": -0.05808722671330356,
            "smoothness": -0.006262107921321286,
            "componentMass": -1.4275,
            "sensorChannels": -0.5,
            "trainingSteps": 0
          },
          "total": 84.8701961506502
        },
        "resultHash": "4cff6144a05165df523002f2dfd75bd28a30966c052c5843a0732deafffe4149"
      }
    ]
  },
  "candidate": {
    "assembly": "force-sensing",
    "controller": "force-aware-gait",
    "assemblyHash": "d89572552c790a7256a7fe23403e257b121aab1b617e4b133032638dcb972cea",
    "aggregateScore": 84.06800248672903,
    "cases": [
      {
        "case": {
          "id": "nominal",
          "task": "velocity-track",
          "scenario": "nominal",
          "seed": 42,
          "weight": 1
        },
        "metrics": {
          "durationSeconds": 2.999999999999891,
          "steps": 150,
          "survivalRate": 1,
          "fell": false,
          "meanVelocityTrackingError": 0.20127662877619387,
          "meanUpright": 0.9412833062619936,
          "meanEnergy": 1.1670520895880978,
          "meanSmoothness": 0.35286456027810176,
          "peakActuator": 6
        },
        "score": {
          "terms": {
            "survival": 50,
            "velocityTracking": 16.648954554601712,
            "upright": 18.825666125239874,
            "energy": -0.023341041791761958,
            "smoothness": -0.0035286456027810178,
            "componentMass": -1.4275,
            "sensorChannels": -0.5,
            "trainingSteps": 0
          },
          "total": 83.52025099244705
        },
        "resultHash": "a3f02fef2f946cacb73981668b7737a8b864f0a560ec63024056f75334e7db74"
      },
      {
        "case": {
          "id": "low-friction",
          "task": "velocity-track",
          "scenario": "low-friction",
          "seed": 43,
          "weight": 1.2
        },
        "metrics": {
          "durationSeconds": 2.999999999999891,
          "steps": 150,
          "survivalRate": 1,
          "fell": false,
          "meanVelocityTrackingError": 0.20127662877619387,
          "meanUpright": 0.9412833062619936,
          "meanEnergy": 1.1670520895880978,
          "meanSmoothness": 0.35286456027810176,
          "peakActuator": 6
        },
        "score": {
          "terms": {
            "survival": 50,
            "velocityTracking": 16.648954554601712,
            "upright": 18.825666125239874,
            "energy": -0.023341041791761958,
            "smoothness": -0.0035286456027810178,
            "componentMass": -1.4275,
            "sensorChannels": -0.5,
            "trainingSteps": 0
          },
          "total": 83.52025099244705
        },
        "resultHash": "019b57d6296ad8a920d22c0aacb59c02b183eed8d4834362f2d2d06ffff22344"
      },
      {
        "case": {
          "id": "lateral-push",
          "task": "stand",
          "scenario": "lateral-push",
          "seed": 44,
          "weight": 1.5
        },
        "metrics": {
          "durationSeconds": 2.0000000000000013,
          "steps": 100,
          "survivalRate": 1,
          "fell": false,
          "meanVelocityTrackingError": 0.09728876274880417,
          "meanUpright": 0.931824991781014,
          "meanEnergy": 2.941415877524044,
          "meanSmoothness": 0.5542922068777434,
          "peakActuator": 6
        },
        "score": {
          "terms": {
            "survival": 50,
            "velocityTracking": 18.22674274900825,
            "upright": 18.636499835620278,
            "energy": -0.05882831755048089,
            "smoothness": -0.005542922068777434,
            "componentMass": -1.4275,
            "sensorChannels": -0.5,
            "trainingSteps": 0
          },
          "total": 84.87137134500927
        },
        "resultHash": "b9a318b6b21538841605c64a3db69646287a8ae9192f7013554c8de83a199177"
      }
    ]
  },
  "delta": -0.007066527930831512,
  "gateReasons": []
}
