{
  "durationSeconds": 4.999999999999671,
  "steps": 250,
  "survivalRate": 1.0,
  "fell": false,
  "motionCommand": [
    0.25,
    0.0,
    0.0
  ],
  "meanMotionCommand": [
    0.25,
    0.0,
    0.0
  ],
  "meanMeasuredMotion": [
    0.096537357411323,
    -0.004376680744317824,
    -0.008477221351587664
  ],
  "planarVelocityTrackingError": 0.15352504031798103,
  "yawRateTrackingError": 0.008477221351587664,
  "meanVelocityTrackingError": 0.17157078111273436,
  "meanPlanarVelocityTrackingError": 0.16629609446470928,
  "meanYawRateTrackingError": 0.02718816256459657,
  "meanUpright": 0.9276134068987698,
  "meanAbsolutePitchRad": 0.14497178313789305,
  "minimumPitchRad": -0.33973604945333774,
  "maximumPitchRad": -0.01421465405307476,
  "maximumBackwardPitchRad": 0.33973604945333774,
  "maximumAbsolutePitchRad": 0.33973604945333774,
  "maximumAbsolutePitchRateRadPerSec": 2.880097759113263,
  "meanEnergy": 185.16129157038202,
  "meanSmoothness": 127.20703240538033,
  "peakActuator": 8.0,
  "motionCommandSchedule": [
    {
      "atStep": 0,
      "atSeconds": 0.0,
      "command": [
        0.25,
        0.0,
        0.0
      ]
    }
  ],
  "transitionCount": 0,
  "transitions": [],
  "maximumTransitionTerminalPlanarTrackingError": 0.0,
  "maximumTransitionTerminalYawRateTrackingError": 0.0,
  "maximumPlanarSettlingTimeSeconds": 0.0,
  "maximumPlanarBrakingSettlingTimeSeconds": 0.0,
  "maximumYawRateSettlingTimeSeconds": 0.0,
  "maximumPlanarOvershootMps": 0.0,
  "maximumYawRateOvershootRadPerSec": 0.0,
  "unsettledPlanarTransitionCount": 0,
  "unsettledYawRateTransitionCount": 0,
  "initialBasePosition": [
    0.0,
    0.0,
    0.44
  ],
  "finalBasePosition": [
    0.48273909111181273,
    -0.021766625146235927,
    0.4190220127375499
  ],
  "netDisplacement": [
    0.48273909111181273,
    -0.021766625146235927,
    -0.020977987262450093
  ],
  "targetPlanarDisplacement": [
    1.25,
    0.0
  ],
  "forwardDisplacement": 0.48273909111181273,
  "targetDistance": 1.25,
  "forwardProgress": 0.3861912728894502,
  "signedForwardProgress": 0.3861912728894502,
  "backwardDisplacement": 0.0,
  "meanForwardVelocity": 0.0965478182223689,
  "lateralDrift": 0.021766625146235927,
  "distanceTraveled": 0.5688643288671886
}
