{
  "terms": {
    "survival": 25.0,
    "velocityTracking": 17.071098325791638,
    "forwardProgress": 19.30956364447251,
    "upright": 13.914201103481547,
    "lateralDrift": -0.21766625146235927,
    "transitionTracking": 0.0,
    "energy": -1.8516129157038201,
    "smoothness": -0.6360351620269017,
    "componentMass": -1.5075,
    "sensorChannels": -5.3500000000000005,
    "trainingSteps": -0.0
  },
  "total": 65.73204874455261
}
