{
  "durationSeconds": 4.999999999999671,
  "steps": 250,
  "survivalRate": 1.0,
  "fell": false,
  "motionCommand": [
    0.25,
    0.0,
    0.0
  ],
  "meanMotionCommand": [
    0.25,
    0.0,
    0.0
  ],
  "meanMeasuredMotion": [
    0.12787806421483236,
    0.04771131027069304,
    -0.0033078778078724936
  ],
  "planarVelocityTrackingError": 0.13111116019493896,
  "yawRateTrackingError": 0.0033078778078724936,
  "meanVelocityTrackingError": 0.567518076345144,
  "meanPlanarVelocityTrackingError": 0.30162753449268204,
  "meanYawRateTrackingError": 0.37099234662436376,
  "meanUpright": 0.5400475133276773,
  "meanEnergy": 627.6919788756776,
  "meanSmoothness": 33.86780876053199,
  "peakActuator": 8.0,
  "motionCommandSchedule": [
    {
      "atStep": 0,
      "atSeconds": 0.0,
      "command": [
        0.25,
        0.0,
        0.0
      ]
    }
  ],
  "transitionCount": 0,
  "transitions": [],
  "maximumTransitionTerminalPlanarTrackingError": 0.0,
  "maximumTransitionTerminalYawRateTrackingError": 0.0,
  "maximumPlanarSettlingTimeSeconds": 0.0,
  "maximumPlanarBrakingSettlingTimeSeconds": 0.0,
  "maximumYawRateSettlingTimeSeconds": 0.0,
  "maximumPlanarOvershootMps": 0.0,
  "maximumYawRateOvershootRadPerSec": 0.0,
  "unsettledPlanarTransitionCount": 0,
  "unsettledYawRateTransitionCount": 0,
  "initialBasePosition": [
    0.0,
    0.0,
    0.44
  ],
  "finalBasePosition": [
    0.6442799362279614,
    0.23828605268134026,
    0.24707213690663665
  ],
  "netDisplacement": [
    0.6442799362279614,
    0.23828605268134026,
    -0.19292786309336335
  ],
  "targetPlanarDisplacement": [
    1.25,
    0.0
  ],
  "forwardDisplacement": 0.6442799362279614,
  "targetDistance": 1.25,
  "forwardProgress": 0.5154239489823691,
  "signedForwardProgress": 0.5154239489823691,
  "backwardDisplacement": 0.0,
  "meanForwardVelocity": 0.12885598724560077,
  "lateralDrift": 0.23828605268134026,
  "distanceTraveled": 1.3597083689072433
}
