{
  "terms": {
    "survival": 25.0,
    "velocityTracking": 12.759023517376205,
    "forwardProgress": 25.771197449118453,
    "upright": 8.10071269991516,
    "lateralDrift": -2.3828605268134027,
    "transitionTracking": 0.0,
    "energy": -6.276919788756776,
    "smoothness": -0.16933904380265996,
    "componentMass": -1.5075,
    "sensorChannels": -5.3500000000000005,
    "trainingSteps": -0.0
  },
  "total": 55.94431430703698
}
