{
  "durationSeconds": 18.000000000000902,
  "steps": 900,
  "survivalRate": 1.0,
  "fell": false,
  "motionCommand": [
    0.13111111111111284,
    0.02499999999999996,
    0.041666666666666664
  ],
  "meanMotionCommand": [
    0.13111111111111284,
    0.02499999999999996,
    0.041666666666666664
  ],
  "meanMeasuredMotion": [
    0.04250283265207277,
    0.010875616517720324,
    0.019767754128462028
  ],
  "planarVelocityTrackingError": 0.0897269481272448,
  "yawRateTrackingError": 0.021898912538204637,
  "meanVelocityTrackingError": 0.32686928159806156,
  "meanPlanarVelocityTrackingError": 0.21944141544710674,
  "meanYawRateTrackingError": 0.18298562526134476,
  "meanUpright": 0.8923066511670177,
  "meanAbsolutePitchRad": 0.2102268470867021,
  "minimumPitchRad": -0.6347069051786498,
  "maximumPitchRad": 1.0411296058614832,
  "maximumBackwardPitchRad": 0.6347069051786498,
  "maximumAbsolutePitchRad": 1.0411296058614832,
  "maximumAbsolutePitchRateRadPerSec": 5.6934438997790044,
  "meanBodyTiltRad": 0.21898946672176664,
  "maximumBodyTiltRad": 1.0411296064250561,
  "initialBodyTiltRad": 0.0,
  "minimumBodyTiltRad": 0.0,
  "finalBodyTiltRad": 0.11115190759111625,
  "finalBaseHeightM": 0.420082553890336,
  "selfRightingTask": true,
  "recoveryTriggered": true,
  "selfRightingSuccess": 1.0,
  "timeToStableStandSeconds": 5.479999999999401,
  "stableStandingDwellSeconds": 2.02,
  "finalStableStandingDwellSeconds": 0.0,
  "minimumJointLimitMarginRad": 0.02838196454511377,
  "disallowedCollisionSteps": 0,
  "meanEnergy": 166.45834629133256,
  "meanSmoothness": 111.60038021855391,
  "peakActuator": 8.0,
  "motionQualityFootEvidenceAvailable": true,
  "motionQualityContactThresholdNewton": 1.0,
  "meanJointJerkRadPerSec3": 18678.416568010834,
  "peakJointJerkRadPerSec3": 53950.942748760586,
  "meanBodyAngularJerkRadPerSec3": 1990.7126148814314,
  "peakBodyAngularJerkRadPerSec3": 14735.598911161858,
  "meanActionSlewRatePerSec": 403.7407789986735,
  "peakActionSlewRatePerSec": 800.0,
  "actuatorSaturationRate": 0.37240740740740735,
  "meanFootSlipSpeedMps": 0.05244476497710384,
  "peakFootSlipSpeedMps": 1.0807283034908644,
  "totalFootSlipDistanceM": 1.6541078873778543,
  "meanFootContactImpactNPerSec": 509.6648841187361,
  "peakFootContactImpactNPerSec": 14426.242001327671,
  "peakFootContactForceNewton": 288.5248400265534,
  "motionCommandSchedule": [
    {
      "atStep": 0,
      "atSeconds": 0.0,
      "command": [
        0.2,
        0.0,
        0.0
      ]
    },
    {
      "atStep": 400,
      "atSeconds": 8.0,
      "command": [
        0.2,
        0.0,
        0.0
      ]
    },
    {
      "atStep": 500,
      "atSeconds": 10.0,
      "command": [
        0.12,
        0.0,
        0.25
      ]
    },
    {
      "atStep": 650,
      "atSeconds": 13.0,
      "command": [
        0.0,
        0.15,
        0.0
      ]
    },
    {
      "atStep": 800,
      "atSeconds": 16.0,
      "command": [
        0.0,
        0.0,
        0.0
      ]
    }
  ],
  "transitionCount": 4,
  "transitions": [
    {
      "index": 1,
      "atStep": 400,
      "atSeconds": 8.0,
      "endStep": 500,
      "fromCommand": [
        0.2,
        0.0,
        0.0
      ],
      "toCommand": [
        0.2,
        0.0,
        0.0
      ],
      "sampleCount": 100,
      "peakPlanarTrackingError": 0.7957045051170968,
      "peakYawRateTrackingError": 0.5605975368562629,
      "terminalMeasuredMotion": [
        -0.0063247048457962295,
        0.0005559768485850706,
        0.024958349049192242
      ],
      "terminalPlanarTrackingError": 0.20632545393130994,
      "terminalYawRateTrackingError": 0.024958349049192242,
      "planarOvershootMps": 0.0,
      "yawRateOvershootRadPerSec": 0.0,
      "planarSettlingTimeSeconds": 2.0,
      "yawRateSettlingTimeSeconds": 0.26,
      "planarSettled": false,
      "yawRateSettled": true,
      "planarBraking": false
    },
    {
      "index": 2,
      "atStep": 500,
      "atSeconds": 10.0,
      "endStep": 650,
      "fromCommand": [
        0.2,
        0.0,
        0.0
      ],
      "toCommand": [
        0.12,
        0.0,
        0.25
      ],
      "sampleCount": 150,
      "peakPlanarTrackingError": 0.34165522458266606,
      "peakYawRateTrackingError": 0.7679919185388463,
      "terminalMeasuredMotion": [
        -0.0020579065082402897,
        0.016961818966944688,
        0.0761287063391566
      ],
      "terminalPlanarTrackingError": 0.12323082343245838,
      "terminalYawRateTrackingError": 0.17387129366084342,
      "planarOvershootMps": 0.3385856469276777,
      "yawRateOvershootRadPerSec": 0.3251436765698884,
      "planarSettlingTimeSeconds": 3.0,
      "yawRateSettlingTimeSeconds": 2.96,
      "planarSettled": false,
      "yawRateSettled": true,
      "planarBraking": false
    },
    {
      "index": 3,
      "atStep": 650,
      "atSeconds": 13.0,
      "endStep": 800,
      "fromCommand": [
        0.12,
        0.0,
        0.25
      ],
      "toCommand": [
        0.0,
        0.15,
        0.0
      ],
      "sampleCount": 150,
      "peakPlanarTrackingError": 0.2549676795793983,
      "peakYawRateTrackingError": 0.7622142765789911,
      "terminalMeasuredMotion": [
        0.04391668111904963,
        0.029550210167901915,
        -0.187528214499173
      ],
      "terminalPlanarTrackingError": 0.1282061884275049,
      "terminalYawRateTrackingError": 0.187528214499173,
      "planarOvershootMps": 0.07177315612784146,
      "yawRateOvershootRadPerSec": 0.7622142765789911,
      "planarSettlingTimeSeconds": 3.0,
      "yawRateSettlingTimeSeconds": 2.5,
      "planarSettled": false,
      "yawRateSettled": true,
      "planarBraking": false
    },
    {
      "index": 4,
      "atStep": 800,
      "atSeconds": 16.0,
      "endStep": 900,
      "fromCommand": [
        0.0,
        0.15,
        0.0
      ],
      "toCommand": [
        0.0,
        0.0,
        0.0
      ],
      "sampleCount": 100,
      "peakPlanarTrackingError": 0.25151724939229864,
      "peakYawRateTrackingError": 0.8520707350420555,
      "terminalMeasuredMotion": [
        -0.04800820696576012,
        -0.025454171087635213,
        -0.03868335964173212
      ],
      "terminalPlanarTrackingError": 0.05433877769904163,
      "terminalYawRateTrackingError": 0.03868335964173212,
      "planarOvershootMps": 0.08184947441850154,
      "yawRateOvershootRadPerSec": 0.0,
      "planarSettlingTimeSeconds": 0.76,
      "yawRateSettlingTimeSeconds": 0.24,
      "planarSettled": true,
      "yawRateSettled": true,
      "planarBraking": true
    }
  ],
  "maximumTransitionTerminalPlanarTrackingError": 0.20632545393130994,
  "maximumTransitionTerminalYawRateTrackingError": 0.187528214499173,
  "maximumPlanarSettlingTimeSeconds": 3.0,
  "maximumPlanarBrakingSettlingTimeSeconds": 0.76,
  "maximumYawRateSettlingTimeSeconds": 2.96,
  "maximumPlanarOvershootMps": 0.3385856469276777,
  "maximumYawRateOvershootRadPerSec": 0.7622142765789911,
  "unsettledPlanarTransitionCount": 3,
  "unsettledYawRateTransitionCount": 0,
  "initialBasePosition": [
    1.0179830559280731,
    0.14308442119829026,
    0.47629785310774786
  ],
  "finalBasePosition": [
    0.774772687080099,
    0.19375676761726374,
    0.420082553890336
  ],
  "netDisplacement": [
    -0.2432103688479741,
    0.050672346418973474,
    -0.05621529921741186
  ],
  "targetPlanarDisplacement": [
    0.76,
    0.44999999999999996
  ],
  "forwardDisplacement": -0.18345938129318798,
  "targetDistance": 0.8832326986700617,
  "forwardProgress": 0.0,
  "signedForwardProgress": -0.20771352959354217,
  "backwardDisplacement": 0.18345938129318798,
  "meanForwardVelocity": -0.018345938129317143,
  "lateralDrift": 0.16751604586514313,
  "distanceTraveled": 2.9676300726447966,
  "episodeInitialBasePosition": [
    0.0,
    0.0,
    0.44
  ],
  "mobilityMeasurementStartedAtSeconds": 8.0,
  "recoveryEvaluationStartedAtSeconds": 2.7,
  "missionStageDurationsSeconds": {
    "approach": 2.48,