{
  "count": 8192.000100000001,
  "mean": [
    0.2773301805798559,
    -0.5134017806378632,
    0.282665421135326,
    -0.5087957397374159,
    0.2518137571383955,
    -0.5575164509083509,
    0.2546010858855627,
    -0.556995434846506,
    -0.0028540615847828087,
    0.04737982855695638,
    -0.004456125483392336,
    0.052196674729748344,
    0.05273902387262235,
    0.013267859057385999,
    0.05104180398604078,
    0.021441523614793432,
    0.4210261389408377,
    0.9900013661412467,
    -0.0025192727976361146,
    -0.07377883816261697,
    -0.0018954551289771231,
    0.07089238497717344,
    0.004153387166433638,
    -0.004384098874668761,
    -0.0067709814119544035,
    -0.10916290284273113,
    -0.0005714085201114807,
    -0.006770411954371354,
    -0.11378944945555884,
    -0.0007620159421371602,
    1.4097139168344135,
    -0.07431133251711106,
    10.223019955888752,
    12.220049235621602,
    10.938477007609034,
    18.466502430367502,
    18.53500385206483
  ],
  "variance": [
    0.01870260305225437,
    0.009478780046492089,
    0.019151885421780295,
    0.00944336201601966,
    0.013923126413723078,
    0.01117026600656966,
    0.012136945172383147,
    0.011029889167193089,
    5.645566579976515,
    15.143480680282872,
    5.73235209442808,
    15.3274052682153,
    3.1261569152890707,
    6.433560661923903,
    3.136309274728313,
    6.359180503951913,
    0.0006046533863054215,
    0.0030789145015222737,
    0.000280021434334468,
    0.009374256451068116,
    0.0017124959861544958,
    0.07852294223846756,
    0.0051988988691683115,
    0.011031211496324836,
    0.028151526733078483,
    0.5000103498883572,
    0.02234820232747704,
    0.02769474143113099,
    0.4801812990197116,
    0.02231320860806688,
    15.440586461395654,
    5.873270464579399,
    55.1061019612476,
    308.03833092685875,
    278.08984983424693,
    332.8261241473402,
    318.52524078493707
  ]
}
