{
  "durationSeconds": 14.000000000001345,
  "steps": 700,
  "survivalRate": 1.0,
  "fell": false,
  "motionCommand": [
    0.20000000000000084,
    0.0,
    0.0
  ],
  "meanMotionCommand": [
    0.20000000000000084,
    0.0,
    0.0
  ],
  "meanMeasuredMotion": [
    0.09018706786727622,
    -0.008824484253429134,
    -0.011870185091933591
  ],
  "planarVelocityTrackingError": 0.11016692600742477,
  "yawRateTrackingError": 0.011870185091933591,
  "meanVelocityTrackingError": 0.3137471792386114,
  "meanPlanarVelocityTrackingError": 0.25646991066024255,
  "meanYawRateTrackingError": 0.11062608382132925,
  "meanUpright": 0.8802311885880977,
  "meanAbsolutePitchRad": 0.23479470067133565,
  "minimumPitchRad": -0.6347068903185646,
  "maximumPitchRad": 1.0411296058620785,
  "maximumBackwardPitchRad": 0.6347068903185646,
  "maximumAbsolutePitchRad": 1.0411296058620785,
  "maximumAbsolutePitchRateRadPerSec": 5.693444375371632,
  "meanBodyTiltRad": 0.24414551722931,
  "maximumBodyTiltRad": 1.0411296064256514,
  "initialBodyTiltRad": 0.0,
  "minimumBodyTiltRad": 0.0,
  "finalBodyTiltRad": 0.09520661271726426,
  "finalBaseHeightM": 0.42091157517182304,
  "selfRightingTask": true,
  "recoveryTriggered": true,
  "selfRightingSuccess": 1.0,
  "timeToStableStandSeconds": 5.479999999999401,
  "stableStandingDwellSeconds": 1.98,
  "finalStableStandingDwellSeconds": 0.0,
  "minimumJointLimitMarginRad": 0.02838196425104844,
  "disallowedCollisionSteps": 0,
  "meanEnergy": 152.92927057153193,
  "meanSmoothness": 98.52192169239093,
  "peakActuator": 8.0,
  "motionQualityFootEvidenceAvailable": true,
  "motionQualityContactThresholdNewton": 1.0,
  "meanJointJerkRadPerSec3": 16991.77294506964,
  "peakJointJerkRadPerSec3": 53950.942805875675,
  "meanBodyAngularJerkRadPerSec3": 1477.125496991474,
  "peakBodyAngularJerkRadPerSec3": 14735.6048709821,
  "meanActionSlewRatePerSec": 363.99121011749935,
  "peakActionSlewRatePerSec": 800.0,
  "actuatorSaturationRate": 0.35678571428571426,
  "meanFootSlipSpeedMps": 0.053519777052080164,
  "peakFootSlipSpeedMps": 1.0807284712338092,
  "totalFootSlipDistanceM": 1.4428931893240833,
  "meanFootContactImpactNPerSec": 383.71926690293117,
  "peakFootContactImpactNPerSec": 14426.248313876285,
  "peakFootContactForceNewton": 288.5249662775257,
  "motionCommandSchedule": [
    {
      "atStep": 0,
      "atSeconds": 0.0,
      "command": [
        0.2,
        0.0,
        0.0
      ]
    }
  ],
  "transitionCount": 0,
  "transitions": [],
  "maximumTransitionTerminalPlanarTrackingError": 0.0,
  "maximumTransitionTerminalYawRateTrackingError": 0.0,
  "maximumPlanarSettlingTimeSeconds": 0.0,
  "maximumPlanarBrakingSettlingTimeSeconds": 0.0,
  "maximumYawRateSettlingTimeSeconds": 0.0,
  "maximumPlanarOvershootMps": 0.0,
  "maximumYawRateOvershootRadPerSec": 0.0,
  "unsettledPlanarTransitionCount": 0,
  "unsettledYawRateTransitionCount": 0,
  "initialBasePosition": [
    1.017983065972739,
    -0.14308443248699398,
    0.4762978460770211
  ],
  "finalBasePosition": [
    1.2593560554340335,
    -0.12671528778714725,
    0.42091157517182304
  ],
  "netDisplacement": [
    0.2413729894612946,
    0.016369144699846738,
    -0.05538627090519804
  ],
  "targetPlanarDisplacement": [
    1.2000000000000002,
    0.0
  ],
  "forwardDisplacement": 0.2413729894612946,
  "targetDistance": 1.2000000000000002,
  "forwardProgress": 0.20114415788441214,
  "signedForwardProgress": 0.20114415788441214,
  "backwardDisplacement": 0.0,
  "meanForwardVelocity": 0.04022883157687342,
  "lateralDrift": 0.016369144699846738,
  "distanceTraveled": 2.9965243270968163,
  "episodeInitialBasePosition": [
    0.0,
    0.0,
    0.44
  ],
  "mobilityMeasurementStartedAtSeconds": 8.0,
  "recoveryEvaluationStartedAtSeconds": 2.7,
  "missionStageDurationsSeconds": {
    "approach": 2.48,
    "disturbance": 0.18,
    "post-disturbance": 0.02,
    "recovery": 5.96,
    "resume": 5.36
  }
}
