{
  "terms": {
    "survival": 10.0,
    "velocityTracking": 3.0447258522893423,
    "forwardProgress": 4.022883157688243,
    "upright": 1.7604623771761954,
    "lateralDrift": -0.032738289399693477,
    "transitionTracking": 1.0,
    "energy": -0.3058585411430639,
    "smoothness": -0.09852192169239093,
    "jointJerk": 0.0,
    "bodyAngularJerk": 0.0,
    "actionSlew": 0.0,
    "actuatorSaturation": -0.17839285714285713,
    "footSlip": 0.0,
    "footImpact": 0.0,
    "selfRighting": 100.0,
    "recoveryTime": -10.959999999998802,
    "jointLimitMargin": 0.05676392850209688,
    "componentMass": -3.015,
    "sensorChannels": -2.14,
    "trainingSteps": -0.0
  },
  "total": 103.15432370627907
}
