{
  "durationSeconds": 4.999999999999671,
  "steps": 250,
  "survivalRate": 1.0,
  "fell": false,
  "motionCommand": [
    -0.15,
    0.0,
    0.0
  ],
  "meanMeasuredMotion": [
    -0.05072343778140451,
    1.2941030970042892e-16,
    -7.293088435757045e-17
  ],
  "planarVelocityTrackingError": 0.09927656221859549,
  "yawRateTrackingError": 7.293088435757045e-17,
  "meanVelocityTrackingError": 0.1265914833081841,
  "meanPlanarVelocityTrackingError": 0.1265914833081841,
  "meanYawRateTrackingError": 4.487849600540528e-15,
  "meanUpright": 0.9454798699561151,
  "meanEnergy": 196.53605886792053,
  "meanSmoothness": 140.28578123181197,
  "peakActuator": 8.0,
  "initialBasePosition": [
    0.0,
    0.0,
    0.44
  ],
  "finalBasePosition": [
    -0.25139999011963204,
    5.935402436482548e-16,
    0.41882161812335156
  ],
  "netDisplacement": [
    -0.25139999011963204,
    5.935402436482548e-16,
    -0.021178381876648444
  ],
  "forwardDisplacement": 0.25139999011963204,
  "targetDistance": 0.75,
  "forwardProgress": 0.3351999868261761,
  "meanForwardVelocity": 0.05027999802392971,
  "lateralDrift": 5.935402436482548e-16,
  "distanceTraveled": 0.40017165400036686
}
