{
  "terms": {
    "survival": 30.0,
    "velocityTracking": 26.628995908886495,
    "forwardProgress": 8.379999670654401,
    "upright": 14.182198049341727,
    "lateralDrift": -5.935402436482549e-15,
    "energy": -0.9826802943396027,
    "smoothness": -0.14028578123181196,
    "componentMass": -1.2060000000000002,
    "sensorChannels": -1.07,
    "trainingSteps": -0.0
  },
  "total": 75.7922275533112
}
