{
  "terms": {
    "survival": 30.0,
    "velocityTracking": 20.488709397470995,
    "forwardProgress": 25.0,
    "upright": 14.393896309255487,
    "lateralDrift": -1.0709646359984915,
    "energy": -1.0462977674537195,
    "smoothness": -0.1457607271442608,
    "componentMass": -1.2060000000000002,
    "sensorChannels": -1.07,
    "trainingSteps": -0.0
  },
  "total": 85.34358257613
}
