{
  "count": 4096.0001,
  "mean": [
    0.2559561339269121,
    -0.5069769765822847,
    0.26719125458079324,
    -0.5007822295058113,
    0.2703521645587803,
    -0.5333298516157222,
    0.28508777366663135,
    -0.5287122311851716,
    0.037661100179069144,
    0.0865707060619365,
    0.04122436065159625,
    0.08659930397374406,
    0.04083992807985235,
    0.0761444962471414,
    0.04529084180782879,
    0.07643348982481543,
    0.4286834830969522,
    0.9985570760283605,
    -0.002883721248590421,
    -0.05220816480577718,
    -0.0014645932262350653,
    0.004910016738217435,
    0.0006036000190831565,
    0.0027865208505511536,
    -0.000936086440150688,
    -0.03568899897591985,
    -0.0024886361622345255,
    -0.0009233311946559643,
    -0.035127320863614385,
    -0.0024833336019237638,
    0.8533101966958184,
    -0.04985928632057808,
    9.826926333002527,
    12.848391561004622,
    10.191992164240947,
    15.85332802174568,
    16.5317505229079
  ],
  "variance": [
    0.0004582714213940984,
    0.0010364759089271343,
    0.0005562417275476761,
    0.0011370668933576667,
    0.0006611445299353412,
    0.0009706303336239728,
    0.00035339714099671146,
    0.0009656589361725027,
    0.11657984211871933,
    0.4678069369160057,
    0.10941893950525632,
    0.4908997187999434,
    0.15476377060565627,
    0.3499219787512921,
    0.15123264713193285,
    0.36144056334304475,
    5.802278060143831e-06,
    1e-06,
    9.916542027843649e-05,
    3.47608515772588e-05,
    1.354665140847184e-05,
    0.003390992256198093,
    0.0031653820281282493,
    0.0006898808560928122,
    0.016181628781827138,
    0.11068377981874401,
    0.0003603868900115799,
    0.016036146312094324,
    0.1040537343053119,
    0.00035444980737817496,
    4.678527408806308,
    1.0985320062987716,
    4.993976630419514,
    70.40359517770644,
    74.68200932037063,
    38.56940289757756,
    38.50760726303366
  ]
}
