{
  "count": 4096.0001,
  "mean": [
    0.19326870849187971,
    0.40601535539343386,
    -0.3616327618012845,
    -0.13748221046889053,
    0.4037449365528793,
    -0.37443606998102585,
    0.17100100911761712,
    0.3740119940408534,
    -0.49208897626356807,
    -0.17692968948404217,
    0.40194772016872543,
    -0.494454814520397,
    -0.02824344724439775,
    0.07036339922712781,
    0.05992597866651223,
    -0.014358620964303171,
    0.043899809190502063,
    0.06485889194717151,
    -0.009457496189681036,
    0.016376353733259047,
    0.06092217831213268,
    -0.004097192900151867,
    0.0881852089410551,
    -0.007220695568476852,
    0.4124509508586516,
    0.9504924396335694,
    -0.00047034836202090093,
    -0.0108136510824185,
    -0.009388565660462927,
    0.09564996497353463,
    0.08482831980370596,
    -0.01965015573458241,
    0.06733983669705937,
    0.0849380500198657,
    0.12091260496610397,
    0.06658110613294475,
    0.07303120861174268,
    0.121602608098873,
    0.9302563461114076,
    0.1924985076548764,
    9.62139170001991,
    0.4070839190200563,
    -0.7221201978930114,
    -0.3422500671312438,
    -0.5103734501667054,
    -0.6120524836451711,
    -0.20537776033637048,
    0.284755297662288,
    -0.010785154418943595,
    0.8315235065178614,
    -0.3979387438841319,
    0.14760673520216808,
    0.9181909387922939,
    0.4169252113401847,
    -0.7438036449213632,
    -0.3188131249835812,
    -0.5043025791032156,
    -0.6387444825127534,
    -0.18574779452262288,
    0.2903484485835736,
    -0.024193032269134267,
    0.8432414951084031,
    -0.38657776052072945,
    0.11675094710618904,
    0.9494393853982428,
    0.42650273403014966,
    -0.7321712867828549,
    -0.32847003120316454,
    -0.4963853283206288,
    -0.6392523004678027,
    -0.19746517810275238,
    0.3022365932822537,
    -0.0038104503239210583,
    0.8270061110840505,
    -0.3836002996229234,
    0.11966185523031227,
    0.9494394434894885,
    0.43345364875296255,
    -0.7588360743845333,
    -0.3050325052326752,
    -0.49274013471930267,
    -0.6624560366545075,
    -0.1783530335650289,
    0.3099621734635168,
    -0.006013942193989845,
    0.8348192636340095,
    -0.37927793376892566,
    0.09062334018242219,
    0.9782533752262667,
    0.39814635728097486,
    -0.7229316473289956,
    -0.3333517300932564,
    -0.503699569826126,
    -0.6079864420227681,
    -0.19893076507059268,
    0.27998705527215717,
    0.010218340271606851,
    0.8174025908997612,
    -0.412012177448012,
    0.1315822728019976,
    0.9204028908546324,
    0.395318819305877,
    -0.7384128338944004,
    -0.32191935275083644,
    -0.5147524937500761,
    -0.62751736977399,
    -0.18676772182151782,
    0.27506244624118364,
    -0.014594719072852943,
    0.8454952391061048,
    -0.41035291603287866,
    0.12416304605917348,
    0.9282146240690214,
    0.40128541144561225,
    -0.7225482117353583,
    -0.34420243491832686,
    -0.5214964029654463,
    -0.6186971475387302,
    -0.2078672393014194,
    0.28007596972757914,
    -0.003150751421274146,
    0.8429945676812509,
    -0.40745173705863896,
    0.14754233666332378,
    0.9084245640832277,
    0.4095905749076216,
    -0.7397838529151302,
    -0.3246719283577282,
    -0.5174098602634006,
    -0.6396296579885308,
    -0.19558527157578023,
    0.28577264238737704,
    -0.017072046432281884,
    0.8586193922111398,
    -0.3967217821241629,
    0.1294269703256267,
    0.9357675937361536,
    1.352050748240949,
    0.24999999389648467,
    0.0,
    0.0,
    14.790999522932566,
    16.716637266573507,
    15.127936014101179,
    15.073234771476484
  ],
  "variance": [
    0.03721191500523612,
    0.04665140814355677,
    0.0739309027178836,
    0.04719291509055562,
    0.04868249594972703,
    0.07614353956154728,
    0.03225807755348083,
    0.056730544219860575,
    0.07161322573238185,
    0.03338111883061268,
    0.05612182791867614,
    0.07039755734247533,
    16.487927799758992,
    31.383691750269023,
    65.32643200668349,
    14.357179505549087,
    28.795182818892435,
    63.594736782220316,
    18.15551554907828,
    29.13179006103857,
    64.24732163029053,
    18.244119421532563,
    32.99345994065939,
    61.094501680237194,
    0.0017208950553008523,
    0.023811975994743415,
    0.005926734390012271,
    0.014279158335292728,
    0.05234102556170025,
    0.08395162600013953,
    0.043844361574639334,
    0.05012274538701165,
    5.223364873537039,
    1.8386449821426065,
    1.3227043751307925,
    5.087817016811163,
    1.7539332745838483,
    1.3033380725198143,
    61.57258433826933,
    65.47293176034839,
    161.17336412037625,
    22.839087023401124,
    50.20661971334498,
    56.254640056310116,
    22.437017400169218,
    50.204548813287154,
    56.00769336894541,
    23.789914195726755,
    51.72851202362613,
    54.42022357735926,
    24.25024149888956,
    50.94789785149955,
    53.041652402320075,
    22.971830312267354,
    50.440605549787456,
    56.55136329514864,
    22.575041346737965,
    50.44371071826808,
    56.25320761759763,
    23.916124980920667,
    51.948842861023785,
    54.681826864715426,
    24.370327733110926,
    51.231314264423816,
    53.264517008746594,
    23.09469144351162,
    50.737655480896514,
    56.81075484662111,
    22.72528649510632,
    50.60869913424768,
    56.529933756699066,
    24.052137195825626,
    52.2199903142586,
    54.86547168667102,
    24.51903460522437,
    51.497038205809446,
    53.54575647436487,
    23.216112007631448,
    50.97015989974881,
    57.10682302551371,
    22.867418843943913,
    50.85621900951875,
    56.77181964608416,
    24.168609141800637,
    52.39130938441909,
    55.133699379539934,
    24.64070513656239,
    51.764852158304926,
    53.7567621367589,
    22.543042762620935,
    49.83327830624687,
    55.856044304810176,
    22.135370787388133,
    49.8317486216568,
    55.64437611718028,
    23.414675032992147,
    51.3205193716906,
    54.05587372730416,
    23.886109912014618,
    50.568128625325976,
    52.624974634941246,
    22.652561778624097,
    50.062138358972035,
    56.14053714312141,
    22.254099070374792,
    50.088852649566014,
    55.89192567265379,
    23.54351620608632,
    51.56595808771295,
    54.26062716068473,
    24.01401937144098,
    50.845283569043744,
    52.891752168516646,
    22.75230712276334,
    50.360417285261946,
    56.3939080302941,
    22.320606141019162,
    50.253463020071194,
    56.139722277521315,
    23.66664073338357,
    51.843310330058024,
    54.43200238178135,
    24.128546048382777,
    51.093926409010685,
    53.20010651066219,
    22.840863910818314,
    50.601292373629285,
    56.688204861142076,
    22.438744040896488,
    50.493982435018474,
    56.348567307374275,
    23.79305896254023,
    52.014356578819516,
    54.68664565929516,
    24.266054367646408,
    51.35399611981842,
    53.430906143634644,
    2.228111043317988,
    1e-06,
    1e-06,
    1e-06,
    685.1509310787121,
    1246.9936773857394,
    1163.1246886806,
    880.3626410674046
  ]
}
