{
  "terms": {
    "survival": 30.0,
    "velocityTracking": 16.394385980829682,
    "forwardProgress": 8.4635174402651,
    "upright": 10.320114761864858,
    "lateralDrift": -1.396718299605786e-10,
    "transitionTracking": 8.245996221529472,
    "energy": -2.9991557410514993,
    "smoothness": -0.029032627354660726,
    "componentMass": -1.2060000000000002,
    "sensorChannels": -1.07,
    "trainingSteps": -0.0
  },
  "total": 68.11982603594328
}
