{
  "durationSeconds": 4.999999999999671,
  "steps": 250,
  "survivalRate": 1.0,
  "fell": false,
  "meanVelocityTrackingError": 0.46657325607626776,
  "meanUpright": 0.6757590444269929,
  "meanEnergy": 591.083985794381,
  "meanSmoothness": 28.228588069116533,
  "peakActuator": 8.0,
  "initialBasePosition": [
    0.0,
    0.0,
    0.44
  ],
  "finalBasePosition": [
    0.4427503945939782,
    -1.7894963352473832e-11,
    0.25640507474907837
  ],
  "netDisplacement": [
    0.4427503945939782,
    -1.7894963352473832e-11,
    -0.18359492525092164
  ],
  "forwardDisplacement": 0.4427503945939782,
  "targetDistance": 1.25,
  "forwardProgress": 0.35420031567518256,
  "meanForwardVelocity": 0.08855007891880146,
  "lateralDrift": 1.7894963352473832e-11,
  "distanceTraveled": 1.1146534463858357
}
