{
  "terms": {
    "survival": 25.0,
    "velocityTracking": 10.227924133930845,
    "forwardProgress": 14.168012627007302,
    "upright": 10.136385666404893,
    "lateralDrift": -1.7894963352473833e-10,
    "energy": -5.9108398579438095,
    "smoothness": -0.14114294034558267,
    "componentMass": -1.5075,
    "sensorChannels": -5.3500000000000005,
    "trainingSteps": -0.0
  },
  "total": 46.6228396288747
}
