{
  "count": 8192.000100000001,
  "mean": [
    0.20125635478319126,
    0.43120085164254923,
    -0.32816947964522225,
    -0.20420914939645704,
    0.4343991862936885,
    -0.3257138045618287,
    0.18273254914156678,
    0.3047474510207094,
    -0.49636621365945705,
    -0.18934253237531812,
    0.3044588719905353,
    -0.4984105231210679,
    0.011909762555333072,
    0.045779419467205776,
    0.07809486896614724,
    -0.016534088408542362,
    0.05553863971443722,
    0.07193640432204639,
    0.009037801972279795,
    0.008848318209052115,
    0.044982025829380136,
    -0.008874306304857948,
    0.0098713529659992,
    0.04706600664636928,
    0.3332717269267079,
    0.8823398006947487,
    -0.015449199853737482,
    0.29167871185481503,
    0.0421527048142357,
    0.17010875689885713,
    0.007372547337811234,
    -0.04163225573338484,
    0.008707817629938502,
    0.35212092741449186,
    0.041497092667510685,
    0.00856138350716663,
    0.34439087394555956,
    0.04084659551737355,
    -4.335851565866121,
    0.04953189240827342,
    5.552152027254264,
    12.36660789169078,
    12.328095044060028,
    5.867859709316012,
    5.396229475312903
  ],
  "variance": [
    0.008043045838080356,
    0.02164978608383261,
    0.02624944564801163,
    0.007899032214449833,
    0.023063961435009977,
    0.026244361581893617,
    0.0044246880757247056,
    0.015097677769458907,
    0.013098159993759509,
    0.0035299088946121157,
    0.01477734389770447,
    0.0126742631876611,
    3.6034357926285057,
    10.786071550776017,
    26.579971546165794,
    3.4045865870731875,
    10.918342941620415,
    26.363039809521474,
    4.925459754094397,
    13.28299233833636,
    27.308259859861813,
    4.970298566971724,
    13.667023414529472,
    27.4574040488326,
    0.006592562986743954,
    0.02038606608082456,
    0.003935758666655088,
    0.09522080761957614,
    0.014827553376409612,
    0.0757746800135789,
    0.011297390895179046,
    0.03620964445359779,
    1.1789672930453168,
    1.4070096815505428,
    0.14606201837756444,
    1.119563041396413,
    1.3445346123605002,
    0.1427335011113615,
    75.94581034035663,
    12.938848675985188,
    91.63689132770644,
    255.83298894366757,
    268.31938296736973,
    251.22294971028617,
    202.3069175738775
  ]
}
