{
  "durationSeconds": 4.999999999999671,
  "steps": 250,
  "survivalRate": 1.0,
  "fell": false,
  "motionCommand": [
    0.25,
    0.0,
    0.0
  ],
  "meanMotionCommand": [
    0.25,
    0.0,
    0.0
  ],
  "meanMeasuredMotion": [
    0.07410996831035846,
    1.579254492558551e-13,
    8.722707259196432e-14
  ],
  "planarVelocityTrackingError": 0.17589003168964154,
  "yawRateTrackingError": 8.722707259196432e-14,
  "meanVelocityTrackingError": 0.1786127620915702,
  "meanPlanarVelocityTrackingError": 0.1786127620915702,
  "meanYawRateTrackingError": 7.748853189812963e-13,
  "meanUpright": 0.9331532826729674,
  "meanAbsolutePitchRad": 0.13383271006314232,
  "minimumPitchRad": -0.23684998377109065,
  "maximumPitchRad": -0.013754581943502462,
  "maximumBackwardPitchRad": 0.23684998377109065,
  "maximumAbsolutePitchRad": 0.23684998377109065,
  "maximumAbsolutePitchRateRadPerSec": 2.6160996654429307,
  "meanEnergy": 186.217815441413,
  "meanSmoothness": 128.56231811397046,
  "peakActuator": 8.0,
  "motionCommandSchedule": [
    {
      "atStep": 0,
      "atSeconds": 0.0,
      "command": [
        0.25,
        0.0,
        0.0
      ]
    }
  ],
  "transitionCount": 0,
  "transitions": [],
  "maximumTransitionTerminalPlanarTrackingError": 0.0,
  "maximumTransitionTerminalYawRateTrackingError": 0.0,
  "maximumPlanarSettlingTimeSeconds": 0.0,
  "maximumPlanarBrakingSettlingTimeSeconds": 0.0,
  "maximumYawRateSettlingTimeSeconds": 0.0,
  "maximumPlanarOvershootMps": 0.0,
  "maximumYawRateOvershootRadPerSec": 0.0,
  "unsettledPlanarTransitionCount": 0,
  "unsettledYawRateTransitionCount": 0,
  "initialBasePosition": [
    0.0,
    0.0,
    0.44
  ],
  "finalBasePosition": [
    0.3695817417900042,
    7.845791586545396e-13,
    0.4187305836728462
  ],
  "netDisplacement": [
    0.3695817417900042,
    7.845791586545396e-13,
    -0.02126941632715379
  ],
  "targetPlanarDisplacement": [
    1.25,
    0.0
  ],
  "forwardDisplacement": 0.3695817417900042,
  "targetDistance": 1.25,
  "forwardProgress": 0.2956653934320034,
  "signedForwardProgress": 0.2956653934320034,
  "backwardDisplacement": 0.0,
  "meanForwardVelocity": 0.0739163483580057,
  "lateralDrift": 7.845791586545396e-13,
  "distanceTraveled": 0.45635515333302623
}
