{
  "terms": {
    "survival": 30.0,
    "velocityTracking": 24.061242190902593,
    "forwardProgress": 12.867623674949765,
    "upright": 9.650054432161326,
    "lateralDrift": -0.21711320006003254,
    "transitionTracking": 0.0,
    "energy": -0.9754105052318651,
    "smoothness": -0.13252503591277634,
    "componentMass": -1.2060000000000002,
    "sensorChannels": -1.07,
    "trainingSteps": -0.0
  },
  "total": 72.977871556809
}
