{
  "previous": {
    "assembly": "force-sensing",
    "controller": "force-residual-trot",
    "assemblyHash": "d89572552c790a7256a7fe23403e257b121aab1b617e4b133032638dcb972cea",
    "aggregateScore": 84.23980305153188,
    "cases": [
      {
        "case": {
          "id": "nominal",
          "task": "velocity-track",
          "scenario": "nominal",
          "seed": 42,
          "weight": 1
        },
        "metrics": {
          "durationSeconds": 2.999999999999891,
          "steps": 150,
          "survivalRate": 1,
          "fell": false,
          "meanVelocityTrackingError": 0.19192643860488035,
          "meanUpright": 0.9484631494003065,
          "meanEnergy": 1.680469269997711,
          "meanSmoothness": 0.4698406931288186,
          "peakActuator": 6
        },
        "score": {
          "terms": {
            "survival": 50,
            "velocityTracking": 16.77955899980664,
            "upright": 18.96926298800613,
            "energy": -0.03360938539995422,
            "smoothness": -0.004698406931288186,
            "componentMass": -1.4275,
            "sensorChannels": -0.5,
            "trainingSteps": -0.02048
          },
          "total": 83.76253419548152
        },
        "resultHash": "5d10f844be40b8cbb6ff59f985c7a07ec52f8dbc857a9b3b0db226739fe50f0c"
      },
      {
        "case": {
          "id": "low-friction",
          "task": "velocity-track",
          "scenario": "low-friction",
          "seed": 43,
          "weight": 1.2
        },
        "metrics": {
          "durationSeconds": 2.999999999999891,
          "steps": 150,
          "survivalRate": 1,
          "fell": false,
          "meanVelocityTrackingError": 0.19192643860488035,
          "meanUpright": 0.9484631494003065,
          "meanEnergy": 1.680469269997711,
          "meanSmoothness": 0.4698406931288186,
          "peakActuator": 6
        },
        "score": {
          "terms": {
            "survival": 50,
            "velocityTracking": 16.77955899980664,
            "upright": 18.96926298800613,
            "energy": -0.03360938539995422,
            "smoothness": -0.004698406931288186,
            "componentMass": -1.4275,
            "sensorChannels": -0.5,
            "trainingSteps": -0.02048
          },
          "total": 83.76253419548152
        },
        "resultHash": "8f626e03b442b0c02796e9506dc4c08a50d4affccf7cb2e902e5b922dccaef5a"
      },
      {
        "case": {
          "id": "lateral-push",
          "task": "stand",
          "scenario": "lateral-push",
          "seed": 44,
          "weight": 1.5
        },
        "metrics": {
          "durationSeconds": 2.0000000000000013,
          "steps": 100,
          "survivalRate": 1,
          "fell": false,
          "meanVelocityTrackingError": 0.10412642795785589,
          "meanUpright": 0.9424170199509405,
          "meanEnergy": 3.3193182523623386,
          "meanSmoothness": 0.8044323912183237,
          "peakActuator": 6
        },
        "score": {
          "terms": {
            "survival": 50,
            "velocityTracking": 18.113867663679716,
            "upright": 18.84834039901881,
            "energy": -0.06638636504724678,
            "smoothness": -0.008044323912183236,
            "componentMass": -1.4275,
            "sensorChannels": -0.5,
            "trainingSteps": -0.02048
          },
          "total": 84.9397973737391
        },
        "resultHash": "233ba148c8148497664aee14262c552da70b9c3d50ff97ba798ed5a2f855a525"
      }
    ]
  },
  "candidate": {
    "assembly": "force-sensing",
    "controller": "force-residual-trot",
    "assemblyHash": "d89572552c790a7256a7fe23403e257b121aab1b617e4b133032638dcb972cea",
    "aggregateScore": 84.23742366528894,
    "cases": [
      {
        "case": {
          "id": "nominal",
          "task": "velocity-track",
          "scenario": "nominal",
          "seed": 42,
          "weight": 1
        },
        "metrics": {
          "durationSeconds": 2.999999999999891,
          "steps": 150,
          "survivalRate": 1,
          "fell": false,
          "meanVelocityTrackingError": 0.19177240891964142,
          "meanUpright": 0.9482604314463964,
          "meanEnergy": 1.6888955544919517,
          "meanSmoothness": 0.48016892284703583,
          "peakActuator": 6
        },
        "score": {
          "terms": {
            "survival": 50,
            "velocityTracking": 16.781727660678335,
            "upright": 18.96520862892793,
            "energy": -0.03377791108983903,
            "smoothness": -0.0048016892284703586,
            "componentMass": -1.4275,
            "sensorChannels": -0.5,
            "trainingSteps": -0.02048
          },
          "total": 83.76037668928795
        },
        "resultHash": "24d0615927aa8f6baf496eecf15489bfbe8d040d361331d1cd8e2245f7e2d932"
      },
      {
        "case": {
          "id": "low-friction",
          "task": "velocity-track",
          "scenario": "low-friction",
          "seed": 43,
          "weight": 1.2
        },
        "metrics": {
          "durationSeconds": 2.999999999999891,
          "steps": 150,
          "survivalRate": 1,
          "fell": false,
          "meanVelocityTrackingError": 0.19177240891964142,
          "meanUpright": 0.9482604314463964,
          "meanEnergy": 1.6888955544919517,
          "meanSmoothness": 0.48016892284703583,
          "peakActuator": 6
        },
        "score": {
          "terms": {
            "survival": 50,
            "velocityTracking": 16.781727660678335,
            "upright": 18.96520862892793,
            "energy": -0.03377791108983903,
            "smoothness": -0.0048016892284703586,
            "componentMass": -1.4275,
            "sensorChannels": -0.5,
            "trainingSteps": -0.02048
          },
          "total": 83.76037668928795
        },
        "resultHash": "b540c11e86ff33244fdd208ecc8b2f462ae8b0264df821c77440b73d99ba99f9"
      },
      {
        "case": {
          "id": "lateral-push",
          "task": "stand",
          "scenario": "lateral-push",
          "seed": 44,
          "weight": 1.5
        },
        "metrics": {
          "durationSeconds": 2.0000000000000013,
          "steps": 100,
          "survivalRate": 1,
          "fell": false,
          "meanVelocityTrackingError": 0.10419366938099289,
          "meanUpright": 0.94228282790957,
          "meanEnergy": 3.2767581378680433,
          "meanSmoothness": 0.7813426297375634,
          "peakActuator": 6
        },
        "score": {
          "terms": {
            "survival": 50,
            "velocityTracking": 18.112764594287096,
            "upright": 18.8456565581914,
            "energy": -0.06553516275736086,
            "smoothness": -0.007813426297375635,
            "componentMass": -1.4275,
            "sensorChannels": -0.5,
            "trainingSteps": -0.02048
          },
          "total": 84.93709256342376
        },
        "resultHash": "309e175a7fe231b528b5201403b1fd71b7d14d42e34afbe48038ff2f02c09a0e"
      }
    ]
  },
  "delta": -0.002379386242935766,
  "gateReasons": []
}
