{
  "durationSeconds": 6.499999999999506,
  "steps": 325,
  "survivalRate": 1.0,
  "fell": false,
  "motionCommand": [
    0.0,
    0.0,
    0.038461538461538464
  ],
  "meanMotionCommand": [
    0.0,
    0.0,
    0.038461538461538464
  ],
  "meanMeasuredMotion": [
    0.02495639239014803,
    0.004450301648022709,
    0.06246444938206357
  ],
  "planarVelocityTrackingError": 0.02535008295626332,
  "yawRateTrackingError": 0.024002910920525103,
  "meanVelocityTrackingError": 0.3897341677251272,
  "meanPlanarVelocityTrackingError": 0.11512062238407413,
  "meanYawRateTrackingError": 0.3484373758533382,
  "meanUpright": 0.9594073186756374,
  "meanEnergy": 198.32915795098288,
  "meanSmoothness": 136.5963599555697,
  "peakActuator": 8.0,
  "motionCommandSchedule": [
    {
      "atStep": 0,
      "atSeconds": 0.0,
      "command": [
        0.0,
        0.0,
        0.5
      ]
    },
    {
      "atStep": 125,
      "atSeconds": 2.5,
      "command": [
        0.0,
        0.0,
        -0.5
      ]
    },
    {
      "atStep": 225,
      "atSeconds": 4.5,
      "command": [
        0.0,
        0.0,
        0.0
      ]
    }
  ],
  "transitionCount": 2,
  "transitions": [
    {
      "index": 1,
      "atStep": 125,
      "atSeconds": 2.5,
      "endStep": 225,
      "fromCommand": [
        0.0,
        0.0,
        0.5
      ],
      "toCommand": [
        0.0,
        0.0,
        -0.5
      ],
      "sampleCount": 100,
      "peakPlanarTrackingError": 0.26188313727846946,
      "peakYawRateTrackingError": 1.3491919887797668,
      "terminalMeasuredMotion": [
        0.13796803624519186,
        0.028871874031451732,
        0.3632942332549546
      ],
      "terminalPlanarTrackingError": 0.14095660373122854,
      "terminalYawRateTrackingError": 0.8632942332549546,
      "planarOvershootMps": 0.0,
      "yawRateOvershootRadPerSec": 0.0,
      "planarSettlingTimeSeconds": 2.0,
      "yawRateSettlingTimeSeconds": 2.0,
      "planarSettled": false,
      "yawRateSettled": false
    },
    {
      "index": 2,
      "atStep": 225,
      "atSeconds": 4.5,
      "endStep": 325,
      "fromCommand": [
        0.0,
        0.0,
        -0.5
      ],
      "toCommand": [
        0.0,
        0.0,
        0.0
      ],
      "sampleCount": 100,
      "peakPlanarTrackingError": 0.1922386893274738,
      "peakYawRateTrackingError": 0.4225330327313894,
      "terminalMeasuredMotion": [
        -0.007685803551834311,
        -0.002048421742110415,
        -0.0061970665008933825
      ],
      "terminalPlanarTrackingError": 0.007954093780622628,
      "terminalYawRateTrackingError": 0.0061970665008933825,
      "planarOvershootMps": 0.0,
      "yawRateOvershootRadPerSec": 0.03020069765539427,
      "planarSettlingTimeSeconds": 1.18,
      "yawRateSettlingTimeSeconds": 0.26,
      "planarSettled": true,
      "yawRateSettled": true
    }
  ],
  "maximumTransitionTerminalPlanarTrackingError": 0.14095660373122854,
  "maximumTransitionTerminalYawRateTrackingError": 0.8632942332549546,
  "maximumPlanarSettlingTimeSeconds": 2.0,
  "maximumYawRateSettlingTimeSeconds": 2.0,
  "maximumPlanarOvershootMps": 0.0,
  "maximumYawRateOvershootRadPerSec": 0.03020069765539427,
  "unsettledPlanarTransitionCount": 1,
  "unsettledYawRateTransitionCount": 1,
  "initialBasePosition": [
    0.0,
    0.0,
    0.44
  ],
  "finalBasePosition": [
    0.1604264391404997,
    0.029152952854044716,
    0.41324726024344066
  ],
  "netDisplacement": [
    0.1604264391404997,
    0.029152952854044716,
    -0.02675273975655934
  ],
  "targetPlanarDisplacement": [
    0.0,
    0.0
  ],
  "forwardDisplacement": 0.0,
  "targetDistance": 0.0,
  "forwardProgress": 1.0,
  "meanForwardVelocity": 0.0,
  "lateralDrift": 0.1630537857132137,
  "distanceTraveled": 0.6725877594943183
}
