{
  "terms": {
    "survival": 30.0,
    "velocityTracking": 14.391241479468153,
    "forwardProgress": 10.0,
    "upright": 14.391109780134562,
    "lateralDrift": -0.8152689285660685,
    "transitionTracking": 4.971454295022667,
    "energy": -0.9916457897549144,
    "smoothness": -0.1365963599555697,
    "componentMass": -1.2060000000000002,
    "sensorChannels": -1.07,
    "trainingSteps": -0.0
  },
  "total": 69.53429447634883
}
