{
  "durationSeconds": 6.499999999999506,
  "steps": 325,
  "survivalRate": 1.0,
  "fell": false,
  "motionCommand": [
    0.0,
    0.0,
    0.038461538461538464
  ],
  "meanMotionCommand": [
    0.0,
    0.0,
    0.038461538461538464
  ],
  "meanMeasuredMotion": [
    0.0417790369209416,
    0.016864569982622934,
    0.13493096111006225
  ],
  "planarVelocityTrackingError": 0.04505442982371643,
  "yawRateTrackingError": 0.09646942264852379,
  "meanVelocityTrackingError": 0.4216960180330496,
  "meanPlanarVelocityTrackingError": 0.12470144591467147,
  "meanYawRateTrackingError": 0.3868106027445343,
  "meanUpright": 0.9711826674486886,
  "meanEnergy": 194.6444090793916,
  "meanSmoothness": 133.72888300677693,
  "peakActuator": 8.0,
  "motionCommandSchedule": [
    {
      "atStep": 0,
      "atSeconds": 0.0,
      "command": [
        0.0,
        0.0,
        0.5
      ]
    },
    {
      "atStep": 125,
      "atSeconds": 2.5,
      "command": [
        0.0,
        0.0,
        -0.5
      ]
    },
    {
      "atStep": 225,
      "atSeconds": 4.5,
      "command": [
        0.0,
        0.0,
        0.0
      ]
    }
  ],
  "transitionCount": 2,
  "transitions": [
    {
      "index": 1,
      "atStep": 125,
      "atSeconds": 2.5,
      "endStep": 225,
      "fromCommand": [
        0.0,
        0.0,
        0.5
      ],
      "toCommand": [
        0.0,
        0.0,
        -0.5
      ],
      "sampleCount": 100,
      "peakPlanarTrackingError": 0.4324758459143827,
      "peakYawRateTrackingError": 1.3137061058395727,
      "terminalMeasuredMotion": [
        -0.01941157340606746,
        -0.01691428808992967,
        0.014543894267409863
      ],
      "terminalPlanarTrackingError": 0.025746889592498004,
      "terminalYawRateTrackingError": 0.5145438942674099,
      "planarOvershootMps": 0.0,
      "yawRateOvershootRadPerSec": 0.0,
      "planarSettlingTimeSeconds": 1.62,
      "yawRateSettlingTimeSeconds": 2.0,
      "planarSettled": true,
      "yawRateSettled": false
    },
    {
      "index": 2,
      "atStep": 225,
      "atSeconds": 4.5,
      "endStep": 325,
      "fromCommand": [
        0.0,
        0.0,
        -0.5
      ],
      "toCommand": [
        0.0,
        0.0,
        0.0
      ],
      "sampleCount": 100,
      "peakPlanarTrackingError": 0.1501093694793641,
      "peakYawRateTrackingError": 0.3998274252294007,
      "terminalMeasuredMotion": [
        0.013952313715166604,
        -0.0012546430903073078,
        0.038595074639752376
      ],
      "terminalPlanarTrackingError": 0.014008611183500027,
      "terminalYawRateTrackingError": 0.038595074639752376,
      "planarOvershootMps": 0.0,
      "yawRateOvershootRadPerSec": 0.3998274252294007,
      "planarSettlingTimeSeconds": 0.2,
      "yawRateSettlingTimeSeconds": 0.2,
      "planarSettled": true,
      "yawRateSettled": true
    }
  ],
  "maximumTransitionTerminalPlanarTrackingError": 0.025746889592498004,
  "maximumTransitionTerminalYawRateTrackingError": 0.5145438942674099,
  "maximumPlanarSettlingTimeSeconds": 1.62,
  "maximumYawRateSettlingTimeSeconds": 2.0,
  "maximumPlanarOvershootMps": 0.0,
  "maximumYawRateOvershootRadPerSec": 0.3998274252294007,
  "unsettledPlanarTransitionCount": 0,
  "unsettledYawRateTransitionCount": 1,
  "initialBasePosition": [
    0.0,
    0.0,
    0.44
  ],
  "finalBasePosition": [
    0.27115667242816927,
    0.10542569507621424,
    0.40635956932318357
  ],
  "netDisplacement": [
    0.27115667242816927,
    0.10542569507621424,
    -0.033640430676816435
  ],
  "targetPlanarDisplacement": [
    0.0,
    0.0
  ],
  "forwardDisplacement": 0.0,
  "targetDistance": 0.0,
  "forwardProgress": 1.0,
  "meanForwardVelocity": 0.0,
  "lateralDrift": 0.29093043530132834,
  "distanceTraveled": 0.7421323495438227
}
