{
  "terms": {
    "survival": 30.0,
    "velocityTracking": 14.067704872431506,
    "forwardProgress": 10.0,
    "upright": 14.56774001173033,
    "lateralDrift": -1.4546521765066416,
    "transitionTracking": 5.39556874005988,
    "energy": -0.9732220453969581,
    "smoothness": -0.13372888300677693,
    "componentMass": -1.2060000000000002,
    "sensorChannels": -1.07,
    "trainingSteps": -0.0
  },
  "total": 69.19341051931136
}
