{
  "durationSeconds": 18.000000000000902,
  "steps": 900,
  "survivalRate": 1.0,
  "fell": false,
  "motionCommand": [
    0.13111111111111284,
    0.02499999999999996,
    0.041666666666666664
  ],
  "meanMotionCommand": [
    0.13111111111111284,
    0.02499999999999996,
    0.041666666666666664
  ],
  "meanMeasuredMotion": [
    0.04234068901980079,
    0.056781454886027795,
    0.06816634488904355
  ],
  "planarVelocityTrackingError": 0.09428811543849165,
  "yawRateTrackingError": 0.026499678222376886,
  "meanVelocityTrackingError": 0.2946797793673003,
  "meanPlanarVelocityTrackingError": 0.20575019952233375,
  "meanYawRateTrackingError": 0.1624268285503422,
  "meanUpright": 0.18540476110149612,
  "meanAbsolutePitchRad": 0.05276069334567783,
  "minimumPitchRad": -0.1574749697724389,
  "maximumPitchRad": 1.5144204530581118,
  "maximumBackwardPitchRad": 0.1574749697724389,
  "maximumAbsolutePitchRad": 1.5144204530581118,
  "maximumAbsolutePitchRateRadPerSec": 6.232301186757492,
  "meanBodyTiltRad": 2.5215275549937433,
  "maximumBodyTiltRad": 3.1414879000480997,
  "initialBodyTiltRad": 0.0,
  "minimumBodyTiltRad": 0.0,
  "finalBodyTiltRad": 3.1299483340820475,
  "finalBaseHeightM": 0.061086913876638074,
  "selfRightingTask": true,
  "recoveryTriggered": true,
  "selfRightingSuccess": 0.0,
  "timeToStableStandSeconds": 15.3,
  "stableStandingDwellSeconds": 0.0,
  "finalStableStandingDwellSeconds": 0.0,
  "minimumJointLimitMarginRad": -0.004140687479245064,
  "disallowedCollisionSteps": 0,
  "meanEnergy": 229.71127975797367,
  "meanSmoothness": 164.7472785486711,
  "peakActuator": 8.0,
  "motionQualityFootEvidenceAvailable": true,
  "motionQualityContactThresholdNewton": 1.0,
  "meanJointJerkRadPerSec3": 24681.48014299393,
  "peakJointJerkRadPerSec3": 48368.46021779395,
  "meanBodyAngularJerkRadPerSec3": 3185.393193655323,
  "peakBodyAngularJerkRadPerSec3": 17451.73259054053,
  "meanActionSlewRatePerSec": 563.7242787690723,
  "peakActionSlewRatePerSec": 800.0,
  "actuatorSaturationRate": 0.5897619047619048,
  "meanFootSlipSpeedMps": 0.04313217336203651,
  "peakFootSlipSpeedMps": 0.5371226829371528,
  "totalFootSlipDistanceM": 0.3433320999618106,
  "meanFootContactImpactNPerSec": 104.12424955515654,
  "peakFootContactImpactNPerSec": 5669.736695995875,
  "peakFootContactForceNewton": 113.39473391991751,
  "motionCommandSchedule": [
    {
      "atStep": 0,
      "atSeconds": 0.0,
      "command": [
        0.2,
        0.0,
        0.0
      ]
    },
    {
      "atStep": 400,
      "atSeconds": 8.0,
      "command": [
        0.2,
        0.0,
        0.0
      ]
    },
    {
      "atStep": 500,
      "atSeconds": 10.0,
      "command": [
        0.12,
        0.0,
        0.25
      ]
    },
    {
      "atStep": 650,
      "atSeconds": 13.0,
      "command": [
        0.0,
        0.15,
        0.0
      ]
    },
    {
      "atStep": 800,
      "atSeconds": 16.0,
      "command": [
        0.0,
        0.0,
        0.0
      ]
    }
  ],
  "transitionCount": 4,
  "transitions": [
    {
      "index": 1,
      "atStep": 400,
      "atSeconds": 8.0,
      "endStep": 500,
      "fromCommand": [
        0.2,
        0.0,
        0.0
      ],
      "toCommand": [
        0.2,
        0.0,
        0.0
      ],
      "sampleCount": 100,
      "peakPlanarTrackingError": 0.3780477439370413,
      "peakYawRateTrackingError": 0.3480150346414448,
      "terminalMeasuredMotion": [
        0.007162408098621023,
        0.013402334113536214,
        0.005548306453501771
      ],
      "terminalPlanarTrackingError": 0.19330276617268996,
      "terminalYawRateTrackingError": 0.005548306453501771,
      "planarOvershootMps": 0.0,
      "yawRateOvershootRadPerSec": 0.0,
      "planarSettlingTimeSeconds": 2.0,
      "yawRateSettlingTimeSeconds": 0.2,
      "planarSettled": false,
      "yawRateSettled": true,
      "planarBraking": false
    },
    {
      "index": 2,
      "atStep": 500,
      "atSeconds": 10.0,
      "endStep": 650,
      "fromCommand": [
        0.2,
        0.0,
        0.0
      ],
      "toCommand": [
        0.12,
        0.0,
        0.25
      ],
      "sampleCount": 150,
      "peakPlanarTrackingError": 0.21623999377136405,
      "peakYawRateTrackingError": 0.3965146106058703,
      "terminalMeasuredMotion": [
        -0.0037632417849616227,
        0.005968941699690382,
        0.02443355462695366
      ],
      "terminalPlanarTrackingError": 0.12390709536639608,
      "terminalYawRateTrackingError": 0.22556644537304635,
      "planarOvershootMps": 0.21605686082785325,
      "yawRateOvershootRadPerSec": 0.0,
      "planarSettlingTimeSeconds": 3.0,
      "yawRateSettlingTimeSeconds": 2.8,
      "planarSettled": false,
      "yawRateSettled": true,
      "planarBraking": false
    },
    {
      "index": 3,
      "atStep": 650,
      "atSeconds": 13.0,
      "endStep": 800,
      "fromCommand": [
        0.12,
        0.0,
        0.25
      ],
      "toCommand": [
        0.0,
        0.15,
        0.0
      ],
      "sampleCount": 150,
      "peakPlanarTrackingError": 0.22792043072092993,
      "peakYawRateTrackingError": 0.22598940232458595,
      "terminalMeasuredMotion": [
        0.007792620052865802,
        0.015217038154610129,
        0.0025414349540618993
      ],
      "terminalPlanarTrackingError": 0.1350080432089294,
      "terminalYawRateTrackingError": 0.0025414349540618993,
      "planarOvershootMps": 0.005509571541625562,
      "yawRateOvershootRadPerSec": 0.14407824486033488,
      "planarSettlingTimeSeconds": 3.0,
      "yawRateSettlingTimeSeconds": 0.2,
      "planarSettled": false,
      "yawRateSettled": true,
      "planarBraking": false
    },
    {
      "index": 4,
      "atStep": 800,
      "atSeconds": 16.0,
      "endStep": 900,
      "fromCommand": [
        0.0,
        0.15,
        0.0
      ],
      "toCommand": [
        0.0,
        0.0,
        0.0
      ],
      "sampleCount": 100,
      "peakPlanarTrackingError": 0.1479458689452586,
      "peakYawRateTrackingError": 0.21762721367581803,
      "terminalMeasuredMotion": [
        0.007106903101375092,
        0.013486320666404117,
        -0.006171053811216772
      ],
      "terminalPlanarTrackingError": 0.015244307685474395,
      "terminalYawRateTrackingError": 0.006171053811216772,
      "planarOvershootMps": 0.07543412683039946,
      "yawRateOvershootRadPerSec": 0.0,
      "planarSettlingTimeSeconds": 0.2,
      "yawRateSettlingTimeSeconds": 0.2,
      "planarSettled": true,
      "yawRateSettled": true,
      "planarBraking": true
    }
  ],
  "maximumTransitionTerminalPlanarTrackingError": 0.19330276617268996,
  "maximumTransitionTerminalYawRateTrackingError": 0.22556644537304635,
  "maximumPlanarSettlingTimeSeconds": 3.0,
  "maximumPlanarBrakingSettlingTimeSeconds": 0.2,
  "maximumYawRateSettlingTimeSeconds": 2.8,
  "maximumPlanarOvershootMps": 0.21605686082785325,
  "maximumYawRateOvershootRadPerSec": 0.14407824486033488,
  "unsettledPlanarTransitionCount": 3,
  "unsettledYawRateTransitionCount": 0,
  "initialBasePosition": [
    0.7136446705220605,
    0.9329934006167085,
    0.059489943420519956
  ],
  "finalBasePosition": [
    0.7399343016050697,
    0.9942389056158937,
    0.061086913876638074
  ],
  "netDisplacement": [
    0.02628963108300919,
    0.06124550499918513,
    0.0015969704561181186
  ],
  "targetPlanarDisplacement": [
    0.76,
    0.44999999999999996
  ],
  "forwardDisplacement": 0.05382567577525732,
  "targetDistance": 0.8832326986700617,
  "forwardProgress": 0.06094167013552145,
  "signedForwardProgress": 0.06094167013552145,
  "backwardDisplacement": 0.0,
  "meanForwardVelocity": 0.005382567577525246,
  "lateralDrift": 0.039305892846020055,
  "distanceTraveled": 1.936182412818293,
  "episodeInitialBasePosition": [
    0.0,
    0.0,
    0.44
  ],
  "mobilityMeasurementStartedAtSeconds": 8.0,
  "recoveryEvaluationStartedAtSeconds": 2.7,
  "missionStageDurationsSeconds": {
    "approach": 2.48,
    "impact": 0.16,