{
  "durationSeconds": 4.999999999999671,
  "steps": 250,
  "survivalRate": 1.0,
  "fell": false,
  "motionCommand": [
    0.25,
    0.0,
    0.0
  ],
  "meanMotionCommand": [
    0.25,
    0.0,
    0.0
  ],
  "meanMeasuredMotion": [
    -0.06513672892480464,
    0.0213135976275854,
    -0.03509571798061885
  ],
  "planarVelocityTrackingError": 0.315856656351036,
  "yawRateTrackingError": 0.03509571798061885,
  "meanVelocityTrackingError": 0.4876006251624747,
  "meanPlanarVelocityTrackingError": 0.39498073341590784,
  "meanYawRateTrackingError": 0.19308602863240457,
  "meanUpright": 0.463919241421485,
  "meanEnergy": 629.4660474147703,
  "meanSmoothness": 28.702457637956176,
  "peakActuator": 8.0,
  "motionCommandSchedule": [
    {
      "atStep": 0,
      "atSeconds": 0.0,
      "command": [
        0.25,
        0.0,
        0.0
      ]
    }
  ],
  "transitionCount": 0,
  "transitions": [],
  "maximumTransitionTerminalPlanarTrackingError": 0.0,
  "maximumTransitionTerminalYawRateTrackingError": 0.0,
  "maximumPlanarSettlingTimeSeconds": 0.0,
  "maximumPlanarBrakingSettlingTimeSeconds": 0.0,
  "maximumYawRateSettlingTimeSeconds": 0.0,
  "maximumPlanarOvershootMps": 0.0,
  "maximumYawRateOvershootRadPerSec": 0.0,
  "unsettledPlanarTransitionCount": 0,
  "unsettledYawRateTransitionCount": 0,
  "initialBasePosition": [
    0.0,
    0.0,
    0.44
  ],
  "finalBasePosition": [
    -0.3117033600386319,
    0.1018595800608963,
    0.22652777596327367
  ],
  "netDisplacement": [
    -0.3117033600386319,
    0.1018595800608963,
    -0.21347222403672633
  ],
  "targetPlanarDisplacement": [
    1.25,
    0.0
  ],
  "forwardDisplacement": -0.3117033600386319,
  "targetDistance": 1.25,
  "forwardProgress": 0.0,
  "signedForwardProgress": -0.24936268803090553,
  "backwardDisplacement": 0.3117033600386319,
  "meanForwardVelocity": -0.06234067200773048,
  "lateralDrift": 0.1018595800608963,
  "distanceTraveled": 1.489793971578631
}
