{
  "terms": {
    "survival": 25.0,
    "velocityTracking": 10.083351503271727,
    "forwardProgress": 0.0,
    "upright": 6.958788621322275,
    "lateralDrift": -1.018595800608963,
    "transitionTracking": 0.0,
    "energy": -6.294660474147703,
    "smoothness": -0.14351228818978087,
    "componentMass": -1.5075,
    "sensorChannels": -5.3500000000000005,
    "trainingSteps": -0.0
  },
  "total": 27.727871561647554
}
