{
  "durationSeconds": 6.499999999999506,
  "steps": 325,
  "survivalRate": 1.0,
  "fell": false,
  "motionCommand": [
    0.0,
    0.0,
    0.038461538461538464
  ],
  "meanMotionCommand": [
    0.0,
    0.0,
    0.038461538461538464
  ],
  "meanMeasuredMotion": [
    -0.01099024299297519,
    0.009879385056493842,
    0.15862271311046128
  ],
  "planarVelocityTrackingError": 0.014777946073088577,
  "yawRateTrackingError": 0.12016117464892281,
  "meanVelocityTrackingError": 0.511574049224372,
  "meanPlanarVelocityTrackingError": 0.13492848910368355,
  "meanYawRateTrackingError": 0.4738469894296717,
  "meanUpright": 0.968169457588887,
  "meanEnergy": 191.12960518589642,
  "meanSmoothness": 130.5614634653958,
  "peakActuator": 8.0,
  "motionCommandSchedule": [
    {
      "atStep": 0,
      "atSeconds": 0.0,
      "command": [
        0.0,
        0.0,
        0.5
      ]
    },
    {
      "atStep": 125,
      "atSeconds": 2.5,
      "command": [
        0.0,
        0.0,
        -0.5
      ]
    },
    {
      "atStep": 225,
      "atSeconds": 4.5,
      "command": [
        0.0,
        0.0,
        0.0
      ]
    }
  ],
  "transitionCount": 2,
  "transitions": [
    {
      "index": 1,
      "atStep": 125,
      "atSeconds": 2.5,
      "endStep": 225,
      "fromCommand": [
        0.0,
        0.0,
        0.5
      ],
      "toCommand": [
        0.0,
        0.0,
        -0.5
      ],
      "sampleCount": 100,
      "peakPlanarTrackingError": 0.24201100904225994,
      "peakYawRateTrackingError": 1.4287522833633537,
      "terminalMeasuredMotion": [
        0.0271637633051244,
        0.052996179378070475,
        -0.17580333883304095
      ],
      "terminalPlanarTrackingError": 0.05955220453996178,
      "terminalYawRateTrackingError": 0.32419666116695905,
      "planarOvershootMps": 0.0,
      "yawRateOvershootRadPerSec": 0.30470110042130716,
      "planarSettlingTimeSeconds": 1.64,
      "yawRateSettlingTimeSeconds": 2.0,
      "planarSettled": true,
      "yawRateSettled": false
    },
    {
      "index": 2,
      "atStep": 225,
      "atSeconds": 4.5,
      "endStep": 325,
      "fromCommand": [
        0.0,
        0.0,
        -0.5
      ],
      "toCommand": [
        0.0,
        0.0,
        0.0
      ],
      "sampleCount": 100,
      "peakPlanarTrackingError": 0.17369985016957848,
      "peakYawRateTrackingError": 0.971541530027644,
      "terminalMeasuredMotion": [
        -0.017880175130715475,
        -0.008175212468191232,
        -0.08519461291072587
      ],
      "terminalPlanarTrackingError": 0.01966048731860748,
      "terminalYawRateTrackingError": 0.08519461291072587,
      "planarOvershootMps": 0.0,
      "yawRateOvershootRadPerSec": 0.5784191464125888,
      "planarSettlingTimeSeconds": 0.82,
      "yawRateSettlingTimeSeconds": 0.56,
      "planarSettled": true,
      "yawRateSettled": true
    }
  ],
  "maximumTransitionTerminalPlanarTrackingError": 0.05955220453996178,
  "maximumTransitionTerminalYawRateTrackingError": 0.32419666116695905,
  "maximumPlanarSettlingTimeSeconds": 1.64,
  "maximumYawRateSettlingTimeSeconds": 2.0,
  "maximumPlanarOvershootMps": 0.0,
  "maximumYawRateOvershootRadPerSec": 0.5784191464125888,
  "unsettledPlanarTransitionCount": 0,
  "unsettledYawRateTransitionCount": 1,
  "initialBasePosition": [
    0.0,
    0.0,
    0.44
  ],
  "finalBasePosition": [
    -0.07137434442879918,
    0.05838782707763664,
    0.42040532862656144
  ],
  "netDisplacement": [
    -0.07137434442879918,
    0.05838782707763664,
    -0.019594671373438566
  ],
  "targetPlanarDisplacement": [
    0.0,
    0.0
  ],
  "forwardDisplacement": 0.0,
  "targetDistance": 0.0,
  "forwardProgress": 1.0,
  "meanForwardVelocity": 0.0,
  "lateralDrift": 0.09221407372786898,
  "distanceTraveled": 0.8470313610109171
}
