{
  "terms": {
    "survival": 30.0,
    "velocityTracking": 13.231240646306755,
    "forwardProgress": 10.0,
    "upright": 14.522541863833304,
    "lateralDrift": -0.4610703686393449,
    "transitionTracking": 5.355069668581732,
    "energy": -0.9556480259294822,
    "smoothness": -0.1305614634653958,
    "componentMass": -1.2060000000000002,
    "sensorChannels": -1.07,
    "trainingSteps": -0.0
  },
  "total": 69.28557232068758
}
