{
  "durationSeconds": 5.999999999999561,
  "steps": 300,
  "survivalRate": 1.0,
  "fell": false,
  "motionCommand": [
    0.125,
    0.0,
    0.0
  ],
  "meanMotionCommand": [
    0.125,
    0.0,
    0.0
  ],
  "meanMeasuredMotion": [
    0.14149099150769387,
    0.047686456329900505,
    0.02813969302033751
  ],
  "planarVelocityTrackingError": 0.050457416880081554,
  "yawRateTrackingError": 0.02813969302033751,
  "meanVelocityTrackingError": 0.6526462567799822,
  "meanPlanarVelocityTrackingError": 0.3059111728475057,
  "meanYawRateTrackingError": 0.47494477796561957,
  "meanUpright": 0.5784163864385398,
  "meanEnergy": 633.004689685085,
  "meanSmoothness": 29.518611871968655,
  "peakActuator": 8.0,
  "motionCommandSchedule": [
    {
      "atStep": 0,
      "atSeconds": 0.0,
      "command": [
        0.0,
        0.0,
        0.0
      ]
    },
    {
      "atStep": 50,
      "atSeconds": 1.0,
      "command": [
        0.25,
        0.0,
        0.0
      ]
    },
    {
      "atStep": 200,
      "atSeconds": 4.0,
      "command": [
        0.0,
        0.0,
        0.0
      ]
    }
  ],
  "transitionCount": 2,
  "transitions": [
    {
      "index": 1,
      "atStep": 50,
      "atSeconds": 1.0,
      "endStep": 200,
      "fromCommand": [
        0.0,
        0.0,
        0.0
      ],
      "toCommand": [
        0.25,
        0.0,
        0.0
      ],
      "sampleCount": 150,
      "peakPlanarTrackingError": 0.9801269324662827,
      "peakYawRateTrackingError": 2.71828723412084,
      "terminalMeasuredMotion": [
        0.1314056985239487,
        -0.08778487178625036,
        -0.32833075612500984
      ],
      "terminalPlanarTrackingError": 0.14754928687432195,
      "terminalYawRateTrackingError": 0.32833075612500984,
      "planarOvershootMps": 0.8327027576203945,
      "yawRateOvershootRadPerSec": 0.0,
      "planarSettlingTimeSeconds": 3.0,
      "yawRateSettlingTimeSeconds": 3.0,
      "planarSettled": false,
      "yawRateSettled": false
    },
    {
      "index": 2,
      "atStep": 200,
      "atSeconds": 4.0,
      "endStep": 300,
      "fromCommand": [
        0.25,
        0.0,
        0.0
      ],
      "toCommand": [
        0.0,
        0.0,
        0.0
      ],
      "sampleCount": 100,
      "peakPlanarTrackingError": 0.492618553598837,
      "peakYawRateTrackingError": 2.201527456116158,
      "terminalMeasuredMotion": [
        0.09322465360713854,
        -0.1802404155433036,
        0.23714525581794063
      ],
      "terminalPlanarTrackingError": 0.2029222595857678,
      "terminalYawRateTrackingError": 0.23714525581794063,
      "planarOvershootMps": 0.31862727141715447,
      "yawRateOvershootRadPerSec": 0.0,
      "planarSettlingTimeSeconds": 2.0,
      "yawRateSettlingTimeSeconds": 1.46,
      "planarSettled": false,
      "yawRateSettled": true
    }
  ],
  "maximumTransitionTerminalPlanarTrackingError": 0.2029222595857678,
  "maximumTransitionTerminalYawRateTrackingError": 0.32833075612500984,
  "maximumPlanarSettlingTimeSeconds": 3.0,
  "maximumYawRateSettlingTimeSeconds": 3.0,
  "maximumPlanarOvershootMps": 0.8327027576203945,
  "maximumYawRateOvershootRadPerSec": 0.0,
  "unsettledPlanarTransitionCount": 2,
  "unsettledYawRateTransitionCount": 1,
  "initialBasePosition": [
    0.0,
    0.0,
    0.44
  ],
  "finalBasePosition": [
    0.8541490255983838,
    0.2820609190140167,
    0.23408502210228038
  ],
  "netDisplacement": [
    0.8541490255983838,
    0.2820609190140167,
    -0.20591497789771962
  ],
  "targetPlanarDisplacement": [
    0.75,
    0.0
  ],
  "forwardDisplacement": 0.8541490255983838,
  "targetDistance": 0.75,
  "forwardProgress": 1.0,
  "meanForwardVelocity": 0.14235817093307437,
  "lateralDrift": 0.2820609190140167,
  "distanceTraveled": 1.8912817016720798
}
