{
  "terms": {
    "survival": 30.0,
    "velocityTracking": 12.101803345967104,
    "forwardProgress": 10.0,
    "upright": 8.676245796578096,
    "lateralDrift": -1.4103045950700834,
    "transitionTracking": 3.5868195400621645,
    "energy": -3.1650234484254254,
    "smoothness": -0.029518611871968657,
    "componentMass": -1.2060000000000002,
    "sensorChannels": -1.07,
    "trainingSteps": -0.0
  },
  "total": 57.48402202723989
}
