{
  "durationSeconds": 4.999999999999671,
  "steps": 250,
  "survivalRate": 1.0,
  "fell": false,
  "motionCommand": [
    0.25,
    0.0,
    0.0
  ],
  "meanMotionCommand": [
    0.25,
    0.0,
    0.0
  ],
  "meanMeasuredMotion": [
    0.06506466505672771,
    -0.005843942514996179,
    -0.008813488688863997
  ],
  "planarVelocityTrackingError": 0.18502764597405139,
  "yawRateTrackingError": 0.008813488688863997,
  "meanVelocityTrackingError": 0.19217048377350868,
  "meanPlanarVelocityTrackingError": 0.1870118287202623,
  "meanYawRateTrackingError": 0.026454891623051348,
  "meanUpright": 0.9340691892478605,
  "meanAbsolutePitchRad": 0.13198215522595455,
  "minimumPitchRad": -0.2284791948893331,
  "maximumPitchRad": -0.013991495029996266,
  "maximumBackwardPitchRad": 0.2284791948893331,
  "maximumAbsolutePitchRad": 0.2284791948893331,
  "maximumAbsolutePitchRateRadPerSec": 2.5935018168880983,
  "meanEnergy": 185.9453836978405,
  "meanSmoothness": 128.37836468536526,
  "peakActuator": 8.0,
  "motionCommandSchedule": [
    {
      "atStep": 0,
      "atSeconds": 0.0,
      "command": [
        0.25,
        0.0,
        0.0
      ]
    }
  ],
  "transitionCount": 0,
  "transitions": [],
  "maximumTransitionTerminalPlanarTrackingError": 0.0,
  "maximumTransitionTerminalYawRateTrackingError": 0.0,
  "maximumPlanarSettlingTimeSeconds": 0.0,
  "maximumPlanarBrakingSettlingTimeSeconds": 0.0,
  "maximumYawRateSettlingTimeSeconds": 0.0,
  "maximumPlanarOvershootMps": 0.0,
  "maximumYawRateOvershootRadPerSec": 0.0,
  "unsettledPlanarTransitionCount": 0,
  "unsettledYawRateTransitionCount": 0,
  "initialBasePosition": [
    0.0,
    0.0,
    0.44
  ],
  "finalBasePosition": [
    0.3245136300857161,
    -0.02769001002119288,
    0.4183297297422607
  ],
  "netDisplacement": [
    0.3245136300857161,
    -0.02769001002119288,
    -0.02167027025773932
  ],
  "targetPlanarDisplacement": [
    1.25,
    0.0
  ],
  "forwardDisplacement": 0.3245136300857161,
  "targetDistance": 1.25,
  "forwardProgress": 0.2596109040685729,
  "signedForwardProgress": 0.2596109040685729,
  "backwardDisplacement": 0.0,
  "meanForwardVelocity": 0.06490272601714749,
  "lateralDrift": 0.02769001002119288,
  "distanceTraveled": 0.4336511587449905
}
