{
  "terms": {
    "survival": 25.0,
    "velocityTracking": 16.776124113302274,
    "forwardProgress": 12.980545203428646,
    "upright": 14.011037838717908,
    "lateralDrift": -0.2769001002119288,
    "transitionTracking": 0.0,
    "energy": -1.859453836978405,
    "smoothness": -0.6418918234268263,
    "componentMass": -1.5075,
    "sensorChannels": -5.3500000000000005,
    "trainingSteps": -0.0
  },
  "total": 59.13196139483166
}
