{
  "durationSeconds": 2.619999999999933,
  "steps": 131,
  "survivalRate": 0.52,
  "fell": true,
  "motionCommand": [
    0.25,
    0.0,
    0.0
  ],
  "meanMotionCommand": [
    0.25,
    0.0,
    0.0
  ],
  "meanMeasuredMotion": [
    0.08685353372193234,
    -0.022721590366281266,
    -0.06360457597862396
  ],
  "planarVelocityTrackingError": 0.16472109800445647,
  "yawRateTrackingError": 0.06360457597862396,
  "meanVelocityTrackingError": 0.6113985588227548,
  "meanPlanarVelocityTrackingError": 0.35733690809926144,
  "meanYawRateTrackingError": 0.41413283915759214,
  "meanUpright": 0.3823078032860062,
  "meanEnergy": 614.7891115580654,
  "meanSmoothness": 29.674189262823987,
  "peakActuator": 8.0,
  "motionCommandSchedule": [
    {
      "atStep": 0,
      "atSeconds": 0.0,
      "command": [
        0.25,
        0.0,
        0.0
      ]
    }
  ],
  "transitionCount": 0,
  "transitions": [],
  "maximumTransitionTerminalPlanarTrackingError": 0.0,
  "maximumTransitionTerminalYawRateTrackingError": 0.0,
  "maximumPlanarSettlingTimeSeconds": 0.0,
  "maximumPlanarBrakingSettlingTimeSeconds": 0.0,
  "maximumYawRateSettlingTimeSeconds": 0.0,
  "maximumPlanarOvershootMps": 0.0,
  "maximumYawRateOvershootRadPerSec": 0.0,
  "unsettledPlanarTransitionCount": 0,
  "unsettledYawRateTransitionCount": 0,
  "initialBasePosition": [
    0.0,
    0.0,
    0.44
  ],
  "finalBasePosition": [
    0.23035542373640458,
    -0.05999958339860317,
    0.18087277485496328
  ],
  "netDisplacement": [
    0.23035542373640458,
    -0.05999958339860317,
    -0.2591272251450367
  ],
  "targetPlanarDisplacement": [
    1.25,
    0.0
  ],
  "forwardDisplacement": 0.23035542373640458,
  "targetDistance": 1.25,
  "forwardProgress": 0.18428433898912366,
  "signedForwardProgress": 0.18428433898912366,
  "backwardDisplacement": 0.0,
  "meanForwardVelocity": 0.08792191745664521,
  "lateralDrift": 0.05999958339860317,
  "distanceTraveled": 0.8515067594167771
}
