{
  "terms": {
    "survival": 13.0,
    "velocityTracking": 12.411578681447669,
    "forwardProgress": 9.214216949456183,
    "upright": 5.734617049290093,
    "lateralDrift": -0.5999958339860317,
    "transitionTracking": 0.0,
    "energy": -6.147891115580655,
    "smoothness": -0.14837094631411993,
    "componentMass": -1.5075,
    "sensorChannels": -5.3500000000000005,
    "trainingSteps": -0.0
  },
  "total": 26.60665478431314
}
