{
  "durationSeconds": 6.499999999999506,
  "steps": 325,
  "survivalRate": 1.0,
  "fell": false,
  "motionCommand": [
    0.0,
    0.0,
    0.038461538461538464
  ],
  "meanMotionCommand": [
    0.0,
    0.0,
    0.038461538461538464
  ],
  "meanMeasuredMotion": [
    -0.006778596282250406,
    -0.01615529108994866,
    0.059969616360221495
  ],
  "planarVelocityTrackingError": 0.017519783039715804,
  "yawRateTrackingError": 0.02150807789868303,
  "meanVelocityTrackingError": 0.39820480246257584,
  "meanPlanarVelocityTrackingError": 0.11754735980745738,
  "meanYawRateTrackingError": 0.35644265392732677,
  "meanUpright": 0.9535371660479445,
  "meanEnergy": 201.5101276743589,
  "meanSmoothness": 139.8607081434687,
  "peakActuator": 8.0,
  "motionCommandSchedule": [
    {
      "atStep": 0,
      "atSeconds": 0.0,
      "command": [
        0.0,
        0.0,
        0.5
      ]
    },
    {
      "atStep": 125,
      "atSeconds": 2.5,
      "command": [
        0.0,
        0.0,
        -0.5
      ]
    },
    {
      "atStep": 225,
      "atSeconds": 4.5,
      "command": [
        0.0,
        0.0,
        0.0
      ]
    }
  ],
  "transitionCount": 2,
  "transitions": [
    {
      "index": 1,
      "atStep": 125,
      "atSeconds": 2.5,
      "endStep": 225,
      "fromCommand": [
        0.0,
        0.0,
        0.5
      ],
      "toCommand": [
        0.0,
        0.0,
        -0.5
      ],
      "sampleCount": 100,
      "peakPlanarTrackingError": 0.22008229511405486,
      "peakYawRateTrackingError": 1.0582876381253163,
      "terminalMeasuredMotion": [
        0.10032853183966975,
        0.0060222316604140996,
        0.2791986613257124
      ],
      "terminalPlanarTrackingError": 0.10050911190173416,
      "terminalYawRateTrackingError": 0.7791986613257125,
      "planarOvershootMps": 0.0,
      "yawRateOvershootRadPerSec": 0.0,
      "planarSettlingTimeSeconds": 1.96,
      "yawRateSettlingTimeSeconds": 2.0,
      "planarSettled": true,
      "yawRateSettled": false
    },
    {
      "index": 2,
      "atStep": 225,
      "atSeconds": 4.5,
      "endStep": 325,
      "fromCommand": [
        0.0,
        0.0,
        -0.5
      ],
      "toCommand": [
        0.0,
        0.0,
        0.0
      ],
      "sampleCount": 100,
      "peakPlanarTrackingError": 0.24182847342730532,
      "peakYawRateTrackingError": 0.5091985291971873,
      "terminalMeasuredMotion": [
        -0.05980369335234932,
        -0.04455051634427777,
        -0.04568481086999857
      ],
      "terminalPlanarTrackingError": 0.07457365650900855,
      "terminalYawRateTrackingError": 0.04568481086999857,
      "planarOvershootMps": 0.0,
      "yawRateOvershootRadPerSec": 0.12201171925800865,
      "planarSettlingTimeSeconds": 1.48,
      "yawRateSettlingTimeSeconds": 0.32,
      "planarSettled": true,
      "yawRateSettled": true
    }
  ],
  "maximumTransitionTerminalPlanarTrackingError": 0.10050911190173416,
  "maximumTransitionTerminalYawRateTrackingError": 0.7791986613257125,
  "maximumPlanarSettlingTimeSeconds": 1.96,
  "maximumYawRateSettlingTimeSeconds": 2.0,
  "maximumPlanarOvershootMps": 0.0,
  "maximumYawRateOvershootRadPerSec": 0.12201171925800865,
  "unsettledPlanarTransitionCount": 0,
  "unsettledYawRateTransitionCount": 1,
  "initialBasePosition": [
    0.0,
    0.0,
    0.44
  ],
  "finalBasePosition": [
    -0.04399317049119481,
    -0.10249542562399755,
    0.42062815502658996
  ],
  "netDisplacement": [
    -0.04399317049119481,
    -0.10249542562399755,
    -0.019371844973410046
  ],
  "targetPlanarDisplacement": [
    0.0,
    0.0
  ],
  "forwardDisplacement": 0.0,
  "targetDistance": 0.0,
  "forwardProgress": 1.0,
  "meanForwardVelocity": 0.0,
  "lateralDrift": 0.11153793670187623,
  "distanceTraveled": 0.6789393780960048
}
