{
  "terms": {
    "survival": 30.0,
    "velocityTracking": 14.30405614740786,
    "forwardProgress": 10.0,
    "upright": 14.303057490719167,
    "lateralDrift": -0.5576896835093812,
    "transitionTracking": 5.032105257185276,
    "energy": -1.0075506383717945,
    "smoothness": -0.1398607081434687,
    "componentMass": -1.2060000000000002,
    "sensorChannels": -1.07,
    "trainingSteps": -0.0
  },
  "total": 69.65811786528766
}
