{
  "durationSeconds": 6.499999999999506,
  "steps": 325,
  "survivalRate": 1.0,
  "fell": false,
  "motionCommand": [
    0.0,
    0.0,
    0.038461538461538464
  ],
  "meanMotionCommand": [
    0.0,
    0.0,
    0.038461538461538464
  ],
  "meanMeasuredMotion": [
    0.03245038097156001,
    0.011847107440143464,
    0.10003896265581629
  ],
  "planarVelocityTrackingError": 0.03454534961319231,
  "yawRateTrackingError": 0.06157742419427782,
  "meanVelocityTrackingError": 0.38870540879387405,
  "meanPlanarVelocityTrackingError": 0.11840833589631278,
  "meanYawRateTrackingError": 0.3533742660825455,
  "meanUpright": 0.9707241586080242,
  "meanEnergy": 194.19985636890925,
  "meanSmoothness": 133.75401157943838,
  "peakActuator": 8.0,
  "motionCommandSchedule": [
    {
      "atStep": 0,
      "atSeconds": 0.0,
      "command": [
        0.0,
        0.0,
        0.5
      ]
    },
    {
      "atStep": 125,
      "atSeconds": 2.5,
      "command": [
        0.0,
        0.0,
        -0.5
      ]
    },
    {
      "atStep": 225,
      "atSeconds": 4.5,
      "command": [
        0.0,
        0.0,
        0.0
      ]
    }
  ],
  "transitionCount": 2,
  "transitions": [
    {
      "index": 1,
      "atStep": 125,
      "atSeconds": 2.5,
      "endStep": 225,
      "fromCommand": [
        0.0,
        0.0,
        0.5
      ],
      "toCommand": [
        0.0,
        0.0,
        -0.5
      ],
      "sampleCount": 100,
      "peakPlanarTrackingError": 0.3014554706965191,
      "peakYawRateTrackingError": 1.1254257465114321,
      "terminalMeasuredMotion": [
        -0.016247553883075007,
        0.03200390236188764,
        0.024509039031265042
      ],
      "terminalPlanarTrackingError": 0.035891959734356424,
      "terminalYawRateTrackingError": 0.524509039031265,
      "planarOvershootMps": 0.0,
      "yawRateOvershootRadPerSec": 0.0,
      "planarSettlingTimeSeconds": 1.56,
      "yawRateSettlingTimeSeconds": 2.0,
      "planarSettled": true,
      "yawRateSettled": false
    },
    {
      "index": 2,
      "atStep": 225,
      "atSeconds": 4.5,
      "endStep": 325,
      "fromCommand": [
        0.0,
        0.0,
        -0.5
      ],
      "toCommand": [
        0.0,
        0.0,
        0.0
      ],
      "sampleCount": 100,
      "peakPlanarTrackingError": 0.12125010798299132,
      "peakYawRateTrackingError": 0.41315511893678075,
      "terminalMeasuredMotion": [
        0.015183659711440181,
        0.004670934269454166,
        0.020793901883802656
      ],
      "terminalPlanarTrackingError": 0.01588587892382329,
      "terminalYawRateTrackingError": 0.020793901883802656,
      "planarOvershootMps": 0.0,
      "yawRateOvershootRadPerSec": 0.41315511893678075,
      "planarSettlingTimeSeconds": 0.2,
      "yawRateSettlingTimeSeconds": 0.52,
      "planarSettled": true,
      "yawRateSettled": true
    }
  ],
  "maximumTransitionTerminalPlanarTrackingError": 0.035891959734356424,
  "maximumTransitionTerminalYawRateTrackingError": 0.524509039031265,
  "maximumPlanarSettlingTimeSeconds": 1.56,
  "maximumYawRateSettlingTimeSeconds": 2.0,
  "maximumPlanarOvershootMps": 0.0,
  "maximumYawRateOvershootRadPerSec": 0.41315511893678075,
  "unsettledPlanarTransitionCount": 0,
  "unsettledYawRateTransitionCount": 1,
  "initialBasePosition": [
    0.0,
    0.0,
    0.44
  ],
  "finalBasePosition": [
    0.20984310264969053,
    0.07224220344370862,
    0.4102912377558169
  ],
  "netDisplacement": [
    0.20984310264969053,
    0.07224220344370862,
    -0.029708762244183118
  ],
  "targetPlanarDisplacement": [
    0.0,
    0.0
  ],
  "forwardDisplacement": 0.0,
  "targetDistance": 0.0,
  "forwardProgress": 1.0,
  "meanForwardVelocity": 0.0,
  "lateralDrift": 0.22193031268407373,
  "distanceTraveled": 0.6901213442883556
}
