{
  "terms": {
    "survival": 30.0,
    "velocityTracking": 14.401902572965785,
    "forwardProgress": 10.0,
    "upright": 14.560862379120362,
    "lateralDrift": -1.1096515634203687,
    "transitionTracking": 5.421468466548479,
    "energy": -0.9709992818445463,
    "smoothness": -0.1337540115794384,
    "componentMass": -1.2060000000000002,
    "sensorChannels": -1.07,
    "trainingSteps": -0.0
  },
  "total": 69.89382856179027
}
