{
  "count": 32768.000100000005,
  "mean": [
    0.1253994672139273,
    0.2969271509627812,
    -0.46054673371593136,
    -0.1252484133411624,
    0.3096383032255383,
    -0.4742516192308052,
    0.17621159758019567,
    0.1966961722518271,
    -0.5587192202739066,
    -0.17538670115647317,
    0.21396730415681192,
    -0.5601361880305903,
    -0.00330949655030828,
    -0.005517390439635667,
    0.01219216472714031,
    0.004611746980150908,
    -0.003259020240519151,
    0.010642607973877491,
    0.006322536536593746,
    0.02692347066120311,
    -0.004684386330346858,
    -0.005805644908330176,
    0.03007511911043402,
    -0.009963876270156767,
    0.28226718559687375,
    0.5832274390635637,
    -0.09524972099934349,
    0.0475730338265034,
    0.044516365206592814,
    0.019760828523371698,
    0.0054576427536812055,
    -0.007729231560701223,
    -0.025235351147385888,
    0.024455237489731763,
    0.013008175347487124,
    -0.02575262306428222,
    0.01968897526156536,
    0.012959694291596822,
    0.22551874779532785,
    -0.038608237059087336,
    3.1572636235973843,
    0.19437983004888898,
    -0.33122601830807,
    -0.08524969802762374,
    -0.1706820975341796,
    -0.3275467653590708,
    -0.06515021349430739,
    0.03815681182499069,
    0.3276536897639763,
    0.8195794880129162,
    0.015633532905581844,
    0.2887413955204538,
    0.7748720657837949,
    0.19496761966886747,
    -0.33000537970976734,
    -0.08424629716904719,
    -0.17028409916673637,
    -0.327956942856835,
    -0.06324842907424208,
    0.03801051162346955,
    0.32798323844814575,
    0.8194894415873052,
    0.014665546685831764,
    0.29094299370574656,
    0.7728365907266732,
    0.19550687430455962,
    -0.32968847675336815,
    -0.0828587286775098,
    -0.16942636078774553,
    -0.3269634846189379,
    -0.06239912127043995,
    0.037968214566135874,
    0.3280300908593402,
    0.8181558956913011,
    0.015167050477492307,
    0.2910388804287614,
    0.7738513107665342,
    0.194756380214309,
    -0.32965903414998393,
    -0.08246730954699433,
    -0.16942381862859615,
    -0.32760263310523713,
    -0.06049862215481074,
    0.03709583667395417,
    0.3296266337945951,
    0.8167889382766658,
    0.015276971029015693,
    0.29026467690316776,
    0.7751675623116004,
    0.19381565050174818,
    -0.33219529678352244,
    -0.08520866485884045,
    -0.17051833371771233,
    -0.32942646583556723,
    -0.06466159992104509,
    0.037119538459645864,
    0.3282933620679984,
    0.8187195565536964,
    0.015517296452097156,
    0.2876280173289728,
    0.7754631257175486,
    0.1943438399221342,
    -0.33036092261218547,
    -0.08506299452419105,
    -0.17034627738653801,
    -0.3276858593407626,
    -0.06388697846498541,
    0.038224697103690676,
    0.32656177663203806,
    0.8198494825704842,
    0.0157346581492242,
    0.28841978567391907,
    0.7745937181050523,
    0.19553535765023183,
    -0.32930533287695457,
    -0.0839573825608181,
    -0.16961151890284423,
    -0.32614000774545027,
    -0.06424184433379915,
    0.038694723328525873,
    0.3258884207796429,
    0.8204937776474883,
    0.015471947040652233,
    0.2894913756591857,
    0.7736125369459801,
    0.19626983759849106,
    -0.32808865732665893,
    -0.08285970422433918,
    -0.1683254844318342,
    -0.3257243375026628,
    -0.06212390063192493,
    0.03909256250271811,
    0.32783995722957165,
    0.8176257053360224,
    0.015810218764480778,
    0.29062191709638885,
    0.7725898695520051,
    0.7579334098452267,
    0.1489135754307688,
    0.01853942939105043,
    0.03089904775726599,
    9.136956505458414,
    8.868283557108624,
    10.79172975352772,
    10.358591321576284
  ],
  "variance": [
    0.028583904096954525,
    0.13746137708512807,
    0.12003417303869397,
    0.03343611506616863,
    0.12227680056830463,
    0.12322080345965028,
    0.040164539272556365,
    0.15793938486394954,
    0.0554894821211205,
    0.044291069909197796,
    0.1455278337782525,
    0.05663116991220666,
    11.469406043283795,
    17.519306617122684,
    40.41289975020796,
    11.338047640768485,
    17.235389767583968,
    40.37229777303937,
    12.72625760144805,
    17.13997811579829,
    34.84728117438519,
    12.657237212391586,
    16.94041377884448,
    34.978674542738695,
    0.0238115971471858,
    0.23347823773714577,
    0.13049523476969788,
    0.1910718597684749,
    0.0914868168349001,
    0.06224287401568033,
    0.057481890506118016,
    0.05869851739934388,
    3.785205728486956,
    1.5203308196587724,
    0.4033944827804113,
    3.6590578207011495,
    1.4574982576734323,
    0.39050082474135556,
    41.15431136391351,
    31.711361651306166,
    251.24329999954452,
    26.67766276187662,
    46.48647004544721,
    50.57751257628258,
    26.365913912848747,
    46.107106978728616,
    50.34620754348348,
    28.916219072866905,
    46.971485994571935,
    48.97778203768045,
    29.02762286079432,
    47.35242468068224,
    49.21270019503833,
    26.72225918012201,
    46.54827417928658,
    50.63814749129018,
    26.409825334560878,
    46.16321048948548,
    50.40564643097624,
    28.96023148332282,
    47.01992718646287,
    49.0349435881929,
    29.074832550799954,
    47.40120094123237,
    49.266573719137945,
    26.759046326314174,
    46.598478557445425,
    50.69381628065235,
    26.448050921711154,
    46.21684330184529,
    50.462733272998356,
    28.998155111996873,
    47.084936975191795,
    49.09962430569482,
    29.116146140613505,
    47.46903621577985,
    49.32515268369512,
    26.804205370181986,
    46.657861175887525,
    50.756128857309996,
    26.489770473875478,
    46.27705511759402,
    50.52608343102875,
    29.042043272858148,
    47.147125654101046,
    49.151209748467,
    29.158119294617727,
    47.52839514765829,
    49.38557881524289,
    26.628195517212248,
    46.43145161661657,
    50.52588184321196,
    26.319536815341245,
    46.050469304991836,
    50.29065802954412,
    28.86546845043202,
    46.91406759599936,
    48.93027173248041,
    28.97825611478979,
    47.294157882746205,
    49.15004408541902,
    26.67049447087937,
    46.491600082002236,
    50.581386029182795,
    26.360446174381508,
    46.11099756954761,
    50.34905991244843,
    28.908821127838923,
    46.97494916381898,
    48.978831107772805,
    29.020164455225853,
    47.35560555478883,
    49.21331147799818,
    26.711134002315806,
    46.551337243169094,
    50.64076473881659,
    26.398714138672872,
    46.167670396308345,
    50.40574167835319,
    28.95096523752633,
    47.03004833476982,
    49.03489924091597,
    29.063867508715916,
    47.40974590635034,
    49.268818080870204,
    26.749923615886942,
    46.60113561537441,
    50.69965095922079,
    26.441855227101858,
    46.21998201046325,
    50.46609839449335,
    28.99062016372661,
    47.090376160708274,
    49.102794588506484,
    29.10833812372103,
    47.471768992925,
    49.331910781793276,
    0.4622911195909242,
    0.006420942142792393,
    0.002437207128773226,
    0.006770013838768497,
    420.62155818823953,
    440.36367198052386,
    579.5431638916775,
    551.2347538019412
  ]
}
