{
  "durationSeconds": 6.499999999999506,
  "steps": 325,
  "survivalRate": 1.0,
  "fell": false,
  "motionCommand": [
    0.030769230769230813,
    0.0,
    0.0
  ],
  "meanMotionCommand": [
    0.030769230769230813,
    0.0,
    0.0
  ],
  "meanMeasuredMotion": [
    0.023400214041844624,
    0.054168108368454954,
    0.08913114469344476
  ],
  "planarVelocityTrackingError": 0.054667050146730775,
  "yawRateTrackingError": 0.08913114469344476,
  "meanVelocityTrackingError": 0.6315900177176752,
  "meanPlanarVelocityTrackingError": 0.2809315577153042,
  "meanYawRateTrackingError": 0.46681961165375346,
  "meanUpright": 0.6274194166430974,
  "meanEnergy": 624.6490970106073,
  "meanSmoothness": 31.1837900658073,
  "peakActuator": 8.0,
  "motionCommandSchedule": [
    {
      "atStep": 0,
      "atSeconds": 0.0,
      "command": [
        0.2,
        0.0,
        0.0
      ]
    },
    {
      "atStep": 125,
      "atSeconds": 2.5,
      "command": [
        -0.15,
        0.0,
        0.0
      ]
    },
    {
      "atStep": 225,
      "atSeconds": 4.5,
      "command": [
        0.0,
        0.0,
        0.0
      ]
    }
  ],
  "transitionCount": 2,
  "transitions": [
    {
      "index": 1,
      "atStep": 125,
      "atSeconds": 2.5,
      "endStep": 225,
      "fromCommand": [
        0.2,
        0.0,
        0.0
      ],
      "toCommand": [
        -0.15,
        0.0,
        0.0
      ],
      "sampleCount": 100,
      "peakPlanarTrackingError": 0.5450322225214046,
      "peakYawRateTrackingError": 2.0692267911614377,
      "terminalMeasuredMotion": [
        -0.10142923846344196,
        0.1782549743119944,
        0.16562490655168638
      ],
      "terminalPlanarTrackingError": 0.18475376787283926,
      "terminalYawRateTrackingError": 0.16562490655168638,
      "planarOvershootMps": 0.3116853328871133,
      "yawRateOvershootRadPerSec": 0.0,
      "planarSettlingTimeSeconds": 2.0,
      "yawRateSettlingTimeSeconds": 1.94,
      "planarSettled": false,
      "yawRateSettled": true,
      "planarBraking": false
    },
    {
      "index": 2,
      "atStep": 225,
      "atSeconds": 4.5,
      "endStep": 325,
      "fromCommand": [
        -0.15,
        0.0,
        0.0
      ],
      "toCommand": [
        0.0,
        0.0,
        0.0
      ],
      "sampleCount": 100,
      "peakPlanarTrackingError": 0.5498805215754455,
      "peakYawRateTrackingError": 1.969893490955993,
      "terminalMeasuredMotion": [
        -0.10676211102158613,
        0.24068861845425465,
        -0.18619898750076652
      ],
      "terminalPlanarTrackingError": 0.26330430950366773,
      "terminalYawRateTrackingError": 0.18619898750076652,
      "planarOvershootMps": 0.45892158813532286,
      "yawRateOvershootRadPerSec": 0.0,
      "planarSettlingTimeSeconds": 2.0,
      "yawRateSettlingTimeSeconds": 2.0,
      "planarSettled": false,
      "yawRateSettled": true,
      "planarBraking": true
    }
  ],
  "maximumTransitionTerminalPlanarTrackingError": 0.26330430950366773,
  "maximumTransitionTerminalYawRateTrackingError": 0.18619898750076652,
  "maximumPlanarSettlingTimeSeconds": 2.0,
  "maximumPlanarBrakingSettlingTimeSeconds": 2.0,
  "maximumYawRateSettlingTimeSeconds": 2.0,
  "maximumPlanarOvershootMps": 0.45892158813532286,
  "maximumYawRateOvershootRadPerSec": 0.0,
  "unsettledPlanarTransitionCount": 2,
  "unsettledYawRateTransitionCount": 0,
  "initialBasePosition": [
    0.0,
    0.0,
    0.44
  ],
  "finalBasePosition": [
    0.16009729300717335,
    0.3555855730213569,
    0.25953593011327075
  ],
  "netDisplacement": [
    0.16009729300717335,
    0.3555855730213569,
    -0.18046406988672925
  ],
  "targetPlanarDisplacement": [
    0.2,
    0.0
  ],
  "forwardDisplacement": 0.16009729300717335,
  "targetDistance": 0.2,
  "forwardProgress": 0.8004864650358667,
  "signedForwardProgress": 0.8004864650358667,
  "backwardDisplacement": 0.0,
  "meanForwardVelocity": 0.024630352770336233,
  "lateralDrift": 0.3555855730213569,
  "distanceTraveled": 1.8781056527295943
}
