{
  "terms": {
    "survival": 30.0,
    "velocityTracking": 12.257981345078768,
    "forwardProgress": 8.004864650358668,
    "upright": 9.411291249646462,
    "lateralDrift": -1.7779278651067845,
    "transitionTracking": 5.0774953702894345,
    "energy": -3.1232454850530367,
    "smoothness": -0.0311837900658073,
    "componentMass": -1.2060000000000002,
    "sensorChannels": -1.07,
    "trainingSteps": -0.0
  },
  "total": 57.5432754751477
}
