{
  "durationSeconds": 4.999999999999671,
  "steps": 250,
  "survivalRate": 1.0,
  "fell": false,
  "motionCommand": [
    0.25,
    0.0,
    0.0
  ],
  "meanMotionCommand": [
    0.25,
    0.0,
    0.0
  ],
  "meanMeasuredMotion": [
    0.1551493986701257,
    0.06906692524554617,
    -0.005651394145651506
  ],
  "planarVelocityTrackingError": 0.11733233456942982,
  "yawRateTrackingError": 0.005651394145651506,
  "meanVelocityTrackingError": 0.5102263054437927,
  "meanPlanarVelocityTrackingError": 0.29963164762159317,
  "meanYawRateTrackingError": 0.31292754105934395,
  "meanUpright": 0.5125362674818792,
  "meanEnergy": 631.59746236525,
  "meanSmoothness": 33.4915205575543,
  "peakActuator": 8.0,
  "motionCommandSchedule": [
    {
      "atStep": 0,
      "atSeconds": 0.0,
      "command": [
        0.25,
        0.0,
        0.0
      ]
    }
  ],
  "transitionCount": 0,
  "transitions": [],
  "maximumTransitionTerminalPlanarTrackingError": 0.0,
  "maximumTransitionTerminalYawRateTrackingError": 0.0,
  "maximumPlanarSettlingTimeSeconds": 0.0,
  "maximumPlanarBrakingSettlingTimeSeconds": 0.0,
  "maximumYawRateSettlingTimeSeconds": 0.0,
  "maximumPlanarOvershootMps": 0.0,
  "maximumYawRateOvershootRadPerSec": 0.0,
  "unsettledPlanarTransitionCount": 0,
  "unsettledYawRateTransitionCount": 0,
  "initialBasePosition": [
    0.0,
    0.0,
    0.44
  ],
  "finalBasePosition": [
    0.7816038071823362,
    0.34022334856537506,
    0.24578527441950168
  ],
  "netDisplacement": [
    0.7816038071823362,
    0.34022334856537506,
    -0.19421472558049832
  ],
  "targetPlanarDisplacement": [
    1.25,
    0.0
  ],
  "forwardDisplacement": 0.7816038071823362,
  "targetDistance": 1.25,
  "forwardProgress": 0.625283045745869,
  "signedForwardProgress": 0.625283045745869,
  "backwardDisplacement": 0.0,
  "meanForwardVelocity": 0.15632076143647752,
  "lateralDrift": 0.34022334856537506,
  "distanceTraveled": 1.4303917514736422
}
