{
  "terms": {
    "survival": 25.0,
    "velocityTracking": 13.24304836163136,
    "forwardProgress": 31.264152287293452,
    "upright": 7.688044012228188,
    "lateralDrift": -3.402233485653751,
    "transitionTracking": 0.0,
    "energy": -6.3159746236525,
    "smoothness": -0.16745760278777153,
    "componentMass": -1.5075,
    "sensorChannels": -5.3500000000000005,
    "trainingSteps": -0.0
  },
  "total": 60.45207894905898
}
