{
  "durationSeconds": 4.999999999999671,
  "steps": 250,
  "survivalRate": 1.0,
  "fell": false,
  "motionCommand": [
    0.25,
    0,
    0
  ],
  "meanVelocityTrackingError": 0.24681842117622715,
  "meanPlanarVelocityTrackingError": 0.2353905069489618,
  "meanYawRateTrackingError": 0.03906022183996394,
  "meanUpright": 0.6433369621440884,
  "meanEnergy": 195.08210104637303,
  "meanSmoothness": 132.52503591277633,
  "peakActuator": 8.0,
  "initialBasePosition": [
    0.0,
    0.0,
    0.44
  ],
  "finalBasePosition": [
    0.6433811837474883,
    -0.021711320006003253,
    0.25668609170473605
  ],
  "netDisplacement": [
    0.6433811837474883,
    -0.021711320006003253,
    -0.18331390829526395
  ],
  "forwardDisplacement": 0.6433811837474883,
  "targetDistance": 1.25,
  "forwardProgress": 0.5147049469979906,
  "meanForwardVelocity": 0.12867623674950612,
  "lateralDrift": 0.021711320006003253,
  "distanceTraveled": 1.2199798327338311
}
