{
  "terms": {
    "survival": 25.0,
    "velocityTracking": 12.030621095451297,
    "forwardProgress": 20.588197879919626,
    "upright": 9.650054432161326,
    "lateralDrift": -0.21711320006003254,
    "energy": -1.9508210104637302,
    "smoothness": -0.6626251795638817,
    "componentMass": -1.5075,
    "sensorChannels": -5.3500000000000005,
    "trainingSteps": -0.0
  },
  "total": 57.5808140174446
}
