{
  "durationSeconds": 2.0000000000000013,
  "steps": 100,
  "survivalRate": 1.0,
  "fell": false,
  "motionCommand": [
    0.0,
    0.0,
    0.0
  ],
  "meanMotionCommand": [
    0.0,
    0.0,
    0.0
  ],
  "meanMeasuredMotion": [
    -0.044976269768576466,
    5.86322930317738e-16,
    -9.617898510927751e-16
  ],
  "planarVelocityTrackingError": 0.044976269768576466,
  "yawRateTrackingError": 9.617898510927751e-16,
  "meanVelocityTrackingError": 0.0810172478324569,
  "meanPlanarVelocityTrackingError": 0.0810172478324569,
  "meanYawRateTrackingError": 3.656794099438838e-15,
  "meanUpright": 0.9475483029642793,
  "meanEnergy": 196.31407577809176,
  "meanSmoothness": 138.77083236823887,
  "peakActuator": 8.0,
  "motionCommandSchedule": [
    {
      "atStep": 0,
      "atSeconds": 0.0,
      "command": [
        0.0,
        0.0,
        0.0
      ]
    }
  ],
  "transitionCount": 0,
  "transitions": [],
  "maximumTransitionTerminalPlanarTrackingError": 0.0,
  "maximumTransitionTerminalYawRateTrackingError": 0.0,
  "maximumPlanarSettlingTimeSeconds": 0.0,
  "maximumYawRateSettlingTimeSeconds": 0.0,
  "maximumPlanarOvershootMps": 0.0,
  "maximumYawRateOvershootRadPerSec": 0.0,
  "unsettledPlanarTransitionCount": 0,
  "unsettledYawRateTransitionCount": 0,
  "initialBasePosition": [
    0.0,
    0.0,
    0.44
  ],
  "finalBasePosition": [
    -0.08972642110276942,
    1.1632488424711546e-15,
    0.41969361704342906
  ],
  "netDisplacement": [
    -0.08972642110276942,
    1.1632488424711546e-15,
    -0.020306382956570945
  ],
  "targetPlanarDisplacement": [
    0.0,
    0.0
  ],
  "forwardDisplacement": 0.0,
  "targetDistance": 0.0,
  "forwardProgress": 1.0,
  "meanForwardVelocity": 0.0,
  "lateralDrift": 0.08972642110276942,
  "distanceTraveled": 0.10154140295491194
}
