{
  "terms": {
    "survival": 30.0,
    "velocityTracking": 18.50109241096931,
    "forwardProgress": 10.0,
    "upright": 14.21322454446419,
    "lateralDrift": -0.4486321055138471,
    "transitionTracking": 30.0,
    "energy": -0.9815703788904588,
    "smoothness": -0.13877083236823887,
    "componentMass": -1.2060000000000002,
    "sensorChannels": -1.07,
    "trainingSteps": -0.0
  },
  "total": 98.86934363866095
}
