{
  "durationSeconds": 4.999999999999671,
  "steps": 250,
  "survivalRate": 1.0,
  "fell": false,
  "motionCommand": [
    0.25,
    0.0,
    0.0
  ],
  "meanMotionCommand": [
    0.25,
    0.0,
    0.0
  ],
  "meanMeasuredMotion": [
    0.16797111622202607,
    0.050654385243965365,
    0.004038933283092136
  ],
  "planarVelocityTrackingError": 0.09640852928192822,
  "yawRateTrackingError": 0.004038933283092136,
  "meanVelocityTrackingError": 0.5726815067140105,
  "meanPlanarVelocityTrackingError": 0.27822103754876987,
  "meanYawRateTrackingError": 0.3863187668519903,
  "meanUpright": 0.5442904319165248,
  "meanEnergy": 629.2091727067238,
  "meanSmoothness": 33.773538832292566,
  "peakActuator": 8.0,
  "motionCommandSchedule": [
    {
      "atStep": 0,
      "atSeconds": 0.0,
      "command": [
        0.25,
        0.0,
        0.0
      ]
    }
  ],
  "transitionCount": 0,
  "transitions": [],
  "maximumTransitionTerminalPlanarTrackingError": 0.0,
  "maximumTransitionTerminalYawRateTrackingError": 0.0,
  "maximumPlanarSettlingTimeSeconds": 0.0,
  "maximumPlanarBrakingSettlingTimeSeconds": 0.0,
  "maximumYawRateSettlingTimeSeconds": 0.0,
  "maximumPlanarOvershootMps": 0.0,
  "maximumYawRateOvershootRadPerSec": 0.0,
  "unsettledPlanarTransitionCount": 0,
  "unsettledYawRateTransitionCount": 0,
  "initialBasePosition": [
    0.0,
    0.0,
    0.44
  ],
  "finalBasePosition": [
    0.841358841725881,
    0.2540318650539311,
    0.22084388948752268
  ],
  "netDisplacement": [
    0.841358841725881,
    0.2540318650539311,
    -0.21915611051247733
  ],
  "targetPlanarDisplacement": [
    1.25,
    0.0
  ],
  "forwardDisplacement": 0.841358841725881,
  "targetDistance": 1.25,
  "forwardProgress": 0.6730870733807048,
  "signedForwardProgress": 0.6730870733807048,
  "backwardDisplacement": 0.0,
  "meanForwardVelocity": 0.16827176834518726,
  "lateralDrift": 0.2540318650539311,
  "distanceTraveled": 1.3622222603360004
}
