{
  "terms": {
    "survival": 25.0,
    "velocityTracking": 12.717133071519589,
    "forwardProgress": 33.654353669035245,
    "upright": 8.164356478747873,
    "lateralDrift": -2.540318650539311,
    "transitionTracking": 0.0,
    "energy": -6.2920917270672385,
    "smoothness": -0.16886769416146283,
    "componentMass": -1.5075,
    "sensorChannels": -5.3500000000000005,
    "trainingSteps": -0.0
  },
  "total": 63.6770651475347
}
