{
  "durationSeconds": 6.499999999999506,
  "steps": 325,
  "survivalRate": 1.0,
  "fell": false,
  "motionCommand": [
    0.0,
    0.009230769230769237,
    0.0
  ],
  "meanMotionCommand": [
    0.0,
    0.009230769230769237,
    0.0
  ],
  "meanMeasuredMotion": [
    -0.03360043867615975,
    0.0062570118483678445,
    0.4882193117332363
  ],
  "planarVelocityTrackingError": 0.033731776001268574,
  "yawRateTrackingError": 0.4882193117332363,
  "meanVelocityTrackingError": 1.1355195763512345,
  "meanPlanarVelocityTrackingError": 0.3624585728048896,
  "meanYawRateTrackingError": 1.0351898482016815,
  "meanUpright": 0.9400615833523485,
  "meanEnergy": 509.90158194092055,
  "meanSmoothness": 40.56343019451668,
  "peakActuator": 8.0,
  "motionCommandSchedule": [
    {
      "atStep": 0,
      "atSeconds": 0.0,
      "command": [
        0.0,
        0.12,
        0.0
      ]
    },
    {
      "atStep": 125,
      "atSeconds": 2.5,
      "command": [
        0.0,
        -0.12,
        0.0
      ]
    },
    {
      "atStep": 225,
      "atSeconds": 4.5,
      "command": [
        0.0,
        0.0,
        0.0
      ]
    }
  ],
  "transitionCount": 2,
  "transitions": [
    {
      "index": 1,
      "atStep": 125,
      "atSeconds": 2.5,
      "endStep": 225,
      "fromCommand": [
        0.0,
        0.12,
        0.0
      ],
      "toCommand": [
        0.0,
        -0.12,
        0.0
      ],
      "sampleCount": 100,
      "peakPlanarTrackingError": 0.6237178072359709,
      "peakYawRateTrackingError": 3.6385700472603877,
      "terminalMeasuredMotion": [
        -0.04515604557941557,
        -0.15429888487880764,
        0.10693085823572361
      ],
      "terminalPlanarTrackingError": 0.05670521983292152,
      "terminalYawRateTrackingError": 0.10693085823572361,
      "planarOvershootMps": 0.43173039136283664,
      "yawRateOvershootRadPerSec": 0.0,
      "planarSettlingTimeSeconds": 1.9,
      "yawRateSettlingTimeSeconds": 2.0,
      "planarSettled": true,
      "yawRateSettled": true
    },
    {
      "index": 2,
      "atStep": 225,
      "atSeconds": 4.5,
      "endStep": 325,
      "fromCommand": [
        0.0,
        -0.12,
        0.0
      ],
      "toCommand": [
        0.0,
        0.0,
        0.0
      ],
      "sampleCount": 100,
      "peakPlanarTrackingError": 0.8478878868060654,
      "peakYawRateTrackingError": 3.413399825454708,
      "terminalMeasuredMotion": [
        0.41087409865243696,
        -0.3588220140391459,
        1.6265706955210795
      ],
      "terminalPlanarTrackingError": 0.5455004699379841,
      "terminalYawRateTrackingError": 1.6265706955210795,
      "planarOvershootMps": 0.03091350055860867,
      "yawRateOvershootRadPerSec": 0.0,
      "planarSettlingTimeSeconds": 2.0,
      "yawRateSettlingTimeSeconds": 2.0,
      "planarSettled": false,
      "yawRateSettled": false
    }
  ],
  "maximumTransitionTerminalPlanarTrackingError": 0.5455004699379841,
  "maximumTransitionTerminalYawRateTrackingError": 1.6265706955210795,
  "maximumPlanarSettlingTimeSeconds": 2.0,
  "maximumYawRateSettlingTimeSeconds": 2.0,
  "maximumPlanarOvershootMps": 0.43173039136283664,
  "maximumYawRateOvershootRadPerSec": 0.0,
  "unsettledPlanarTransitionCount": 1,
  "unsettledYawRateTransitionCount": 1,
  "initialBasePosition": [
    0.0,
    0.0,
    0.44
  ],
  "finalBasePosition": [
    -0.22401330711116588,
    0.04981505189940127,
    0.43568490772339913
  ],
  "netDisplacement": [
    -0.22401330711116588,
    0.04981505189940127,
    -0.004315092276600874
  ],
  "targetPlanarDisplacement": [
    0.0,
    0.06
  ],
  "forwardDisplacement": 0.04981505189940127,
  "targetDistance": 0.06,
  "forwardProgress": 0.8302508649900212,
  "meanForwardVelocity": 0.0076638541383700085,
  "lateralDrift": 0.22401330711116588,
  "distanceTraveled": 2.4724259495744407
}
