{
  "terms": {
    "survival": 30.0,
    "velocityTracking": 9.365402322451267,
    "forwardProgress": 8.302508649900211,
    "upright": 14.100923750285228,
    "lateralDrift": -1.1200665355558295,
    "transitionTracking": 3.9453949154005614,
    "energy": -2.549507909704603,
    "smoothness": -0.04056343019451668,
    "componentMass": -1.2060000000000002,
    "sensorChannels": -1.07,
    "trainingSteps": -0.0
  },
  "total": 59.72809176258232
}
