{
  "count": 4096.0001,
  "mean": [
    0.27780313720520894,
    -0.513283564726999,
    0.28284599487939815,
    -0.5110614390044252,
    0.2543197531527137,
    -0.5615492220677253,
    0.2448086025010812,
    -0.5607411395323852,
    -0.0038853949985898093,
    0.05496303274955822,
    -0.004290962604097814,
    0.057075642377992404,
    0.04856342487520468,
    0.019638762601841574,
    0.05347655360350228,
    0.018995808790598537,
    0.42075402391262257,
    0.9905653561815713,
    -0.001048748918099633,
    -0.07414230623317739,
    0.006172162819917806,
    0.06629893375123223,
    0.00334915397318994,
    -0.004378633832284899,
    -0.008306718386729462,
    -0.10791351756085908,
    0.00024276629909926424,
    -0.0077483052812395625,
    -0.11343572534777244,
    0.0002645448703639278,
    1.448205442872194,
    0.04161329519949173,
    10.133163816050011,
    10.535294900793094,
    12.000477390907161,
    19.151170257812915,
    18.04706919143251
  ],
  "variance": [
    0.018852555027735547,
    0.009415272205071433,
    0.01835813598089437,
    0.009741909402154601,
    0.013814497211397362,
    0.011218472886274217,
    0.012324017171835844,
    0.010922564748049039,
    5.754055091465662,
    15.178840741556394,
    5.71454785156088,
    14.938924295142916,
    3.2423676389702645,
    6.37090773961123,
    3.331342754929451,
    6.949569131760181,
    0.0005662877020427305,
    0.0028314070599245057,
    0.00033288740171476315,
    0.008837185432139917,
    0.0012590595235589764,
    0.08477596589260385,
    0.0047572413533589,
    0.011619394049336164,
    0.029615080447549333,
    0.5244863983728423,
    0.020567617811989344,
    0.02902786662754165,
    0.5019763290581177,
    0.020534988773959494,
    15.44076649109671,
    5.490510351926118,
    60.232401561860605,
    250.25738759507271,
    315.4134699586184,
    312.60338891083677,
    336.18621043339283
  ]
}
