{
  "durationSeconds": 6.499999999999506,
  "steps": 325,
  "survivalRate": 1.0,
  "fell": false,
  "motionCommand": [
    0.0,
    0.0,
    0.038461538461538464
  ],
  "meanMotionCommand": [
    0.0,
    0.0,
    0.038461538461538464
  ],
  "meanMeasuredMotion": [
    -0.02056473970002006,
    -0.02385591051099656,
    0.08670230209560983
  ],
  "planarVelocityTrackingError": 0.03149623763623613,
  "yawRateTrackingError": 0.04824076363407137,
  "meanVelocityTrackingError": 0.39982843719793915,
  "meanPlanarVelocityTrackingError": 0.11917995411823472,
  "meanYawRateTrackingError": 0.35059054899374886,
  "meanUpright": 0.9535412248365247,
  "meanEnergy": 198.73860779348672,
  "meanSmoothness": 138.2407709900578,
  "peakActuator": 8.0,
  "motionCommandSchedule": [
    {
      "atStep": 0,
      "atSeconds": 0.0,
      "command": [
        0.0,
        0.0,
        0.5
      ]
    },
    {
      "atStep": 125,
      "atSeconds": 2.5,
      "command": [
        0.0,
        0.0,
        -0.5
      ]
    },
    {
      "atStep": 225,
      "atSeconds": 4.5,
      "command": [
        0.0,
        0.0,
        0.0
      ]
    }
  ],
  "transitionCount": 2,
  "transitions": [
    {
      "index": 1,
      "atStep": 125,
      "atSeconds": 2.5,
      "endStep": 225,
      "fromCommand": [
        0.0,
        0.0,
        0.5
      ],
      "toCommand": [
        0.0,
        0.0,
        -0.5
      ],
      "sampleCount": 100,
      "peakPlanarTrackingError": 0.21322131626254706,
      "peakYawRateTrackingError": 1.1473272644294998,
      "terminalMeasuredMotion": [
        0.011130722102691323,
        -0.03936715602764991,
        0.43180063837262395
      ],
      "terminalPlanarTrackingError": 0.0409104625766157,
      "terminalYawRateTrackingError": 0.931800638372624,
      "planarOvershootMps": 0.0,
      "yawRateOvershootRadPerSec": 0.0,
      "planarSettlingTimeSeconds": 1.06,
      "yawRateSettlingTimeSeconds": 2.0,
      "planarSettled": true,
      "yawRateSettled": false
    },
    {
      "index": 2,
      "atStep": 225,
      "atSeconds": 4.5,
      "endStep": 325,
      "fromCommand": [
        0.0,
        0.0,
        -0.5
      ],
      "toCommand": [
        0.0,
        0.0,
        0.0
      ],
      "sampleCount": 100,
      "peakPlanarTrackingError": 0.2700270863899954,
      "peakYawRateTrackingError": 0.29931041341508147,
      "terminalMeasuredMotion": [
        -0.07063710877988297,
        -0.05680742576955149,
        -0.01748297614846666
      ],
      "terminalPlanarTrackingError": 0.09064593073792182,
      "terminalYawRateTrackingError": 0.01748297614846666,
      "planarOvershootMps": 0.0,
      "yawRateOvershootRadPerSec": 0.18121535343943956,
      "planarSettlingTimeSeconds": 1.0,
      "yawRateSettlingTimeSeconds": 0.2,
      "planarSettled": true,
      "yawRateSettled": true
    }
  ],
  "maximumTransitionTerminalPlanarTrackingError": 0.09064593073792182,
  "maximumTransitionTerminalYawRateTrackingError": 0.931800638372624,
  "maximumPlanarSettlingTimeSeconds": 1.06,
  "maximumYawRateSettlingTimeSeconds": 2.0,
  "maximumPlanarOvershootMps": 0.0,
  "maximumYawRateOvershootRadPerSec": 0.18121535343943956,
  "unsettledPlanarTransitionCount": 0,
  "unsettledYawRateTransitionCount": 1,
  "initialBasePosition": [
    0.0,
    0.0,
    0.44
  ],
  "finalBasePosition": [
    -0.13194663774940743,
    -0.1506319365210979,
    0.4205540749618548
  ],
  "netDisplacement": [
    -0.13194663774940743,
    -0.1506319365210979,
    -0.019445925038145184
  ],
  "targetPlanarDisplacement": [
    0.0,
    0.0
  ],
  "forwardDisplacement": 0.0,
  "targetDistance": 0.0,
  "forwardProgress": 1.0,
  "meanForwardVelocity": 0.0,
  "lateralDrift": 0.2002495830544209,
  "distanceTraveled": 0.69286863027118
}
