{
  "terms": {
    "survival": 30.0,
    "velocityTracking": 14.28746514110997,
    "forwardProgress": 10.0,
    "upright": 14.303118372547871,
    "lateralDrift": -1.0012479152721045,
    "transitionTracking": 5.699454190148002,
    "energy": -0.9936930389674337,
    "smoothness": -0.1382407709900578,
    "componentMass": -1.2060000000000002,
    "sensorChannels": -1.07,
    "trainingSteps": -0.0
  },
  "total": 69.88085597857625
}
