{
  "terms": {
    "survival": 16.338461538461537,
    "velocityTracking": 14.613776200565756,
    "forwardProgress": 10.0,
    "upright": 10.21896961801506,
    "lateralDrift": -0.2942170083564752,
    "transitionTracking": 9.208977113528448,
    "energy": -2.8280515688032573,
    "smoothness": -0.030576258323298765,
    "componentMass": -1.2060000000000002,
    "sensorChannels": -1.07,
    "trainingSteps": -0.0
  },
  "total": 54.95133963508777
}
