{
  "durationSeconds": 4.999999999999671,
  "steps": 250,
  "survivalRate": 1.0,
  "fell": false,
  "motionCommand": [
    0.25,
    0.0,
    0.0
  ],
  "meanMotionCommand": [
    0.25,
    0.0,
    0.0
  ],
  "meanMeasuredMotion": [
    0.0908358476179893,
    -0.051476846329744815,
    0.12244665027898179
  ],
  "planarVelocityTrackingError": 0.16728147868649443,
  "yawRateTrackingError": 0.12244665027898179,
  "meanVelocityTrackingError": 0.8183051027244,
  "meanPlanarVelocityTrackingError": 0.32484770432377064,
  "meanYawRateTrackingError": 0.6431723144939271,
  "meanUpright": 0.6080532002339702,
  "meanEnergy": 590.3912004297345,
  "meanSmoothness": 33.662790134083274,
  "peakActuator": 8.0,
  "motionCommandSchedule": [
    {
      "atStep": 0,
      "atSeconds": 0.0,
      "command": [
        0.25,
        0.0,
        0.0
      ]
    }
  ],
  "transitionCount": 0,
  "transitions": [],
  "maximumTransitionTerminalPlanarTrackingError": 0.0,
  "maximumTransitionTerminalYawRateTrackingError": 0.0,
  "maximumPlanarSettlingTimeSeconds": 0.0,
  "maximumPlanarBrakingSettlingTimeSeconds": 0.0,
  "maximumYawRateSettlingTimeSeconds": 0.0,
  "maximumPlanarOvershootMps": 0.0,
  "maximumYawRateOvershootRadPerSec": 0.0,
  "unsettledPlanarTransitionCount": 0,
  "unsettledYawRateTransitionCount": 0,
  "initialBasePosition": [
    0.0,
    0.0,
    0.44
  ],
  "finalBasePosition": [
    0.46198441583741345,
    -0.2563009403224579,
    0.2505844876163902
  ],
  "netDisplacement": [
    0.46198441583741345,
    -0.2563009403224579,
    -0.18941551238360982
  ],
  "targetPlanarDisplacement": [
    1.25,
    0.0
  ],
  "forwardDisplacement": 0.46198441583741345,
  "targetDistance": 1.25,
  "forwardProgress": 0.3695875326699308,
  "signedForwardProgress": 0.3695875326699308,
  "backwardDisplacement": 0.0,
  "meanForwardVelocity": 0.09239688316748876,
  "lateralDrift": 0.2563009403224579,
  "distanceTraveled": 1.3337205965084928
}
