{
  "count": 32768.000100000005,
  "mean": [
    0.12320209666488845,
    0.2962606102760069,
    -0.45289259526865827,
    -0.13025306979183354,
    0.3064392248093958,
    -0.4649613417639606,
    0.17216758987042285,
    0.20876159755231002,
    -0.5569835502929712,
    -0.17726704581849292,
    0.22593501667499458,
    -0.5595123108304186,
    -0.0034396960202708986,
    -0.007228740033115352,
    0.014866149156394634,
    0.0039043933281256204,
    -0.005524173642876798,
    0.012060234417041333,
    0.0059595447204848565,
    0.027977977415361194,
    -0.003798110728986759,
    -0.004501220458141467,
    0.032073425216667825,
    -0.010881164549121702,
    0.28625099257476727,
    0.6138117629068177,
    -0.06526153064274154,
    0.05111075478137939,
    0.029114917928637504,
    0.023934868158518075,
    -0.005635772065942679,
    -0.005830040420393495,
    -0.0284927296058674,
    0.0024566595732327945,
    -0.0053788884504039295,
    -0.029287538773343332,
    -0.002587716923654762,
    -0.0053188934363021185,
    0.2520097310291338,
    -0.04593362336078548,
    3.3972817620482174,
    0.19409028695661956,
    -0.34570128143719503,
    -0.08627770374708472,
    -0.1618393616923934,
    -0.30977324884818125,
    -0.05411703297857148,
    0.06700773450751075,
    0.34199811765878807,
    0.8221015796140718,
    -0.006212648045356924,
    0.2980118243594187,
    0.7929697954614617,
    0.19432006443280977,
    -0.34574245358046996,
    -0.08452177028190361,
    -0.16226247111462588,
    -0.3113996998634436,
    -0.05245343029436059,
    0.06635814455707627,
    0.3395521887155603,
    0.8250678259687685,
    -0.007387195647190473,
    0.2969553464316494,
    0.7935868771802864,
    0.19535478403280407,
    -0.3455282609725268,
    -0.08408912582138815,
    -0.16149962006647983,
    -0.3111477727762606,
    -0.05109383367083442,
    0.06585477293686945,
    0.34070465999454946,
    0.8234795551911207,
    -0.007832676400383796,
    0.29867896549892725,
    0.7920098681594652,
    0.1951220412179095,
    -0.345197718586319,
    -0.08370030315904681,
    -0.16186810369341795,
    -0.31090170773918907,
    -0.04958704383058391,
    0.06480622591863014,
    0.33835887778866414,
    0.8260972211957257,
    -0.007463731020747659,
    0.2958806484876535,
    0.7958407368880034,
    0.19383652160555984,
    -0.3463206865021499,
    -0.08631084188337462,
    -0.1617768735174961,
    -0.31150442379167365,
    -0.05311820849034697,
    0.06560798170944405,
    0.3409811045756555,
    0.8229951896133486,
    -0.006919942730122058,
    0.29669278499230617,
    0.7933790939542246,
    0.19408687240256453,
    -0.34536847503026674,
    -0.08602283497721547,
    -0.1615535751341835,
    -0.30992100466958605,
    -0.05330777674769306,
    0.06697553521147048,
    0.3386840899426682,
    0.824952991075486,
    -0.0060434298374624105,
    0.29583090192117306,
    0.7943971005097517,
    0.19490324710527343,
    -0.3445696289238084,
    -0.08434238378210887,
    -0.16159707933981743,
    -0.30947291496927015,
    -0.05314183255916102,
    0.06714738725092409,
    0.33961598816409555,
    0.8246123666724113,
    -0.007063440253537945,
    0.2983053771620566,
    0.7918088701882676,
    0.19569589516803537,
    -0.3445060758200508,
    -0.08398659204473514,
    -0.1609071242104897,
    -0.3105026501928541,
    -0.05095170495853573,
    0.06656928973791995,
    0.3386035534148702,
    0.8254304979921893,
    -0.007452971996287448,
    0.2963111890926565,
    0.7936094581899351,
    0.7579334098452267,
    0.1489135754307688,
    0.01853942939105043,
    0.03089904775726599,
    9.496182790865847,
    8.825637148010818,
    10.810555808596042,
    10.790954755907164
  ],
  "variance": [
    0.028625691299277316,
    0.13728682786899657,
    0.10865397775769653,
    0.03206294303380769,
    0.12197353986935304,
    0.11304799644607269,
    0.04087298363562593,
    0.15168941550511944,
    0.05261500347176585,
    0.04300033530521656,
    0.1391241675918848,
    0.05388130382810269,
    11.552903474590128,
    17.641436000218143,
    40.700966036232074,
    11.434769704077192,
    17.515027368324606,
    40.66822776593707,
    12.852522470164484,
    17.173575930918513,
    35.30357789640291,
    12.665729362351813,
    17.02260212192039,
    35.18100837992478,
    0.02370097588373667,
    0.20269280835367873,
    0.14399846645390801,
    0.17198707329164692,
    0.09684018050299598,
    0.058414101760275394,
    0.06328966301302816,
    0.058741664931142495,
    3.865852090117022,
    1.463508391483472,
    0.4076791590423789,
    3.7316525647839494,
    1.402294613461603,
    0.394449659913119,
    41.14356131420706,
    30.875977596782317,
    250.51575834973866,
    27.43140255864911,
    46.834280174554586,
    51.081627771092904,
    27.211744810465472,
    46.864342196181845,
    50.92289713312061,
    29.76508925377129,
    47.47614526857183,
    49.55325631398775,
    29.532376532163603,
    47.67260228017207,
    49.65386992658818,
    27.468995371007615,
    46.894652435927526,
    51.14197862925436,
    27.250047875191324,
    46.92269281984517,
    50.9771536962597,
    29.81009333723857,
    47.528509290405424,
    49.609080938813534,
    29.57755254002092,
    47.726638997794666,
    49.70871987377053,
    27.51248490291252,
    46.946132985035035,
    51.20259047834314,
    27.29350392312695,
    46.978542868626796,
    51.03656099300532,
    29.852389869388084,
    47.58829800874325,
    49.66686309748843,
    29.621244355836357,
    47.78059982318806,
    49.76127814625714,
    27.55469943954898,
    47.00574373197887,
    51.26345822348042,
    27.329836676479832,
    47.038289068018784,
    51.097312250329324,
    29.895736683100136,
    47.65514771242674,
    49.7211651688259,
    29.661455539065663,
    47.84510273465468,
    49.81867732670088,
    27.384504548414263,
    46.780313237913916,
    51.031186601867596,
    27.16646351824428,
    46.80769636478145,
    50.865288088553214,
    29.717784392822043,
    47.41572571561827,
    49.495404475993524,
    29.482703076003315,
    47.6184377663965,
    49.59487727600692,
    27.424287393120014,
    46.83935296089651,
    51.08460807844488,
    27.206243333963368,
    46.87023554786584,
    50.925235823271265,
    29.757849335462822,
    47.48227988763875,
    49.55323867186393,
    29.52500108479041,
    47.67909253018137,
    49.65589899295318,
    27.460427804438158,
    46.89789478116099,
    51.145247301371406,
    27.241344978591485,
    46.92791552767818,
    50.97964497243411,
    29.80318342667778,
    47.53408834332403,
    49.60756533717229,
    29.568939103864903,
    47.732632649505234,
    49.71089145697074,
    27.503480150564137,
    46.949069246840295,
    51.207801021845995,
    27.286864422418407,
    46.98535120194111,
    51.0404487564215,
    29.843458680084645,
    47.596055957904284,
    49.668490741917125,
    29.612061825453083,
    47.78794324891437,
    49.7662919022639,
    0.4622911195909242,
    0.006420942142792393,
    0.002437207128773226,
    0.006770013838768497,
    433.3632929715717,
    438.0522792882274,
    581.8289618675399,
    584.8979859422532
  ]
}
