{
  "durationSeconds": 4.999999999999671,
  "steps": 250,
  "survivalRate": 1.0,
  "fell": false,
  "motionCommand": [
    0.25,
    0.0,
    0.0
  ],
  "meanMotionCommand": [
    0.25,
    0.0,
    0.0
  ],
  "meanMeasuredMotion": [
    0.1099554251685659,
    0.012906099259496453,
    0.00037901750334944784
  ],
  "planarVelocityTrackingError": 0.1406380117102525,
  "yawRateTrackingError": 0.00037901750334944784,
  "meanVelocityTrackingError": 0.17220280978889518,
  "meanPlanarVelocityTrackingError": 0.16171659108232042,
  "meanYawRateTrackingError": 0.04039248312722089,
  "meanUpright": 0.9219103586344433,
  "meanAbsolutePitchRad": 0.15645700753425057,
  "minimumPitchRad": -0.38745083299027633,
  "maximumPitchRad": -0.013927837386805779,
  "maximumBackwardPitchRad": 0.38745083299027633,
  "maximumAbsolutePitchRad": 0.38745083299027633,
  "maximumAbsolutePitchRateRadPerSec": 3.522628972524099,
  "meanEnergy": 183.54155539574248,
  "meanSmoothness": 125.48111690106352,
  "peakActuator": 8.0,
  "motionCommandSchedule": [
    {
      "atStep": 0,
      "atSeconds": 0.0,
      "command": [
        0.25,
        0.0,
        0.0
      ]
    }
  ],
  "transitionCount": 0,
  "transitions": [],
  "maximumTransitionTerminalPlanarTrackingError": 0.0,
  "maximumTransitionTerminalYawRateTrackingError": 0.0,
  "maximumPlanarSettlingTimeSeconds": 0.0,
  "maximumPlanarBrakingSettlingTimeSeconds": 0.0,
  "maximumYawRateSettlingTimeSeconds": 0.0,
  "maximumPlanarOvershootMps": 0.0,
  "maximumYawRateOvershootRadPerSec": 0.0,
  "unsettledPlanarTransitionCount": 0,
  "unsettledYawRateTransitionCount": 0,
  "initialBasePosition": [
    0.0,
    0.0,
    0.44
  ],
  "finalBasePosition": [
    0.550128800720725,
    0.0639052258002287,
    0.418770410366468
  ],
  "netDisplacement": [
    0.550128800720725,
    0.0639052258002287,
    -0.021229589633531998
  ],
  "targetPlanarDisplacement": [
    1.25,
    0.0
  ],
  "forwardDisplacement": 0.550128800720725,
  "targetDistance": 1.25,
  "forwardProgress": 0.44010304057658,
  "signedForwardProgress": 0.44010304057658,
  "backwardDisplacement": 0.0,
  "meanForwardVelocity": 0.11002576014415223,
  "lateralDrift": 0.0639052258002287,
  "distanceTraveled": 0.6444847974311569
}
