{
  "terms": {
    "survival": 25.0,
    "velocityTracking": 17.06189392567814,
    "forwardProgress": 22.005152028829002,
    "upright": 13.828655379516649,
    "lateralDrift": -0.639052258002287,
    "transitionTracking": 0.0,
    "energy": -1.8354155539574248,
    "smoothness": -0.6274055845053176,
    "componentMass": -1.5075,
    "sensorChannels": -5.3500000000000005,
    "trainingSteps": -0.0
  },
  "total": 67.93632793755876
}
