{
  "count": 16384.0001,
  "mean": [
    0.17889017488000916,
    0.4309732527273202,
    -0.34363863245084747,
    -0.19106608953435833,
    0.4263180451897651,
    -0.34665687392953254,
    0.16981154377289517,
    0.3189949878073975,
    -0.49198295160141853,
    -0.16938458137222986,
    0.31692369225796324,
    -0.48970416520103716,
    0.005294826546770466,
    0.05183575558723016,
    0.0782675179776554,
    -0.010561630377954786,
    0.053961074000083764,
    0.07355424324312662,
    0.004069244524626976,
    0.016853694289287898,
    0.05293582496269155,
    -0.008698029687960922,
    0.01641613851842763,
    0.0528828416752702,
    0.3471714530734721,
    0.8768688619256112,
    0.0016044082054790364,
    0.22775224432057864,
    -0.030244339076699666,
    0.12578707990542892,
    0.006876970496397445,
    -0.038141811209315514,
    0.004446086079954842,
    0.29923077241941654,
    -0.022735450238409338,
    0.00463088063352842,
    0.2931304637956715,
    -0.02302594200425233,
    -3.414553006060539,
    0.018718961654311302,
    6.305982752557019,
    0.15359674102506604,
    -1.4128722771828415,
    -0.6604733379902861,
    -0.10388041947437948,
    -1.3833462434775534,
    -0.6479308043755129,
    0.19479933057324278,
    0.3787536508510649,
    0.5769983577481705,
    -0.1954953001921639,
    0.3817232902839996,
    0.5730883117694351,
    0.157091799898603,
    -1.422799413970001,
    -0.6456705445240544,
    -0.10048384263188236,
    -1.3959075695228285,
    -0.6313392632228987,
    0.19571335104813362,
    0.3581121387232848,
    0.6003947801403302,
    -0.19121741002377834,
    0.366607379338719,
    0.5898341979382952,
    0.15942819513360268,
    -1.4073828693380537,
    -0.6586707072122451,
    -0.0990380395285573,
    -1.387504054038112,
    -0.6420754696110569,
    0.2008138821551866,
    0.3655817740129344,
    0.5927533709893121,
    -0.19051243746308014,
    0.3767762995436674,
    0.5811471452960181,
    0.1610382722028708,
    -1.4179080294653583,
    -0.64461172891596,
    -0.0983622740890929,
    -1.3993278015653672,
    -0.6268349465899526,
    0.19981833006367494,
    0.35182332170943537,
    0.6065289226902651,
    -0.18692930059383273,
    0.36171275305347234,
    0.598128893486603,
    0.1538622398335785,
    -1.4076033788640228,
    -0.6629616567164607,
    -0.10428666466074797,
    -1.382224249347015,
    -0.6464912925216234,
    0.19291033417402034,
    0.38683641042040245,
    0.565914087212058,
    -0.19264716858458725,
    0.3834451326464418,
    0.5720569442739976,
    0.15293107105197998,
    -1.4183017563053413,
    -0.6494257204798202,
    -0.10524155191762716,
    -1.3888545704904276,
    -0.6351382937132333,
    0.18948531168915078,
    0.3748404731271667,
    0.5818667313270874,
    -0.1936782721496568,
    0.37478816419010946,
    0.5830003894524062,
    0.15440313489727867,
    -1.4068628274826622,
    -0.6584265898786802,
    -0.1047501289034378,
    -1.3767321421468284,
    -0.6487367615142119,
    0.1933411366063684,
    0.3828096187158907,
    0.5765478867122771,
    -0.19583550038117456,
    0.3866098956986769,
    0.5726583668507107,
    0.1575749806887463,
    -1.4181811230854011,
    -0.6453297798982732,
    -0.10124030485059166,
    -1.392452523016753,
    -0.6299169524926302,
    0.1944609221463615,
    0.3624224765210576,
    0.6008164065126484,
    -0.19178678421639728,
    0.3685352222721177,
    0.5913841500223613,
    12.77466349684083,
    12.64877863002392,
    7.355300059406749,
    7.294595309433823
  ],
  "variance": [
    0.01692015152104207,
    0.034590195940117203,
    0.04565964097549107,
    0.01660193521497729,
    0.035270757307759935,
    0.04576177579645329,
    0.012917937791545554,
    0.02694073607394399,
    0.030271152198255494,
    0.013000297037714499,
    0.02773828578128664,
    0.030800304621786297,
    8.184870911784744,
    18.564763168803395,
    45.587482000512416,
    8.506576369335017,
    18.729938120660005,
    45.83923330398479,
    10.78367638711598,
    21.879578432551,
    43.01554251472623,
    10.846705511328578,
    21.99362868566002,
    43.336761951570224,
    0.007016463466706796,
    0.026889014250249844,
    0.008181828983793224,
    0.09385346730303716,
    0.0493804696375042,
    0.09441256003990602,
    0.03180443034351867,
    0.04776669220974013,
    2.6914928984505884,
    1.9704801360389548,
    0.44897528665931413,
    2.5766049856783875,
    1.9033888685984524,
    0.44139187848115624,
    91.05733902084991,
    31.569086640019993,
    127.09419967340955,
    19.52149568416083,
    46.769649912620196,
    52.00834911889536,
    19.594827013148414,
    46.74811870823862,
    52.0939616636796,
    24.07584295701236,
    50.2507060480245,
    55.34553722013258,
    24.284155262545088,
    50.21322734523431,
    55.379190572662374,
    19.667597542421497,
    46.94861569987248,
    52.30339774438969,
    19.748397443039178,
    46.92527382578854,
    52.39050121650763,
    24.25734037477589,
    50.50541439498705,
    55.59552758368658,
    24.466378863206838,
    50.4610893836096,
    55.62832867420007,
    19.814203304880103,
    47.24274316635848,
    52.55220605898098,
    19.88676357104687,
    47.20011976762935,
    52.63475776633098,
    24.42581510429026,
    50.7680717568822,
    55.865758582840904,
    24.642931679733742,
    50.72685586846464,
    55.91194742992268,
    19.950185236965513,
    47.433852968858325,
    52.84323771033769,
    20.032390496853253,
    47.38699790170367,
    52.91959845684256,
    24.59120942202106,
    51.006801982211684,
    56.112400023607556,
    24.805609447720858,
    50.98085661602962,
    56.157348833228966,
    19.33812534421546,
    46.578601445423935,
    51.78103801889122,
    19.39445182430405,
    46.535159951666856,
    51.87591492347155,
    23.89524504590619,
    50.04312805370622,
    55.15806972149693,
    24.08658715116415,
    50.019045172371214,
    55.17181738845309,
    19.473077066303198,
    46.75453583760185,
    52.067621439003204,
    19.546656600649083,
    46.72166059856649,
    52.16230268181874,
    24.049997896903054,
    50.28090810979408,
    55.40094322563141,
    24.262977300140395,
    50.25568669643831,
    55.42222331489653,
    19.622166731153097,
    47.04840524413398,
    52.33135953547643,
    19.693675258956713,
    47.027433786585775,
    52.415023010868815,
    24.223630641311814,
    50.52959293345004,
    55.656698165197675,
    24.425493773089567,
    50.50031597527255,
    55.691796757619684,
    19.758881207505837,
    47.22935133750749,
    52.626298932171274,
    19.832407168489915,
    47.19521146761392,
    52.715737383626866,
    24.390633386118793,
    50.794161020841244,
    55.91112331374213,
    24.602343354909618,
    50.757267601532874,
    55.94672853763605,
    574.2672954629448,
    593.619937696896,
    511.15669600467425,
    527.2276584882237
  ]
}
