{
  "count": 8192.000100000001,
  "mean": [
    0.1746929025964124,
    0.5053452270495158,
    -0.38635440600066995,
    -0.18114985505562364,
    0.49506426593960684,
    -0.38840148885098197,
    0.15959792271374865,
    0.29585127011405155,
    -0.47588929142607717,
    -0.15132818824234778,
    0.2941949909747813,
    -0.47929308903818646,
    0.007356772137439294,
    0.128456827225507,
    0.05031328513922149,
    0.00742161120778051,
    0.1245516065057897,
    0.0421192242091714,
    -0.003247418195814261,
    0.04241046839654937,
    0.06260553827213768,
    0.017071764622670512,
    0.028747959166039214,
    0.0753348718818334,
    0.34440984612175296,
    0.8411914192727535,
    -0.004031797772572626,
    0.13631354406573523,
    -0.022722856640964195,
    0.05688095450888305,
    0.028077812294186884,
    -0.051880245022061344,
    -0.04154233146926264,
    0.0906047880316616,
    -0.030078384115052637,
    -0.04055376705474415,
    0.08856166612990904,
    -0.029338627006819863,
    -2.5262704004005156,
    -0.06012413831576625,
    7.199374467119114,
    12.90876037371248,
    12.982202964843564,
    9.853358511797152,
    9.515684212978439
  ],
  "variance": [
    0.04774929501045502,
    0.0892242035260641,
    0.13697968702954416,
    0.04752738949539438,
    0.08612518902052031,
    0.1373438696935119,
    0.040834262670739266,
    0.08025237619641813,
    0.127313238834821,
    0.040699134775534704,
    0.07893900418669993,
    0.12879821677596714,
    26.78530790831579,
    53.57574265445455,
    137.04338729568792,
    27.67149215348172,
    52.47917801936177,
    138.09126015263453,
    34.50142488403873,
    59.89500818095068,
    126.81778830669404,
    34.576486697560185,
    60.333810197299165,
    126.78608250462321,
    0.007709084047826054,
    0.04565611065136179,
    0.022958944806287056,
    0.08727011384757528,
    0.11742348916458277,
    0.13813858721553782,
    0.07539754952132457,
    0.10529757831400584,
    7.170124633251257,
    4.072294294915003,
    0.9342531238228802,
    6.887465706391945,
    3.978326779148275,
    0.914395262504713,
    156.44646806829726,
    72.50314127694277,
    210.47717052980101,
    1307.7739967808989,
    1298.48804535667,
    1322.228930455581,
    1223.4571018665438
  ]
}
