{
  "durationSeconds": 6.499999999999506,
  "steps": 325,
  "survivalRate": 1.0,
  "fell": false,
  "motionCommand": [
    0.0,
    0.0,
    0.038461538461538464
  ],
  "meanMotionCommand": [
    0.0,
    0.0,
    0.038461538461538464
  ],
  "meanMeasuredMotion": [
    -0.029753459733441096,
    -0.0042791077815678225,
    0.15879621582347497
  ],
  "planarVelocityTrackingError": 0.030059592969895233,
  "yawRateTrackingError": 0.12033467736193651,
  "meanVelocityTrackingError": 0.4761305694807242,
  "meanPlanarVelocityTrackingError": 0.14607455806247877,
  "meanYawRateTrackingError": 0.42193793062541896,
  "meanUpright": 0.9608013297050727,
  "meanEnergy": 198.9383873424925,
  "meanSmoothness": 136.04479505055176,
  "peakActuator": 8.0,
  "motionCommandSchedule": [
    {
      "atStep": 0,
      "atSeconds": 0.0,
      "command": [
        0.0,
        0.0,
        0.5
      ]
    },
    {
      "atStep": 125,
      "atSeconds": 2.5,
      "command": [
        0.0,
        0.0,
        -0.5
      ]
    },
    {
      "atStep": 225,
      "atSeconds": 4.5,
      "command": [
        0.0,
        0.0,
        0.0
      ]
    }
  ],
  "transitionCount": 2,
  "transitions": [
    {
      "index": 1,
      "atStep": 125,
      "atSeconds": 2.5,
      "endStep": 225,
      "fromCommand": [
        0.0,
        0.0,
        0.5
      ],
      "toCommand": [
        0.0,
        0.0,
        -0.5
      ],
      "sampleCount": 100,
      "peakPlanarTrackingError": 0.26354645189772163,
      "peakYawRateTrackingError": 1.3090274545274314,
      "terminalMeasuredMotion": [
        -0.02528876609337392,
        -0.07350766839139232,
        0.1483198876598401
      ],
      "terminalPlanarTrackingError": 0.07773608559005449,
      "terminalYawRateTrackingError": 0.6483198876598402,
      "planarOvershootMps": 0.0,
      "yawRateOvershootRadPerSec": 0.0,
      "planarSettlingTimeSeconds": 1.98,
      "yawRateSettlingTimeSeconds": 2.0,
      "planarSettled": true,
      "yawRateSettled": false
    },
    {
      "index": 2,
      "atStep": 225,
      "atSeconds": 4.5,
      "endStep": 325,
      "fromCommand": [
        0.0,
        0.0,
        -0.5
      ],
      "toCommand": [
        0.0,
        0.0,
        0.0
      ],
      "sampleCount": 100,
      "peakPlanarTrackingError": 0.21869941491007605,
      "peakYawRateTrackingError": 0.599706040709858,
      "terminalMeasuredMotion": [
        -0.051244268887509145,
        -0.0578270459080123,
        0.0023182810068624
      ],
      "terminalPlanarTrackingError": 0.07726540190966912,
      "terminalYawRateTrackingError": 0.0023182810068624,
      "planarOvershootMps": 0.0,
      "yawRateOvershootRadPerSec": 0.5425840824084163,
      "planarSettlingTimeSeconds": 0.26,
      "yawRateSettlingTimeSeconds": 0.5,
      "planarSettled": true,
      "yawRateSettled": true
    }
  ],
  "maximumTransitionTerminalPlanarTrackingError": 0.07773608559005449,
  "maximumTransitionTerminalYawRateTrackingError": 0.6483198876598402,
  "maximumPlanarSettlingTimeSeconds": 1.98,
  "maximumYawRateSettlingTimeSeconds": 2.0,
  "maximumPlanarOvershootMps": 0.0,
  "maximumYawRateOvershootRadPerSec": 0.5425840824084163,
  "unsettledPlanarTransitionCount": 0,
  "unsettledYawRateTransitionCount": 1,
  "initialBasePosition": [
    0.0,
    0.0,
    0.44
  ],
  "finalBasePosition": [
    -0.18827920527512865,
    -0.03022630674363596,
    0.4225165538560975
  ],
  "netDisplacement": [
    -0.18827920527512865,
    -0.03022630674363596,
    -0.017483446143902515
  ],
  "targetPlanarDisplacement": [
    0.0,
    0.0
  ],
  "forwardDisplacement": 0.0,
  "targetDistance": 0.0,
  "forwardProgress": 1.0,
  "meanForwardVelocity": 0.0,
  "lateralDrift": 0.1906900331910255,
  "distanceTraveled": 0.8995180716480392
}
