{
  "terms": {
    "survival": 30.0,
    "velocityTracking": 13.548936939254387,
    "forwardProgress": 10.0,
    "upright": 14.412019945576091,
    "lateralDrift": -0.9534501659551275,
    "transitionTracking": 4.801044664564124,
    "energy": -0.9946919367124625,
    "smoothness": -0.13604479505055175,
    "componentMass": -1.2060000000000002,
    "sensorChannels": -1.07,
    "trainingSteps": -0.0
  },
  "total": 68.40181465167646
}
