{
  "durationSeconds": 4.999999999999671,
  "steps": 250,
  "survivalRate": 1.0,
  "fell": false,
  "motionCommand": [
    0.25,
    0.0,
    0.0
  ],
  "meanMotionCommand": [
    0.25,
    0.0,
    0.0
  ],
  "meanMeasuredMotion": [
    -0.002559601113988454,
    0.0053897719335208654,
    -0.08863729810447543
  ],
  "planarVelocityTrackingError": 0.2526171050351744,
  "yawRateTrackingError": 0.08863729810447543,
  "meanVelocityTrackingError": 0.7095293947676323,
  "meanPlanarVelocityTrackingError": 0.3066465278813353,
  "meanYawRateTrackingError": 0.5517037064028114,
  "meanUpright": 0.5517654537791518,
  "meanEnergy": 623.5377219960468,
  "meanSmoothness": 30.769133778854624,
  "peakActuator": 8.0,
  "motionCommandSchedule": [
    {
      "atStep": 0,
      "atSeconds": 0.0,
      "command": [
        0.25,
        0.0,
        0.0
      ]
    }
  ],
  "transitionCount": 0,
  "transitions": [],
  "maximumTransitionTerminalPlanarTrackingError": 0.0,
  "maximumTransitionTerminalYawRateTrackingError": 0.0,
  "maximumPlanarSettlingTimeSeconds": 0.0,
  "maximumPlanarBrakingSettlingTimeSeconds": 0.0,
  "maximumYawRateSettlingTimeSeconds": 0.0,
  "maximumPlanarOvershootMps": 0.0,
  "maximumYawRateOvershootRadPerSec": 0.0,
  "unsettledPlanarTransitionCount": 0,
  "unsettledYawRateTransitionCount": 0,
  "initialBasePosition": [
    0.0,
    0.0,
    0.44
  ],
  "finalBasePosition": [
    -0.004226471373383463,
    0.02632507858426219,
    0.26919663670452537
  ],
  "netDisplacement": [
    -0.004226471373383463,
    0.02632507858426219,
    -0.17080336329547463
  ],
  "targetPlanarDisplacement": [
    1.25,
    0.0
  ],
  "forwardDisplacement": -0.004226471373383463,
  "targetDistance": 1.25,
  "forwardProgress": 0.0,
  "signedForwardProgress": -0.00338117709870677,
  "backwardDisplacement": 0.004226471373383463,
  "meanForwardVelocity": -0.0008452942746767482,
  "lateralDrift": 0.02632507858426219,
  "distanceTraveled": 1.0571828307085023
}
