{
  "terms": {
    "survival": 25.0,
    "velocityTracking": 11.69912612278802,
    "forwardProgress": 0.0,
    "upright": 8.276481806687276,
    "lateralDrift": -0.2632507858426219,
    "transitionTracking": 0.0,
    "energy": -6.235377219960468,
    "smoothness": -0.15384566889427312,
    "componentMass": -1.5075,
    "sensorChannels": -5.3500000000000005,
    "trainingSteps": -0.0
  },
  "total": 31.46563425477793
}
