{
  "terms": {
    "survival": 30.0,
    "velocityTracking": 13.644375363060579,
    "forwardProgress": 10.0,
    "upright": 14.19652242252804,
    "lateralDrift": -1.3246156557064193,
    "transitionTracking": 4.154474620208573,
    "energy": -0.9896807601503202,
    "smoothness": -0.1365553240793702,
    "componentMass": -1.2060000000000002,
    "sensorChannels": -1.07,
    "trainingSteps": -0.0
  },
  "total": 67.26852066586109
}
