{
  "previous": {
    "assembly": "force-sensing",
    "controller": "force-aware-gait",
    "assemblyHash": "d89572552c790a7256a7fe23403e257b121aab1b617e4b133032638dcb972cea",
    "aggregateScore": 84.0203274304768,
    "cases": [
      {
        "case": {
          "id": "nominal",
          "task": "velocity-track",
          "scenario": "nominal",
          "seed": 42,
          "weight": 1
        },
        "metrics": {
          "durationSeconds": 2.999999999999891,
          "steps": 150,
          "survivalRate": 1,
          "fell": false,
          "meanVelocityTrackingError": 0.20318412266984362,
          "meanUpright": 0.9402246179610237,
          "meanEnergy": 1.1582632894080682,
          "meanSmoothness": 0.4085338350661831,
          "peakActuator": 6
        },
        "score": {
          "terms": {
            "survival": 50,
            "velocityTracking": 16.622559775490025,
            "upright": 18.804492359220475,
            "energy": -0.023165265788161363,
            "smoothness": -0.004085338350661831,
            "componentMass": -1.4275,
            "sensorChannels": -0.5,
            "trainingSteps": 0
          },
          "total": 83.47230153057167
        },
        "resultHash": "78c7c7cf7118918094627ee9842ac91997d4545467be5117f7633d9617d77371"
      },
      {
        "case": {
          "id": "low-friction",
          "task": "velocity-track",
          "scenario": "low-friction",
          "seed": 43,
          "weight": 1.2
        },
        "metrics": {
          "durationSeconds": 2.999999999999891,
          "steps": 150,
          "survivalRate": 1,
          "fell": false,
          "meanVelocityTrackingError": 0.20318412266984362,
          "meanUpright": 0.9402246179610237,
          "meanEnergy": 1.1582632894080682,
          "meanSmoothness": 0.4085338350661831,
          "peakActuator": 6
        },
        "score": {
          "terms": {
            "survival": 50,
            "velocityTracking": 16.622559775490025,
            "upright": 18.804492359220475,
            "energy": -0.023165265788161363,
            "smoothness": -0.004085338350661831,
            "componentMass": -1.4275,
            "sensorChannels": -0.5,
            "trainingSteps": 0
          },
          "total": 83.47230153057167
        },
        "resultHash": "4c7bc5ebc194b3b02fd078b827e3917d86376513e6fa6d4abf1016d229e8091f"
      },
      {
        "case": {
          "id": "lateral-push",
          "task": "stand",
          "scenario": "lateral-push",
          "seed": 44,
          "weight": 1.5
        },
        "metrics": {
          "durationSeconds": 2.0000000000000013,
          "steps": 100,
          "survivalRate": 1,
          "fell": false,
          "meanVelocityTrackingError": 0.09490135251768991,
          "meanUpright": 0.9274412754890321,
          "meanEnergy": 2.8660452155779508,
          "meanSmoothness": 0.6391647673968318,
          "peakActuator": 6
        },
        "score": {
          "terms": {
            "survival": 50,
            "velocityTracking": 18.266485792542547,
            "upright": 18.54882550978064,
            "energy": -0.057320904311559014,
            "smoothness": -0.006391647673968318,
            "componentMass": -1.4275,
            "sensorChannels": -0.5,
            "trainingSteps": 0
          },
          "total": 84.82409875033765
        },
        "resultHash": "741d238d02b9e5784aa1b9606859fba966f7580f73893ce3077154389a13003c"
      }
    ]
  },
  "candidate": {
    "assembly": "force-sensing",
    "controller": "force-aware-gait",
    "assemblyHash": "d89572552c790a7256a7fe23403e257b121aab1b617e4b133032638dcb972cea",
    "aggregateScore": 84.02984860038609,
    "cases": [
      {
        "case": {
          "id": "nominal",
          "task": "velocity-track",
          "scenario": "nominal",
          "seed": 42,
          "weight": 1
        },
        "metrics": {
          "durationSeconds": 2.999999999999891,
          "steps": 150,
          "survivalRate": 1,
          "fell": false,
          "meanVelocityTrackingError": 0.20387588723799552,
          "meanUpright": 0.9408511191214067,
          "meanEnergy": 1.1113321638977056,
          "meanSmoothness": 0.32877806878640503,
          "peakActuator": 6
        },
        "score": {
          "terms": {
            "survival": 50,
            "velocityTracking": 16.613008211241112,
            "upright": 18.817022382428135,
            "energy": -0.022226643277954112,
            "smoothness": -0.0032877806878640506,
            "componentMass": -1.4275,
            "sensorChannels": -0.5,
            "trainingSteps": 0
          },
          "total": 83.47701616970343
        },
        "resultHash": "79079cfd16826ca797d5c25ca4a2a6976090b2deda689b4956f1ab0a55197e14"
      },
      {
        "case": {
          "id": "low-friction",
          "task": "velocity-track",
          "scenario": "low-friction",
          "seed": 43,
          "weight": 1.2
        },
        "metrics": {
          "durationSeconds": 2.999999999999891,
          "steps": 150,
          "survivalRate": 1,
          "fell": false,
          "meanVelocityTrackingError": 0.20387588723799552,
          "meanUpright": 0.9408511191214067,
          "meanEnergy": 1.1113321638977056,
          "meanSmoothness": 0.32877806878640503,
          "peakActuator": 6
        },
        "score": {
          "terms": {
            "survival": 50,
            "velocityTracking": 16.613008211241112,
            "upright": 18.817022382428135,
            "energy": -0.022226643277954112,
            "smoothness": -0.0032877806878640506,
            "componentMass": -1.4275,
            "sensorChannels": -0.5,
            "trainingSteps": 0
          },
          "total": 83.47701616970343
        },
        "resultHash": "533d2d71f131265f4a99a09ad9378de27214ca3ce33e48113bc2c37d6d66dcfe"
      },
      {
        "case": {
          "id": "lateral-push",
          "task": "stand",
          "scenario": "lateral-push",
          "seed": 44,
          "weight": 1.5
        },
        "metrics": {
          "durationSeconds": 2.0000000000000013,
          "steps": 100,
          "survivalRate": 1,
          "fell": false,
          "meanVelocityTrackingError": 0.09373999286880055,
          "meanUpright": 0.927217927177312,
          "meanEnergy": 2.8460884893750453,
          "meanSmoothness": 0.5148865178555107,
          "peakActuator": 6
        },
        "score": {
          "terms": {
            "survival": 50,
            "velocityTracking": 18.285881590140498,
            "upright": 18.544358543546238,
            "energy": -0.05692176978750091,
            "smoothness": -0.005148865178555106,
            "componentMass": -1.4275,
            "sensorChannels": -0.5,
            "trainingSteps": 0
          },
          "total": 84.84066949872069
        },
        "resultHash": "d9c7b04f079dbcb02c1437ef522c4b03ac8da480fce96309f6c98e3f2d8b3f48"
      }
    ]
  },
  "delta": 0.009521169909291416,
  "gateReasons": []
}
