{
  "durationSeconds": 4.999999999999671,
  "steps": 250,
  "survivalRate": 1.0,
  "fell": false,
  "motionCommand": [
    0.0,
    0.0,
    0.5
  ],
  "meanMeasuredMotion": [
    -0.0002776544382417556,
    -0.00510687931916602,
    0.09519704671564791
  ],
  "planarVelocityTrackingError": 0.0051144216063598955,
  "yawRateTrackingError": 0.4048029532843521,
  "meanVelocityTrackingError": 0.448775411222053,
  "meanPlanarVelocityTrackingError": 0.10525012489324764,
  "meanYawRateTrackingError": 0.4220781824050446,
  "meanUpright": 0.9518466336767435,
  "meanEnergy": 204.1982573257652,
  "meanSmoothness": 142.43094240714152,
  "peakActuator": 8.0,
  "initialBasePosition": [
    0.0,
    0.0,
    0.44
  ],
  "finalBasePosition": [
    0.0005634485371693435,
    -0.025919079271689828,
    0.42090447488372357
  ],
  "netDisplacement": [
    0.0005634485371693435,
    -0.025919079271689828,
    -0.019095525116276435
  ],
  "forwardDisplacement": 0.0,
  "targetDistance": 0.0,
  "forwardProgress": 1.0,
  "meanForwardVelocity": 0.0,
  "lateralDrift": 0.025925202883414038,
  "distanceTraveled": 0.4609186065786822
}
