{
  "terms": {
    "survival": 30.0,
    "velocityTracking": 20.707143265701045,
    "forwardProgress": 25.0,
    "upright": 14.277699505151153,
    "lateralDrift": -0.2592520288341404,
    "energy": -1.020991286628826,
    "smoothness": -0.14243094240714152,
    "componentMass": -1.2060000000000002,
    "sensorChannels": -1.07,
    "trainingSteps": -0.0
  },
  "total": 86.28616851298209
}
