{
  "previous": {
    "assembly": "force-sensing",
    "controller": "force-residual-trot",
    "assemblyHash": "d89572552c790a7256a7fe23403e257b121aab1b617e4b133032638dcb972cea",
    "aggregateScore": 84.23980305153188,
    "cases": [
      {
        "case": {
          "id": "nominal",
          "task": "velocity-track",
          "scenario": "nominal",
          "seed": 42,
          "weight": 1
        },
        "metrics": {
          "durationSeconds": 2.999999999999891,
          "steps": 150,
          "survivalRate": 1,
          "fell": false,
          "meanVelocityTrackingError": 0.19192643860488035,
          "meanUpright": 0.9484631494003065,
          "meanEnergy": 1.680469269997711,
          "meanSmoothness": 0.4698406931288186,
          "peakActuator": 6
        },
        "score": {
          "terms": {
            "survival": 50,
            "velocityTracking": 16.77955899980664,
            "upright": 18.96926298800613,
            "energy": -0.03360938539995422,
            "smoothness": -0.004698406931288186,
            "componentMass": -1.4275,
            "sensorChannels": -0.5,
            "trainingSteps": -0.02048
          },
          "total": 83.76253419548152
        },
        "resultHash": "5d10f844be40b8cbb6ff59f985c7a07ec52f8dbc857a9b3b0db226739fe50f0c"
      },
      {
        "case": {
          "id": "low-friction",
          "task": "velocity-track",
          "scenario": "low-friction",
          "seed": 43,
          "weight": 1.2
        },
        "metrics": {
          "durationSeconds": 2.999999999999891,
          "steps": 150,
          "survivalRate": 1,
          "fell": false,
          "meanVelocityTrackingError": 0.19192643860488035,
          "meanUpright": 0.9484631494003065,
          "meanEnergy": 1.680469269997711,
          "meanSmoothness": 0.4698406931288186,
          "peakActuator": 6
        },
        "score": {
          "terms": {
            "survival": 50,
            "velocityTracking": 16.77955899980664,
            "upright": 18.96926298800613,
            "energy": -0.03360938539995422,
            "smoothness": -0.004698406931288186,
            "componentMass": -1.4275,
            "sensorChannels": -0.5,
            "trainingSteps": -0.02048
          },
          "total": 83.76253419548152
        },
        "resultHash": "8f626e03b442b0c02796e9506dc4c08a50d4affccf7cb2e902e5b922dccaef5a"
      },
      {
        "case": {
          "id": "lateral-push",
          "task": "stand",
          "scenario": "lateral-push",
          "seed": 44,
          "weight": 1.5
        },
        "metrics": {
          "durationSeconds": 2.0000000000000013,
          "steps": 100,
          "survivalRate": 1,
          "fell": false,
          "meanVelocityTrackingError": 0.10412642795785589,
          "meanUpright": 0.9424170199509405,
          "meanEnergy": 3.3193182523623386,
          "meanSmoothness": 0.8044323912183237,
          "peakActuator": 6
        },
        "score": {
          "terms": {
            "survival": 50,
            "velocityTracking": 18.113867663679716,
            "upright": 18.84834039901881,
            "energy": -0.06638636504724678,
            "smoothness": -0.008044323912183236,
            "componentMass": -1.4275,
            "sensorChannels": -0.5,
            "trainingSteps": -0.02048
          },
          "total": 84.9397973737391
        },
        "resultHash": "233ba148c8148497664aee14262c552da70b9c3d50ff97ba798ed5a2f855a525"
      }
    ]
  },
  "candidate": {
    "assembly": "force-sensing",
    "controller": "force-residual-trot",
    "assemblyHash": "d89572552c790a7256a7fe23403e257b121aab1b617e4b133032638dcb972cea",
    "aggregateScore": 84.23331409036479,
    "cases": [
      {
        "case": {
          "id": "nominal",
          "task": "velocity-track",
          "scenario": "nominal",
          "seed": 42,
          "weight": 1
        },
        "metrics": {
          "durationSeconds": 2.999999999999891,
          "steps": 150,
          "survivalRate": 1,
          "fell": false,
          "meanVelocityTrackingError": 0.19213234297344065,
          "meanUpright": 0.9483899546210449,
          "meanEnergy": 1.6840803621715725,
          "meanSmoothness": 0.47085129333523557,
          "peakActuator": 6
        },
        "score": {
          "terms": {
            "survival": 50,
            "velocityTracking": 16.776660844647157,
            "upright": 18.967799092420897,
            "energy": -0.03368160724343145,
            "smoothness": -0.004708512933352356,
            "componentMass": -1.4275,
            "sensorChannels": -0.5,
            "trainingSteps": -0.02048
          },
          "total": 83.75808981689127
        },
        "resultHash": "8bce1b45c6620dd572176c543c0466b6287fc7bb45671d534c527e0d3d2f6edd"
      },
      {
        "case": {
          "id": "low-friction",
          "task": "velocity-track",
          "scenario": "low-friction",
          "seed": 43,
          "weight": 1.2
        },
        "metrics": {
          "durationSeconds": 2.999999999999891,
          "steps": 150,
          "survivalRate": 1,
          "fell": false,
          "meanVelocityTrackingError": 0.19213234297344065,
          "meanUpright": 0.9483899546210449,
          "meanEnergy": 1.6840803621715725,
          "meanSmoothness": 0.47085129333523557,
          "peakActuator": 6
        },
        "score": {
          "terms": {
            "survival": 50,
            "velocityTracking": 16.776660844647157,
            "upright": 18.967799092420897,
            "energy": -0.03368160724343145,
            "smoothness": -0.004708512933352356,
            "componentMass": -1.4275,
            "sensorChannels": -0.5,
            "trainingSteps": -0.02048
          },
          "total": 83.75808981689127
        },
        "resultHash": "7db7782ad07f7860b97541a4ee46e7dd6401a08f3fa8e65723db0434fa62b608"
      },
      {
        "case": {
          "id": "lateral-push",
          "task": "stand",
          "scenario": "lateral-push",
          "seed": 44,
          "weight": 1.5
        },
        "metrics": {
          "durationSeconds": 2.0000000000000013,
          "steps": 100,
          "survivalRate": 1,
          "fell": false,
          "meanVelocityTrackingError": 0.104617090583339,
          "meanUpright": 0.942283988939608,
          "meanEnergy": 3.2753323934023495,
          "meanSmoothness": 0.770505900735358,
          "peakActuator": 6
        },
        "score": {
          "terms": {
            "survival": 50,
            "velocityTracking": 18.10582161954254,
            "upright": 18.84567977879216,
            "energy": -0.065506647868047,
            "smoothness": -0.00770505900735358,
            "componentMass": -1.4275,
            "sensorChannels": -0.5,
            "trainingSteps": -0.02048
          },
          "total": 84.9303096914593
        },
        "resultHash": "e1423046a557fa37c5205d427c100258dc196a8ab1d6fb36fa3e87e46fe7d7b3"
      }
    ]
  },
  "delta": -0.006488961167093521,
  "gateReasons": []
}
