{
  "durationSeconds": 4.899999999999682,
  "steps": 245,
  "survivalRate": 0.7507692307692307,
  "fell": true,
  "motionCommand": [
    0.0,
    0.012244897959183682,
    0.0
  ],
  "meanMotionCommand": [
    0.0,
    0.012244897959183682,
    0.0
  ],
  "meanMeasuredMotion": [
    0.08078059695664679,
    0.26659288317079427,
    0.436872215156302
  ],
  "planarVelocityTrackingError": 0.26686776205806106,
  "yawRateTrackingError": 0.436872215156302,
  "meanVelocityTrackingError": 1.1411653440140435,
  "meanPlanarVelocityTrackingError": 0.44843467012831234,
  "meanYawRateTrackingError": 1.002156156969914,
  "meanUpright": 0.9130603975256288,
  "meanEnergy": 504.59706603730376,
  "meanSmoothness": 39.7249561030088,
  "peakActuator": 8.0,
  "motionCommandSchedule": [
    {
      "atStep": 0,
      "atSeconds": 0.0,
      "command": [
        0.0,
        0.12,
        0.0
      ]
    },
    {
      "atStep": 125,
      "atSeconds": 2.5,
      "command": [
        0.0,
        -0.12,
        0.0
      ]
    },
    {
      "atStep": 225,
      "atSeconds": 4.5,
      "command": [
        0.0,
        0.0,
        0.0
      ]
    }
  ],
  "transitionCount": 2,
  "transitions": [
    {
      "index": 1,
      "atStep": 125,
      "atSeconds": 2.5,
      "endStep": 225,
      "fromCommand": [
        0.0,
        0.12,
        0.0
      ],
      "toCommand": [
        0.0,
        -0.12,
        0.0
      ],
      "sampleCount": 100,
      "peakPlanarTrackingError": 0.9119671581822807,
      "peakYawRateTrackingError": 4.193248685957312,
      "terminalMeasuredMotion": [
        0.35692152066352445,
        0.4702534550608088,
        2.7643508619404016
      ],
      "terminalPlanarTrackingError": 0.6897768574865243,
      "terminalYawRateTrackingError": 2.7643508619404016,
      "planarOvershootMps": 0.1980767874826151,
      "yawRateOvershootRadPerSec": 0.0,
      "planarSettlingTimeSeconds": 2.0,
      "yawRateSettlingTimeSeconds": 2.0,
      "planarSettled": false,
      "yawRateSettled": false
    },
    {
      "index": 2,
      "atStep": 225,
      "atSeconds": 4.5,
      "endStep": 325,
      "fromCommand": [
        0.0,
        -0.12,
        0.0
      ],
      "toCommand": [
        0.0,
        0.0,
        0.0
      ],
      "sampleCount": 20,
      "peakPlanarTrackingError": 1.1630281018017765,
      "peakYawRateTrackingError": 2.788803980959121,
      "terminalMeasuredMotion": [
        0.702408913847754,
        0.28360278226146207,
        1.9512329131384683
      ],
      "terminalPlanarTrackingError": 0.7575016966048483,
      "terminalYawRateTrackingError": 1.9512329131384683,
      "planarOvershootMps": 1.146373416423724,
      "yawRateOvershootRadPerSec": 0.0,
      "planarSettlingTimeSeconds": 0.4,
      "yawRateSettlingTimeSeconds": 0.4,
      "planarSettled": false,
      "yawRateSettled": false
    }
  ],
  "maximumTransitionTerminalPlanarTrackingError": 0.7575016966048483,
  "maximumTransitionTerminalYawRateTrackingError": 2.7643508619404016,
  "maximumPlanarSettlingTimeSeconds": 2.0,
  "maximumYawRateSettlingTimeSeconds": 2.0,
  "maximumPlanarOvershootMps": 1.146373416423724,
  "maximumYawRateOvershootRadPerSec": 0.0,
  "unsettledPlanarTransitionCount": 2,
  "unsettledYawRateTransitionCount": 2,
  "initialBasePosition": [
    0.0,
    0.0,
    0.44
  ],
  "finalBasePosition": [
    0.3872607789439265,
    1.3032670838616947,
    0.1860997413483122
  ],
  "netDisplacement": [
    0.3872607789439265,
    1.3032670838616947,
    -0.2539002586516878
  ],
  "targetPlanarDisplacement": [
    0.0,
    0.06
  ],
  "forwardDisplacement": 1.3032670838616947,
  "targetDistance": 0.06,
  "forwardProgress": 1.0,
  "meanForwardVelocity": 0.26597287425750593,
  "lateralDrift": 0.3872607789439265,
  "distanceTraveled": 2.241618583995843
}
