{
  "terms": {
    "survival": 22.52307692307692,
    "velocityTracking": 9.340707879432605,
    "forwardProgress": 10.0,
    "upright": 13.695905962884433,
    "lateralDrift": -1.9363038947196327,
    "transitionTracking": 3.102947746325951,
    "energy": -2.522985330186519,
    "smoothness": -0.0397249561030088,
    "componentMass": -1.2060000000000002,
    "sensorChannels": -1.07,
    "trainingSteps": -0.0
  },
  "total": 51.88762433071075
}
