{
  "durationSeconds": 3.719999999999812,
  "steps": 186,
  "survivalRate": 0.5692307692307692,
  "fell": true,
  "motionCommand": [
    0.08521505376344102,
    0.0,
    0.0
  ],
  "meanMotionCommand": [
    0.08521505376344102,
    0.0,
    0.0
  ],
  "meanMeasuredMotion": [
    0.05934831086662871,
    0.018562841703365092,
    0.0044701503389998004
  ],
  "planarVelocityTrackingError": 0.031838145049515376,
  "yawRateTrackingError": 0.0044701503389998004,
  "meanVelocityTrackingError": 0.3402137445796199,
  "meanPlanarVelocityTrackingError": 0.25341718038317596,
  "meanYawRateTrackingError": 0.11766860984537475,
  "meanUpright": 0.6670638278966387,
  "meanEnergy": 575.9754791588513,
  "meanSmoothness": 31.932680664309487,
  "peakActuator": 8.0,
  "motionCommandSchedule": [
    {
      "atStep": 0,
      "atSeconds": 0.0,
      "command": [
        0.2,
        0.0,
        0.0
      ]
    },
    {
      "atStep": 125,
      "atSeconds": 2.5,
      "command": [
        -0.15,
        0.0,
        0.0
      ]
    },
    {
      "atStep": 225,
      "atSeconds": 4.5,
      "command": [
        0.0,
        0.0,
        0.0
      ]
    }
  ],
  "transitionCount": 2,
  "transitions": [
    {
      "index": 1,
      "atStep": 125,
      "atSeconds": 2.5,
      "endStep": 225,
      "fromCommand": [
        0.2,
        0.0,
        0.0
      ],
      "toCommand": [
        -0.15,
        0.0,
        0.0
      ],
      "sampleCount": 61,
      "peakPlanarTrackingError": 0.33718393346666337,
      "peakYawRateTrackingError": 1.160727152477945,
      "terminalMeasuredMotion": [
        -0.037756779002060134,
        0.02105173054873807,
        0.3355647298141812
      ],
      "terminalPlanarTrackingError": 0.11420033283265439,
      "terminalYawRateTrackingError": 0.3355647298141812,
      "planarOvershootMps": 0.29445709734385606,
      "yawRateOvershootRadPerSec": 0.0,
      "planarSettlingTimeSeconds": 0.98,
      "yawRateSettlingTimeSeconds": 1.22,
      "planarSettled": true,
      "yawRateSettled": false,
      "planarBraking": false
    },
    {
      "index": 2,
      "atStep": 225,
      "atSeconds": 4.5,
      "endStep": 325,
      "fromCommand": [
        -0.15,
        0.0,
        0.0
      ],
      "toCommand": [
        0.0,
        0.0,
        0.0
      ],
      "sampleCount": 0,
      "peakPlanarTrackingError": 0.0,
      "peakYawRateTrackingError": 0.0,
      "terminalMeasuredMotion": [
        0.0,
        0.0,
        0.0
      ],
      "terminalPlanarTrackingError": 0.0,
      "terminalYawRateTrackingError": 0.0,
      "planarOvershootMps": 0.0,
      "yawRateOvershootRadPerSec": 0.0,
      "planarSettlingTimeSeconds": 0.0,
      "yawRateSettlingTimeSeconds": 0.0,
      "planarSettled": false,
      "yawRateSettled": false,
      "planarBraking": true
    }
  ],
  "maximumTransitionTerminalPlanarTrackingError": 0.11420033283265439,
  "maximumTransitionTerminalYawRateTrackingError": 0.3355647298141812,
  "maximumPlanarSettlingTimeSeconds": 0.98,
  "maximumPlanarBrakingSettlingTimeSeconds": 0.0,
  "maximumYawRateSettlingTimeSeconds": 1.22,
  "maximumPlanarOvershootMps": 0.29445709734385606,
  "maximumYawRateOvershootRadPerSec": 0.0,
  "unsettledPlanarTransitionCount": 1,
  "unsettledYawRateTransitionCount": 2,
  "initialBasePosition": [
    0.0,
    0.0,
    0.44
  ],
  "finalBasePosition": [
    0.21993652325307936,
    0.06842716488118823,
    0.18353313031657106
  ],
  "netDisplacement": [
    0.21993652325307936,
    0.06842716488118823,
    -0.2564668696834289
  ],
  "targetPlanarDisplacement": [
    0.2,
    0.0
  ],
  "forwardDisplacement": 0.21993652325307936,
  "targetDistance": 0.2,
  "forwardProgress": 1.0,
  "signedForwardProgress": 1.0996826162653968,
  "backwardDisplacement": 0.0,
  "meanForwardVelocity": 0.059122721304594214,
  "lateralDrift": 0.06842716488118823,
  "distanceTraveled": 1.0410940367144141
}
