{
  "terms": {
    "survival": 17.076923076923077,
    "velocityTracking": 14.922992754617159,
    "forwardProgress": 10.0,
    "upright": 10.00595741844958,
    "lateralDrift": -0.34213582440594115,
    "transitionTracking": 7.606062433377435,
    "energy": -2.8798773957942565,
    "smoothness": -0.03193268066430949,
    "componentMass": -1.2060000000000002,
    "sensorChannels": -1.07,
    "trainingSteps": -0.0
  },
  "total": 54.081989782502745
}
