{
  "durationSeconds": 4.999999999999671,
  "steps": 250,
  "survivalRate": 1.0,
  "fell": false,
  "motionCommand": [
    0.25,
    0.0,
    0.0
  ],
  "meanMotionCommand": [
    0.25,
    0.0,
    0.0
  ],
  "meanMeasuredMotion": [
    0.0843672780606969,
    0.013076548175432435,
    0.018711269119982468
  ],
  "planarVelocityTrackingError": 0.16614811070008262,
  "yawRateTrackingError": 0.018711269119982468,
  "meanVelocityTrackingError": 0.18124478588965115,
  "meanPlanarVelocityTrackingError": 0.173054507524779,
  "meanYawRateTrackingError": 0.03123755412176279,
  "meanUpright": 0.9313410000923501,
  "meanAbsolutePitchRad": 0.13747722793814843,
  "minimumPitchRad": -0.28776875100444094,
  "maximumPitchRad": -0.013582165651806968,
  "maximumBackwardPitchRad": 0.28776875100444094,
  "maximumAbsolutePitchRad": 0.28776875100444094,
  "maximumAbsolutePitchRateRadPerSec": 2.8089569097059988,
  "meanEnergy": 185.67121546232656,
  "meanSmoothness": 128.0454445332577,
  "peakActuator": 8.0,
  "motionCommandSchedule": [
    {
      "atStep": 0,
      "atSeconds": 0.0,
      "command": [
        0.25,
        0.0,
        0.0
      ]
    }
  ],
  "transitionCount": 0,
  "transitions": [],
  "maximumTransitionTerminalPlanarTrackingError": 0.0,
  "maximumTransitionTerminalYawRateTrackingError": 0.0,
  "maximumPlanarSettlingTimeSeconds": 0.0,
  "maximumPlanarBrakingSettlingTimeSeconds": 0.0,
  "maximumYawRateSettlingTimeSeconds": 0.0,
  "maximumPlanarOvershootMps": 0.0,
  "maximumYawRateOvershootRadPerSec": 0.0,
  "unsettledPlanarTransitionCount": 0,
  "unsettledYawRateTransitionCount": 0,
  "initialBasePosition": [
    0.0,
    0.0,
    0.44
  ],
  "finalBasePosition": [
    0.42147732465607013,
    0.06510845918732298,
    0.4187391809546627
  ],
  "netDisplacement": [
    0.42147732465607013,
    0.06510845918732298,
    -0.021260819045337276
  ],
  "targetPlanarDisplacement": [
    1.25,
    0.0
  ],
  "forwardDisplacement": 0.42147732465607013,
  "targetDistance": 1.25,
  "forwardProgress": 0.3371818597248561,
  "signedForwardProgress": 0.3371818597248561,
  "backwardDisplacement": 0.0,
  "meanForwardVelocity": 0.08429546493121956,
  "lateralDrift": 0.06510845918732298,
  "distanceTraveled": 0.510662644234421
}
