{
  "terms": {
    "survival": 25.0,
    "velocityTracking": 16.93129166698252,
    "forwardProgress": 16.859092986242803,
    "upright": 13.97011500138525,
    "lateralDrift": -0.6510845918732299,
    "transitionTracking": 0.0,
    "energy": -1.8567121546232657,
    "smoothness": -0.6402272226662885,
    "componentMass": -1.5075,
    "sensorChannels": -5.3500000000000005,
    "trainingSteps": -0.0
  },
  "total": 62.75497568544779
}
