{
  "durationSeconds": 18.000000000000902,
  "steps": 900,
  "survivalRate": 1.0,
  "fell": false,
  "motionCommand": [
    0.13111111111111284,
    0.02499999999999996,
    0.041666666666666664
  ],
  "meanMotionCommand": [
    0.13111111111111284,
    0.02499999999999996,
    0.041666666666666664
  ],
  "meanMeasuredMotion": [
    0.049820070867688436,
    0.011413366029163357,
    -0.040860727303047094
  ],
  "planarVelocityTrackingError": 0.08241862560438348,
  "yawRateTrackingError": 0.08252739396971376,
  "meanVelocityTrackingError": 0.3471726857263075,
  "meanPlanarVelocityTrackingError": 0.20518746256014508,
  "meanYawRateTrackingError": 0.21879410019821507,
  "meanUpright": 0.8949040727011932,
  "meanAbsolutePitchRad": 0.2048023784947191,
  "minimumPitchRad": -0.6347068903185646,
  "maximumPitchRad": 1.0411296058620785,
  "maximumBackwardPitchRad": 0.6347068903185646,
  "maximumAbsolutePitchRad": 1.0411296058620785,
  "maximumAbsolutePitchRateRadPerSec": 5.693444375371632,
  "meanBodyTiltRad": 0.21378608920394074,
  "maximumBodyTiltRad": 1.0411296064256514,
  "initialBodyTiltRad": 0.0,
  "minimumBodyTiltRad": 0.0,
  "finalBodyTiltRad": 0.09872713604449566,
  "finalBaseHeightM": 0.42277088425499654,
  "selfRightingTask": true,
  "recoveryTriggered": true,
  "selfRightingSuccess": 1.0,
  "timeToStableStandSeconds": 5.479999999999401,
  "stableStandingDwellSeconds": 1.98,
  "finalStableStandingDwellSeconds": 0.0,
  "minimumJointLimitMarginRad": 0.02838196425104844,
  "disallowedCollisionSteps": 0,
  "meanEnergy": 161.92518731776548,
  "meanSmoothness": 109.13221477616422,
  "peakActuator": 8.0,
  "motionQualityFootEvidenceAvailable": true,
  "motionQualityContactThresholdNewton": 1.0,
  "meanJointJerkRadPerSec3": 18296.915424808554,
  "peakJointJerkRadPerSec3": 53950.942805875675,
  "meanBodyAngularJerkRadPerSec3": 2023.521549269659,
  "peakBodyAngularJerkRadPerSec3": 14735.6048709821,
  "meanActionSlewRatePerSec": 399.7406404696861,
  "peakActionSlewRatePerSec": 800.0,
  "actuatorSaturationRate": 0.34379629629629627,
  "meanFootSlipSpeedMps": 0.051372610409371765,
  "peakFootSlipSpeedMps": 1.0807284712338092,
  "totalFootSlipDistanceM": 1.6244019411443331,
  "meanFootContactImpactNPerSec": 531.1125340439891,
  "peakFootContactImpactNPerSec": 14426.248313876285,
  "peakFootContactForceNewton": 288.5249662775257,
  "motionCommandSchedule": [
    {
      "atStep": 0,
      "atSeconds": 0.0,
      "command": [
        0.2,
        0.0,
        0.0
      ]
    },
    {
      "atStep": 400,
      "atSeconds": 8.0,
      "command": [
        0.2,
        0.0,
        0.0
      ]
    },
    {
      "atStep": 500,
      "atSeconds": 10.0,
      "command": [
        0.12,
        0.0,
        0.25
      ]
    },
    {
      "atStep": 650,
      "atSeconds": 13.0,
      "command": [
        0.0,
        0.15,
        0.0
      ]
    },
    {
      "atStep": 800,
      "atSeconds": 16.0,
      "command": [
        0.0,
        0.0,
        0.0
      ]
    }
  ],
  "transitionCount": 4,
  "transitions": [
    {
      "index": 1,
      "atStep": 400,
      "atSeconds": 8.0,
      "endStep": 500,
      "fromCommand": [
        0.2,
        0.0,
        0.0
      ],
      "toCommand": [
        0.2,
        0.0,
        0.0
      ],
      "sampleCount": 100,
      "peakPlanarTrackingError": 0.7957045187748581,
      "peakYawRateTrackingError": 0.5605974664201545,
      "terminalMeasuredMotion": [
        -0.008614743580762325,
        -0.0010668305958186324,
        -0.032416786371517195
      ],
      "terminalPlanarTrackingError": 0.20861747138431957,
      "terminalYawRateTrackingError": 0.032416786371517195,
      "planarOvershootMps": 0.0,
      "yawRateOvershootRadPerSec": 0.0,
      "planarSettlingTimeSeconds": 2.0,
      "yawRateSettlingTimeSeconds": 0.26,
      "planarSettled": false,
      "yawRateSettled": true,
      "planarBraking": false
    },
    {
      "index": 2,
      "atStep": 500,
      "atSeconds": 10.0,
      "endStep": 650,
      "fromCommand": [
        0.2,
        0.0,
        0.0
      ],
      "toCommand": [
        0.12,
        0.0,
        0.25
      ],
      "sampleCount": 150,
      "peakPlanarTrackingError": 0.3175527638322152,
      "peakYawRateTrackingError": 0.9598196156545462,
      "terminalMeasuredMotion": [
        0.01013756432027215,
        -0.0026875736857170916,
        0.09004715248657273
      ],
      "terminalPlanarTrackingError": 0.10989530392968798,
      "terminalYawRateTrackingError": 0.15995284751342725,
      "planarOvershootMps": 0.3133527086548484,
      "yawRateOvershootRadPerSec": 0.2465056960158279,
      "planarSettlingTimeSeconds": 2.98,
      "yawRateSettlingTimeSeconds": 2.98,
      "planarSettled": true,
      "yawRateSettled": true,
      "planarBraking": false
    },
    {
      "index": 3,
      "atStep": 650,
      "atSeconds": 13.0,
      "endStep": 800,
      "fromCommand": [
        0.12,
        0.0,
        0.25
      ],
      "toCommand": [
        0.0,
        0.15,
        0.0
      ],
      "sampleCount": 150,
      "peakPlanarTrackingError": 0.1745095051845145,
      "peakYawRateTrackingError": 1.021302019902203,
      "terminalMeasuredMotion": [
        0.027223833080752963,
        0.05737510881434064,
        -0.22815435928473976
      ],
      "terminalPlanarTrackingError": 0.0965427757771856,
      "terminalYawRateTrackingError": 0.22815435928473976,
      "planarOvershootMps": 0.014964375757890773,
      "yawRateOvershootRadPerSec": 1.021302019902203,
      "planarSettlingTimeSeconds": 0.2,
      "yawRateSettlingTimeSeconds": 3.0,
      "planarSettled": true,
      "yawRateSettled": true,
      "planarBraking": false
    },
    {
      "index": 4,
      "atStep": 800,
      "atSeconds": 16.0,
      "endStep": 900,
      "fromCommand": [
        0.0,
        0.15,
        0.0
      ],
      "toCommand": [
        0.0,
        0.0,
        0.0
      ],
      "sampleCount": 100,
      "peakPlanarTrackingError": 0.1839848477245273,
      "peakYawRateTrackingError": 0.3857892068097828,
      "terminalMeasuredMotion": [
        -0.03997584383126522,
        0.046543304140773685,
        0.026035352271363093
      ],
      "terminalPlanarTrackingError": 0.06135427654501572,
      "terminalYawRateTrackingError": 0.026035352271363093,
      "planarOvershootMps": 0.05703694535793996,
      "yawRateOvershootRadPerSec": 0.0,
      "planarSettlingTimeSeconds": 1.8,
      "yawRateSettlingTimeSeconds": 0.2,
      "planarSettled": true,
      "yawRateSettled": true,
      "planarBraking": true
    }
  ],
  "maximumTransitionTerminalPlanarTrackingError": 0.20861747138431957,
  "maximumTransitionTerminalYawRateTrackingError": 0.22815435928473976,
  "maximumPlanarSettlingTimeSeconds": 2.98,
  "maximumPlanarBrakingSettlingTimeSeconds": 1.8,
  "maximumYawRateSettlingTimeSeconds": 3.0,
  "maximumPlanarOvershootMps": 0.3133527086548484,
  "maximumYawRateOvershootRadPerSec": 1.021302019902203,
  "unsettledPlanarTransitionCount": 1,
  "unsettledYawRateTransitionCount": 0,
  "initialBasePosition": [
    1.017983065972739,
    -0.14308443248699398,
    0.4762978460770211
  ],
  "finalBasePosition": [
    0.8950789507701834,
    0.1839647184596242,
    0.42277088425499654
  ],
  "netDisplacement": [
    -0.12290411520255551,
    0.3270491509466182,
    -0.053526961822024544
  ],
  "targetPlanarDisplacement": [
    0.76,
    0.44999999999999996
  ],
  "forwardDisplacement": 0.060872961851382135,
  "targetDistance": 0.8832326986700617,
  "forwardProgress": 0.06892063885660295,
  "signedForwardProgress": 0.06892063885660295,
  "backwardDisplacement": 0.0,
  "meanForwardVelocity": 0.006087296185137664,
  "lateralDrift": 0.3440364096779105,
  "distanceTraveled": 2.9104537870182434,
  "episodeInitialBasePosition": [
    0.0,
    0.0,
    0.44
  ],
  "mobilityMeasurementStartedAtSeconds": 8.0,
  "recoveryEvaluationStartedAtSeconds": 2.7,
  "missionStageDurationsSeconds": {
    "approach": 2.48,