{
  "terms": {
    "survival": 10.0,
    "velocityTracking": 4.453772009759232,
    "forwardProgress": 1.378412777132059,
    "upright": 1.7898081454023864,
    "lateralDrift": -0.688072819355821,
    "transitionTracking": 0.22853416942538565,
    "energy": -0.32385037463553096,
    "smoothness": -0.10913221477616422,
    "jointJerk": 0.0,
    "bodyAngularJerk": 0.0,
    "actionSlew": 0.0,
    "actuatorSaturation": -0.17189814814814813,
    "footSlip": 0.0,
    "footImpact": 0.0,
    "selfRighting": 100.0,
    "recoveryTime": -10.959999999998802,
    "jointLimitMargin": 0.05676392850209688,
    "componentMass": -3.015,
    "sensorChannels": -2.14,
    "trainingSteps": -0.08192
  },
  "total": 100.4174174733067
}
