{
  "terms": {
    "survival": 30.0,
    "velocityTracking": 12.748565482378405,
    "forwardProgress": 10.0,
    "upright": 9.7985020094185,
    "lateralDrift": -0.5999432504188216,
    "transitionTracking": 5.314589218226818,
    "energy": -3.04989410085297,
    "smoothness": -0.031708958015962005,
    "componentMass": -1.2060000000000002,
    "sensorChannels": -1.07,
    "trainingSteps": -0.0
  },
  "total": 61.904110400735966
}
