{
  "count": 16384.0001,
  "mean": [
    0.1930520666618268,
    0.45331844771469887,
    -0.32413794070223023,
    -0.19453832968526347,
    0.4516599360650503,
    -0.3257072611974655,
    0.1761412137899323,
    0.30782632956210193,
    -0.48525241486583065,
    -0.17872780506200286,
    0.30520531910979354,
    -0.4832563765537585,
    0.007363234965152118,
    0.05610099481188226,
    0.08870156870202321,
    -0.017903150291389665,
    0.0574544371544797,
    0.07588742162532372,
    0.007476315639789983,
    0.02470629315008785,
    0.04535995448671365,
    -0.012268729981632738,
    0.02813054852234692,
    0.0469438488489795,
    0.3319987727209025,
    0.8712062977805168,
    0.0018545082873873187,
    0.26423287596681727,
    -0.007683813961605936,
    0.13946997481887366,
    -0.006580478086712738,
    -0.04088788115139694,
    0.0008465415059399487,
    0.29640897787064807,
    -0.01259948346569452,
    0.0013817444992767773,
    0.29020360659945016,
    -0.012438586589754313,
    -4.205965635227134,
    0.040668934927465865,
    6.003794810207916,
    0.0751216302883857,
    -1.6972633180549204,
    -0.7752920888704298,
    -0.04990126265733126,
    -1.7082714440380327,
    -0.7817412388534899,
    0.1280037286688028,
    0.46769227888475634,
    0.5089219701157088,
    -0.11590435825987405,
    0.484513105949019,
    0.5021935582580392,
    0.0770315680095262,
    -1.7138995393114773,
    -0.7559659606338334,
    -0.049722040865742285,
    -1.7231282785127575,
    -0.7669630405592045,
    0.12544725619380565,
    0.45352067925387063,
    0.5274800404054739,
    -0.11545055038793453,
    0.4666909022955084,
    0.5232133320281065,
    0.07990836816906925,
    -1.705471186683901,
    -0.7707544870036049,
    -0.047583092804212225,
    -1.715730546972115,
    -0.7787669009124939,
    0.13047788751811076,
    0.4611758952768036,
    0.5218396838029574,
    -0.11647997995949173,
    0.4715045878860358,
    0.5194216719072661,
    0.08420894816691031,
    -1.7173185578931767,
    -0.7585309002500064,
    -0.04275630045858774,
    -1.7323000274799187,
    -0.7597987516012846,
    0.13138206711647737,
    0.44128423670422184,
    0.5425141451328834,
    -0.11041310581552619,
    0.4500377822455614,
    0.5400843821113079,
    0.07635847150232718,
    -1.6839667708890307,
    -0.7794483631277934,
    -0.041176566759849945,
    -1.7070627064671335,
    -0.7798594286429494,
    0.1377110119078746,
    0.4605752551278165,
    0.5117165616728366,
    -0.10685293536596352,
    0.4785703474230874,
    0.5028506583696056,
    0.07508666019339302,
    -1.6994447055025854,
    -0.7647582369156064,
    -0.04451185466491293,
    -1.714447638457993,
    -0.7685392306285243,
    0.132341730688655,
    0.45391922176271254,
    0.5230713154564233,
    -0.10653819808934045,
    0.47216232683037235,
    0.5144686005707054,
    0.07575964993250404,
    -1.691897258931495,
    -0.7758443465219366,
    -0.04788707027417826,
    -1.7009732903880914,
    -0.7845019440602218,
    0.1293369994331384,
    0.47083966737161326,
    0.5092324721038488,
    -0.11492218608397702,
    0.4877814027994166,
    0.503775763494588,
    0.0773025595239585,
    -1.7096652353928308,
    -0.7553480850771099,
    -0.04896316830084662,
    -1.7186918004065161,
    -0.7664580642252206,
    0.1249380119955533,
    0.45499863007831354,
    0.5294852142091985,
    -0.11483378555944784,
    0.46723785215789926,
    0.5271343573815925,
    0.7628757455761646,
    12.218190768383376,
    12.218238948072102,
    6.354093376460107,
    6.109260627957837
  ],
  "variance": [
    0.013826581143349633,
    0.03413877566698261,
    0.041561384360247824,
    0.013069210871675336,
    0.033820786394493846,
    0.04204939043414001,
    0.010134399664616111,
    0.025945478366376454,
    0.02977311955777351,
    0.010233566958814768,
    0.025044453621079207,
    0.029906818979506335,
    7.030705645079995,
    17.3647236057756,
    43.07408493209042,
    6.839492845317724,
    16.98340120875725,
    42.932557019274455,
    9.773013305024083,
    21.507855744987488,
    43.239481229723765,
    9.856935289739022,
    21.743681681400247,
    43.47999033155236,
    0.006902679169814578,
    0.0280157172655361,
    0.010857257093497696,
    0.0940375010741534,
    0.038215350585097056,
    0.09519442456305906,
    0.02510359713587646,
    0.0492681841966589,
    2.0726372991598896,
    1.8573593805950734,
    0.3268202867043426,
    1.9825089249027887,
    1.8000866718231496,
    0.32105300929018243,
    111.91383614848525,
    28.59183032052955,
    125.14415765506392,
    16.40933242443167,
    45.718081326735955,
    51.621967981817,
    16.352087799414978,
    45.530703812129396,
    51.54836846759856,
    23.38510444869848,
    50.47731430680749,
    55.49223236513843,
    23.464788456769927,
    50.51580678837106,
    55.525329244856245,
    16.546722133950137,
    45.851173823380144,
    51.92163673962903,
    16.49055565762254,
    45.665664396724004,
    51.836304645252746,
    23.547745561165605,
    50.70786201537884,
    55.73114138841022,
    23.62821831409785,
    50.74807762562456,
    55.76536273191764,
    16.6921540734647,
    46.13334272280054,
    52.162263883402765,
    16.614518200411492,
    45.952367943709696,
    52.07562916327219,
    23.718471382062283,
    50.96375910541058,
    55.99942057204173,
    23.79982547184392,
    51.00822580384448,
    56.02708580262334,
    16.812329999689187,
    46.283818823362324,
    52.44684949874849,
    16.74791636699343,
    46.09528052643527,
    52.373114362607325,
    23.875051972375836,
    51.21655157884885,
    56.244733383164444,
    23.9649950375174,
    51.267234003719125,
    56.26784655716162,
    16.2469436565558,
    45.546377125936445,
    51.4128927919828,
    16.18171540826114,
    45.348345910073476,
    51.333602392295155,
    23.175325590888008,
    50.2710920752677,
    55.28026719237645,
    23.257572514773475,
    50.322449948586204,
    55.30919116267938,
    16.361192874262212,
    45.69473073940143,
    51.69738892814304,
    16.295358976218726,
    45.522055003417144,
    51.62788073512811,
    23.34434678184412,
    50.523949320670724,
    55.528630329875206,
    23.43159564574957,
    50.55844788781229,
    55.574213939493944,
    16.490526591877646,
    45.984357355059274,
    51.9460441925384,
    16.42727484953986,
    45.796453753861506,
    51.867497728643045,
    23.518337067996253,
    50.7481131279191,
    55.79274932463303,
    23.600147106093164,
    50.785577924446216,
    55.82742413999162,
    16.625228322953944,
    46.12901643478277,
    52.24432092835366,
    16.564106081255904,
    45.94317564554465,
    52.15476019153699,
    23.68024593684026,
    50.99411973049613,
    56.04241393257918,
    23.76436133208563,
    51.03327830999008,
    56.07214524745919,
    0.9953445275342211,
    398.2115533094389,
    389.0707588131678,
    444.28053704856285,
    399.1696511817082
  ]
}
