{
  "durationSeconds": 6.499999999999506,
  "steps": 325,
  "survivalRate": 1.0,
  "fell": false,
  "motionCommand": [
    0.0,
    0.0,
    0.038461538461538464
  ],
  "meanMotionCommand": [
    0.0,
    0.0,
    0.038461538461538464
  ],
  "meanMeasuredMotion": [
    -0.005610691512303156,
    -0.022701001475336543,
    0.08165822873407956
  ],
  "planarVelocityTrackingError": 0.02338408277503017,
  "yawRateTrackingError": 0.0431966902725411,
  "meanVelocityTrackingError": 0.4130879168269428,
  "meanPlanarVelocityTrackingError": 0.12519047522263285,
  "meanYawRateTrackingError": 0.36714655604790614,
  "meanUpright": 0.9544143736454089,
  "meanEnergy": 202.02355107993444,
  "meanSmoothness": 140.35671346636593,
  "peakActuator": 8.0,
  "motionCommandSchedule": [
    {
      "atStep": 0,
      "atSeconds": 0.0,
      "command": [
        0.0,
        0.0,
        0.5
      ]
    },
    {
      "atStep": 125,
      "atSeconds": 2.5,
      "command": [
        0.0,
        0.0,
        -0.5
      ]
    },
    {
      "atStep": 225,
      "atSeconds": 4.5,
      "command": [
        0.0,
        0.0,
        0.0
      ]
    }
  ],
  "transitionCount": 2,
  "transitions": [
    {
      "index": 1,
      "atStep": 125,
      "atSeconds": 2.5,
      "endStep": 225,
      "fromCommand": [
        0.0,
        0.0,
        0.5
      ],
      "toCommand": [
        0.0,
        0.0,
        -0.5
      ],
      "sampleCount": 100,
      "peakPlanarTrackingError": 0.2921014003313605,
      "peakYawRateTrackingError": 1.3871175588490998,
      "terminalMeasuredMotion": [
        0.13071034868240858,
        0.020618170873913894,
        0.3933398154188409
      ],
      "terminalPlanarTrackingError": 0.132326506123538,
      "terminalYawRateTrackingError": 0.8933398154188409,
      "planarOvershootMps": 0.0,
      "yawRateOvershootRadPerSec": 0.01624972984289208,
      "planarSettlingTimeSeconds": 2.0,
      "yawRateSettlingTimeSeconds": 2.0,
      "planarSettled": false,
      "yawRateSettled": false
    },
    {
      "index": 2,
      "atStep": 225,
      "atSeconds": 4.5,
      "endStep": 325,
      "fromCommand": [
        0.0,
        0.0,
        -0.5
      ],
      "toCommand": [
        0.0,
        0.0,
        0.0
      ],
      "sampleCount": 100,
      "peakPlanarTrackingError": 0.2306012938800886,
      "peakYawRateTrackingError": 0.34572536036548307,
      "terminalMeasuredMotion": [
        -0.06516106458725354,
        -0.05541848759918253,
        -0.06030755267471673
      ],
      "terminalPlanarTrackingError": 0.08554047641862286,
      "terminalYawRateTrackingError": 0.06030755267471673,
      "planarOvershootMps": 0.0,
      "yawRateOvershootRadPerSec": 0.15000772463985262,
      "planarSettlingTimeSeconds": 1.88,
      "yawRateSettlingTimeSeconds": 0.2,
      "planarSettled": true,
      "yawRateSettled": true
    }
  ],
  "maximumTransitionTerminalPlanarTrackingError": 0.132326506123538,
  "maximumTransitionTerminalYawRateTrackingError": 0.8933398154188409,
  "maximumPlanarSettlingTimeSeconds": 2.0,
  "maximumYawRateSettlingTimeSeconds": 2.0,
  "maximumPlanarOvershootMps": 0.0,
  "maximumYawRateOvershootRadPerSec": 0.15000772463985262,
  "unsettledPlanarTransitionCount": 1,
  "unsettledYawRateTransitionCount": 1,
  "initialBasePosition": [
    0.0,
    0.0,
    0.44
  ],
  "finalBasePosition": [
    -0.03714368191284461,
    -0.14152577405339728,
    0.42051370240421937
  ],
  "netDisplacement": [
    -0.03714368191284461,
    -0.14152577405339728,
    -0.019486297595780633
  ],
  "targetPlanarDisplacement": [
    0.0,
    0.0
  ],
  "forwardDisplacement": 0.0,
  "targetDistance": 0.0,
  "forwardProgress": 1.0,
  "meanForwardVelocity": 0.0,
  "lateralDrift": 0.146318822533042,
  "distanceTraveled": 0.7483729722584883
}
