{
  "terms": {
    "survival": 30.0,
    "velocityTracking": 14.15340104592328,
    "forwardProgress": 10.0,
    "upright": 14.316215604681133,
    "lateralDrift": -0.7315941126652099,
    "transitionTracking": 4.857769334271429,
    "energy": -1.0101177553996723,
    "smoothness": -0.14035671346636594,
    "componentMass": -1.2060000000000002,
    "sensorChannels": -1.07,
    "trainingSteps": -0.0
  },
  "total": 69.16931740334459
}
