{
  "count": 4096.0001,
  "mean": [
    0.27541097582440605,
    -0.5095769443770644,
    0.27531276819252504,
    -0.5119382029331656,
    0.2628564414874299,
    -0.5564749896313855,
    0.24793306824543282,
    -0.5580527466990021,
    -0.006811462738852421,
    0.06962716925556016,
    -0.008029782244739742,
    0.06947880971410307,
    0.05083944084699261,
    0.018845439086267162,
    0.05206097472833343,
    0.014129078599757268,
    0.42078454410570865,
    0.9897026427614715,
    -0.0008934778457320699,
    -0.07446112890256629,
    0.0062506313792421685,
    0.06976884281385823,
    0.004015808630612934,
    -0.004626213555230722,
    -0.0076863766265697665,
    -0.109055984615998,
    0.009115707275810275,
    -0.007625943325377074,
    -0.11422402035376313,
    0.00898163501676955,
    1.4505730432283355,
    -0.029226791189600577,
    10.064356558340819,
    10.39122877520212,
    12.164883950993888,
    19.2531690429626,
    17.309511617826022
  ],
  "variance": [
    0.019200643125605713,
    0.009675801907115984,
    0.018089220878697274,
    0.010206127216967205,
    0.015642065267913088,
    0.011332534876277297,
    0.01333692726565325,
    0.011273676319016613,
    5.925422003899564,
    15.965985348937238,
    5.726083594803218,
    15.275833720092667,
    3.0164618143773727,
    6.256044518111742,
    3.4079934952532978,
    7.026317691801593,
    0.0006176431249647721,
    0.0032048055375610077,
    0.00034914282674347374,
    0.009678349216052783,
    0.0016899483588914733,
    0.07697120897117316,
    0.005530959956574111,
    0.011463931356720422,
    0.029462120360193626,
    0.4961955123250224,
    0.021906068738332816,
    0.028955310439223864,
    0.4759963645182747,
    0.021530090882158667,
    15.900494387682066,
    5.928363179457519,
    52.01538554448543,
    254.20268831013905,
    273.36276113622444,
    314.1426998426583,
    306.47297567864535
  ]
}
