{
  "durationSeconds": 4.679999999999707,
  "steps": 234,
  "survivalRate": 0.7766666666666666,
  "fell": true,
  "motionCommand": [
    0.16025641025641027,
    0.0,
    0.0
  ],
  "meanMotionCommand": [
    0.16025641025641027,
    0.0,
    0.0
  ],
  "meanMeasuredMotion": [
    0.12266233115793404,
    -0.005276157551592597,
    0.00861561366541806
  ],
  "planarVelocityTrackingError": 0.037962516009502255,
  "yawRateTrackingError": 0.00861561366541806,
  "meanVelocityTrackingError": 0.4657383309683166,
  "meanPlanarVelocityTrackingError": 0.35439643413209143,
  "meanYawRateTrackingError": 0.2046266449471894,
  "meanUpright": 0.5067040810921141,
  "meanEnergy": 619.18421737371,
  "meanSmoothness": 28.671477530580024,
  "peakActuator": 8.0,
  "motionCommandSchedule": [
    {
      "atStep": 0,
      "atSeconds": 0.0,
      "command": [
        0.0,
        0.0,
        0.0
      ]
    },
    {
      "atStep": 50,
      "atSeconds": 1.0,
      "command": [
        0.25,
        0.0,
        0.0
      ]
    },
    {
      "atStep": 200,
      "atSeconds": 4.0,
      "command": [
        0.0,
        0.0,
        0.0
      ]
    }
  ],
  "transitionCount": 2,
  "transitions": [
    {
      "index": 1,
      "atStep": 50,
      "atSeconds": 1.0,
      "endStep": 200,
      "fromCommand": [
        0.0,
        0.0,
        0.0
      ],
      "toCommand": [
        0.25,
        0.0,
        0.0
      ],
      "sampleCount": 150,
      "peakPlanarTrackingError": 0.9316535471398648,
      "peakYawRateTrackingError": 1.2001160492034155,
      "terminalMeasuredMotion": [
        0.4915043978718134,
        -0.06930843694641553,
        0.13178232896996958
      ],
      "terminalPlanarTrackingError": 0.25125292759166484,
      "terminalYawRateTrackingError": 0.13178232896996958,
      "planarOvershootMps": 0.8327027576203945,
      "yawRateOvershootRadPerSec": 0.0,
      "planarSettlingTimeSeconds": 3.0,
      "yawRateSettlingTimeSeconds": 2.64,
      "planarSettled": false,
      "yawRateSettled": true
    },
    {
      "index": 2,
      "atStep": 200,
      "atSeconds": 4.0,
      "endStep": 300,
      "fromCommand": [
        0.25,
        0.0,
        0.0
      ],
      "toCommand": [
        0.0,
        0.0,
        0.0
      ],
      "sampleCount": 34,
      "peakPlanarTrackingError": 0.8760613204122708,
      "peakYawRateTrackingError": 1.1652400430152496,
      "terminalMeasuredMotion": [
        0.4079021384110931,
        0.07970398222260118,
        -0.24463331954095624
      ],
      "terminalPlanarTrackingError": 0.4156162644826153,
      "terminalYawRateTrackingError": 0.24463331954095624,
      "planarOvershootMps": 0.06765905885531369,
      "yawRateOvershootRadPerSec": 0.0,
      "planarSettlingTimeSeconds": 0.68,
      "yawRateSettlingTimeSeconds": 0.56,
      "planarSettled": false,
      "yawRateSettled": true
    }
  ],
  "maximumTransitionTerminalPlanarTrackingError": 0.4156162644826153,
  "maximumTransitionTerminalYawRateTrackingError": 0.24463331954095624,
  "maximumPlanarSettlingTimeSeconds": 3.0,
  "maximumYawRateSettlingTimeSeconds": 2.64,
  "maximumPlanarOvershootMps": 0.8327027576203945,
  "maximumYawRateOvershootRadPerSec": 0.0,
  "unsettledPlanarTransitionCount": 2,
  "unsettledYawRateTransitionCount": 0,
  "initialBasePosition": [
    0.0,
    0.0,
    0.44
  ],
  "finalBasePosition": [
    0.5759394895981912,
    -0.021357923338410287,
    0.18253526919331794
  ],
  "netDisplacement": [
    0.5759394895981912,
    -0.021357923338410287,
    -0.2574647308066821
  ],
  "targetPlanarDisplacement": [
    0.75,
    0.0
  ],
  "forwardDisplacement": 0.5759394895981912,
  "targetDistance": 0.75,
  "forwardProgress": 0.767919319464255,
  "meanForwardVelocity": 0.12306399350389473,
  "lateralDrift": 0.021357923338410287,
  "distanceTraveled": 1.4563216346602286
}
