{
  "terms": {
    "survival": 23.299999999999997,
    "velocityTracking": 13.645000323343744,
    "forwardProgress": 7.67919319464255,
    "upright": 7.600561216381711,
    "lateralDrift": -0.10678961669205143,
    "transitionTracking": 3.6886973807024557,
    "energy": -3.0959210868685503,
    "smoothness": -0.028671477530580025,
    "componentMass": -1.2060000000000002,
    "sensorChannels": -1.07,
    "trainingSteps": -0.0
  },
  "total": 50.406069933979275
}
