{
  "durationSeconds": 4.999999999999671,
  "steps": 250,
  "survivalRate": 1.0,
  "fell": false,
  "motionCommand": [
    0.25,
    0.0,
    0.0
  ],
  "meanMotionCommand": [
    0.25,
    0.0,
    0.0
  ],
  "meanMeasuredMotion": [
    -0.07519318053301789,
    -0.016652444977274382,
    -0.041929920909057124
  ],
  "planarVelocityTrackingError": 0.3256192693759095,
  "yawRateTrackingError": 0.041929920909057124,
  "meanVelocityTrackingError": 0.5494285158265395,
  "meanPlanarVelocityTrackingError": 0.39111504883221093,
  "meanYawRateTrackingError": 0.29877640810432643,
  "meanUpright": 0.5214829465008973,
  "meanEnergy": 631.9421096105076,
  "meanSmoothness": 29.807601700540943,
  "peakActuator": 8.0,
  "motionCommandSchedule": [
    {
      "atStep": 0,
      "atSeconds": 0.0,
      "command": [
        0.25,
        0.0,
        0.0
      ]
    }
  ],
  "transitionCount": 0,
  "transitions": [],
  "maximumTransitionTerminalPlanarTrackingError": 0.0,
  "maximumTransitionTerminalYawRateTrackingError": 0.0,
  "maximumPlanarSettlingTimeSeconds": 0.0,
  "maximumPlanarBrakingSettlingTimeSeconds": 0.0,
  "maximumYawRateSettlingTimeSeconds": 0.0,
  "maximumPlanarOvershootMps": 0.0,
  "maximumYawRateOvershootRadPerSec": 0.0,
  "unsettledPlanarTransitionCount": 0,
  "unsettledYawRateTransitionCount": 0,
  "initialBasePosition": [
    0.0,
    0.0,
    0.44
  ],
  "finalBasePosition": [
    -0.36548918707610983,
    -0.08852218316170206,
    0.22772394113704714
  ],
  "netDisplacement": [
    -0.36548918707610983,
    -0.08852218316170206,
    -0.21227605886295287
  ],
  "targetPlanarDisplacement": [
    1.25,
    0.0
  ],
  "forwardDisplacement": -0.36548918707610983,
  "targetDistance": 1.25,
  "forwardProgress": 0.0,
  "signedForwardProgress": -0.29239134966088787,
  "backwardDisplacement": 0.36548918707610983,
  "meanForwardVelocity": -0.07309783741522677,
  "lateralDrift": 0.08852218316170206,
  "distanceTraveled": 1.4298396896488021
}
