{
  "terms": {
    "survival": 25.0,
    "velocityTracking": 12.90798497362819,
    "forwardProgress": 0.0,
    "upright": 7.82224419751346,
    "lateralDrift": -0.8852218316170206,
    "transitionTracking": 0.0,
    "energy": -6.319421096105076,
    "smoothness": -0.1490380085027047,
    "componentMass": -1.5075,
    "sensorChannels": -5.3500000000000005,
    "trainingSteps": -0.0
  },
  "total": 31.51904823491685
}
