{
  "durationSeconds": 4.999999999999671,
  "steps": 250,
  "survivalRate": 1.0,
  "fell": false,
  "motionCommand": [
    0.25,
    0.0,
    0.0
  ],
  "meanMotionCommand": [
    0.25,
    0.0,
    0.0
  ],
  "meanMeasuredMotion": [
    0.06986929076472696,
    -0.0027785794840185854,
    0.00968020083109327
  ],
  "planarVelocityTrackingError": 0.18015213824307355,
  "yawRateTrackingError": 0.00968020083109327,
  "meanVelocityTrackingError": 0.19023915569807623,
  "meanPlanarVelocityTrackingError": 0.18247058645648614,
  "meanYawRateTrackingError": 0.033312231371307434,
  "meanUpright": 0.933556712104929,
  "meanAbsolutePitchRad": 0.13300796593707806,
  "minimumPitchRad": -0.22971834271102817,
  "maximumPitchRad": -0.01375967235925534,
  "maximumBackwardPitchRad": 0.22971834271102817,
  "maximumAbsolutePitchRad": 0.22971834271102817,
  "maximumAbsolutePitchRateRadPerSec": 2.5954746290921014,
  "meanEnergy": 186.10088900891319,
  "meanSmoothness": 128.34493874150093,
  "peakActuator": 8.0,
  "motionCommandSchedule": [
    {
      "atStep": 0,
      "atSeconds": 0.0,
      "command": [
        0.25,
        0.0,
        0.0
      ]
    }
  ],
  "transitionCount": 0,
  "transitions": [],
  "maximumTransitionTerminalPlanarTrackingError": 0.0,
  "maximumTransitionTerminalYawRateTrackingError": 0.0,
  "maximumPlanarSettlingTimeSeconds": 0.0,
  "maximumPlanarBrakingSettlingTimeSeconds": 0.0,
  "maximumYawRateSettlingTimeSeconds": 0.0,
  "maximumPlanarOvershootMps": 0.0,
  "maximumYawRateOvershootRadPerSec": 0.0,
  "unsettledPlanarTransitionCount": 0,
  "unsettledYawRateTransitionCount": 0,
  "initialBasePosition": [
    0.0,
    0.0,
    0.44
  ],
  "finalBasePosition": [
    0.34759622676205343,
    -0.014805368702047551,
    0.4187255187830633
  ],
  "netDisplacement": [
    0.34759622676205343,
    -0.014805368702047551,
    -0.021274481216936703
  ],
  "targetPlanarDisplacement": [
    1.25,
    0.0
  ],
  "forwardDisplacement": 0.34759622676205343,
  "targetDistance": 1.25,
  "forwardProgress": 0.27807698140964277,
  "signedForwardProgress": 0.27807698140964277,
  "backwardDisplacement": 0.0,
  "meanForwardVelocity": 0.06951924535241526,
  "lateralDrift": 0.014805368702047551,
  "distanceTraveled": 0.44920821681887135
}
