{
  "terms": {
    "survival": 25.0,
    "velocityTracking": 16.803345700948633,
    "forwardProgress": 13.903849070482138,
    "upright": 14.003350681573934,
    "lateralDrift": -0.1480536870204755,
    "transitionTracking": 0.0,
    "energy": -1.861008890089132,
    "smoothness": -0.6417246937075046,
    "componentMass": -1.5075,
    "sensorChannels": -5.3500000000000005,
    "trainingSteps": -0.0
  },
  "total": 60.20225818218759
}
