{
  "terms": {
    "survival": 10.799999999999999,
    "velocityTracking": 9.046709712081839,
    "forwardProgress": 10.0,
    "upright": 10.92994778746245,
    "lateralDrift": -0.5803641807256954,
    "transitionTracking": 26.785714285714285,
    "energy": -2.4627162906295563,
    "smoothness": -0.03834640417793399,
    "componentMass": -1.2060000000000002,
    "sensorChannels": -1.07,
    "trainingSteps": -0.0
  },
  "total": 62.204944909725384
}
