{
  "count": 16384.0001,
  "mean": [
    0.18496220552742518,
    0.43125102304462115,
    -0.3432177332576806,
    -0.1850677416729538,
    0.42872667209241866,
    -0.34637179420919956,
    0.17587110324337582,
    0.3176340938995323,
    -0.4920610488758354,
    -0.17213780606554624,
    0.31594414549911204,
    -0.4901285705696495,
    0.014083074273205773,
    0.05137672255216133,
    0.08207843934961388,
    -0.004580356113802514,
    0.04748048527278623,
    0.0818954240843998,
    0.011930541199419276,
    0.018892828223756784,
    0.04938630285976267,
    -0.00020281000101389973,
    0.017952410018431026,
    0.05411879094406893,
    0.3481724827283457,
    0.8713040340695908,
    -0.010124897371856715,
    0.2190423196036831,
    0.02414912013750676,
    0.13510463372886106,
    0.021808914417438346,
    -0.03923249335103415,
    -0.033435159558098296,
    0.2729618658002752,
    0.006081395920290034,
    -0.03346098234764019,
    0.26581325753558604,
    0.006028356960937229,
    -3.401778500116985,
    -0.05779121384353376,
    6.2737932696047185,
    12.938155789893798,
    12.703934715865714,
    7.365569728034268,
    7.247022181128432
  ],
  "variance": [
    0.01396232047060365,
    0.03203116845593,
    0.04298454690051078,
    0.013357117555127234,
    0.03195517724928461,
    0.04252722514994518,
    0.011661633663581078,
    0.02601519373370449,
    0.028072098483478518,
    0.011109657106739031,
    0.026605123454100533,
    0.028570971941961593,
    7.792778458105513,
    17.73384205522303,
    43.514642418763344,
    7.725346684076692,
    17.813766905659357,
    43.48156869056863,
    10.365046713808747,
    20.90288034480012,
    40.87825109565832,
    10.265192679302539,
    21.022276988838954,
    41.263897591888444,
    0.006872228176291835,
    0.03145647481381684,
    0.010054693370822163,
    0.09621477828972434,
    0.054439931435995674,
    0.0927292546480357,
    0.03107335073365675,
    0.04649002938720698,
    2.5610078663205886,
    2.007760618100324,
    0.41242780351671615,
    2.4510116921698475,
    1.9381719809527127,
    0.40454647705349106,
    92.5600106126439,
    30.866656556039135,
    124.849506842486,
    563.8865742272682,
    538.2990920849774,
    529.3648201832862,
    498.82330877365195
  ]
}
