{
  "previous": {
    "assembly": "force-sensing",
    "controller": "force-aware-gait",
    "assemblyHash": "d89572552c790a7256a7fe23403e257b121aab1b617e4b133032638dcb972cea",
    "aggregateScore": 83.35985271738677,
    "cases": [
      {
        "case": {
          "id": "nominal",
          "task": "velocity-track",
          "scenario": "nominal",
          "seed": 42,
          "weight": 1
        },
        "metrics": {
          "durationSeconds": 2.999999999999891,
          "steps": 150,
          "survivalRate": 1,
          "fell": false,
          "meanVelocityTrackingError": 0.2091650087599326,
          "meanUpright": 0.9344946089846909,
          "meanEnergy": 0.9719637340322476,
          "meanSmoothness": 0.356554691381689,
          "peakActuator": 5.280594666689113
        },
        "score": {
          "terms": {
            "survival": 50,
            "velocityTracking": 16.540339701453266,
            "upright": 18.689892179693818,
            "energy": -0.019439274680644953,
            "smoothness": -0.00356554691381689,
            "componentMass": -1.4275,
            "sensorChannels": -0.5,
            "trainingSteps": 0
          },
          "total": 83.27972705955263
        },
        "resultHash": "022f9e4b2c961235de3d68fcfd8b569dabd11f193555babe837af44e5d4948e4"
      },
      {
        "case": {
          "id": "low-friction",
          "task": "velocity-track",
          "scenario": "low-friction",
          "seed": 43,
          "weight": 1.2
        },
        "metrics": {
          "durationSeconds": 2.999999999999891,
          "steps": 150,
          "survivalRate": 1,
          "fell": false,
          "meanVelocityTrackingError": 0.2091650087599326,
          "meanUpright": 0.9344946089846909,
          "meanEnergy": 0.9719637340322476,
          "meanSmoothness": 0.356554691381689,
          "peakActuator": 5.280594666689113
        },
        "score": {
          "terms": {
            "survival": 50,
            "velocityTracking": 16.540339701453266,
            "upright": 18.689892179693818,
            "energy": -0.019439274680644953,
            "smoothness": -0.00356554691381689,
            "componentMass": -1.4275,
            "sensorChannels": -0.5,
            "trainingSteps": 0
          },
          "total": 83.27972705955263
        },
        "resultHash": "7db5eb7ac8ab3d008fd3af03ffcea66993b3fe0a96e16aec942b3c53fcc82e4a"
      },
      {
        "case": {
          "id": "lateral-push",
          "task": "stand",
          "scenario": "lateral-push",
          "seed": 44,
          "weight": 1.5
        },
        "metrics": {
          "durationSeconds": 2.0000000000000013,
          "steps": 100,
          "survivalRate": 1,
          "fell": false,
          "meanVelocityTrackingError": 0.14273157172814563,
          "meanUpright": 0.898369294175336,
          "meanEnergy": 2.9455922404290775,
          "meanSmoothness": 0.5526709025247795,
          "peakActuator": 6
        },
        "score": {
          "terms": {
            "survival": 50,
            "velocityTracking": 17.501923019204,
            "upright": 17.96738588350672,
            "energy": -0.058911844808581554,
            "smoothness": -0.005526709025247795,
            "componentMass": -1.4275,
            "sensorChannels": -0.5,
            "trainingSteps": 0
          },
          "total": 83.47737034887689
        },
        "resultHash": "40822f5468dbad5a1ae8dc68b1e22fed2805bca23f25903f3d09f24c40376154"
      }
    ]
  },
  "candidate": {
    "assembly": "force-sensing",
    "controller": "force-aware-gait",
    "assemblyHash": "d89572552c790a7256a7fe23403e257b121aab1b617e4b133032638dcb972cea",
    "aggregateScore": 83.76731575084696,
    "cases": [
      {
        "case": {
          "id": "nominal",
          "task": "velocity-track",
          "scenario": "nominal",
          "seed": 42,
          "weight": 1
        },
        "metrics": {
          "durationSeconds": 2.999999999999891,
          "steps": 150,
          "survivalRate": 1,
          "fell": false,
          "meanVelocityTrackingError": 0.2068578514615405,
          "meanUpright": 0.9366657943964841,
          "meanEnergy": 0.9629147704325379,
          "meanSmoothness": 0.34336871925141355,
          "peakActuator": 5.199999999999999
        },
        "score": {
          "terms": {
            "survival": 50,
            "velocityTracking": 16.57195996676776,
            "upright": 18.73331588792968,
            "energy": -0.019258295408650757,
            "smoothness": -0.0034336871925141356,
            "componentMass": -1.4275,
            "sensorChannels": -0.5,
            "trainingSteps": 0
          },
          "total": 83.35508387209627
        },
        "resultHash": "e6f4cabecbe2b9c895eb77d6d0aa5fd87d58fd01c52c74d302f7c2f9e0ee020a"
      },
      {
        "case": {
          "id": "low-friction",
          "task": "velocity-track",
          "scenario": "low-friction",
          "seed": 43,
          "weight": 1.2
        },
        "metrics": {
          "durationSeconds": 2.999999999999891,
          "steps": 150,
          "survivalRate": 1,
          "fell": false,
          "meanVelocityTrackingError": 0.2068578514615405,
          "meanUpright": 0.9366657943964841,
          "meanEnergy": 0.9629147704325379,
          "meanSmoothness": 0.34336871925141355,
          "peakActuator": 5.199999999999999
        },
        "score": {
          "terms": {
            "survival": 50,
            "velocityTracking": 16.57195996676776,
            "upright": 18.73331588792968,
            "energy": -0.019258295408650757,
            "smoothness": -0.0034336871925141356,
            "componentMass": -1.4275,
            "sensorChannels": -0.5,
            "trainingSteps": 0
          },
          "total": 83.35508387209627
        },
        "resultHash": "b2f9f57d8e845a6a744eb31f61c155b3d69cbe10cd1e541ebc15bdf90c72a408"
      },
      {
        "case": {
          "id": "lateral-push",
          "task": "stand",
          "scenario": "lateral-push",
          "seed": 44,
          "weight": 1.5
        },
        "metrics": {
          "durationSeconds": 2.0000000000000013,
          "steps": 100,
          "survivalRate": 1,
          "fell": false,
          "meanVelocityTrackingError": 0.10447551688245574,
          "meanUpright": 0.9123713686098179,
          "meanEnergy": 2.5403591853588963,
          "meanSmoothness": 0.534013916272607,
          "peakActuator": 5.501278516450031
        },
        "score": {
          "terms": {
            "survival": 50,
            "velocityTracking": 18.108142457021533,
            "upright": 18.24742737219636,
            "energy": -0.050807183707177926,
            "smoothness": -0.005340139162726069,
            "componentMass": -1.4275,
            "sensorChannels": -0.5,
            "trainingSteps": 0
          },
          "total": 84.37192250634799
        },
        "resultHash": "618bd932e05aa69bea79bde823d1eb13630622b04c05611a41b0e9e00c4c68c5"
      }
    ]
  },
  "delta": 0.4074630334601892,
  "gateReasons": []
}
