{
  "durationSeconds": 14.000000000001345,
  "steps": 700,
  "survivalRate": 1.0,
  "fell": false,
  "motionCommand": [
    0.20000000000000084,
    0.0,
    0.0
  ],
  "meanMotionCommand": [
    0.20000000000000084,
    0.0,
    0.0
  ],
  "meanMeasuredMotion": [
    0.09018705310437954,
    0.008824500335900326,
    0.011870179984860604
  ],
  "planarVelocityTrackingError": 0.11016694201110808,
  "yawRateTrackingError": 0.011870179984860604,
  "meanVelocityTrackingError": 0.3137471757017981,
  "meanPlanarVelocityTrackingError": 0.25646991086602394,
  "meanYawRateTrackingError": 0.11062605874000007,
  "meanUpright": 0.880231188817976,
  "meanAbsolutePitchRad": 0.23479470028925492,
  "minimumPitchRad": -0.6347069051786498,
  "maximumPitchRad": 1.0411296058614832,
  "maximumBackwardPitchRad": 0.6347069051786498,
  "maximumAbsolutePitchRad": 1.0411296058614832,
  "maximumAbsolutePitchRateRadPerSec": 5.6934438997790044,
  "meanBodyTiltRad": 0.2441455167864013,
  "maximumBodyTiltRad": 1.0411296064250561,
  "initialBodyTiltRad": 0.0,
  "minimumBodyTiltRad": 0.0,
  "finalBodyTiltRad": 0.09520661262651389,
  "finalBaseHeightM": 0.42091157506181825,
  "selfRightingTask": true,
  "recoveryTriggered": true,
  "selfRightingSuccess": 1.0,
  "timeToStableStandSeconds": 5.479999999999401,
  "stableStandingDwellSeconds": 1.98,
  "finalStableStandingDwellSeconds": 0.0,
  "minimumJointLimitMarginRad": 0.02838196454511377,
  "disallowedCollisionSteps": 0,
  "meanEnergy": 152.92927492013973,
  "meanSmoothness": 98.52192486509745,
  "peakActuator": 8.0,
  "motionQualityFootEvidenceAvailable": true,
  "motionQualityContactThresholdNewton": 1.0,
  "meanJointJerkRadPerSec3": 16991.774117712124,
  "peakJointJerkRadPerSec3": 53950.942748760586,
  "meanBodyAngularJerkRadPerSec3": 1477.1252753604538,
  "peakBodyAngularJerkRadPerSec3": 14735.598911161858,
  "meanActionSlewRatePerSec": 363.9912320916017,
  "peakActionSlewRatePerSec": 800.0,
  "actuatorSaturationRate": 0.35678571428571426,
  "meanFootSlipSpeedMps": 0.05351977785384642,
  "peakFootSlipSpeedMps": 1.0807283034908644,
  "totalFootSlipDistanceM": 1.4428932109396977,
  "meanFootContactImpactNPerSec": 383.71927884242785,
  "peakFootContactImpactNPerSec": 14426.242001327671,
  "peakFootContactForceNewton": 288.5248400265534,
  "motionCommandSchedule": [
    {
      "atStep": 0,
      "atSeconds": 0.0,
      "command": [
        0.2,
        0.0,
        0.0
      ]
    }
  ],
  "transitionCount": 0,
  "transitions": [],
  "maximumTransitionTerminalPlanarTrackingError": 0.0,
  "maximumTransitionTerminalYawRateTrackingError": 0.0,
  "maximumPlanarSettlingTimeSeconds": 0.0,
  "maximumPlanarBrakingSettlingTimeSeconds": 0.0,
  "maximumYawRateSettlingTimeSeconds": 0.0,
  "maximumPlanarOvershootMps": 0.0,
  "maximumYawRateOvershootRadPerSec": 0.0,
  "unsettledPlanarTransitionCount": 0,
  "unsettledYawRateTransitionCount": 0,
  "initialBasePosition": [
    1.0179830559280731,
    0.14308442119829026,
    0.47629785310774786
  ],
  "finalBasePosition": [
    1.2593558468470747,
    0.12671551117478477,
    0.42091157506181825
  ],
  "netDisplacement": [
    0.24137279091900155,
    -0.01636891002350549,
    -0.055386278045929604
  ],
  "targetPlanarDisplacement": [
    1.2000000000000002,
    0.0
  ],
  "forwardDisplacement": 0.24137279091900155,
  "targetDistance": 1.2000000000000002,
  "forwardProgress": 0.20114399243250125,
  "signedForwardProgress": 0.20114399243250125,
  "backwardDisplacement": 0.0,
  "meanForwardVelocity": 0.04022879848649124,
  "lateralDrift": 0.01636891002350549,
  "distanceTraveled": 2.996523764606114,
  "episodeInitialBasePosition": [
    0.0,
    0.0,
    0.44
  ],
  "mobilityMeasurementStartedAtSeconds": 8.0,
  "recoveryEvaluationStartedAtSeconds": 2.7,
  "missionStageDurationsSeconds": {
    "approach": 2.48,
    "disturbance": 0.18,
    "post-disturbance": 0.02,
    "recovery": 5.96,
    "resume": 5.36
  }
}
