{
  "terms": {
    "survival": 10.0,
    "velocityTracking": 3.044725860486221,
    "forwardProgress": 4.022879848650025,
    "upright": 1.760462377635952,
    "lateralDrift": -0.03273782004701098,
    "transitionTracking": 1.0,
    "energy": -0.3058585498402795,
    "smoothness": -0.09852192486509745,
    "jointJerk": 0.0,
    "bodyAngularJerk": 0.0,
    "actionSlew": 0.0,
    "actuatorSaturation": -0.17839285714285713,
    "footSlip": 0.0,
    "footImpact": 0.0,
    "selfRighting": 100.0,
    "recoveryTime": -10.959999999998802,
    "jointLimitMargin": 0.05676392909022754,
    "componentMass": -3.015,
    "sensorChannels": -2.14,
    "trainingSteps": -0.0
  },
  "total": 103.15432086396838
}
