{
  "durationSeconds": 4.999999999999671,
  "steps": 250,
  "survivalRate": 1.0,
  "fell": false,
  "motionCommand": [
    0.25,
    0.0,
    0.0
  ],
  "meanMotionCommand": [
    0.25,
    0.0,
    0.0
  ],
  "meanMeasuredMotion": [
    -0.05178503054882872,
    -0.021438424964475743,
    -0.050859012241032134
  ],
  "planarVelocityTrackingError": 0.30254555149318413,
  "yawRateTrackingError": 0.050859012241032134,
  "meanVelocityTrackingError": 0.9306746782357063,
  "meanPlanarVelocityTrackingError": 0.3429660905969509,
  "meanYawRateTrackingError": 0.8130275612508743,
  "meanUpright": 0.9545455648990762,
  "meanAbsolutePitchRad": 0.08071436298780565,
  "minimumPitchRad": -0.19155742802813935,
  "maximumPitchRad": 0.014015565822758161,
  "maximumBackwardPitchRad": 0.19155742802813935,
  "maximumAbsolutePitchRad": 0.19155742802813935,
  "maximumAbsolutePitchRateRadPerSec": 4.8253427448162265,
  "meanBodyTiltRad": 0.09096603059415434,
  "maximumBodyTiltRad": 0.23514120652965534,
  "meanEnergy": 434.0115369936723,
  "meanSmoothness": 65.82038381382472,
  "peakActuator": 8.0,
  "motionQualityFootEvidenceAvailable": true,
  "motionQualityContactThresholdNewton": 1.0,
  "meanJointJerkRadPerSec3": 15157.84887155032,
  "peakJointJerkRadPerSec3": 58265.867264120854,
  "meanBodyAngularJerkRadPerSec3": 3911.0900788794593,
  "peakBodyAngularJerkRadPerSec3": 23743.518709989494,
  "meanActionSlewRatePerSec": 279.75748905889975,
  "peakActionSlewRatePerSec": 800.0,
  "actuatorSaturationRate": 0.69,
  "meanFootSlipSpeedMps": 0.14196721654205588,
  "peakFootSlipSpeedMps": 0.41271424405808665,
  "totalFootSlipDistanceM": 0.3776327960018688,
  "meanFootContactImpactNPerSec": 678.489229073254,
  "peakFootContactImpactNPerSec": 15203.987393925208,
  "peakFootContactForceNewton": 304.0791061931328,
  "motionCommandSchedule": [
    {
      "atStep": 0,
      "atSeconds": 0.0,
      "command": [
        0.25,
        0.0,
        0.0
      ]
    }
  ],
  "transitionCount": 0,
  "transitions": [],
  "maximumTransitionTerminalPlanarTrackingError": 0.0,
  "maximumTransitionTerminalYawRateTrackingError": 0.0,
  "maximumPlanarSettlingTimeSeconds": 0.0,
  "maximumPlanarBrakingSettlingTimeSeconds": 0.0,
  "maximumYawRateSettlingTimeSeconds": 0.0,
  "maximumPlanarOvershootMps": 0.0,
  "maximumYawRateOvershootRadPerSec": 0.0,
  "unsettledPlanarTransitionCount": 0,
  "unsettledYawRateTransitionCount": 0,
  "initialBasePosition": [
    0.0,
    0.0,
    0.44
  ],
  "finalBasePosition": [
    -0.25657357384569723,
    -0.11035163385768082,
    0.4283943757665087
  ],
  "netDisplacement": [
    -0.25657357384569723,
    -0.11035163385768082,
    -0.011605624233491318
  ],
  "targetPlanarDisplacement": [
    1.25,
    0.0
  ],
  "forwardDisplacement": -0.25657357384569723,
  "targetDistance": 1.25,
  "forwardProgress": 0.0,
  "signedForwardProgress": -0.20525885907655778,
  "backwardDisplacement": 0.25657357384569723,
  "meanForwardVelocity": -0.051314714769142816,
  "lateralDrift": 0.11035163385768082,
  "distanceTraveled": 0.8908299499224169
}
