{
  "terms": {
    "survival": 30.0,
    "velocityTracking": 15.538609553534245,
    "forwardProgress": 0.0,
    "upright": 19.090911297981524,
    "lateralDrift": -1.1035163385768083,
    "transitionTracking": 0.0,
    "energy": -2.1700576849683615,
    "smoothness": -0.06582038381382473,
    "jointJerk": 0.0,
    "bodyAngularJerk": 0.0,
    "actionSlew": 0.0,
    "actuatorSaturation": 0.0,
    "footSlip": 0.0,
    "footImpact": 0.0,
    "componentMass": -1.2060000000000002,
    "sensorChannels": -1.07,
    "trainingSteps": -0.4096
  },
  "total": 58.604526444156775
}
