{
  "terms": {
    "survival": 30.0,
    "velocityTracking": 21.509634659907196,
    "forwardProgress": 0.0,
    "upright": 14.221398930754596,
    "lateralDrift": -6.577513718138519e-13,
    "transitionTracking": 0.0,
    "energy": -0.9735148830572162,
    "smoothness": -0.13890687216219008,
    "componentMass": -1.2060000000000002,
    "sensorChannels": -1.07,
    "trainingSteps": -0.0
  },
  "total": 62.34261183544173
}
