{
  "durationSeconds": 1.8800000000000014,
  "steps": 94,
  "survivalRate": 0.372,
  "fell": true,
  "motionCommand": [
    0.25,
    0.0,
    0.0
  ],
  "meanMotionCommand": [
    0.25,
    0.0,
    0.0
  ],
  "meanMeasuredMotion": [
    -0.0026417690969531347,
    2.85635374929124e-14,
    -1.9034294942627034e-13
  ],
  "planarVelocityTrackingError": 0.25264176909695313,
  "yawRateTrackingError": 1.9034294942627034e-13,
  "meanVelocityTrackingError": 0.2744995295681361,
  "meanPlanarVelocityTrackingError": 0.2744995295681361,
  "meanYawRateTrackingError": 3.948815714896986e-12,
  "meanUpright": 0.8321163715029751,
  "meanEnergy": 524.3493904636226,
  "meanSmoothness": 26.116067728314874,
  "peakActuator": 8.0,
  "motionCommandSchedule": [
    {
      "atStep": 0,
      "atSeconds": 0.0,
      "command": [
        0.25,
        0.0,
        0.0
      ]
    }
  ],
  "transitionCount": 0,
  "transitions": [],
  "maximumTransitionTerminalPlanarTrackingError": 0.0,
  "maximumTransitionTerminalYawRateTrackingError": 0.0,
  "maximumPlanarSettlingTimeSeconds": 0.0,
  "maximumPlanarBrakingSettlingTimeSeconds": 0.0,
  "maximumYawRateSettlingTimeSeconds": 0.0,
  "maximumPlanarOvershootMps": 0.0,
  "maximumYawRateOvershootRadPerSec": 0.0,
  "unsettledPlanarTransitionCount": 0,
  "unsettledYawRateTransitionCount": 0,
  "initialBasePosition": [
    0.0,
    0.0,
    0.44
  ],
  "finalBasePosition": [
    -0.007884317142968174,
    1.1469219741687792e-13,
    0.18161884253650368
  ],
  "netDisplacement": [
    -0.007884317142968174,
    1.1469219741687792e-13,
    -0.2583811574634963
  ],
  "targetPlanarDisplacement": [
    1.25,
    0.0
  ],
  "forwardDisplacement": -0.007884317142968174,
  "targetDistance": 1.25,
  "forwardProgress": 0.0,
  "signedForwardProgress": -0.006307453714374539,
  "backwardDisplacement": 0.007884317142968174,
  "meanForwardVelocity": -0.00419378571434477,
  "lateralDrift": 1.1469219741687792e-13,
  "distanceTraveled": 0.31469142582240317
}
