{
  "terms": {
    "survival": 9.3,
    "velocityTracking": 11.769325646658142,
    "forwardProgress": 0.0,
    "upright": 12.481745572544627,
    "lateralDrift": -1.1469219741687793e-12,
    "transitionTracking": 0.0,
    "energy": -5.243493904636226,
    "smoothness": -0.13058033864157437,
    "componentMass": -1.5075,
    "sensorChannels": -5.3500000000000005,
    "trainingSteps": -0.0
  },
  "total": 21.319496975923823
}
