{
  "durationSeconds": 4.999999999999671,
  "steps": 250,
  "survivalRate": 1.0,
  "fell": false,
  "motionCommand": [
    0.25,
    0.0,
    0.0
  ],
  "meanMotionCommand": [
    0.25,
    0.0,
    0.0
  ],
  "meanMeasuredMotion": [
    0.06235651243392459,
    0.00620300166764455,
    0.2525877070451021
  ],
  "planarVelocityTrackingError": 0.1877459870560452,
  "yawRateTrackingError": 0.2525877070451021,
  "meanVelocityTrackingError": 1.1696645365273837,
  "meanPlanarVelocityTrackingError": 0.40535763448050743,
  "meanYawRateTrackingError": 1.027590429091693,
  "meanUpright": 0.9271975860875094,
  "meanAbsolutePitchRad": 0.097467761185396,
  "minimumPitchRad": -0.27846784082836085,
  "maximumPitchRad": 0.1893021269084816,
  "maximumBackwardPitchRad": 0.27846784082836085,
  "maximumAbsolutePitchRad": 0.27846784082836085,
  "maximumAbsolutePitchRateRadPerSec": 5.216410236422238,
  "meanBodyTiltRad": 0.14587063977460202,
  "maximumBodyTiltRad": 0.41000824996961904,
  "meanEnergy": 644.004929951989,
  "meanSmoothness": 33.643125707333766,
  "peakActuator": 8.0,
  "motionQualityFootEvidenceAvailable": true,
  "motionQualityContactThresholdNewton": 1.0,
  "meanJointJerkRadPerSec3": 8466.306488893022,
  "peakJointJerkRadPerSec3": 56001.175625790434,
  "meanBodyAngularJerkRadPerSec3": 2718.3843091131866,
  "peakBodyAngularJerkRadPerSec3": 19172.981139600244,
  "meanActionSlewRatePerSec": 150.06627739982972,
  "peakActionSlewRatePerSec": 800.0,
  "actuatorSaturationRate": 0.7986666666666666,
  "meanFootSlipSpeedMps": 0.20462041303166215,
  "peakFootSlipSpeedMps": 1.1860301368166668,
  "totalFootSlipDistanceM": 0.491088991275989,
  "meanFootContactImpactNPerSec": 651.0109175501402,
  "peakFootContactImpactNPerSec": 20134.027717888486,
  "peakFootContactForceNewton": 402.6805543577697,
  "motionCommandSchedule": [
    {
      "atStep": 0,
      "atSeconds": 0.0,
      "command": [
        0.25,
        0.0,
        0.0
      ]
    }
  ],
  "transitionCount": 0,
  "transitions": [],
  "maximumTransitionTerminalPlanarTrackingError": 0.0,
  "maximumTransitionTerminalYawRateTrackingError": 0.0,
  "maximumPlanarSettlingTimeSeconds": 0.0,
  "maximumPlanarBrakingSettlingTimeSeconds": 0.0,
  "maximumYawRateSettlingTimeSeconds": 0.0,
  "maximumPlanarOvershootMps": 0.0,
  "maximumYawRateOvershootRadPerSec": 0.0,
  "unsettledPlanarTransitionCount": 0,
  "unsettledYawRateTransitionCount": 0,
  "initialBasePosition": [
    0.0,
    0.0,
    0.44
  ],
  "finalBasePosition": [
    0.3169050587234761,
    0.03142912984388025,
    0.4284769042805399
  ],
  "netDisplacement": [
    0.3169050587234761,
    0.03142912984388025,
    -0.011523095719460086
  ],
  "targetPlanarDisplacement": [
    1.25,
    0.0
  ],
  "forwardDisplacement": 0.3169050587234761,
  "targetDistance": 1.25,
  "forwardProgress": 0.25352404697878084,
  "signedForwardProgress": 0.25352404697878084,
  "backwardDisplacement": 0.0,
  "meanForwardVelocity": 0.06338101174469939,
  "lateralDrift": 0.03142912984388025,
  "distanceTraveled": 1.773682456578665
}
