{
  "terms": {
    "survival": 25.0,
    "velocityTracking": 9.218014888149774,
    "forwardProgress": 12.676202348939041,
    "upright": 13.90796379131264,
    "lateralDrift": -0.3142912984388025,
    "transitionTracking": 0.0,
    "energy": -6.44004929951989,
    "smoothness": -0.16821562853666883,
    "jointJerk": 0.0,
    "bodyAngularJerk": 0.0,
    "actionSlew": 0.0,
    "actuatorSaturation": 0.0,
    "footSlip": 0.0,
    "footImpact": 0.0,
    "componentMass": -1.5075,
    "sensorChannels": -5.3500000000000005,
    "trainingSteps": -0.02048
  },
  "total": 47.001644801906096
}
