{
  "count": 4096.0001,
  "mean": [
    0.27718501548653357,
    -0.5136270291117669,
    0.2854757588432675,
    -0.508412366333149,
    0.2469629453352251,
    -0.5592554814171308,
    0.2502816730363458,
    -0.5591934937686016,
    -0.0024219254521989737,
    0.0535157485943591,
    -0.00022259239419624382,
    0.05462372872229304,
    0.04589417582829343,
    0.008662468137160217,
    0.057539463379717985,
    0.016725081819096876,
    0.4195803973134157,
    0.9875687354380297,
    -0.0022606190297115125,
    -0.07953038798211531,
    -0.0029905267683736606,
    0.0707471522777085,
    0.002849985092685951,
    -0.004155039623052433,
    -0.007437667705181217,
    -0.10693959984580696,
    0.003848701584618213,
    -0.007459811124465915,
    -0.11261871490255301,
    0.003751543031629146,
    1.550016898445663,
    -0.07203228392837996,
    10.110249197946072,
    11.783134422934172,
    10.902126362484795,
    18.64019290625776,
    18.413016714942557
  ],
  "variance": [
    0.018712991247776707,
    0.010279092856894309,
    0.01987962397055262,
    0.010262693562609818,
    0.01625356854378968,
    0.011428445147003589,
    0.013913732800413317,
    0.011166308348084372,
    5.957424224879597,
    15.994182248830882,
    6.067958051685352,
    16.11172778863915,
    3.5085894326255014,
    7.306091785854486,
    3.655693286822297,
    7.237782987466989,
    0.0007889177743217711,
    0.004331695536296302,
    0.00030539145728541414,
    0.012670673484819326,
    0.001078656599976459,
    0.07808810724475675,
    0.005679655536210208,
    0.012288396263358547,
    0.033413722868245045,
    0.47883199052133874,
    0.03083180998978002,
    0.032977326526947626,
    0.45822230489492843,
    0.030894172060363448,
    17.680973164050815,
    6.176940167472771,
    61.196464433556045,
    296.60812018196515,
    284.51941029933806,
    360.42307884355733,
    329.763279969595
  ]
}
