{
  "proposal": {
    "strategy": "coordinate-neutral-knee-increase",
    "hypothesis": "Increase neutralKnee by one bounded step.",
    "expectedEffect": "Test whether neutralKnee=-0.47 improves the complete locked quadruped score.",
    "values": {
      "/config/neutralKnee": -0.47
    }
  },
  "previous": {
    "assembly": "force-sensing",
    "controller": "force-aware-gait",
    "assemblyHash": "d89572552c790a7256a7fe23403e257b121aab1b617e4b133032638dcb972cea",
    "aggregateScore": 84.18923359354169,
    "cases": [
      {
        "case": {
          "id": "nominal",
          "task": "velocity-track",
          "scenario": "nominal",
          "seed": 42,
          "weight": 1
        },
        "metrics": {
          "durationSeconds": 2.999999999999891,
          "steps": 150,
          "survivalRate": 1,
          "fell": false,
          "meanVelocityTrackingError": 0.19504739041994468,
          "meanUpright": 0.9464749359328966,
          "meanEnergy": 1.3573273542439368,
          "meanSmoothness": 0.3728759655515629,
          "peakActuator": 6
        },
        "score": {
          "terms": {
            "survival": 50,
            "velocityTracking": 16.7357379802084,
            "upright": 18.929498718657932,
            "energy": -0.027146547084878736,
            "smoothness": -0.003728759655515629,
            "componentMass": -1.4275,
            "sensorChannels": -0.5,
            "trainingSteps": 0
          },
          "total": 83.70686139212593
        },
        "resultHash": "a6d927f75ad255dc85c4933e93c512ebf41d1c638f930fdec355a62c189ed79b"
      },
      {
        "case": {
          "id": "low-friction",
          "task": "velocity-track",
          "scenario": "low-friction",
          "seed": 43,
          "weight": 1.2
        },
        "metrics": {
          "durationSeconds": 2.999999999999891,
          "steps": 150,
          "survivalRate": 1,
          "fell": false,
          "meanVelocityTrackingError": 0.19504739041994468,
          "meanUpright": 0.9464749359328966,
          "meanEnergy": 1.3573273542439368,
          "meanSmoothness": 0.3728759655515629,
          "peakActuator": 6
        },
        "score": {
          "terms": {
            "survival": 50,
            "velocityTracking": 16.7357379802084,
            "upright": 18.929498718657932,
            "energy": -0.027146547084878736,
            "smoothness": -0.003728759655515629,
            "componentMass": -1.4275,
            "sensorChannels": -0.5,
            "trainingSteps": 0
          },
          "total": 83.70686139212593
        },
        "resultHash": "8b17df6eb216c1d7ed6ea0b42032c8364744bec333e8b3e0a6c49c57fe75c6e3"
      },
      {
        "case": {
          "id": "lateral-push",
          "task": "stand",
          "scenario": "lateral-push",
          "seed": 44,
          "weight": 1.5
        },
        "metrics": {
          "durationSeconds": 2.0000000000000013,
          "steps": 100,
          "survivalRate": 1,
          "fell": false,
          "meanVelocityTrackingError": 0.10565570014073962,
          "meanUpright": 0.9400373021244559,
          "meanEnergy": 2.969177721882318,
          "meanSmoothness": 0.5963387302394467,
          "peakActuator": 6
        },
        "score": {
          "terms": {
            "survival": 50,
            "velocityTracking": 18.088813721535722,
            "upright": 18.800746042489116,
            "energy": -0.05938355443764636,
            "smoothness": -0.005963387302394468,
            "componentMass": -1.4275,
            "sensorChannels": -0.5,
            "trainingSteps": 0
          },
          "total": 84.8967128222848
        },
        "resultHash": "21a3a943b9550e0f141fafbc334be79fecf6d712598065ac620a2596303b82b9"
      }
    ]
  },
  "candidate": {
    "assembly": "force-sensing",
    "controller": "force-aware-gait",
    "assemblyHash": "d89572552c790a7256a7fe23403e257b121aab1b617e4b133032638dcb972cea",
    "aggregateScore": 84.22840290335803,
    "cases": [
      {
        "case": {
          "id": "nominal",
          "task": "velocity-track",
          "scenario": "nominal",
          "seed": 42,
          "weight": 1
        },
        "metrics": {
          "durationSeconds": 2.999999999999891,
          "steps": 150,
          "survivalRate": 1,
          "fell": false,
          "meanVelocityTrackingError": 0.19365981992917136,
          "meanUpright": 0.9481169206101492,
          "meanEnergy": 1.4960086965866342,
          "meanSmoothness": 0.40149205511721037,
          "peakActuator": 6
        },
        "score": {
          "terms": {
            "survival": 50,
            "velocityTracking": 16.755192447699837,
            "upright": 18.962338412202982,
            "energy": -0.029920173931732685,
            "smoothness": -0.0040149205511721036,
            "componentMass": -1.4275,
            "sensorChannels": -0.5,
            "trainingSteps": 0
          },
          "total": 83.75609576541991
        },
        "resultHash": "f3286c279dbc5971c998fd607b2bb1f2d881e8bc1b51cf06da1d7c5c02bf612a"
      },
      {
        "case": {
          "id": "low-friction",
          "task": "velocity-track",
          "scenario": "low-friction",
          "seed": 43,
          "weight": 1.2
        },
        "metrics": {
          "durationSeconds": 2.999999999999891,
          "steps": 150,
          "survivalRate": 1,
          "fell": false,
          "meanVelocityTrackingError": 0.19365981992917136,
          "meanUpright": 0.9481169206101492,
          "meanEnergy": 1.4960086965866342,
          "meanSmoothness": 0.40149205511721037,
          "peakActuator": 6
        },
        "score": {
          "terms": {
            "survival": 50,
            "velocityTracking": 16.755192447699837,
            "upright": 18.962338412202982,
            "energy": -0.029920173931732685,
            "smoothness": -0.0040149205511721036,
            "componentMass": -1.4275,
            "sensorChannels": -0.5,
            "trainingSteps": 0
          },
          "total": 83.75609576541991
        },
        "resultHash": "70b27e2b2e7b12ef61efc5253ee03f9f8f6e28ca1bd7a39b677df3fa67b14fb6"
      },
      {
        "case": {
          "id": "lateral-push",
          "task": "stand",
          "scenario": "lateral-push",
          "seed": 44,
          "weight": 1.5
        },
        "metrics": {
          "durationSeconds": 2.0000000000000013,
          "steps": 100,
          "survivalRate": 1,
          "fell": false,
          "meanVelocityTrackingError": 0.10654337038205364,
          "meanUpright": 0.9421495212763911,
          "meanEnergy": 3.1165478298100227,
          "meanSmoothness": 0.6342286306776106,
          "peakActuator": 6
        },
        "score": {
          "terms": {
            "survival": 50,
            "velocityTracking": 18.074302856375745,
            "upright": 18.842990425527823,
            "energy": -0.06233095659620046,
            "smoothness": -0.006342286306776106,
            "componentMass": -1.4275,
            "sensorChannels": -0.5,
            "trainingSteps": 0
          },
          "total": 84.9211200390006
        },
        "resultHash": "141d5bfcf6404ec0c638c9d6d1630edeed49cc987c62e1ef073476cfeb306984"
      }
    ]
  },
  "scoreDelta": 0.039169309816344366
}
