{
  "terms": {
    "survival": 25.0,
    "velocityTracking": 16.762498633887372,
    "forwardProgress": 12.616206576383481,
    "upright": 14.020544223326684,
    "lateralDrift": -0.1544459621153983,
    "transitionTracking": 0.0,
    "energy": -1.8658849966748303,
    "smoothness": -0.6451317931711384,
    "componentMass": -1.5075,
    "sensorChannels": -5.3500000000000005,
    "trainingSteps": -0.0
  },
  "total": 58.87628668163617
}
