{
  "terms": {
    "survival": 30.0,
    "velocityTracking": 12.06356691760979,
    "forwardProgress": 8.633418692905803,
    "upright": 7.645744097500283,
    "lateralDrift": -1.5199254491475136,
    "transitionTracking": 3.5138825593849212,
    "energy": -3.174516408251159,
    "smoothness": -0.02948099074409622,
    "componentMass": -1.2060000000000002,
    "sensorChannels": -1.07,
    "trainingSteps": -0.0
  },
  "total": 54.856689419258025
}
