{
  "durationSeconds": 6.499999999999506,
  "steps": 325,
  "survivalRate": 1.0,
  "fell": false,
  "motionCommand": [
    0.0,
    0.009230769230769237,
    0.0
  ],
  "meanMotionCommand": [
    0.0,
    0.009230769230769237,
    0.0
  ],
  "meanMeasuredMotion": [
    -0.12193464873556012,
    -0.011992834349812666,
    0.041588478527580804
  ],
  "planarVelocityTrackingError": 0.12376792763559598,
  "yawRateTrackingError": 0.041588478527580804,
  "meanVelocityTrackingError": 0.32070129194109404,
  "meanPlanarVelocityTrackingError": 0.15580251768674813,
  "meanYawRateTrackingError": 0.23849921191575293,
  "meanUpright": 0.9440965974120273,
  "meanEnergy": 196.96092957339593,
  "meanSmoothness": 139.91112968190697,
  "peakActuator": 8.0,
  "motionCommandSchedule": [
    {
      "atStep": 0,
      "atSeconds": 0.0,
      "command": [
        0.0,
        0.12,
        0.0
      ]
    },
    {
      "atStep": 125,
      "atSeconds": 2.5,
      "command": [
        0.0,
        -0.12,
        0.0
      ]
    },
    {
      "atStep": 225,
      "atSeconds": 4.5,
      "command": [
        0.0,
        0.0,
        0.0
      ]
    }
  ],
  "transitionCount": 2,
  "transitions": [
    {
      "index": 1,
      "atStep": 125,
      "atSeconds": 2.5,
      "endStep": 225,
      "fromCommand": [
        0.0,
        0.12,
        0.0
      ],
      "toCommand": [
        0.0,
        -0.12,
        0.0
      ],
      "sampleCount": 100,
      "peakPlanarTrackingError": 0.30628750891250256,
      "peakYawRateTrackingError": 1.2823202830997549,
      "terminalMeasuredMotion": [
        -0.06663540878915641,
        -0.08965072068215199,
        0.07583876981775624
      ],
      "terminalPlanarTrackingError": 0.07322128419804408,
      "terminalYawRateTrackingError": 0.07583876981775624,
      "planarOvershootMps": 0.13729537467917013,
      "yawRateOvershootRadPerSec": 0.0,
      "planarSettlingTimeSeconds": 1.82,
      "yawRateSettlingTimeSeconds": 1.88,
      "planarSettled": true,
      "yawRateSettled": true
    },
    {
      "index": 2,
      "atStep": 225,
      "atSeconds": 4.5,
      "endStep": 325,
      "fromCommand": [
        0.0,
        -0.12,
        0.0
      ],
      "toCommand": [
        0.0,
        0.0,
        0.0
      ],
      "sampleCount": 100,
      "peakPlanarTrackingError": 0.3169797688429669,
      "peakYawRateTrackingError": 0.14130120758085934,
      "terminalMeasuredMotion": [
        -0.18557090945667454,
        -0.09224761224068348,
        -0.012911437508985374
      ],
      "terminalPlanarTrackingError": 0.20723461197561763,
      "terminalYawRateTrackingError": 0.012911437508985374,
      "planarOvershootMps": 0.029184356760041743,
      "yawRateOvershootRadPerSec": 0.0,
      "planarSettlingTimeSeconds": 2.0,
      "yawRateSettlingTimeSeconds": 0.2,
      "planarSettled": false,
      "yawRateSettled": true
    }
  ],
  "maximumTransitionTerminalPlanarTrackingError": 0.20723461197561763,
  "maximumTransitionTerminalYawRateTrackingError": 0.07583876981775624,
  "maximumPlanarSettlingTimeSeconds": 2.0,
  "maximumYawRateSettlingTimeSeconds": 1.88,
  "maximumPlanarOvershootMps": 0.13729537467917013,
  "maximumYawRateOvershootRadPerSec": 0.0,
  "unsettledPlanarTransitionCount": 1,
  "unsettledYawRateTransitionCount": 0,
  "initialBasePosition": [
    0.0,
    0.0,
    0.44
  ],
  "finalBasePosition": [
    -0.7793545040673643,
    -0.07623877993110674,
    0.42047361097795727
  ],
  "netDisplacement": [
    -0.7793545040673643,
    -0.07623877993110674,
    -0.019526389022042734
  ],
  "targetPlanarDisplacement": [
    0.0,
    0.06
  ],
  "forwardDisplacement": -0.07623877993110674,
  "targetDistance": 0.06,
  "forwardProgress": 0.0,
  "meanForwardVelocity": -0.011729043066325004,
  "lateralDrift": 0.7793545040673643,
  "distanceTraveled": 1.0833743190884793
}
