{
  "terms": {
    "survival": 30.0,
    "velocityTracking": 15.14346970207404,
    "forwardProgress": 0.0,
    "upright": 14.16144896118041,
    "lateralDrift": -3.8967725203368215,
    "transitionTracking": 5.659983555552716,
    "energy": -0.9848046478669796,
    "smoothness": -0.13991112968190697,
    "componentMass": -1.2060000000000002,
    "sensorChannels": -1.07,
    "trainingSteps": -0.0
  },
  "total": 57.667413920921454
}
