{
  "terms": {
    "survival": 10.0,
    "velocityTracking": 3.113897989439535,
    "forwardProgress": 6.3580034884656875,
    "upright": 1.710017113165013,
    "lateralDrift": -5.1003246745054765e-14,
    "transitionTracking": 1.0,
    "energy": -0.2765244240017096,
    "smoothness": -0.08491207484465302,
    "jointJerk": 0.0,
    "bodyAngularJerk": 0.0,
    "actionSlew": 0.0,
    "actuatorSaturation": -0.14870370370370367,
    "footSlip": 0.0,
    "footImpact": 0.0,
    "selfRighting": 100.0,
    "recoveryTime": -7.83999999999958,
    "jointLimitMargin": 0.12571685598865479,
    "componentMass": -3.015,
    "sensorChannels": -2.14,
    "trainingSteps": -0.0
  },
  "total": 108.80249524450919
}
