{
  "durationSeconds": 4.999999999999671,
  "steps": 250,
  "survivalRate": 1.0,
  "fell": false,
  "motionCommand": [
    0.25,
    0.0,
    0.0
  ],
  "meanMotionCommand": [
    0.25,
    0.0,
    0.0
  ],
  "meanMeasuredMotion": [
    0.10891131635349878,
    -0.003893551099615777,
    0.011889541125700492
  ],
  "planarVelocityTrackingError": 0.14114239757517166,
  "yawRateTrackingError": 0.011889541125700492,
  "meanVelocityTrackingError": 0.3526146358876257,
  "meanPlanarVelocityTrackingError": 0.298632952930014,
  "meanYawRateTrackingError": 0.08341493067807172,
  "meanUpright": 0.5737008298196322,
  "meanAbsolutePitchRad": 0.8976273267742134,
  "minimumPitchRad": -0.1316805636786727,
  "maximumPitchRad": 1.5621476620493842,
  "maximumBackwardPitchRad": 0.1316805636786727,
  "maximumAbsolutePitchRad": 1.5621476620493842,
  "maximumAbsolutePitchRateRadPerSec": 5.77172983388373,
  "meanBodyTiltRad": 0.901258570814509,
  "maximumBodyTiltRad": 1.646814147259138,
  "meanEnergy": 580.9936197601342,
  "meanSmoothness": 39.67257908173257,
  "peakActuator": 8.0,
  "motionQualityFootEvidenceAvailable": true,
  "motionQualityContactThresholdNewton": 1.0,
  "meanJointJerkRadPerSec3": 10602.24023135149,
  "peakJointJerkRadPerSec3": 56187.653664032754,
  "meanBodyAngularJerkRadPerSec3": 839.2359246772089,
  "peakBodyAngularJerkRadPerSec3": 10445.96458144125,
  "meanActionSlewRatePerSec": 184.3240788013961,
  "peakActionSlewRatePerSec": 800.0,
  "actuatorSaturationRate": 0.7343333333333333,
  "meanFootSlipSpeedMps": 0.27861147211090415,
  "peakFootSlipSpeedMps": 1.1442954739279425,
  "totalFootSlipDistanceM": 0.2563225543420318,
  "meanFootContactImpactNPerSec": 206.16528113188053,
  "peakFootContactImpactNPerSec": 14017.369488928054,
  "peakFootContactForceNewton": 280.3473897785611,
  "motionCommandSchedule": [
    {
      "atStep": 0,
      "atSeconds": 0.0,
      "command": [
        0.25,
        0.0,
        0.0
      ]
    }
  ],
  "transitionCount": 0,
  "transitions": [],
  "maximumTransitionTerminalPlanarTrackingError": 0.0,
  "maximumTransitionTerminalYawRateTrackingError": 0.0,
  "maximumPlanarSettlingTimeSeconds": 0.0,
  "maximumPlanarBrakingSettlingTimeSeconds": 0.0,
  "maximumYawRateSettlingTimeSeconds": 0.0,
  "maximumPlanarOvershootMps": 0.0,
  "maximumYawRateOvershootRadPerSec": 0.0,
  "unsettledPlanarTransitionCount": 0,
  "unsettledYawRateTransitionCount": 0,
  "initialBasePosition": [
    0.0,
    0.0,
    0.44
  ],
  "finalBasePosition": [
    0.5543175112059071,
    -0.018505110079316683,
    0.2577326078500635
  ],
  "netDisplacement": [
    0.5543175112059071,
    -0.018505110079316683,
    -0.18226739214993648
  ],
  "targetPlanarDisplacement": [
    1.25,
    0.0
  ],
  "forwardDisplacement": 0.5543175112059071,
  "targetDistance": 1.25,
  "forwardProgress": 0.4434540089647257,
  "signedForwardProgress": 0.4434540089647257,
  "backwardDisplacement": 0.0,
  "meanForwardVelocity": 0.11086350224118871,
  "lateralDrift": 0.018505110079316683,
  "distanceTraveled": 1.3009082552590125
}
