{
  "terms": {
    "survival": 30.0,
    "velocityTracking": 22.179266144279975,
    "forwardProgress": 11.086350224118142,
    "upright": 11.474016596392644,
    "lateralDrift": -0.18505110079316683,
    "transitionTracking": 0.0,
    "energy": -2.904968098800671,
    "smoothness": -0.03967257908173257,
    "jointJerk": 0.0,
    "bodyAngularJerk": 0.0,
    "actionSlew": 0.0,
    "actuatorSaturation": 0.0,
    "footSlip": 0.0,
    "footImpact": 0.0,
    "componentMass": -1.2060000000000002,
    "sensorChannels": -1.07,
    "trainingSteps": -0.0
  },
  "total": 69.3339411861152
}
