{
  "previous": {
    "assembly": "force-sensing",
    "controller": "force-aware-gait",
    "assemblyHash": "d89572552c790a7256a7fe23403e257b121aab1b617e4b133032638dcb972cea",
    "aggregateScore": 84.18923359354169,
    "cases": [
      {
        "case": {
          "id": "nominal",
          "task": "velocity-track",
          "scenario": "nominal",
          "seed": 42,
          "weight": 1
        },
        "metrics": {
          "durationSeconds": 2.999999999999891,
          "steps": 150,
          "survivalRate": 1,
          "fell": false,
          "meanVelocityTrackingError": 0.19504739041994468,
          "meanUpright": 0.9464749359328966,
          "meanEnergy": 1.3573273542439368,
          "meanSmoothness": 0.3728759655515629,
          "peakActuator": 6
        },
        "score": {
          "terms": {
            "survival": 50,
            "velocityTracking": 16.7357379802084,
            "upright": 18.929498718657932,
            "energy": -0.027146547084878736,
            "smoothness": -0.003728759655515629,
            "componentMass": -1.4275,
            "sensorChannels": -0.5,
            "trainingSteps": 0
          },
          "total": 83.70686139212593
        },
        "resultHash": "a6d927f75ad255dc85c4933e93c512ebf41d1c638f930fdec355a62c189ed79b"
      },
      {
        "case": {
          "id": "low-friction",
          "task": "velocity-track",
          "scenario": "low-friction",
          "seed": 43,
          "weight": 1.2
        },
        "metrics": {
          "durationSeconds": 2.999999999999891,
          "steps": 150,
          "survivalRate": 1,
          "fell": false,
          "meanVelocityTrackingError": 0.19504739041994468,
          "meanUpright": 0.9464749359328966,
          "meanEnergy": 1.3573273542439368,
          "meanSmoothness": 0.3728759655515629,
          "peakActuator": 6
        },
        "score": {
          "terms": {
            "survival": 50,
            "velocityTracking": 16.7357379802084,
            "upright": 18.929498718657932,
            "energy": -0.027146547084878736,
            "smoothness": -0.003728759655515629,
            "componentMass": -1.4275,
            "sensorChannels": -0.5,
            "trainingSteps": 0
          },
          "total": 83.70686139212593
        },
        "resultHash": "8b17df6eb216c1d7ed6ea0b42032c8364744bec333e8b3e0a6c49c57fe75c6e3"
      },
      {
        "case": {
          "id": "lateral-push",
          "task": "stand",
          "scenario": "lateral-push",
          "seed": 44,
          "weight": 1.5
        },
        "metrics": {
          "durationSeconds": 2.0000000000000013,
          "steps": 100,
          "survivalRate": 1,
          "fell": false,
          "meanVelocityTrackingError": 0.10565570014073962,
          "meanUpright": 0.9400373021244559,
          "meanEnergy": 2.969177721882318,
          "meanSmoothness": 0.5963387302394467,
          "peakActuator": 6
        },
        "score": {
          "terms": {
            "survival": 50,
            "velocityTracking": 18.088813721535722,
            "upright": 18.800746042489116,
            "energy": -0.05938355443764636,
            "smoothness": -0.005963387302394468,
            "componentMass": -1.4275,
            "sensorChannels": -0.5,
            "trainingSteps": 0
          },
          "total": 84.8967128222848
        },
        "resultHash": "21a3a943b9550e0f141fafbc334be79fecf6d712598065ac620a2596303b82b9"
      }
    ]
  },
  "candidate": {
    "assembly": "force-sensing",
    "controller": "force-aware-gait",
    "assemblyHash": "d89572552c790a7256a7fe23403e257b121aab1b617e4b133032638dcb972cea",
    "aggregateScore": 84.16506831744044,
    "cases": [
      {
        "case": {
          "id": "nominal",
          "task": "velocity-track",
          "scenario": "nominal",
          "seed": 42,
          "weight": 1
        },
        "metrics": {
          "durationSeconds": 2.999999999999891,
          "steps": 150,
          "survivalRate": 1,
          "fell": false,
          "meanVelocityTrackingError": 0.19484581913779914,
          "meanUpright": 0.9463024992492793,
          "meanEnergy": 1.3141800131759103,
          "meanSmoothness": 0.35601069447672645,
          "peakActuator": 6
        },
        "score": {
          "terms": {
            "survival": 50,
            "velocityTracking": 16.738561310305293,
            "upright": 18.926049984985585,
            "energy": -0.026283600263518204,
            "smoothness": -0.003560106944767265,
            "componentMass": -1.4275,
            "sensorChannels": -0.5,
            "trainingSteps": 0
          },
          "total": 83.70726758808259
        },
        "resultHash": "251025ee43d2523d116f9fa19b223babb9b58e69490bcb3b6cd1ee45e928e88a"
      },
      {
        "case": {
          "id": "low-friction",
          "task": "velocity-track",
          "scenario": "low-friction",
          "seed": 43,
          "weight": 1.2
        },
        "metrics": {
          "durationSeconds": 2.999999999999891,
          "steps": 150,
          "survivalRate": 1,
          "fell": false,
          "meanVelocityTrackingError": 0.19484581913779914,
          "meanUpright": 0.9463024992492793,
          "meanEnergy": 1.3141800131759103,
          "meanSmoothness": 0.35601069447672645,
          "peakActuator": 6
        },
        "score": {
          "terms": {
            "survival": 50,
            "velocityTracking": 16.738561310305293,
            "upright": 18.926049984985585,
            "energy": -0.026283600263518204,
            "smoothness": -0.003560106944767265,
            "componentMass": -1.4275,
            "sensorChannels": -0.5,
            "trainingSteps": 0
          },
          "total": 83.70726758808259
        },
        "resultHash": "097ac94f53e8380e2f7af5bbcf8382d9ccf1f3d822a9f602e28bea10bf49f167"
      },
      {
        "case": {
          "id": "lateral-push",
          "task": "stand",
          "scenario": "lateral-push",
          "seed": 44,
          "weight": 1.5
        },
        "metrics": {
          "durationSeconds": 2.0000000000000013,
          "steps": 100,
          "survivalRate": 1,
          "fell": false,
          "meanVelocityTrackingError": 0.1088679193409494,
          "meanUpright": 0.939616839928059,
          "meanEnergy": 2.958547281447909,
          "meanSmoothness": 0.5569686096095752,
          "peakActuator": 6
        },
        "score": {
          "terms": {
            "survival": 50,
            "velocityTracking": 18.03641322032917,
            "upright": 18.79233679856118,
            "energy": -0.05917094562895818,
            "smoothness": -0.005569686096095752,
            "componentMass": -1.4275,
            "sensorChannels": -0.5,
            "trainingSteps": 0
          },
          "total": 84.8365093871653
        },
        "resultHash": "84050eab126469531119bb670d46787612aa9a0dc902c32c5a221edb1e97b20d"
      }
    ]
  },
  "delta": -0.024165276101243194,
  "gateReasons": []
}
