{
  "durationSeconds": 6.499999999999506,
  "steps": 325,
  "survivalRate": 1.0,
  "fell": false,
  "motionCommand": [
    0.0,
    0.009230769230769237,
    0.0
  ],
  "meanMotionCommand": [
    0.0,
    0.009230769230769237,
    0.0
  ],
  "meanMeasuredMotion": [
    -0.05058484995063287,
    0.0049603869029543135,
    -0.018831081325339186
  ],
  "planarVelocityTrackingError": 0.05076478316464827,
  "yawRateTrackingError": 0.018831081325339186,
  "meanVelocityTrackingError": 0.20078392437138484,
  "meanPlanarVelocityTrackingError": 0.11970872467165558,
  "meanYawRateTrackingError": 0.14039574854552053,
  "meanUpright": 0.9426255324233195,
  "meanEnergy": 196.04266792282272,
  "meanSmoothness": 139.15591140628993,
  "peakActuator": 8.0,
  "motionCommandSchedule": [
    {
      "atStep": 0,
      "atSeconds": 0.0,
      "command": [
        0.0,
        0.12,
        0.0
      ]
    },
    {
      "atStep": 125,
      "atSeconds": 2.5,
      "command": [
        0.0,
        -0.12,
        0.0
      ]
    },
    {
      "atStep": 225,
      "atSeconds": 4.5,
      "command": [
        0.0,
        0.0,
        0.0
      ]
    }
  ],
  "transitionCount": 2,
  "transitions": [
    {
      "index": 1,
      "atStep": 125,
      "atSeconds": 2.5,
      "endStep": 225,
      "fromCommand": [
        0.0,
        0.12,
        0.0
      ],
      "toCommand": [
        0.0,
        -0.12,
        0.0
      ],
      "sampleCount": 100,
      "peakPlanarTrackingError": 0.24918042706564686,
      "peakYawRateTrackingError": 0.8017821925066565,
      "terminalMeasuredMotion": [
        -0.01431010186620545,
        -0.0039872288032877885,
        -0.01894906297884995
      ],
      "terminalPlanarTrackingError": 0.11689201040345688,
      "terminalYawRateTrackingError": 0.01894906297884995,
      "planarOvershootMps": 0.04034758422277246,
      "yawRateOvershootRadPerSec": 0.0,
      "planarSettlingTimeSeconds": 1.98,
      "yawRateSettlingTimeSeconds": 1.78,
      "planarSettled": true,
      "yawRateSettled": true
    },
    {
      "index": 2,
      "atStep": 225,
      "atSeconds": 4.5,
      "endStep": 325,
      "fromCommand": [
        0.0,
        -0.12,
        0.0
      ],
      "toCommand": [
        0.0,
        0.0,
        0.0
      ],
      "sampleCount": 100,
      "peakPlanarTrackingError": 0.2498063319538605,
      "peakYawRateTrackingError": 0.43203662108920654,
      "terminalMeasuredMotion": [
        -0.08563859415195095,
        0.01501606520753338,
        0.05685653387654287
      ],
      "terminalPlanarTrackingError": 0.08694510350007907,
      "terminalYawRateTrackingError": 0.05685653387654287,
      "planarOvershootMps": 0.050027431321193486,
      "yawRateOvershootRadPerSec": 0.0,
      "planarSettlingTimeSeconds": 0.98,
      "yawRateSettlingTimeSeconds": 0.2,
      "planarSettled": true,
      "yawRateSettled": true
    }
  ],
  "maximumTransitionTerminalPlanarTrackingError": 0.11689201040345688,
  "maximumTransitionTerminalYawRateTrackingError": 0.05685653387654287,
  "maximumPlanarSettlingTimeSeconds": 1.98,
  "maximumYawRateSettlingTimeSeconds": 1.78,
  "maximumPlanarOvershootMps": 0.050027431321193486,
  "maximumYawRateOvershootRadPerSec": 0.0,
  "unsettledPlanarTransitionCount": 0,
  "unsettledYawRateTransitionCount": 0,
  "initialBasePosition": [
    0.0,
    0.0,
    0.44
  ],
  "finalBasePosition": [
    -0.3183927267374947,
    0.0306372757566342,
    0.4205590044540642
  ],
  "netDisplacement": [
    -0.3183927267374947,
    0.0306372757566342,
    -0.019440995545935813
  ],
  "targetPlanarDisplacement": [
    0.0,
    0.06
  ],
  "forwardDisplacement": 0.0306372757566342,
  "targetDistance": 0.06,
  "forwardProgress": 0.51062126261057,
  "meanForwardVelocity": 0.004713427039482542,
  "lateralDrift": 0.3183927267374947,
  "distanceTraveled": 0.549413948437935
}
