{
  "terms": {
    "survival": 30.0,
    "velocityTracking": 16.655785936233347,
    "forwardProgress": 5.1062126261057,
    "upright": 14.139382986349792,
    "lateralDrift": -1.5919636336874734,
    "transitionTracking": 6.019532207480713,
    "energy": -0.9802133396141136,
    "smoothness": -0.13915591140628994,
    "componentMass": -1.2060000000000002,
    "sensorChannels": -1.07,
    "trainingSteps": -0.0
  },
  "total": 66.93358087146167
}
