{
  "durationSeconds": 6.499999999999506,
  "steps": 325,
  "survivalRate": 1.0,
  "fell": false,
  "motionCommand": [
    0.0,
    0.009230769230769237,
    0.0
  ],
  "meanMotionCommand": [
    0.0,
    0.009230769230769237,
    0.0
  ],
  "meanMeasuredMotion": [
    -0.05179248072450933,
    0.004875959996559486,
    -0.022665023867840965
  ],
  "planarVelocityTrackingError": 0.05197523855707666,
  "yawRateTrackingError": 0.022665023867840965,
  "meanVelocityTrackingError": 0.19955640529397228,
  "meanPlanarVelocityTrackingError": 0.11914544642621391,
  "meanYawRateTrackingError": 0.13871782905486107,
  "meanUpright": 0.9428181950946397,
  "meanEnergy": 195.27604558248197,
  "meanSmoothness": 138.6415321656169,
  "peakActuator": 8.0,
  "motionCommandSchedule": [
    {
      "atStep": 0,
      "atSeconds": 0.0,
      "command": [
        0.0,
        0.12,
        0.0
      ]
    },
    {
      "atStep": 125,
      "atSeconds": 2.5,
      "command": [
        0.0,
        -0.12,
        0.0
      ]
    },
    {
      "atStep": 225,
      "atSeconds": 4.5,
      "command": [
        0.0,
        0.0,
        0.0
      ]
    }
  ],
  "transitionCount": 2,
  "transitions": [
    {
      "index": 1,
      "atStep": 125,
      "atSeconds": 2.5,
      "endStep": 225,
      "fromCommand": [
        0.0,
        0.12,
        0.0
      ],
      "toCommand": [
        0.0,
        -0.12,
        0.0
      ],
      "sampleCount": 100,
      "peakPlanarTrackingError": 0.2571785323617329,
      "peakYawRateTrackingError": 0.8026529127295776,
      "terminalMeasuredMotion": [
        -0.020771738653930467,
        -0.005835793455649619,
        -0.031333265818254394
      ],
      "terminalPlanarTrackingError": 0.11603849009103955,
      "terminalYawRateTrackingError": 0.031333265818254394,
      "planarOvershootMps": 0.03286505573920598,
      "yawRateOvershootRadPerSec": 0.0,
      "planarSettlingTimeSeconds": 2.0,
      "yawRateSettlingTimeSeconds": 1.78,
      "planarSettled": true,
      "yawRateSettled": true
    },
    {
      "index": 2,
      "atStep": 225,
      "atSeconds": 4.5,
      "endStep": 325,
      "fromCommand": [
        0.0,
        -0.12,
        0.0
      ],
      "toCommand": [
        0.0,
        0.0,
        0.0
      ],
      "sampleCount": 100,
      "peakPlanarTrackingError": 0.2484678525418354,
      "peakYawRateTrackingError": 0.48229112533624596,
      "terminalMeasuredMotion": [
        -0.09309593439727372,
        0.025643988810078122,
        0.024490964164223174
      ],
      "terminalPlanarTrackingError": 0.09656328061635491,
      "terminalYawRateTrackingError": 0.024490964164223174,
      "planarOvershootMps": 0.043535604831332106,
      "yawRateOvershootRadPerSec": 0.0,
      "planarSettlingTimeSeconds": 0.94,
      "yawRateSettlingTimeSeconds": 0.2,
      "planarSettled": true,
      "yawRateSettled": true
    }
  ],
  "maximumTransitionTerminalPlanarTrackingError": 0.11603849009103955,
  "maximumTransitionTerminalYawRateTrackingError": 0.031333265818254394,
  "maximumPlanarSettlingTimeSeconds": 2.0,
  "maximumYawRateSettlingTimeSeconds": 1.78,
  "maximumPlanarOvershootMps": 0.043535604831332106,
  "maximumYawRateOvershootRadPerSec": 0.0,
  "unsettledPlanarTransitionCount": 0,
  "unsettledYawRateTransitionCount": 0,
  "initialBasePosition": [
    0.0,
    0.0,
    0.44
  ],
  "finalBasePosition": [
    -0.3258343301062024,
    0.029381927000543533,
    0.4203932835290714
  ],
  "netDisplacement": [
    -0.3258343301062024,
    0.029381927000543533,
    -0.019606716470928598
  ],
  "targetPlanarDisplacement": [
    0.0,
    0.06
  ],
  "forwardDisplacement": 0.029381927000543533,
  "targetDistance": 0.06,
  "forwardProgress": 0.48969878334239225,
  "meanForwardVelocity": 0.004520296461622425,
  "lateralDrift": 0.3258343301062024,
  "distanceTraveled": 0.5432785344177732
}
