{
  "terms": {
    "survival": 30.0,
    "velocityTracking": 16.67282998259565,
    "forwardProgress": 4.896987833423923,
    "upright": 14.142272926419595,
    "lateralDrift": -1.6291716505310119,
    "transitionTracking": 6.035115487553612,
    "energy": -0.9763802279124099,
    "smoothness": -0.1386415321656169,
    "componentMass": -1.2060000000000002,
    "sensorChannels": -1.07,
    "trainingSteps": -0.0
  },
  "total": 66.72701281938375
}
