{
  "terms": {
    "survival": 30.0,
    "velocityTracking": 14.923722663262033,
    "forwardProgress": 10.0,
    "upright": 14.319449915252212,
    "lateralDrift": -0.5961396286257794,
    "transitionTracking": 5.656869723084056,
    "energy": -0.9856266901605478,
    "smoothness": -0.13589354919804886,
    "componentMass": -1.2060000000000002,
    "sensorChannels": -1.07,
    "trainingSteps": -0.0
  },
  "total": 70.90638243361394
}
