{
  "count": 4096.0001,
  "mean": [
    0.27314632407316874,
    -0.5145931941027528,
    0.27779597771007286,
    -0.5098052907826685,
    0.2585073381388804,
    -0.556531361490422,
    0.25615993446055935,
    -0.5558968829188938,
    -0.004437242069366596,
    0.05736675912823807,
    -0.005212404210775751,
    0.05589723292066084,
    0.043535195096163194,
    0.013676002358165403,
    0.06206134482837117,
    0.014301022733988998,
    0.4210008408507239,
    0.9899632586583489,
    -0.0019138261769648295,
    -0.07346800777291553,
    0.004093870893971621,
    0.07356660374157462,
    0.0016221505458381635,
    -0.0041459857342798345,
    -0.00864261973623936,
    -0.1067947415321392,
    0.0005764194395136866,
    -0.008709264252816231,
    -0.1126719705443695,
    0.0006780873498327718,
    1.420138785930317,
    -0.053149452915092564,
    10.166008500403878,
    11.344209691769061,
    11.593796417030815,
    18.916488462881585,
    18.0329033862469
  ],
  "variance": [
    0.018599574980722712,
    0.009704084404659741,
    0.018990714101852026,
    0.010038719377822919,
    0.015288315355109227,
    0.011355291694980498,
    0.013150092141262502,
    0.011362453370224804,
    5.894466918890049,
    15.646870154140105,
    5.784043642423496,
    15.426683317493927,
    3.206872060090061,
    6.35804177205187,
    3.403978657420854,
    6.901483312452317,
    0.0005994727206967551,
    0.0032004566950784175,
    0.0003979557324655596,
    0.009658103144950235,
    0.001315711383778373,
    0.07647502697510758,
    0.005474161559068781,
    0.011627586370860928,
    0.03175843091598262,
    0.5022016553389007,
    0.022727939769282807,
    0.03118154908239138,
    0.48048811634293875,
    0.022496951976151282,
    14.925322231223705,
    5.510240311373242,
    53.65418364307264,
    274.4792346857389,
    277.8452335932642,
    324.6139909706281,
    325.6833081099754
  ]
}
