{
  "previous": {
    "assembly": "force-sensing",
    "controller": "force-residual-trot",
    "assemblyHash": "d89572552c790a7256a7fe23403e257b121aab1b617e4b133032638dcb972cea",
    "aggregateScore": 84.23980305153188,
    "cases": [
      {
        "case": {
          "id": "nominal",
          "task": "velocity-track",
          "scenario": "nominal",
          "seed": 42,
          "weight": 1
        },
        "metrics": {
          "durationSeconds": 2.999999999999891,
          "steps": 150,
          "survivalRate": 1,
          "fell": false,
          "meanVelocityTrackingError": 0.19192643860488035,
          "meanUpright": 0.9484631494003065,
          "meanEnergy": 1.680469269997711,
          "meanSmoothness": 0.4698406931288186,
          "peakActuator": 6
        },
        "score": {
          "terms": {
            "survival": 50,
            "velocityTracking": 16.77955899980664,
            "upright": 18.96926298800613,
            "energy": -0.03360938539995422,
            "smoothness": -0.004698406931288186,
            "componentMass": -1.4275,
            "sensorChannels": -0.5,
            "trainingSteps": -0.02048
          },
          "total": 83.76253419548152
        },
        "resultHash": "5d10f844be40b8cbb6ff59f985c7a07ec52f8dbc857a9b3b0db226739fe50f0c"
      },
      {
        "case": {
          "id": "low-friction",
          "task": "velocity-track",
          "scenario": "low-friction",
          "seed": 43,
          "weight": 1.2
        },
        "metrics": {
          "durationSeconds": 2.999999999999891,
          "steps": 150,
          "survivalRate": 1,
          "fell": false,
          "meanVelocityTrackingError": 0.19192643860488035,
          "meanUpright": 0.9484631494003065,
          "meanEnergy": 1.680469269997711,
          "meanSmoothness": 0.4698406931288186,
          "peakActuator": 6
        },
        "score": {
          "terms": {
            "survival": 50,
            "velocityTracking": 16.77955899980664,
            "upright": 18.96926298800613,
            "energy": -0.03360938539995422,
            "smoothness": -0.004698406931288186,
            "componentMass": -1.4275,
            "sensorChannels": -0.5,
            "trainingSteps": -0.02048
          },
          "total": 83.76253419548152
        },
        "resultHash": "8f626e03b442b0c02796e9506dc4c08a50d4affccf7cb2e902e5b922dccaef5a"
      },
      {
        "case": {
          "id": "lateral-push",
          "task": "stand",
          "scenario": "lateral-push",
          "seed": 44,
          "weight": 1.5
        },
        "metrics": {
          "durationSeconds": 2.0000000000000013,
          "steps": 100,
          "survivalRate": 1,
          "fell": false,
          "meanVelocityTrackingError": 0.10412642795785589,
          "meanUpright": 0.9424170199509405,
          "meanEnergy": 3.3193182523623386,
          "meanSmoothness": 0.8044323912183237,
          "peakActuator": 6
        },
        "score": {
          "terms": {
            "survival": 50,
            "velocityTracking": 18.113867663679716,
            "upright": 18.84834039901881,
            "energy": -0.06638636504724678,
            "smoothness": -0.008044323912183236,
            "componentMass": -1.4275,
            "sensorChannels": -0.5,
            "trainingSteps": -0.02048
          },
          "total": 84.9397973737391
        },
        "resultHash": "233ba148c8148497664aee14262c552da70b9c3d50ff97ba798ed5a2f855a525"
      }
    ]
  },
  "candidate": {
    "assembly": "force-sensing",
    "controller": "force-residual-trot",
    "assemblyHash": "d89572552c790a7256a7fe23403e257b121aab1b617e4b133032638dcb972cea",
    "aggregateScore": 84.22906089855569,
    "cases": [
      {
        "case": {
          "id": "nominal",
          "task": "velocity-track",
          "scenario": "nominal",
          "seed": 42,
          "weight": 1
        },
        "metrics": {
          "durationSeconds": 2.999999999999891,
          "steps": 150,
          "survivalRate": 1,
          "fell": false,
          "meanVelocityTrackingError": 0.192235300244909,
          "meanUpright": 0.9483016145602636,
          "meanEnergy": 1.681517766968501,
          "meanSmoothness": 0.47039833113633184,
          "peakActuator": 6
        },
        "score": {
          "terms": {
            "survival": 50,
            "velocityTracking": 16.77521207088198,
            "upright": 18.966032291205273,
            "energy": -0.033630355339370026,
            "smoothness": -0.004703983311363318,
            "componentMass": -1.4275,
            "sensorChannels": -0.5,
            "trainingSteps": -0.02048
          },
          "total": 83.75493002343651
        },
        "resultHash": "3bdc18df90eff527617485e2b632bc94085d027ab45ff5a5bdd679bb1ca82706"
      },
      {
        "case": {
          "id": "low-friction",
          "task": "velocity-track",
          "scenario": "low-friction",
          "seed": 43,
          "weight": 1.2
        },
        "metrics": {
          "durationSeconds": 2.999999999999891,
          "steps": 150,
          "survivalRate": 1,
          "fell": false,
          "meanVelocityTrackingError": 0.192235300244909,
          "meanUpright": 0.9483016145602636,
          "meanEnergy": 1.681517766968501,
          "meanSmoothness": 0.47039833113633184,
          "peakActuator": 6
        },
        "score": {
          "terms": {
            "survival": 50,
            "velocityTracking": 16.77521207088198,
            "upright": 18.966032291205273,
            "energy": -0.033630355339370026,
            "smoothness": -0.004703983311363318,
            "componentMass": -1.4275,
            "sensorChannels": -0.5,
            "trainingSteps": -0.02048
          },
          "total": 83.75493002343651
        },
        "resultHash": "f35bc0caae9a7b4eb2e3087a3811fa32fadd424a3e08f868fccde52dc25398a9"
      },
      {
        "case": {
          "id": "lateral-push",
          "task": "stand",
          "scenario": "lateral-push",
          "seed": 44,
          "weight": 1.5
        },
        "metrics": {
          "durationSeconds": 2.0000000000000013,
          "steps": 100,
          "survivalRate": 1,
          "fell": false,
          "meanVelocityTrackingError": 0.10486940881674879,
          "meanUpright": 0.9421908534860921,
          "meanEnergy": 3.270782935502802,
          "meanSmoothness": 0.7655368343636446,
          "peakActuator": 6
        },
        "score": {
          "terms": {
            "survival": 50,
            "velocityTracking": 18.101686806062304,
            "upright": 18.843817069721844,
            "energy": -0.06541565871005604,
            "smoothness": -0.007655368343636447,
            "componentMass": -1.4275,
            "sensorChannels": -0.5,
            "trainingSteps": -0.02048
          },
          "total": 84.92445284873045
        },
        "resultHash": "420bc45c1b3585a60b4a3109cd86b416ab571eb8a5abbce5b676467d57e11141"
      }
    ]
  },
  "delta": -0.010742152976192187,
  "gateReasons": []
}
