{
  "count": 12288.000100000001,
  "mean": [
    0.15638260476930885,
    0.4658513264162954,
    -0.4402955857079841,
    -0.15505231339449943,
    0.46159267788025155,
    -0.43767293098457394,
    0.15111544549478526,
    0.2830616862879842,
    -0.529527666868218,
    -0.15145570180292148,
    0.28987033588006283,
    -0.532199586453195,
    0.011926223679821636,
    0.1055344800104976,
    0.03532013348858439,
    0.017572576081888218,
    0.10260778553046218,
    0.045969041311635074,
    -0.0007881558935135858,
    0.024580153434492567,
    0.06228431866859665,
    0.025782948375329753,
    0.030367596851665627,
    0.0728039580718909,
    0.35592296925150435,
    0.8654293384157398,
    -0.005889788605088701,
    0.09890832630085182,
    -0.03749119427232774,
    0.03494603121020234,
    0.021141670577536048,
    -0.06190296035974827,
    -0.043419054346196924,
    0.11467394957062799,
    -0.06827721790381014,
    -0.04272540499915517,
    0.11221135080531801,
    -0.06816600957759932,
    -1.5137597567534475,
    -0.10451695442010457,
    7.057692844412057,
    13.987546873517527,
    12.915511383820615,
    10.262850630823953,
    10.809086552283949
  ],
  "variance": [
    0.05778441686068114,
    0.13302211248810314,
    0.2113502260288129,
    0.05917405204987883,
    0.13055785563643835,
    0.20910335572966304,
    0.052168771245174626,
    0.11941631932474203,
    0.18125994395385,
    0.05183970881626544,
    0.1210692961340705,
    0.17921642140872007,
    31.751861632980088,
    64.36960587365918,
    150.026094008024,
    32.201639024478816,
    63.84764019151259,
    150.3460628638807,
    36.19468220084254,
    69.47389229393828,
    134.33115001313803,
    36.45295999600787,
    69.7597104623845,
    131.7788646460478,
    0.00693801592342802,
    0.04046748058583048,
    0.018475119216867106,
    0.088581837958078,
    0.09229514065824825,
    0.22834586941753135,
    0.09338052167919828,
    0.15007957511571157,
    7.134170886475539,
    5.7406627192671476,
    1.1347617909483476,
    6.8832698500906435,
    5.641228548292118,
    1.1135615943986454,
    169.1611067359739,
    86.65447068217321,
    230.73978361104508,
    1521.90231752212,
    1405.1384236254887,
    1280.2487222483983,
    1474.2017211777122
  ]
}
