{
  "count": 4096.0001,
  "mean": [
    0.27446826382191664,
    -0.5122682218451758,
    0.2820879654852968,
    -0.5094649107419691,
    0.25573536960115456,
    -0.5601194991362782,
    0.24735492223918976,
    -0.5609516129234817,
    -0.014352559842414658,
    0.06964888819368442,
    -0.014051794299471985,
    0.06874427245262274,
    0.04740565844192375,
    0.015249601005676326,
    0.04845361616407138,
    0.020277315065395998,
    0.4210432396555068,
    0.9902690043906391,
    -0.00132588523075983,
    -0.07376869768885311,
    -0.011162437172570584,
    0.07765360226490245,
    0.00024344720011353348,
    -0.0042077438392062304,
    -0.004890294896706551,
    -0.10732513294205073,
    0.0006420760722669369,
    -0.0053243603927883255,
    -0.11324753502366357,
    0.0004887725513808871,
    1.4419173990304852,
    -0.08804776062641094,
    10.286512831094633,
    11.609063640516114,
    11.329525748509687,
    19.392841303900767,
    18.314318361020064
  ],
  "variance": [
    0.018849381529484104,
    0.009545952624819795,
    0.019088090014075302,
    0.009893992434871268,
    0.013561865366026982,
    0.011596684521980514,
    0.01221471781326076,
    0.011382690435379995,
    5.888752275857109,
    15.811641801664909,
    5.675983634200874,
    15.345600248678654,
    3.304445084463566,
    6.67270933379884,
    3.326066343577852,
    6.700606117536866,
    0.0005423474062546961,
    0.002887379455008372,
    0.00027045569891631156,
    0.008799134418432055,
    0.0018607837389346402,
    0.07776563641591401,
    0.005623588183625796,
    0.011802876749860273,
    0.031151543745829163,
    0.5319743540480607,
    0.02347467506141745,
    0.03058062534865239,
    0.5114501895205477,
    0.023517088855625735,
    14.663327040465992,
    5.441258630473994,
    58.93776893538876,
    316.92131081044397,
    278.94672447997283,
    368.5053256995953,
    328.9834971427416
  ]
}
