{
  "durationSeconds": 2.719999999999922,
  "steps": 136,
  "survivalRate": 0.4153846153846154,
  "fell": true,
  "motionCommand": [
    0.0,
    0.10058823529411742,
    0.0
  ],
  "meanMotionCommand": [
    0.0,
    0.10058823529411742,
    0.0
  ],
  "meanMeasuredMotion": [
    -0.5059314725309305,
    0.1300205192875167,
    -0.8177025282655036
  ],
  "planarVelocityTrackingError": 0.5067868528665516,
  "yawRateTrackingError": 0.8177025282655036,
  "meanVelocityTrackingError": 1.396012443959358,
  "meanPlanarVelocityTrackingError": 0.583429406301491,
  "meanYawRateTrackingError": 1.2114050548576043,
  "meanUpright": 0.6727695527350976,
  "meanEnergy": 490.4557037622225,
  "meanSmoothness": 40.4795905716904,
  "peakActuator": 8.0,
  "motionCommandSchedule": [
    {
      "atStep": 0,
      "atSeconds": 0.0,
      "command": [
        0.0,
        0.12,
        0.0
      ]
    },
    {
      "atStep": 125,
      "atSeconds": 2.5,
      "command": [
        0.0,
        -0.12,
        0.0
      ]
    },
    {
      "atStep": 225,
      "atSeconds": 4.5,
      "command": [
        0.0,
        0.0,
        0.0
      ]
    }
  ],
  "transitionCount": 2,
  "transitions": [
    {
      "index": 1,
      "atStep": 125,
      "atSeconds": 2.5,
      "endStep": 225,
      "fromCommand": [
        0.0,
        0.12,
        0.0
      ],
      "toCommand": [
        0.0,
        -0.12,
        0.0
      ],
      "sampleCount": 11,
      "peakPlanarTrackingError": 0.9944018016625147,
      "peakYawRateTrackingError": 2.96786312305606,
      "terminalMeasuredMotion": [
        -0.7387926527851694,
        -0.011890760479011622,
        -2.4712329577840095
      ],
      "terminalPlanarTrackingError": 0.7466606936749478,
      "terminalYawRateTrackingError": 2.4712329577840095,
      "planarOvershootMps": 0.09756201392681982,
      "yawRateOvershootRadPerSec": 0.0,
      "planarSettlingTimeSeconds": 0.22,
      "yawRateSettlingTimeSeconds": 0.22,
      "planarSettled": false,
      "yawRateSettled": false
    },
    {
      "index": 2,
      "atStep": 225,
      "atSeconds": 4.5,
      "endStep": 325,
      "fromCommand": [
        0.0,
        -0.12,
        0.0
      ],
      "toCommand": [
        0.0,
        0.0,
        0.0
      ],
      "sampleCount": 0,
      "peakPlanarTrackingError": 0.0,
      "peakYawRateTrackingError": 0.0,
      "terminalMeasuredMotion": [
        0.0,
        0.0,
        0.0
      ],
      "terminalPlanarTrackingError": 0.0,
      "terminalYawRateTrackingError": 0.0,
      "planarOvershootMps": 0.0,
      "yawRateOvershootRadPerSec": 0.0,
      "planarSettlingTimeSeconds": 0.0,
      "yawRateSettlingTimeSeconds": 0.0,
      "planarSettled": false,
      "yawRateSettled": false
    }
  ],
  "maximumTransitionTerminalPlanarTrackingError": 0.7466606936749478,
  "maximumTransitionTerminalYawRateTrackingError": 2.4712329577840095,
  "maximumPlanarSettlingTimeSeconds": 0.22,
  "maximumYawRateSettlingTimeSeconds": 0.22,
  "maximumPlanarOvershootMps": 0.09756201392681982,
  "maximumYawRateOvershootRadPerSec": 0.0,
  "unsettledPlanarTransitionCount": 2,
  "unsettledYawRateTransitionCount": 2,
  "initialBasePosition": [
    0.0,
    0.0,
    0.44
  ],
  "finalBasePosition": [
    -1.3722033404922815,
    0.3507773604547935,
    0.1769169332840173
  ],
  "netDisplacement": [
    -1.3722033404922815,
    0.3507773604547935,
    -0.2630830667159827
  ],
  "targetPlanarDisplacement": [
    0.0,
    0.06
  ],
  "forwardDisplacement": 0.3507773604547935,
  "targetDistance": 0.06,
  "forwardProgress": 1.0,
  "meanForwardVelocity": 0.12896226487308954,
  "lateralDrift": 1.3722033404922815,
  "distanceTraveled": 1.6076638012553155
}
