{
  "terms": {
    "survival": 12.461538461538462,
    "velocityTracking": 8.347202056659789,
    "forwardProgress": 10.0,
    "upright": 10.091543291026465,
    "lateralDrift": -6.8610167024614075,
    "transitionTracking": 6.308543725549865,
    "energy": -2.4522785188111125,
    "smoothness": -0.0404795905716904,
    "componentMass": -1.2060000000000002,
    "sensorChannels": -1.07,
    "trainingSteps": -0.0
  },
  "total": 35.57905272293037
}
