{
  "durationSeconds": 4.999999999999671,
  "steps": 250,
  "survivalRate": 1.0,
  "fell": false,
  "motionCommand": [
    0.25,
    0.0,
    0.0
  ],
  "meanMotionCommand": [
    0.25,
    0.0,
    0.0
  ],
  "meanMeasuredMotion": [
    0.14130801408178126,
    -0.052942531814792186,
    -0.01135069021354965
  ],
  "planarVelocityTrackingError": 0.12090020462268268,
  "yawRateTrackingError": 0.01135069021354965,
  "meanVelocityTrackingError": 0.5575817763242685,
  "meanPlanarVelocityTrackingError": 0.29819378534795765,
  "meanYawRateTrackingError": 0.3578687079906957,
  "meanUpright": 0.5317403363620969,
  "meanEnergy": 631.4317426355526,
  "meanSmoothness": 33.627982858116575,
  "peakActuator": 8.0,
  "motionCommandSchedule": [
    {
      "atStep": 0,
      "atSeconds": 0.0,
      "command": [
        0.25,
        0.0,
        0.0
      ]
    }
  ],
  "transitionCount": 0,
  "transitions": [],
  "maximumTransitionTerminalPlanarTrackingError": 0.0,
  "maximumTransitionTerminalYawRateTrackingError": 0.0,
  "maximumPlanarSettlingTimeSeconds": 0.0,
  "maximumPlanarBrakingSettlingTimeSeconds": 0.0,
  "maximumYawRateSettlingTimeSeconds": 0.0,
  "maximumPlanarOvershootMps": 0.0,
  "maximumYawRateOvershootRadPerSec": 0.0,
  "unsettledPlanarTransitionCount": 0,
  "unsettledYawRateTransitionCount": 0,
  "initialBasePosition": [
    0.0,
    0.0,
    0.44
  ],
  "finalBasePosition": [
    0.7100794844821804,
    -0.2656545857106636,
    0.22892279472936639
  ],
  "netDisplacement": [
    0.7100794844821804,
    -0.2656545857106636,
    -0.21107720527063362
  ],
  "targetPlanarDisplacement": [
    1.25,
    0.0
  ],
  "forwardDisplacement": 0.7100794844821804,
  "targetDistance": 1.25,
  "forwardProgress": 0.5680635875857443,
  "signedForwardProgress": 0.5680635875857443,
  "backwardDisplacement": 0.0,
  "meanForwardVelocity": 0.14201589689644542,
  "lateralDrift": 0.2656545857106636,
  "distanceTraveled": 1.3977550121231122
}
