{
  "durationSeconds": 6.499999999999506,
  "steps": 325,
  "survivalRate": 1.0,
  "fell": false,
  "motionCommand": [
    0.0,
    0.0,
    0.038461538461538464
  ],
  "meanMotionCommand": [
    0.0,
    0.0,
    0.038461538461538464
  ],
  "meanMeasuredMotion": [
    0.0016455551747834678,
    -0.004104313134584586,
    0.10975543571556749
  ],
  "planarVelocityTrackingError": 0.0044219043567201,
  "yawRateTrackingError": 0.07129389725402903,
  "meanVelocityTrackingError": 0.4135168408121349,
  "meanPlanarVelocityTrackingError": 0.13532919965136886,
  "meanYawRateTrackingError": 0.3648482352299572,
  "meanUpright": 0.9576559244221629,
  "meanEnergy": 202.18403146899672,
  "meanSmoothness": 140.22582338947268,
  "peakActuator": 8.0,
  "motionCommandSchedule": [
    {
      "atStep": 0,
      "atSeconds": 0.0,
      "command": [
        0.0,
        0.0,
        0.5
      ]
    },
    {
      "atStep": 125,
      "atSeconds": 2.5,
      "command": [
        0.0,
        0.0,
        -0.5
      ]
    },
    {
      "atStep": 225,
      "atSeconds": 4.5,
      "command": [
        0.0,
        0.0,
        0.0
      ]
    }
  ],
  "transitionCount": 2,
  "transitions": [
    {
      "index": 1,
      "atStep": 125,
      "atSeconds": 2.5,
      "endStep": 225,
      "fromCommand": [
        0.0,
        0.0,
        0.5
      ],
      "toCommand": [
        0.0,
        0.0,
        -0.5
      ],
      "sampleCount": 100,
      "peakPlanarTrackingError": 0.4323948260382537,
      "peakYawRateTrackingError": 1.1902268091525756,
      "terminalMeasuredMotion": [
        -0.04524152448569739,
        -0.05943809590319858,
        0.024386644900895812
      ],
      "terminalPlanarTrackingError": 0.07469727426344143,
      "terminalYawRateTrackingError": 0.5243866449008958,
      "planarOvershootMps": 0.0,
      "yawRateOvershootRadPerSec": 0.0,
      "planarSettlingTimeSeconds": 1.96,
      "yawRateSettlingTimeSeconds": 2.0,
      "planarSettled": true,
      "yawRateSettled": false
    },
    {
      "index": 2,
      "atStep": 225,
      "atSeconds": 4.5,
      "endStep": 325,
      "fromCommand": [
        0.0,
        0.0,
        -0.5
      ],
      "toCommand": [
        0.0,
        0.0,
        0.0
      ],
      "sampleCount": 100,
      "peakPlanarTrackingError": 0.237349316731537,
      "peakYawRateTrackingError": 0.37631734328116007,
      "terminalMeasuredMotion": [
        -0.10684095642748807,
        -0.09245797774615462,
        0.023990122917407666
      ],
      "terminalPlanarTrackingError": 0.14129213573036833,
      "terminalYawRateTrackingError": 0.023990122917407666,
      "planarOvershootMps": 0.0,
      "yawRateOvershootRadPerSec": 0.37631734328116007,
      "planarSettlingTimeSeconds": 2.0,
      "yawRateSettlingTimeSeconds": 0.46,
      "planarSettled": false,
      "yawRateSettled": true
    }
  ],
  "maximumTransitionTerminalPlanarTrackingError": 0.14129213573036833,
  "maximumTransitionTerminalYawRateTrackingError": 0.5243866449008958,
  "maximumPlanarSettlingTimeSeconds": 2.0,
  "maximumYawRateSettlingTimeSeconds": 2.0,
  "maximumPlanarOvershootMps": 0.0,
  "maximumYawRateOvershootRadPerSec": 0.37631734328116007,
  "unsettledPlanarTransitionCount": 1,
  "unsettledYawRateTransitionCount": 1,
  "initialBasePosition": [
    0.0,
    0.0,
    0.44
  ],
  "finalBasePosition": [
    0.017040043840676027,
    -0.030398554299218054,
    0.42172469532751633
  ],
  "netDisplacement": [
    0.017040043840676027,
    -0.030398554299218054,
    -0.018275304672483672
  ],
  "targetPlanarDisplacement": [
    0.0,
    0.0
  ],
  "forwardDisplacement": 0.0,
  "targetDistance": 0.0,
  "forwardProgress": 1.0,
  "meanForwardVelocity": 0.0,
  "lateralDrift": 0.03484874743193318,
  "distanceTraveled": 0.8342011970502928
}
