{
  "terms": {
    "survival": 30.0,
    "velocityTracking": 14.14910627347674,
    "forwardProgress": 10.0,
    "upright": 14.364838866332443,
    "lateralDrift": -0.1742437371596659,
    "transitionTracking": 4.965246482245978,
    "energy": -1.0109201573449835,
    "smoothness": -0.14022582338947268,
    "componentMass": -1.2060000000000002,
    "sensorChannels": -1.07,
    "trainingSteps": -0.0
  },
  "total": 69.87780190416103
}
