{
  "terms": {
    "survival": 25.0,
    "velocityTracking": 9.839380030833677,
    "forwardProgress": 21.209540052886588,
    "upright": 8.037780109939971,
    "lateralDrift": -1.5312096906149628,
    "transitionTracking": 0.0,
    "energy": -6.257094616553249,
    "smoothness": -0.16824164027724028,
    "componentMass": -1.5075,
    "sensorChannels": -5.3500000000000005,
    "trainingSteps": -0.0
  },
  "total": 49.272654246214785
}
