{
  "durationSeconds": 6.499999999999506,
  "steps": 325,
  "survivalRate": 1.0,
  "fell": false,
  "motionCommand": [
    0.030769230769230813,
    0.0,
    0.0
  ],
  "meanMotionCommand": [
    0.030769230769230813,
    0.0,
    0.0
  ],
  "meanMeasuredMotion": [
    0.017522506486647237,
    0.04591171715647793,
    0.11914514485034206
  ],
  "planarVelocityTrackingError": 0.04778453176996945,
  "yawRateTrackingError": 0.11914514485034206,
  "meanVelocityTrackingError": 0.5939470252174675,
  "meanPlanarVelocityTrackingError": 0.27951131213075925,
  "meanYawRateTrackingError": 0.4262352859078081,
  "meanUpright": 0.6380546217842578,
  "meanEnergy": 624.959221603939,
  "meanSmoothness": 31.38264105881295,
  "peakActuator": 8.0,
  "motionCommandSchedule": [
    {
      "atStep": 0,
      "atSeconds": 0.0,
      "command": [
        0.2,
        0.0,
        0.0
      ]
    },
    {
      "atStep": 125,
      "atSeconds": 2.5,
      "command": [
        -0.15,
        0.0,
        0.0
      ]
    },
    {
      "atStep": 225,
      "atSeconds": 4.5,
      "command": [
        0.0,
        0.0,
        0.0
      ]
    }
  ],
  "transitionCount": 2,
  "transitions": [
    {
      "index": 1,
      "atStep": 125,
      "atSeconds": 2.5,
      "endStep": 225,
      "fromCommand": [
        0.2,
        0.0,
        0.0
      ],
      "toCommand": [
        -0.15,
        0.0,
        0.0
      ],
      "sampleCount": 100,
      "peakPlanarTrackingError": 0.544145359319631,
      "peakYawRateTrackingError": 2.069091757564147,
      "terminalMeasuredMotion": [
        -0.005557102620844479,
        0.018417607275474108,
        0.1922056966454628
      ],
      "terminalPlanarTrackingError": 0.14561235820162674,
      "terminalYawRateTrackingError": 0.1922056966454628,
      "planarOvershootMps": 0.31775618449393883,
      "yawRateOvershootRadPerSec": 0.0,
      "planarSettlingTimeSeconds": 2.0,
      "yawRateSettlingTimeSeconds": 1.88,
      "planarSettled": false,
      "yawRateSettled": true,
      "planarBraking": false
    },
    {
      "index": 2,
      "atStep": 225,
      "atSeconds": 4.5,
      "endStep": 325,
      "fromCommand": [
        -0.15,
        0.0,
        0.0
      ],
      "toCommand": [
        0.0,
        0.0,
        0.0
      ],
      "sampleCount": 100,
      "peakPlanarTrackingError": 0.7315625985159295,
      "peakYawRateTrackingError": 2.4381165875167943,
      "terminalMeasuredMotion": [
        -0.207490319659226,
        0.12623171111485987,
        0.21309934512683934
      ],
      "terminalPlanarTrackingError": 0.24287173084423233,
      "terminalYawRateTrackingError": 0.21309934512683934,
      "planarOvershootMps": 0.2876167179924091,
      "yawRateOvershootRadPerSec": 0.0,
      "planarSettlingTimeSeconds": 2.0,
      "yawRateSettlingTimeSeconds": 2.0,
      "planarSettled": false,
      "yawRateSettled": true,
      "planarBraking": true
    }
  ],
  "maximumTransitionTerminalPlanarTrackingError": 0.24287173084423233,
  "maximumTransitionTerminalYawRateTrackingError": 0.21309934512683934,
  "maximumPlanarSettlingTimeSeconds": 2.0,
  "maximumPlanarBrakingSettlingTimeSeconds": 2.0,
  "maximumYawRateSettlingTimeSeconds": 2.0,
  "maximumPlanarOvershootMps": 0.31775618449393883,
  "maximumYawRateOvershootRadPerSec": 0.0,
  "unsettledPlanarTransitionCount": 2,
  "unsettledYawRateTransitionCount": 0,
  "initialBasePosition": [
    0.0,
    0.0,
    0.44
  ],
  "finalBasePosition": [
    0.1227127957161007,
    0.3006565820287785,
    0.20820002296210893
  ],
  "netDisplacement": [
    0.1227127957161007,
    0.3006565820287785,
    -0.23179997703789107
  ],
  "targetPlanarDisplacement": [
    0.2,
    0.0
  ],
  "forwardDisplacement": 0.1227127957161007,
  "targetDistance": 0.2,
  "forwardProgress": 0.6135639785805035,
  "signedForwardProgress": 0.6135639785805035,
  "backwardDisplacement": 0.0,
  "meanForwardVelocity": 0.018878891648632313,
  "lateralDrift": 0.3006565820287785,
  "distanceTraveled": 1.8599567803219155
}
