{
  "durationSeconds": 6.499999999999506,
  "steps": 325,
  "survivalRate": 1.0,
  "fell": false,
  "motionCommand": [
    0.0,
    0.0,
    0.038461538461538464
  ],
  "meanMotionCommand": [
    0.0,
    0.0,
    0.038461538461538464
  ],
  "meanMeasuredMotion": [
    0.027805405517296836,
    0.07031504981962404,
    0.15825003332072113
  ],
  "planarVelocityTrackingError": 0.07561313911693875,
  "yawRateTrackingError": 0.11978849485918266,
  "meanVelocityTrackingError": 0.5946466759282759,
  "meanPlanarVelocityTrackingError": 0.22577771700244928,
  "meanYawRateTrackingError": 0.5040136376183044,
  "meanUpright": 0.8260741024670135,
  "meanEnergy": 196.55809309965798,
  "meanSmoothness": 134.91630546629898,
  "peakActuator": 8.0,
  "motionCommandSchedule": [
    {
      "atStep": 0,
      "atSeconds": 0.0,
      "command": [
        0.0,
        0.0,
        0.5
      ]
    },
    {
      "atStep": 125,
      "atSeconds": 2.5,
      "command": [
        0.0,
        0.0,
        -0.5
      ]
    },
    {
      "atStep": 225,
      "atSeconds": 4.5,
      "command": [
        0.0,
        0.0,
        0.0
      ]
    }
  ],
  "transitionCount": 2,
  "transitions": [
    {
      "index": 1,
      "atStep": 125,
      "atSeconds": 2.5,
      "endStep": 225,
      "fromCommand": [
        0.0,
        0.0,
        0.5
      ],
      "toCommand": [
        0.0,
        0.0,
        -0.5
      ],
      "sampleCount": 100,
      "peakPlanarTrackingError": 0.25691438368864156,
      "peakYawRateTrackingError": 1.4728042419224256,
      "terminalMeasuredMotion": [
        0.09967378481043401,
        0.13486009948925304,
        -0.12879619610942689
      ],
      "terminalPlanarTrackingError": 0.1676964812173706,
      "terminalYawRateTrackingError": 0.3712038038905731,
      "planarOvershootMps": 0.0,
      "yawRateOvershootRadPerSec": 0.2178592845795504,
      "planarSettlingTimeSeconds": 2.0,
      "yawRateSettlingTimeSeconds": 2.0,
      "planarSettled": false,
      "yawRateSettled": false
    },
    {
      "index": 2,
      "atStep": 225,
      "atSeconds": 4.5,
      "endStep": 325,
      "fromCommand": [
        0.0,
        0.0,
        -0.5
      ],
      "toCommand": [
        0.0,
        0.0,
        0.0
      ],
      "sampleCount": 100,
      "peakPlanarTrackingError": 0.9425253604141808,
      "peakYawRateTrackingError": 1.7231659754668167,
      "terminalMeasuredMotion": [
        0.029745509548850007,
        0.036488565045901235,
        -0.038763640658322294
      ],
      "terminalPlanarTrackingError": 0.047076647261988534,
      "terminalYawRateTrackingError": 0.038763640658322294,
      "planarOvershootMps": 0.0,
      "yawRateOvershootRadPerSec": 1.7231659754668167,
      "planarSettlingTimeSeconds": 1.78,
      "yawRateSettlingTimeSeconds": 1.08,
      "planarSettled": true,
      "yawRateSettled": true
    }
  ],
  "maximumTransitionTerminalPlanarTrackingError": 0.1676964812173706,
  "maximumTransitionTerminalYawRateTrackingError": 0.3712038038905731,
  "maximumPlanarSettlingTimeSeconds": 2.0,
  "maximumYawRateSettlingTimeSeconds": 2.0,
  "maximumPlanarOvershootMps": 0.0,
  "maximumYawRateOvershootRadPerSec": 1.7231659754668167,
  "unsettledPlanarTransitionCount": 1,
  "unsettledYawRateTransitionCount": 1,
  "initialBasePosition": [
    0.0,
    0.0,
    0.44
  ],
  "finalBasePosition": [
    0.18480628494818693,
    0.4577040697341767,
    0.25165084091318624
  ],
  "netDisplacement": [
    0.18480628494818693,
    0.4577040697341767,
    -0.18834915908681377
  ],
  "targetPlanarDisplacement": [
    0.0,
    0.0
  ],
  "forwardDisplacement": 0.0,
  "targetDistance": 0.0,
  "forwardProgress": 1.0,
  "meanForwardVelocity": 0.0,
  "lateralDrift": 0.4936054886319423,
  "distanceTraveled": 1.4296964067118405
}
