{
  "terms": {
    "survival": 30.0,
    "velocityTracking": 12.541963246094998,
    "forwardProgress": 10.0,
    "upright": 12.391111537005203,
    "lateralDrift": -2.468027443159712,
    "transitionTracking": 4.131055669770993,
    "energy": -0.98279046549829,
    "smoothness": -0.13491630546629899,
    "componentMass": -1.2060000000000002,
    "sensorChannels": -1.07,
    "trainingSteps": -0.0
  },
  "total": 63.20239623874689
}
