{
  "durationSeconds": 18.000000000000902,
  "steps": 900,
  "survivalRate": 1.0,
  "fell": false,
  "motionCommand": [
    0.13111111111111284,
    0.02499999999999996,
    0.041666666666666664
  ],
  "meanMotionCommand": [
    0.13111111111111284,
    0.02499999999999996,
    0.041666666666666664
  ],
  "meanMeasuredMotion": [
    0.041929747966455246,
    0.012875476120308142,
    0.012844896427676283
  ],
  "planarVelocityTrackingError": 0.09000177560275413,
  "yawRateTrackingError": 0.02882177023899038,
  "meanVelocityTrackingError": 0.32423118168290643,
  "meanPlanarVelocityTrackingError": 0.21714495647990673,
  "meanYawRateTrackingError": 0.1826218957711566,
  "meanUpright": 0.8929951611571373,
  "meanAbsolutePitchRad": 0.20871402156044674,
  "minimumPitchRad": -0.6347069051786498,
  "maximumPitchRad": 1.0411296058614832,
  "maximumBackwardPitchRad": 0.6347069051786498,
  "maximumAbsolutePitchRad": 1.0411296058614832,
  "maximumAbsolutePitchRateRadPerSec": 5.6934438997790044,
  "meanBodyTiltRad": 0.2176099780919776,
  "maximumBodyTiltRad": 1.0411296064250561,
  "initialBodyTiltRad": 0.0,
  "minimumBodyTiltRad": 0.0,
  "finalBodyTiltRad": 0.10980407638744198,
  "finalBaseHeightM": 0.4201347762933224,
  "selfRightingTask": true,
  "recoveryTriggered": true,
  "selfRightingSuccess": 1.0,
  "timeToStableStandSeconds": 5.479999999999401,
  "stableStandingDwellSeconds": 2.02,
  "finalStableStandingDwellSeconds": 0.0,
  "minimumJointLimitMarginRad": 0.02838196454511377,
  "disallowedCollisionSteps": 0,
  "meanEnergy": 166.57405422830433,
  "meanSmoothness": 111.69073011978868,
  "peakActuator": 8.0,
  "motionQualityFootEvidenceAvailable": true,
  "motionQualityContactThresholdNewton": 1.0,
  "meanJointJerkRadPerSec3": 18701.01321023166,
  "peakJointJerkRadPerSec3": 53950.942748760586,
  "meanBodyAngularJerkRadPerSec3": 1999.4684896591696,
  "peakBodyAngularJerkRadPerSec3": 14735.598911161858,
  "meanActionSlewRatePerSec": 404.1737689963133,
  "peakActionSlewRatePerSec": 800.0,
  "actuatorSaturationRate": 0.3696296296296296,
  "meanFootSlipSpeedMps": 0.051073993209955065,
  "peakFootSlipSpeedMps": 1.0807283034908644,
  "totalFootSlipDistanceM": 1.5792078700518066,
  "meanFootContactImpactNPerSec": 524.5685755617277,
  "peakFootContactImpactNPerSec": 14426.242001327671,
  "peakFootContactForceNewton": 288.5248400265534,
  "motionCommandSchedule": [
    {
      "atStep": 0,
      "atSeconds": 0.0,
      "command": [
        0.2,
        0.0,
        0.0
      ]
    },
    {
      "atStep": 400,
      "atSeconds": 8.0,
      "command": [
        0.2,
        0.0,
        0.0
      ]
    },
    {
      "atStep": 500,
      "atSeconds": 10.0,
      "command": [
        0.12,
        0.0,
        0.25
      ]
    },
    {
      "atStep": 650,
      "atSeconds": 13.0,
      "command": [
        0.0,
        0.15,
        0.0
      ]
    },
    {
      "atStep": 800,
      "atSeconds": 16.0,
      "command": [
        0.0,
        0.0,
        0.0
      ]
    }
  ],
  "transitionCount": 4,
  "transitions": [
    {
      "index": 1,
      "atStep": 400,
      "atSeconds": 8.0,
      "endStep": 500,
      "fromCommand": [
        0.2,
        0.0,
        0.0
      ],
      "toCommand": [
        0.2,
        0.0,
        0.0
      ],
      "sampleCount": 100,
      "peakPlanarTrackingError": 0.7957045051170968,
      "peakYawRateTrackingError": 0.5605975368562629,
      "terminalMeasuredMotion": [
        -0.0063247048457962295,
        0.0005559768485850706,
        0.024958349049192242
      ],
      "terminalPlanarTrackingError": 0.20632545393130994,
      "terminalYawRateTrackingError": 0.024958349049192242,
      "planarOvershootMps": 0.0,
      "yawRateOvershootRadPerSec": 0.0,
      "planarSettlingTimeSeconds": 2.0,
      "yawRateSettlingTimeSeconds": 0.26,
      "planarSettled": false,
      "yawRateSettled": true,
      "planarBraking": false
    },
    {
      "index": 2,
      "atStep": 500,
      "atSeconds": 10.0,
      "endStep": 650,
      "fromCommand": [
        0.2,
        0.0,
        0.0
      ],
      "toCommand": [
        0.12,
        0.0,
        0.25
      ],
      "sampleCount": 150,
      "peakPlanarTrackingError": 0.33537426759098776,
      "peakYawRateTrackingError": 0.7529566470462112,
      "terminalMeasuredMotion": [
        0.012074093157495427,
        0.013547398771297861,
        0.09017287724826444
      ],
      "terminalPlanarTrackingError": 0.10877285222538544,
      "terminalYawRateTrackingError": 0.15982712275173555,
      "planarOvershootMps": 0.332440257403976,
      "yawRateOvershootRadPerSec": 0.320533989853204,
      "planarSettlingTimeSeconds": 2.78,
      "yawRateSettlingTimeSeconds": 2.96,
      "planarSettled": true,
      "yawRateSettled": true,
      "planarBraking": false
    },
    {
      "index": 3,
      "atStep": 650,
      "atSeconds": 13.0,
      "endStep": 800,
      "fromCommand": [
        0.12,
        0.0,
        0.25
      ],
      "toCommand": [
        0.0,
        0.15,
        0.0
      ],
      "sampleCount": 150,
      "peakPlanarTrackingError": 0.24190921156499817,
      "peakYawRateTrackingError": 0.7037585540988531,
      "terminalMeasuredMotion": [
        0.03359571471832392,
        0.023037241127572137,
        -0.18294252830274704
      ],
      "terminalPlanarTrackingError": 0.1313324567193246,
      "terminalYawRateTrackingError": 0.18294252830274704,
      "planarOvershootMps": 0.06358025834888079,
      "yawRateOvershootRadPerSec": 0.7037585540988531,
      "planarSettlingTimeSeconds": 3.0,
      "yawRateSettlingTimeSeconds": 2.48,
      "planarSettled": false,
      "yawRateSettled": true,
      "planarBraking": false
    },
    {
      "index": 4,
      "atStep": 800,
      "atSeconds": 16.0,
      "endStep": 900,
      "fromCommand": [
        0.0,
        0.15,
        0.0
      ],
      "toCommand": [
        0.0,
        0.0,
        0.0
      ],
      "sampleCount": 100,
      "peakPlanarTrackingError": 0.2431244719326352,
      "peakYawRateTrackingError": 0.7346926580777348,
      "terminalMeasuredMotion": [
        -0.05672862443005604,
        -0.0005682614902375552,
        -0.0598547174333192
      ],
      "terminalPlanarTrackingError": 0.056731470550723764,
      "terminalYawRateTrackingError": 0.0598547174333192,
      "planarOvershootMps": 0.053780118192869764,
      "yawRateOvershootRadPerSec": 0.0,
      "planarSettlingTimeSeconds": 0.7,
      "yawRateSettlingTimeSeconds": 0.22,
      "planarSettled": true,
      "yawRateSettled": true,
      "planarBraking": true
    }
  ],
  "maximumTransitionTerminalPlanarTrackingError": 0.20632545393130994,
  "maximumTransitionTerminalYawRateTrackingError": 0.18294252830274704,
  "maximumPlanarSettlingTimeSeconds": 3.0,
  "maximumPlanarBrakingSettlingTimeSeconds": 0.7,
  "maximumYawRateSettlingTimeSeconds": 2.96,
  "maximumPlanarOvershootMps": 0.332440257403976,
  "maximumYawRateOvershootRadPerSec": 0.7037585540988531,
  "unsettledPlanarTransitionCount": 2,
  "unsettledYawRateTransitionCount": 0,
  "initialBasePosition": [
    1.0179830559280731,
    0.14308442119829026,
    0.47629785310774786
  ],
  "finalBasePosition": [
    0.7646253426857755,
    0.22765232061059565,
    0.4201347762933224
  ],
  "netDisplacement": [
    -0.2533577132422976,
    0.08456789941230539,
    -0.05616307681442545
  ],
  "targetPlanarDisplacement": [
    0.76,
    0.44999999999999996
  ],
  "forwardDisplacement": -0.1749214080969188,
  "targetDistance": 0.8832326986700617,
  "forwardProgress": 0.0,
  "signedForwardProgress": -0.19804679826766924,
  "backwardDisplacement": 0.1749214080969188,
  "meanForwardVelocity": -0.0174921408096903,
  "lateralDrift": 0.20185232587158192,
  "distanceTraveled": 2.91598882124945,
  "episodeInitialBasePosition": [
    0.0,
    0.0,
    0.44
  ],
  "mobilityMeasurementStartedAtSeconds": 8.0,
  "recoveryEvaluationStartedAtSeconds": 2.7,
  "missionStageDurationsSeconds": {
    "approach": 2.48,