{
  "terms": {
    "survival": 10.0,
    "velocityTracking": 4.53093091523103,
    "forwardProgress": 0.0,
    "upright": 1.7859903223142746,
    "lateralDrift": -0.40370465174316383,
    "transitionTracking": 0.23850789099705247,
    "energy": -0.3331481084566087,
    "smoothness": -0.11169073011978868,
    "jointJerk": 0.0,
    "bodyAngularJerk": 0.0,
    "actionSlew": 0.0,
    "actuatorSaturation": -0.1848148148148148,
    "footSlip": 0.0,
    "footImpact": 0.0,
    "selfRighting": 100.0,
    "recoveryTime": -10.959999999998802,
    "jointLimitMargin": 0.05676392909022754,
    "componentMass": -3.015,
    "sensorChannels": -2.14,
    "trainingSteps": -0.08192
  },
  "total": 99.38191475249941
}
