{
  "durationSeconds": 6.499999999999506,
  "steps": 325,
  "survivalRate": 1.0,
  "fell": false,
  "motionCommand": [
    0.0,
    0.0,
    0.038461538461538464
  ],
  "meanMotionCommand": [
    0.0,
    0.0,
    0.038461538461538464
  ],
  "meanMeasuredMotion": [
    0.001434137111393435,
    0.015320207330601585,
    0.1538538927655539
  ],
  "planarVelocityTrackingError": 0.01538718628947133,
  "yawRateTrackingError": 0.11539235430401543,
  "meanVelocityTrackingError": 0.44207298628626795,
  "meanPlanarVelocityTrackingError": 0.13303174739449877,
  "meanYawRateTrackingError": 0.4003884345301784,
  "meanUpright": 0.9700108501546736,
  "meanEnergy": 192.22750056269555,
  "meanSmoothness": 130.46254832121068,
  "peakActuator": 8.0,
  "motionCommandSchedule": [
    {
      "atStep": 0,
      "atSeconds": 0.0,
      "command": [
        0.0,
        0.0,
        0.5
      ]
    },
    {
      "atStep": 125,
      "atSeconds": 2.5,
      "command": [
        0.0,
        0.0,
        -0.5
      ]
    },
    {
      "atStep": 225,
      "atSeconds": 4.5,
      "command": [
        0.0,
        0.0,
        0.0
      ]
    }
  ],
  "transitionCount": 2,
  "transitions": [
    {
      "index": 1,
      "atStep": 125,
      "atSeconds": 2.5,
      "endStep": 225,
      "fromCommand": [
        0.0,
        0.0,
        0.5
      ],
      "toCommand": [
        0.0,
        0.0,
        -0.5
      ],
      "sampleCount": 100,
      "peakPlanarTrackingError": 0.4599916417717005,
      "peakYawRateTrackingError": 1.2316440280228522,
      "terminalMeasuredMotion": [
        0.004703280263330779,
        0.027192223933962062,
        0.17558926309196474
      ],
      "terminalPlanarTrackingError": 0.02759597593328013,
      "terminalYawRateTrackingError": 0.6755892630919648,
      "planarOvershootMps": 0.0,
      "yawRateOvershootRadPerSec": 0.0,
      "planarSettlingTimeSeconds": 1.76,
      "yawRateSettlingTimeSeconds": 2.0,
      "planarSettled": true,
      "yawRateSettled": false
    },
    {
      "index": 2,
      "atStep": 225,
      "atSeconds": 4.5,
      "endStep": 325,
      "fromCommand": [
        0.0,
        0.0,
        -0.5
      ],
      "toCommand": [
        0.0,
        0.0,
        0.0
      ],
      "sampleCount": 100,
      "peakPlanarTrackingError": 0.12147042973260772,
      "peakYawRateTrackingError": 0.4354637589324294,
      "terminalMeasuredMotion": [
        0.015621980519926266,
        0.014447833059482074,
        0.019173904442939822
      ],
      "terminalPlanarTrackingError": 0.02127877241477099,
      "terminalYawRateTrackingError": 0.019173904442939822,
      "planarOvershootMps": 0.0,
      "yawRateOvershootRadPerSec": 0.4354637589324294,
      "planarSettlingTimeSeconds": 0.2,
      "yawRateSettlingTimeSeconds": 0.52,
      "planarSettled": true,
      "yawRateSettled": true
    }
  ],
  "maximumTransitionTerminalPlanarTrackingError": 0.02759597593328013,
  "maximumTransitionTerminalYawRateTrackingError": 0.6755892630919648,
  "maximumPlanarSettlingTimeSeconds": 1.76,
  "maximumYawRateSettlingTimeSeconds": 2.0,
  "maximumPlanarOvershootMps": 0.0,
  "maximumYawRateOvershootRadPerSec": 0.4354637589324294,
  "unsettledPlanarTransitionCount": 0,
  "unsettledYawRateTransitionCount": 1,
  "initialBasePosition": [
    0.0,
    0.0,
    0.44
  ],
  "finalBasePosition": [
    0.009197568309259212,
    0.09454819677034318,
    0.4129672541487321
  ],
  "netDisplacement": [
    0.009197568309259212,
    0.09454819677034318,
    -0.027032745851267914
  ],
  "targetPlanarDisplacement": [
    0.0,
    0.0
  ],
  "forwardDisplacement": 0.0,
  "targetDistance": 0.0,
  "forwardProgress": 1.0,
  "meanForwardVelocity": 0.0,
  "lateralDrift": 0.09499450918514722,
  "distanceTraveled": 0.7885499478950304
}
