{
  "terms": {
    "survival": 30.0,
    "velocityTracking": 13.868923549775012,
    "forwardProgress": 10.0,
    "upright": 14.550162752320103,
    "lateralDrift": -0.4749725459257361,
    "transitionTracking": 5.085910351741066,
    "energy": -0.9611375028134778,
    "smoothness": -0.13046254832121068,
    "componentMass": -1.2060000000000002,
    "sensorChannels": -1.07,
    "trainingSteps": -0.0
  },
  "total": 69.66242405677576
}
