{
  "durationSeconds": 4.999999999999671,
  "steps": 250,
  "survivalRate": 1.0,
  "fell": false,
  "motionCommand": [
    0.25,
    0.0,
    0.0
  ],
  "meanMotionCommand": [
    0.25,
    0.0,
    0.0
  ],
  "meanMeasuredMotion": [
    0.14874615540308353,
    -0.04324168551741051,
    0.14317554155563683
  ],
  "planarVelocityTrackingError": 0.11010079205910892,
  "yawRateTrackingError": 0.14317554155563683,
  "meanVelocityTrackingError": 0.5738391066542045,
  "meanPlanarVelocityTrackingError": 0.2730588968228556,
  "meanYawRateTrackingError": 0.39772220172582035,
  "meanUpright": 0.5714164776582413,
  "meanEnergy": 621.4286555198867,
  "meanSmoothness": 33.7324859769658,
  "peakActuator": 8.0,
  "motionCommandSchedule": [
    {
      "atStep": 0,
      "atSeconds": 0.0,
      "command": [
        0.25,
        0.0,
        0.0
      ]
    }
  ],
  "transitionCount": 0,
  "transitions": [],
  "maximumTransitionTerminalPlanarTrackingError": 0.0,
  "maximumTransitionTerminalYawRateTrackingError": 0.0,
  "maximumPlanarSettlingTimeSeconds": 0.0,
  "maximumPlanarBrakingSettlingTimeSeconds": 0.0,
  "maximumYawRateSettlingTimeSeconds": 0.0,
  "maximumPlanarOvershootMps": 0.0,
  "maximumYawRateOvershootRadPerSec": 0.0,
  "unsettledPlanarTransitionCount": 0,
  "unsettledYawRateTransitionCount": 0,
  "initialBasePosition": [
    0.0,
    0.0,
    0.44
  ],
  "finalBasePosition": [
    0.749663709537168,
    -0.21303620807866405,
    0.2357403340043313
  ],
  "netDisplacement": [
    0.749663709537168,
    -0.21303620807866405,
    -0.2042596659956687
  ],
  "targetPlanarDisplacement": [
    1.25,
    0.0
  ],
  "forwardDisplacement": 0.749663709537168,
  "targetDistance": 1.25,
  "forwardProgress": 0.5997309676297344,
  "signedForwardProgress": 0.5997309676297344,
  "backwardDisplacement": 0.0,
  "meanForwardVelocity": 0.14993274190744346,
  "lateralDrift": 0.21303620807866405,
  "distanceTraveled": 1.2965450739878053
}
