{
  "terms": {
    "survival": 25.0,
    "velocityTracking": 12.707779286611851,
    "forwardProgress": 29.98654838148672,
    "upright": 8.57124716487362,
    "lateralDrift": -2.1303620807866404,
    "transitionTracking": 0.0,
    "energy": -6.214286555198867,
    "smoothness": -0.168662429884829,
    "componentMass": -1.5075,
    "sensorChannels": -5.3500000000000005,
    "trainingSteps": -0.0
  },
  "total": 60.89476376710186
}
