{
  "durationSeconds": 1.2000000000000008,
  "steps": 60,
  "survivalRate": 0.236,
  "fell": true,
  "motionCommand": [
    0.25,
    0.0,
    0.0
  ],
  "meanMotionCommand": [
    0.25,
    0.0,
    0.0
  ],
  "meanMeasuredMotion": [
    0.3733117621925946,
    -0.004921267303566299,
    -0.0457437637621317
  ],
  "planarVelocityTrackingError": 0.12340992491252943,
  "yawRateTrackingError": 0.0457437637621317,
  "meanVelocityTrackingError": 0.27350599741133425,
  "meanPlanarVelocityTrackingError": 0.24710254807996396,
  "meanYawRateTrackingError": 0.049023247629727575,
  "meanUpright": 0.56861204223854,
  "meanEnergy": 510.9582073968215,
  "meanSmoothness": 28.220438886652786,
  "peakActuator": 8.0,
  "motionCommandSchedule": [
    {
      "atStep": 0,
      "atSeconds": 0.0,
      "command": [
        0.25,
        0.0,
        0.0
      ]
    }
  ],
  "transitionCount": 0,
  "transitions": [],
  "maximumTransitionTerminalPlanarTrackingError": 0.0,
  "maximumTransitionTerminalYawRateTrackingError": 0.0,
  "maximumPlanarSettlingTimeSeconds": 0.0,
  "maximumPlanarBrakingSettlingTimeSeconds": 0.0,
  "maximumYawRateSettlingTimeSeconds": 0.0,
  "maximumPlanarOvershootMps": 0.0,
  "maximumYawRateOvershootRadPerSec": 0.0,
  "unsettledPlanarTransitionCount": 0,
  "unsettledYawRateTransitionCount": 0,
  "initialBasePosition": [
    0.0,
    0.0,
    0.44
  ],
  "finalBasePosition": [
    0.4452088349843396,
    -0.005433266940792644,
    0.18026637496201336
  ],
  "netDisplacement": [
    0.4452088349843396,
    -0.005433266940792644,
    -0.25973362503798664
  ],
  "targetPlanarDisplacement": [
    1.25,
    0.0
  ],
  "forwardDisplacement": 0.4452088349843396,
  "targetDistance": 1.25,
  "forwardProgress": 0.35616706798747166,
  "signedForwardProgress": 0.35616706798747166,
  "backwardDisplacement": 0.0,
  "meanForwardVelocity": 0.37100736248694943,
  "lateralDrift": 0.005433266940792644,
  "distanceTraveled": 0.4503318678631376
}
