{
  "terms": {
    "survival": 5.8999999999999995,
    "velocityTracking": 15.704676727596226,
    "forwardProgress": 17.808353399373583,
    "upright": 8.5291806335781,
    "lateralDrift": -0.05433266940792644,
    "transitionTracking": 0.0,
    "energy": -5.109582073968215,
    "smoothness": -0.14110219443326394,
    "componentMass": -1.5075,
    "sensorChannels": -5.3500000000000005,
    "trainingSteps": -0.0
  },
  "total": 35.7796938227385
}
