{
  "durationSeconds": 1.7400000000000013,
  "steps": 87,
  "survivalRate": 0.344,
  "fell": true,
  "motionCommand": [
    0.25,
    0.0,
    0.0
  ],
  "meanMotionCommand": [
    0.25,
    0.0,
    0.0
  ],
  "meanMeasuredMotion": [
    0.23340023489499312,
    0.010073391393027485,
    -0.02743723149992453
  ],
  "planarVelocityTrackingError": 0.019417142315452197,
  "yawRateTrackingError": 0.02743723149992453,
  "meanVelocityTrackingError": 0.2569444431419148,
  "meanPlanarVelocityTrackingError": 0.1905040505110724,
  "meanYawRateTrackingError": 0.09672855253605007,
  "meanUpright": 0.4799037244697789,
  "meanEnergy": 538.3085492188097,
  "meanSmoothness": 29.475842898141945,
  "peakActuator": 8.0,
  "motionCommandSchedule": [
    {
      "atStep": 0,
      "atSeconds": 0.0,
      "command": [
        0.25,
        0.0,
        0.0
      ]
    }
  ],
  "transitionCount": 0,
  "transitions": [],
  "maximumTransitionTerminalPlanarTrackingError": 0.0,
  "maximumTransitionTerminalYawRateTrackingError": 0.0,
  "maximumPlanarSettlingTimeSeconds": 0.0,
  "maximumPlanarBrakingSettlingTimeSeconds": 0.0,
  "maximumYawRateSettlingTimeSeconds": 0.0,
  "maximumPlanarOvershootMps": 0.0,
  "maximumYawRateOvershootRadPerSec": 0.0,
  "unsettledPlanarTransitionCount": 0,
  "unsettledYawRateTransitionCount": 0,
  "initialBasePosition": [
    0.0,
    0.0,
    0.44
  ],
  "finalBasePosition": [
    0.4094684594740136,
    0.018351903039313697,
    0.17384280684278428
  ],
  "netDisplacement": [
    0.4094684594740136,
    0.018351903039313697,
    -0.26615719315721575
  ],
  "targetPlanarDisplacement": [
    1.25,
    0.0
  ],
  "forwardDisplacement": 0.4094684594740136,
  "targetDistance": 1.25,
  "forwardProgress": 0.3275747675792109,
  "signedForwardProgress": 0.3275747675792109,
  "backwardDisplacement": 0.0,
  "meanForwardVelocity": 0.23532670084713408,
  "lateralDrift": 0.018351903039313697,
  "distanceTraveled": 0.46464389373159204
}
