{
  "durationSeconds": 6.499999999999506,
  "steps": 325,
  "survivalRate": 1.0,
  "fell": false,
  "motionCommand": [
    0.0,
    0.009230769230769237,
    0.0
  ],
  "meanMotionCommand": [
    0.0,
    0.009230769230769237,
    0.0
  ],
  "meanMeasuredMotion": [
    0.09383740357284504,
    0.17494194841582508,
    0.019533976415412678
  ],
  "planarVelocityTrackingError": 0.19043543056951004,
  "yawRateTrackingError": 0.019533976415412678,
  "meanVelocityTrackingError": 0.8446290457054215,
  "meanPlanarVelocityTrackingError": 0.39337786521957074,
  "meanYawRateTrackingError": 0.693392726157945,
  "meanUpright": 0.8725330550097649,
  "meanEnergy": 506.2146027216685,
  "meanSmoothness": 39.97589857196331,
  "peakActuator": 8.0,
  "motionCommandSchedule": [
    {
      "atStep": 0,
      "atSeconds": 0.0,
      "command": [
        0.0,
        0.12,
        0.0
      ]
    },
    {
      "atStep": 125,
      "atSeconds": 2.5,
      "command": [
        0.0,
        -0.12,
        0.0
      ]
    },
    {
      "atStep": 225,
      "atSeconds": 4.5,
      "command": [
        0.0,
        0.0,
        0.0
      ]
    }
  ],
  "transitionCount": 2,
  "transitions": [
    {
      "index": 1,
      "atStep": 125,
      "atSeconds": 2.5,
      "endStep": 225,
      "fromCommand": [
        0.0,
        0.12,
        0.0
      ],
      "toCommand": [
        0.0,
        -0.12,
        0.0
      ],
      "sampleCount": 100,
      "peakPlanarTrackingError": 0.5688246129170186,
      "peakYawRateTrackingError": 1.7358746691904687,
      "terminalMeasuredMotion": [
        0.4199330221005832,
        -0.2493755676558907,
        0.3820227211866129
      ],
      "terminalPlanarTrackingError": 0.4394107196653409,
      "terminalYawRateTrackingError": 0.3820227211866129,
      "planarOvershootMps": 0.4052092642473253,
      "yawRateOvershootRadPerSec": 0.0,
      "planarSettlingTimeSeconds": 2.0,
      "yawRateSettlingTimeSeconds": 2.0,
      "planarSettled": false,
      "yawRateSettled": false
    },
    {
      "index": 2,
      "atStep": 225,
      "atSeconds": 4.5,
      "endStep": 325,
      "fromCommand": [
        0.0,
        -0.12,
        0.0
      ],
      "toCommand": [
        0.0,
        0.0,
        0.0
      ],
      "sampleCount": 100,
      "peakPlanarTrackingError": 1.2510282483198156,
      "peakYawRateTrackingError": 2.577813823762345,
      "terminalMeasuredMotion": [
        0.12842899340074013,
        -0.04415821500972392,
        0.03873688769673815
      ],
      "terminalPlanarTrackingError": 0.1358085207149108,
      "terminalYawRateTrackingError": 0.03873688769673815,
      "planarOvershootMps": 0.8948332905048595,
      "yawRateOvershootRadPerSec": 0.0,
      "planarSettlingTimeSeconds": 2.0,
      "yawRateSettlingTimeSeconds": 1.76,
      "planarSettled": false,
      "yawRateSettled": true
    }
  ],
  "maximumTransitionTerminalPlanarTrackingError": 0.4394107196653409,
  "maximumTransitionTerminalYawRateTrackingError": 0.3820227211866129,
  "maximumPlanarSettlingTimeSeconds": 2.0,
  "maximumYawRateSettlingTimeSeconds": 2.0,
  "maximumPlanarOvershootMps": 0.8948332905048595,
  "maximumYawRateOvershootRadPerSec": 0.0,
  "unsettledPlanarTransitionCount": 2,
  "unsettledYawRateTransitionCount": 1,
  "initialBasePosition": [
    0.0,
    0.0,
    0.44
  ],
  "finalBasePosition": [
    0.6105041755030846,
    1.1395641557796572,
    0.23898126340101947
  ],
  "netDisplacement": [
    0.6105041755030846,
    1.1395641557796572,
    -0.20101873659898054
  ],
  "targetPlanarDisplacement": [
    0.0,
    0.06
  ],
  "forwardDisplacement": 1.1395641557796572,
  "targetDistance": 0.06,
  "forwardProgress": 1.0,
  "meanForwardVelocity": 0.1753175624276529,
  "lateralDrift": 0.6105041755030846,
  "distanceTraveled": 2.6738250795204483
}
