{
  "terms": {
    "survival": 30.0,
    "velocityTracking": 10.842288343319249,
    "forwardProgress": 10.0,
    "upright": 13.087995825146473,
    "lateralDrift": -3.052520877515423,
    "transitionTracking": 4.46676720862446,
    "energy": -2.5310730136083426,
    "smoothness": -0.03997589857196331,
    "componentMass": -1.2060000000000002,
    "sensorChannels": -1.07,
    "trainingSteps": -0.0
  },
  "total": 60.497481587394454
}
