{
  "durationSeconds": 6.499999999999506,
  "steps": 325,
  "survivalRate": 1.0,
  "fell": false,
  "motionCommand": [
    0.030769230769230813,
    0.0,
    0.0
  ],
  "meanMotionCommand": [
    0.030769230769230813,
    0.0,
    0.0
  ],
  "meanMeasuredMotion": [
    0.06425199435966536,
    0.02291199942502162,
    0.04553348911383739
  ],
  "planarVelocityTrackingError": 0.04057160553028584,
  "yawRateTrackingError": 0.04553348911383739,
  "meanVelocityTrackingError": 0.6292252579576999,
  "meanPlanarVelocityTrackingError": 0.2559500065561003,
  "meanYawRateTrackingError": 0.473029993592548,
  "meanUpright": 0.6499578650963811,
  "meanEnergy": 612.7159215708713,
  "meanSmoothness": 31.502870753895063,
  "peakActuator": 8.0,
  "motionCommandSchedule": [
    {
      "atStep": 0,
      "atSeconds": 0.0,
      "command": [
        0.2,
        0.0,
        0.0
      ]
    },
    {
      "atStep": 125,
      "atSeconds": 2.5,
      "command": [
        -0.15,
        0.0,
        0.0
      ]
    },
    {
      "atStep": 225,
      "atSeconds": 4.5,
      "command": [
        0.0,
        0.0,
        0.0
      ]
    }
  ],
  "transitionCount": 2,
  "transitions": [
    {
      "index": 1,
      "atStep": 125,
      "atSeconds": 2.5,
      "endStep": 225,
      "fromCommand": [
        0.2,
        0.0,
        0.0
      ],
      "toCommand": [
        -0.15,
        0.0,
        0.0
      ],
      "sampleCount": 100,
      "peakPlanarTrackingError": 0.5876087150594713,
      "peakYawRateTrackingError": 2.3685556725772807,
      "terminalMeasuredMotion": [
        0.19976623305823107,
        0.16438258622257412,
        -0.2532893141969301
      ],
      "terminalPlanarTrackingError": 0.3864686952923443,
      "terminalYawRateTrackingError": 0.2532893141969301,
      "planarOvershootMps": 0.33573820427882695,
      "yawRateOvershootRadPerSec": 0.0,
      "planarSettlingTimeSeconds": 2.0,
      "yawRateSettlingTimeSeconds": 2.0,
      "planarSettled": false,
      "yawRateSettled": false,
      "planarBraking": false
    },
    {
      "index": 2,
      "atStep": 225,
      "atSeconds": 4.5,
      "endStep": 325,
      "fromCommand": [
        -0.15,
        0.0,
        0.0
      ],
      "toCommand": [
        0.0,
        0.0,
        0.0
      ],
      "sampleCount": 100,
      "peakPlanarTrackingError": 0.43476947334306365,
      "peakYawRateTrackingError": 2.12593797138235,
      "terminalMeasuredMotion": [
        -0.01754137302868543,
        0.053327911254479735,
        0.2851167836394188
      ],
      "terminalPlanarTrackingError": 0.05613880909404081,
      "terminalYawRateTrackingError": 0.2851167836394188,
      "planarOvershootMps": 0.4031009099606145,
      "yawRateOvershootRadPerSec": 0.0,
      "planarSettlingTimeSeconds": 1.9,
      "yawRateSettlingTimeSeconds": 2.0,
      "planarSettled": true,
      "yawRateSettled": false,
      "planarBraking": true
    }
  ],
  "maximumTransitionTerminalPlanarTrackingError": 0.3864686952923443,
  "maximumTransitionTerminalYawRateTrackingError": 0.2851167836394188,
  "maximumPlanarSettlingTimeSeconds": 2.0,
  "maximumPlanarBrakingSettlingTimeSeconds": 1.9,
  "maximumYawRateSettlingTimeSeconds": 2.0,
  "maximumPlanarOvershootMps": 0.4031009099606145,
  "maximumYawRateOvershootRadPerSec": 0.0,
  "unsettledPlanarTransitionCount": 1,
  "unsettledYawRateTransitionCount": 2,
  "initialBasePosition": [
    0.0,
    0.0,
    0.44
  ],
  "finalBasePosition": [
    0.4243187009050745,
    0.1489343745777941,
    0.223897398898029
  ],
  "netDisplacement": [
    0.4243187009050745,
    0.1489343745777941,
    -0.216102601101971
  ],
  "targetPlanarDisplacement": [
    0.2,
    0.0
  ],
  "forwardDisplacement": 0.4243187009050745,
  "targetDistance": 0.2,
  "forwardProgress": 1.0,
  "signedForwardProgress": 2.1215935045253724,
  "backwardDisplacement": 0.0,
  "meanForwardVelocity": 0.0652798001392472,
  "lateralDrift": 0.1489343745777941,
  "distanceTraveled": 1.6663769757215738
}
