{
  "terms": {
    "survival": 30.0,
    "velocityTracking": 12.275773348291207,
    "forwardProgress": 10.0,
    "upright": 9.749367976445717,
    "lateralDrift": -0.7446718728889705,
    "transitionTracking": 4.93852654761821,
    "energy": -3.0635796078543565,
    "smoothness": -0.03150287075389507,
    "componentMass": -1.2060000000000002,
    "sensorChannels": -1.07,
    "trainingSteps": -0.0
  },
  "total": 60.84791352085791
}
