{
  "count": 8192.000100000001,
  "mean": [
    0.13638077685338384,
    0.31796322811443384,
    -0.4354411613136502,
    -0.15529927934265222,
    0.3249998521088713,
    -0.4650911954801031,
    0.18224411954334485,
    0.23525666162300593,
    -0.5220527450793617,
    -0.2053467739418944,
    0.25052174837005453,
    -0.52032112841442,
    -0.0039031472247155682,
    -0.0013597656524964095,
    0.01570274178171716,
    3.83277044761893e-05,
    0.0026679652705789867,
    0.013678985380555897,
    0.0027834155914796743,
    0.017017232632304587,
    -0.02332539246570439,
    -0.010985114465677338,
    0.025100968755237856,
    -0.02567188808287446,
    0.3292316425382776,
    0.7907062061109746,
    -0.08803428175433052,
    0.11730730843829633,
    -0.046957707301802515,
    0.038604596590344376,
    0.008645947428020535,
    -1.8551596146411267e-05,
    -0.0195807655688784,
    0.04463361405007402,
    -0.005986125291811613,
    -0.019639167050529118,
    0.03772924720618152,
    -0.006028939506990502,
    0.28125506558363517,
    -0.03470973122712421,
    6.34005757250639,
    0.17847269391499124,
    -0.14141913699905495,
    0.013139985641016778,
    -0.18007443659299308,
    -0.049469977883035844,
    0.09362535152548833,
    0.03420080802834911,
    0.05563235385192008,
    0.7929875723303464,
    0.06740560678830618,
    -0.0458704407246529,
    0.7190257084678152,
    0.17741667783969547,
    -0.14184715164599734,
    0.012306348027627695,
    -0.1808449838303242,
    -0.05026188134696168,
    0.09716464129682678,
    0.034007790134037555,
    0.061299335433193027,
    0.7897840398700743,
    0.06583334522388515,
    -0.04025719163273102,
    0.7135160812914371,
    0.17796366428853766,
    -0.1439822677077103,
    0.013410794554934633,
    -0.18007108836213623,
    -0.0528612507951444,
    0.09866821136012974,
    0.03413276797422376,
    0.05256021151740051,
    0.8005162593059526,
    0.06738367602701356,
    -0.04750796237318579,
    0.7214679428552125,
    0.18080911756433796,
    -0.14151154424574475,
    0.012163970114366447,
    -0.17668687906383773,
    -0.04942569396588904,
    0.09497580302304187,
    0.03730851819700639,
    0.05411331229653689,
    0.8003739084328713,
    0.06954032827442702,
    -0.04418236075592798,
    0.7165723411988212,
    0.18060137982828448,
    -0.14142832651518691,
    0.013107399650093766,
    -0.17745888830180098,
    -0.049493799106199825,
    0.09280655490612062,
    0.03662471394679467,
    0.05170661084239281,
    0.7968058023644156,
    0.06969284968484024,
    -0.04709485532931464,
    0.7202966731322828,
    0.17816020411419234,
    -0.13918449954035297,
    0.012222776510910421,
    -0.17991959501024504,
    -0.04660854821510228,
    0.09324225495502299,
    0.0344984445676679,
    0.06109040613737593,
    0.7890549301061354,
    0.06690493357647896,
    -0.039930572432102934,
    0.7135430461857712,
    0.17726224211936673,
    -0.1432703883270935,
    0.013424710137062722,
    -0.1806367721171295,
    -0.05166936281461565,
    0.09866624092122708,
    0.033257436594118304,
    0.055491756870145535,
    0.7966204936909348,
    0.06663514791564348,
    -0.04696879448544475,
    0.7203726755325237,
    0.17771231137460322,
    -0.1417537446392398,
    0.012440760426990181,
    -0.17991975317793696,
    -0.04990523999237666,
    0.0982343220282774,
    0.03423808736903333,
    0.05782712870512324,
    0.7964633213692885,
    0.06691970617279566,
    -0.04140291600948169,
    0.7159630083095467,
    0.3530088208122087,
    0.14873046833215406,
    0.016479492641170438,
    0.045776366628706454,
    11.53929857284194,
    11.61658615854992,
    13.477657021760152,
    13.101363006198895
  ],
  "variance": [
    0.01634828920669146,
    0.09727327432499698,
    0.08120650329727959,
    0.015757945821349924,
    0.0774745486792891,
    0.08253075544955239,
    0.02518129823825567,
    0.13024127864119603,
    0.02923700032235384,
    0.022699132976116202,
    0.11652908863520964,
    0.0339035270230962,
    5.768250570479257,
    11.247416187893245,
    26.775307550916825,
    5.648707308643513,
    11.113556093541419,
    26.65241276956535,
    6.566864280643576,
    11.352362884566576,
    22.20441906421358,
    6.586890565478086,
    11.593074321623982,
    22.548088794252852,
    0.019403938631898716,
    0.1375654376149543,
    0.08223869372781363,
    0.10021446451109783,
    0.03104868898426583,
    0.054550532847112684,
    0.03131785882034834,
    0.05114799384134558,
    2.123964738245167,
    1.0708629443451625,
    0.19390794235284056,
    2.041294598722111,
    0.9970350917680229,
    0.18627678423994767,
    33.34617092056805,
    24.97172131283412,
    226.24166414957799,
    17.228876864614897,
    44.68105842584441,
    50.884806595832856,
    16.82664865981154,
    44.594167305859166,
    50.155455264978315,
    18.6896953265589,
    45.90450002662015,
    46.923370755800626,
    18.805672361623074,
    46.5006564195982,
    47.492383175297675,
    17.25325456572408,
    44.74461714600249,
    50.967987627366504,
    16.850619598154548,
    44.65606588855133,
    50.23227846445216,
    18.708604819856717,
    45.9587564303351,
    46.97277430681837,
    18.82966155975396,
    46.566809992600355,
    47.5682817006178,
    17.27774622730497,
    44.81210885831044,
    51.05156918782258,
    16.875719185273827,
    44.71475962400996,
    50.310060140905634,
    18.732604581697302,
    46.02461337449011,
    47.04096225393958,
    18.855082071888944,
    46.64430566919697,
    47.63499745161415,
    17.300008345314904,
    44.880414720686915,
    51.133666454927926,
    16.90142396533853,
    44.77449636941456,
    50.38199964859208,
    18.756120879186497,
    46.08683882040317,
    47.09228513575836,
    18.878967702202193,
    46.71199765567953,
    47.70288948484881,
    17.199380395297425,
    44.64989476978968,
    50.85378278245916,
    16.803469446051,
    44.56285649488316,
    50.132228967033335,
    18.664278588269923,
    45.87359713591287,
    46.88787768745116,
    18.77858939038754,
    46.47847106572897,
    47.46950975752576,
    17.22896943194409,
    44.721229364936164,
    50.938299943953,
    16.82741356552886,
    44.62874102386106,
    50.20147673717097,
    18.690024580853446,
    45.939851344456095,
    46.94984134616333,
    18.806297648669194,
    46.542847671669264,
    47.53671953444352,
    17.253530640599443,
    44.79003452386875,
    51.02031476780029,
    16.850821306748273,
    44.691100782368565,
    50.278950499084175,
    18.709134606694555,
    46.00088072259423,
    47.016667729119455,
    18.831477444509666,
    46.618878873831164,
    47.61290614083114,
    17.27776857287536,
    44.85245685809327,
    51.10629998932758,
    16.876159679420958,
    44.74908916897139,
    50.356903603570686,
    18.73252523086447,
    46.05812592070782,
    47.06757188509586,
    18.855318309892095,
    46.6883755058599,
    47.679475307523326,
    0.22837674821194517,
    0.0058675415427403435,
    0.0022003625237217166,
    0.009348628122481977,
    399.3804814095084,
    439.65463897361707,
    509.19329993969393,
    505.12582458535275
  ]
}
