{
  "durationSeconds": 2.6999999999999242,
  "steps": 135,
  "survivalRate": 0.536,
  "fell": true,
  "motionCommand": [
    0.25,
    0.0,
    0.0
  ],
  "meanMotionCommand": [
    0.25,
    0.0,
    0.0
  ],
  "meanMeasuredMotion": [
    -0.11664993719675401,
    -7.306138246426894e-05,
    0.003962196031769364
  ],
  "planarVelocityTrackingError": 0.36664994447613003,
  "yawRateTrackingError": 0.003962196031769364,
  "meanVelocityTrackingError": 0.36896105175916216,
  "meanPlanarVelocityTrackingError": 0.36689109169052486,
  "meanYawRateTrackingError": 0.011244600704678205,
  "meanUpright": 0.7209195621733739,
  "meanAbsolutePitchRad": 0.507696493471117,
  "maximumAbsolutePitchRad": 1.5481437892665662,
  "maximumAbsolutePitchRateRadPerSec": 5.0847717432629755,
  "meanEnergy": 181.42416916157597,
  "meanSmoothness": 122.40502344812946,
  "peakActuator": 8.0,
  "motionCommandSchedule": [
    {
      "atStep": 0,
      "atSeconds": 0.0,
      "command": [
        0.25,
        0.0,
        0.0
      ]
    }
  ],
  "transitionCount": 0,
  "transitions": [],
  "maximumTransitionTerminalPlanarTrackingError": 0.0,
  "maximumTransitionTerminalYawRateTrackingError": 0.0,
  "maximumPlanarSettlingTimeSeconds": 0.0,
  "maximumPlanarBrakingSettlingTimeSeconds": 0.0,
  "maximumYawRateSettlingTimeSeconds": 0.0,
  "maximumPlanarOvershootMps": 0.0,
  "maximumYawRateOvershootRadPerSec": 0.0,
  "unsettledPlanarTransitionCount": 0,
  "unsettledYawRateTransitionCount": 0,
  "initialBasePosition": [
    0.0,
    0.0,
    0.44
  ],
  "finalBasePosition": [
    -0.30928282999609985,
    0.00033577816771822506,
    0.18089067480186877
  ],
  "netDisplacement": [
    -0.30928282999609985,
    0.00033577816771822506,
    -0.25910932519813124
  ],
  "targetPlanarDisplacement": [
    1.25,
    0.0
  ],
  "forwardDisplacement": -0.30928282999609985,
  "targetDistance": 1.25,
  "forwardProgress": 0.0,
  "signedForwardProgress": -0.2474262639968799,
  "backwardDisplacement": 0.30928282999609985,
  "meanForwardVelocity": -0.11454919629485501,
  "lateralDrift": 0.00033577816771822506,
  "distanceTraveled": 0.4088097187037018
}
