{
  "terms": {
    "survival": 13.4,
    "velocityTracking": 14.609619444102746,
    "forwardProgress": 0.0,
    "upright": 10.813793432600608,
    "lateralDrift": -0.0033577816771822506,
    "transitionTracking": 0.0,
    "energy": -1.8142416916157598,
    "smoothness": -0.6120251172406473,
    "componentMass": -1.5075,
    "sensorChannels": -5.3500000000000005,
    "trainingSteps": -0.0
  },
  "total": 29.536288286169764
}
