{
  "durationSeconds": 6.499999999999506,
  "steps": 325,
  "survivalRate": 1.0,
  "fell": false,
  "motionCommand": [
    0.0,
    0.0,
    0.038461538461538464
  ],
  "meanMotionCommand": [
    0.0,
    0.0,
    0.038461538461538464
  ],
  "meanMeasuredMotion": [
    -0.04042679236619182,
    0.011945726069512311,
    0.04697363511648302
  ],
  "planarVelocityTrackingError": 0.04215478516547097,
  "yawRateTrackingError": 0.008512096654944554,
  "meanVelocityTrackingError": 1.3014536288313652,
  "meanPlanarVelocityTrackingError": 0.1369437894395603,
  "meanYawRateTrackingError": 1.2823904229749723,
  "meanUpright": 0.9577930430703598,
  "meanEnergy": 179.4995677364111,
  "meanSmoothness": 112.04630472315459,
  "peakActuator": 8.0,
  "motionCommandSchedule": [
    {
      "atStep": 0,
      "atSeconds": 0.0,
      "command": [
        0.0,
        0.0,
        0.5
      ]
    },
    {
      "atStep": 125,
      "atSeconds": 2.5,
      "command": [
        0.0,
        0.0,
        -0.5
      ]
    },
    {
      "atStep": 225,
      "atSeconds": 4.5,
      "command": [
        0.0,
        0.0,
        0.0
      ]
    }
  ],
  "transitionCount": 2,
  "transitions": [
    {
      "index": 1,
      "atStep": 125,
      "atSeconds": 2.5,
      "endStep": 225,
      "fromCommand": [
        0.0,
        0.0,
        0.5
      ],
      "toCommand": [
        0.0,
        0.0,
        -0.5
      ],
      "sampleCount": 100,
      "peakPlanarTrackingError": 0.3029856756096991,
      "peakYawRateTrackingError": 2.6702959332327154,
      "terminalMeasuredMotion": [
        -0.16345487980934081,
        -0.056505035340591946,
        1.4916200993114024
      ],
      "terminalPlanarTrackingError": 0.1729459937446589,
      "terminalYawRateTrackingError": 1.9916200993114024,
      "planarOvershootMps": 0.0,
      "yawRateOvershootRadPerSec": 1.0552844149440122,
      "planarSettlingTimeSeconds": 2.0,
      "yawRateSettlingTimeSeconds": 2.0,
      "planarSettled": false,
      "yawRateSettled": false
    },
    {
      "index": 2,
      "atStep": 225,
      "atSeconds": 4.5,
      "endStep": 325,
      "fromCommand": [
        0.0,
        0.0,
        -0.5
      ],
      "toCommand": [
        0.0,
        0.0,
        0.0
      ],
      "sampleCount": 100,
      "peakPlanarTrackingError": 0.3640947064120528,
      "peakYawRateTrackingError": 4.026330689255345,
      "terminalMeasuredMotion": [
        0.04813423032119381,
        0.0665700328885348,
        1.143528425725245
      ],
      "terminalPlanarTrackingError": 0.08214909255368764,
      "terminalYawRateTrackingError": 1.143528425725245,
      "planarOvershootMps": 0.0,
      "yawRateOvershootRadPerSec": 4.026330689255345,
      "planarSettlingTimeSeconds": 1.96,
      "yawRateSettlingTimeSeconds": 2.0,
      "planarSettled": true,
      "yawRateSettled": false
    }
  ],
  "maximumTransitionTerminalPlanarTrackingError": 0.1729459937446589,
  "maximumTransitionTerminalYawRateTrackingError": 1.9916200993114024,
  "maximumPlanarSettlingTimeSeconds": 2.0,
  "maximumYawRateSettlingTimeSeconds": 2.0,
  "maximumPlanarOvershootMps": 0.0,
  "maximumYawRateOvershootRadPerSec": 4.026330689255345,
  "unsettledPlanarTransitionCount": 1,
  "unsettledYawRateTransitionCount": 2,
  "initialBasePosition": [
    0.0,
    0.0,
    0.44
  ],
  "finalBasePosition": [
    -0.26695577466403647,
    0.07491724118242324,
    0.4218292660963385
  ],
  "netDisplacement": [
    -0.26695577466403647,
    0.07491724118242324,
    -0.01817073390366153
  ],
  "targetPlanarDisplacement": [
    0.0,
    0.0
  ],
  "forwardDisplacement": 0.0,
  "targetDistance": 0.0,
  "forwardProgress": 1.0,
  "meanForwardVelocity": 0.0,
  "lateralDrift": 0.27726878412987854,
  "distanceTraveled": 0.8454839817605366
}
