{
  "previous": {
    "assembly": "force-sensing",
    "controller": "force-aware-gait",
    "assemblyHash": "d89572552c790a7256a7fe23403e257b121aab1b617e4b133032638dcb972cea",
    "aggregateScore": 84.07506901465986,
    "cases": [
      {
        "case": {
          "id": "nominal",
          "task": "velocity-track",
          "scenario": "nominal",
          "seed": 42,
          "weight": 1
        },
        "metrics": {
          "durationSeconds": 2.999999999999891,
          "steps": 150,
          "survivalRate": 1,
          "fell": false,
          "meanVelocityTrackingError": 0.20014925657536645,
          "meanUpright": 0.9411826520466146,
          "meanEnergy": 1.1898567983456754,
          "meanSmoothness": 0.40129449658757127,
          "peakActuator": 6
        },
        "score": {
          "terms": {
            "survival": 50,
            "velocityTracking": 16.664593916485128,
            "upright": 18.823653040932292,
            "energy": -0.023797135966913508,
            "smoothness": -0.004012944965875713,
            "componentMass": -1.4275,
            "sensorChannels": -0.5,
            "trainingSteps": 0
          },
          "total": 83.53293687648463
        },
        "resultHash": "c4442136c28bb68791050f14cca22ade9f21e7a2fbbb3e7584d4f6e6c80b2ef6"
      },
      {
        "case": {
          "id": "low-friction",
          "task": "velocity-track",
          "scenario": "low-friction",
          "seed": 43,
          "weight": 1.2
        },
        "metrics": {
          "durationSeconds": 2.999999999999891,
          "steps": 150,
          "survivalRate": 1,
          "fell": false,
          "meanVelocityTrackingError": 0.20014925657536645,
          "meanUpright": 0.9411826520466146,
          "meanEnergy": 1.1898567983456754,
          "meanSmoothness": 0.40129449658757127,
          "peakActuator": 6
        },
        "score": {
          "terms": {
            "survival": 50,
            "velocityTracking": 16.664593916485128,
            "upright": 18.823653040932292,
            "energy": -0.023797135966913508,
            "smoothness": -0.004012944965875713,
            "componentMass": -1.4275,
            "sensorChannels": -0.5,
            "trainingSteps": 0
          },
          "total": 83.53293687648463
        },
        "resultHash": "161da7e48cb61816414fdfe697186c694a84cabfaa4d52c4275b09c62cadf5b3"
      },
      {
        "case": {
          "id": "lateral-push",
          "task": "stand",
          "scenario": "lateral-push",
          "seed": 44,
          "weight": 1.5
        },
        "metrics": {
          "durationSeconds": 2.0000000000000013,
          "steps": 100,
          "survivalRate": 1,
          "fell": false,
          "meanVelocityTrackingError": 0.0979450608870732,
          "meanUpright": 0.9323098898146401,
          "meanEnergy": 2.904361335665178,
          "meanSmoothness": 0.6262107921321286,
          "peakActuator": 6
        },
        "score": {
          "terms": {
            "survival": 50,
            "velocityTracking": 18.215847688992028,
            "upright": 18.646197796292803,
            "energy": -0.05808722671330356,
            "smoothness": -0.006262107921321286,
            "componentMass": -1.4275,
            "sensorChannels": -0.5,
            "trainingSteps": 0
          },
          "total": 84.8701961506502
        },
        "resultHash": "4cff6144a05165df523002f2dfd75bd28a30966c052c5843a0732deafffe4149"
      }
    ]
  },
  "candidate": {
    "assembly": "force-sensing",
    "controller": "force-aware-gait",
    "assemblyHash": "d89572552c790a7256a7fe23403e257b121aab1b617e4b133032638dcb972cea",
    "aggregateScore": 84.04568708058054,
    "cases": [
      {
        "case": {
          "id": "nominal",
          "task": "velocity-track",
          "scenario": "nominal",
          "seed": 42,
          "weight": 1
        },
        "metrics": {
          "durationSeconds": 2.999999999999891,
          "steps": 150,
          "survivalRate": 1,
          "fell": false,
          "meanVelocityTrackingError": 0.2005671093241335,
          "meanUpright": 0.9407218612306417,
          "meanEnergy": 1.1497191000854836,
          "meanSmoothness": 0.3958570697268214,
          "peakActuator": 5.999999999999998
        },
        "score": {
          "terms": {
            "survival": 50,
            "velocityTracking": 16.65879386889011,
            "upright": 18.814437224612835,
            "energy": -0.02299438200170967,
            "smoothness": -0.003958570697268214,
            "componentMass": -1.4275,
            "sensorChannels": -0.5,
            "trainingSteps": 0
          },
          "total": 83.51877814080397
        },
        "resultHash": "2e093df6dabfa0297fe41002dec85abf58a2d287abc04a37e9f7f5da166a5213"
      },
      {
        "case": {
          "id": "low-friction",
          "task": "velocity-track",
          "scenario": "low-friction",
          "seed": 43,
          "weight": 1.2
        },
        "metrics": {
          "durationSeconds": 2.999999999999891,
          "steps": 150,
          "survivalRate": 1,
          "fell": false,
          "meanVelocityTrackingError": 0.2005671093241335,
          "meanUpright": 0.9407218612306417,
          "meanEnergy": 1.1497191000854836,
          "meanSmoothness": 0.3958570697268214,
          "peakActuator": 5.999999999999998
        },
        "score": {
          "terms": {
            "survival": 50,
            "velocityTracking": 16.65879386889011,
            "upright": 18.814437224612835,
            "energy": -0.02299438200170967,
            "smoothness": -0.003958570697268214,
            "componentMass": -1.4275,
            "sensorChannels": -0.5,
            "trainingSteps": 0
          },
          "total": 83.51877814080397
        },
        "resultHash": "6950e1b23310cd3f2dafd456edbcf096a042c2e5dddc7969532cde4b23ce5ebd"
      },
      {
        "case": {
          "id": "lateral-push",
          "task": "stand",
          "scenario": "lateral-push",
          "seed": 44,
          "weight": 1.5
        },
        "metrics": {
          "durationSeconds": 2.0000000000000013,
          "steps": 100,
          "survivalRate": 1,
          "fell": false,
          "meanVelocityTrackingError": 0.09945890634643792,
          "meanUpright": 0.9309489319482195,
          "meanEnergy": 2.8784121591446405,
          "meanSmoothness": 0.6189817032587931,
          "peakActuator": 5.999999999999998
        },
        "score": {
          "terms": {
            "survival": 50,
            "velocityTracking": 18.190766280170575,
            "upright": 18.61897863896439,
            "energy": -0.05756824318289281,
            "smoothness": -0.006189817032587931,
            "componentMass": -1.4275,
            "sensorChannels": -0.5,
            "trainingSteps": 0
          },
          "total": 84.81848685891948
        },
        "resultHash": "6619ccc1bc3cad75dee9411c828bc2b8dedff4f80382d520cf7c63e06f698e17"
      }
    ]
  },
  "delta": -0.02938193407932488,
  "gateReasons": []
}
