{
  "terms": {
    "survival": 25.0,
    "velocityTracking": 11.571260939375923,
    "forwardProgress": 14.168012620339027,
    "upright": 10.136385666797093,
    "lateralDrift": -2.3032175741952036e-09,
    "transitionTracking": 0.0,
    "energy": -5.910839857935566,
    "smoothness": -0.14114294034631955,
    "componentMass": -1.5075,
    "sensorChannels": -5.3500000000000005,
    "trainingSteps": -0.0
  },
  "total": 47.96617642592694
}
