{
  "durationSeconds": 5.999999999999561,
  "steps": 300,
  "survivalRate": 1.0,
  "fell": false,
  "motionCommand": [
    0.0,
    0.0,
    0.0
  ],
  "meanMotionCommand": [
    0.0,
    0.0,
    0.0
  ],
  "meanMeasuredMotion": [
    -0.017271394725954573,
    -9.152913998421063e-15,
    2.526977004608266e-14
  ],
  "planarVelocityTrackingError": 0.017271394725954573,
  "yawRateTrackingError": 2.526977004608266e-14,
  "meanVelocityTrackingError": 0.1843492822229542,
  "meanPlanarVelocityTrackingError": 0.1843492822229542,
  "meanYawRateTrackingError": 1.7334096273636716e-13,
  "meanUpright": 0.7991039735126382,
  "meanAbsolutePitchRad": 0.4171713590660297,
  "minimumPitchRad": -0.6403682704363141,
  "maximumPitchRad": 1.570402409932242,
  "maximumBackwardPitchRad": 0.6403682704363141,
  "maximumAbsolutePitchRad": 1.570402409932242,
  "maximumAbsolutePitchRateRadPerSec": 4.945948567254585,
  "meanBodyTiltRad": 0.4207037411585777,
  "maximumBodyTiltRad": 1.646688003755563,
  "initialBodyTiltRad": 1.5707963267948963,
  "minimumBodyTiltRad": 0.008444293372158834,
  "finalBodyTiltRad": 0.11711710222945446,
  "finalBaseHeightM": 0.4221357441641291,
  "selfRightingTask": true,
  "selfRightingSuccess": 1.0,
  "timeToStableStandSeconds": 3.91999999999979,
  "stableStandingDwellSeconds": 2.1,
  "finalStableStandingDwellSeconds": 2.1,
  "minimumJointLimitMarginRad": 0.06285842799432739,
  "disallowedCollisionSteps": 0,
  "meanEnergy": 101.4932308125734,
  "meanSmoothness": 58.01729336247855,
  "peakActuator": 8.0,
  "motionQualityFootEvidenceAvailable": true,
  "motionQualityContactThresholdNewton": 1.0,
  "meanJointJerkRadPerSec3": 12040.510198524713,
  "peakJointJerkRadPerSec3": 45954.71386324991,
  "meanBodyAngularJerkRadPerSec3": 458.58020724483777,
  "peakBodyAngularJerkRadPerSec3": 10564.241216831457,
  "meanActionSlewRatePerSec": 249.23010815308697,
  "peakActionSlewRatePerSec": 800.0,
  "actuatorSaturationRate": 0.20166666666666666,
  "meanFootSlipSpeedMps": 0.04994687114328351,
  "peakFootSlipSpeedMps": 0.9764887772225679,
  "totalFootSlipDistanceM": 0.6672901984742684,
  "meanFootContactImpactNPerSec": 200.64109739762813,
  "peakFootContactImpactNPerSec": 17780.573772097454,
  "peakFootContactForceNewton": 355.6114754419491,
  "motionCommandSchedule": [
    {
      "atStep": 0,
      "atSeconds": 0.0,
      "command": [
        0.0,
        0.0,
        0.0
      ]
    }
  ],
  "transitionCount": 0,
  "transitions": [],
  "maximumTransitionTerminalPlanarTrackingError": 0.0,
  "maximumTransitionTerminalYawRateTrackingError": 0.0,
  "maximumPlanarSettlingTimeSeconds": 0.0,
  "maximumPlanarBrakingSettlingTimeSeconds": 0.0,
  "maximumYawRateSettlingTimeSeconds": 0.0,
  "maximumPlanarOvershootMps": 0.0,
  "maximumYawRateOvershootRadPerSec": 0.0,
  "unsettledPlanarTransitionCount": 0,
  "unsettledYawRateTransitionCount": 0,
  "initialBasePosition": [
    0.0,
    0.0,
    0.18
  ],
  "finalBasePosition": [
    -0.10351779499692353,
    -5.332395178281965e-14,
    0.4221357441641291
  ],
  "netDisplacement": [
    -0.10351779499692353,
    -5.332395178281965e-14,
    0.24213574416412909
  ],
  "targetPlanarDisplacement": [
    0.0,
    0.0
  ],
  "forwardDisplacement": 0.0,
  "targetDistance": 0.0,
  "forwardProgress": 1.0,
  "signedForwardProgress": 1.0,
  "backwardDisplacement": 0.0,
  "meanForwardVelocity": 0.0,
  "lateralDrift": 0.10351779499692353,
  "distanceTraveled": 1.056554884618105
}
