{
  "durationSeconds": 4.999999999999671,
  "steps": 250,
  "survivalRate": 1.0,
  "fell": false,
  "motionCommand": [
    0.25,
    0.0,
    0.0
  ],
  "meanMotionCommand": [
    0.25,
    0.0,
    0.0
  ],
  "meanMeasuredMotion": [
    0.0748552294712277,
    2.2574002709071187e-13,
    3.0847885546260786e-14
  ],
  "planarVelocityTrackingError": 0.1751447705287723,
  "yawRateTrackingError": 3.0847885546260786e-14,
  "meanVelocityTrackingError": 0.17840437155314848,
  "meanPlanarVelocityTrackingError": 0.17840437155314848,
  "meanYawRateTrackingError": 6.745177713746153e-13,
  "meanUpright": 0.932443318199899,
  "meanAbsolutePitchRad": 0.13525837031955226,
  "minimumPitchRad": -0.23512598196825288,
  "maximumPitchRad": -0.013754581943502462,
  "maximumBackwardPitchRad": 0.23512598196825288,
  "maximumAbsolutePitchRad": 0.23512598196825288,
  "maximumAbsolutePitchRateRadPerSec": 2.6160996654429307,
  "meanEnergy": 185.63622521204482,
  "meanSmoothness": 127.65582821308942,
  "peakActuator": 8.0,
  "motionCommandSchedule": [
    {
      "atStep": 0,
      "atSeconds": 0.0,
      "command": [
        0.25,
        0.0,
        0.0
      ]
    }
  ],
  "transitionCount": 0,
  "transitions": [],
  "maximumTransitionTerminalPlanarTrackingError": 0.0,
  "maximumTransitionTerminalYawRateTrackingError": 0.0,
  "maximumPlanarSettlingTimeSeconds": 0.0,
  "maximumPlanarBrakingSettlingTimeSeconds": 0.0,
  "maximumYawRateSettlingTimeSeconds": 0.0,
  "maximumPlanarOvershootMps": 0.0,
  "maximumYawRateOvershootRadPerSec": 0.0,
  "unsettledPlanarTransitionCount": 0,
  "unsettledYawRateTransitionCount": 0,
  "initialBasePosition": [
    0.0,
    0.0,
    0.44
  ],
  "finalBasePosition": [
    0.37324864177809086,
    1.1174698046173654e-12,
    0.4186130969472352
  ],
  "netDisplacement": [
    0.37324864177809086,
    1.1174698046173654e-12,
    -0.021386903052764805
  ],
  "targetPlanarDisplacement": [
    1.25,
    0.0
  ],
  "forwardDisplacement": 0.37324864177809086,
  "targetDistance": 1.25,
  "forwardProgress": 0.2985989134224727,
  "signedForwardProgress": 0.2985989134224727,
  "backwardDisplacement": 0.0,
  "meanForwardVelocity": 0.07464972835562309,
  "lateralDrift": 1.1174698046173654e-12,
  "distanceTraveled": 0.46454878697813423
}
