{
  "terms": {
    "survival": 25.0,
    "velocityTracking": 16.97210268631285,
    "forwardProgress": 14.929945671123635,
    "upright": 13.986649772998485,
    "lateralDrift": -1.1174698046173654e-11,
    "transitionTracking": 0.0,
    "energy": -1.8563622521204481,
    "smoothness": -0.6382791410654471,
    "componentMass": -1.5075,
    "sensorChannels": -5.3500000000000005,
    "trainingSteps": -0.0
  },
  "total": 61.5365567372379
}
