{
  "durationSeconds": 4.999999999999671,
  "steps": 250,
  "survivalRate": 1.0,
  "fell": false,
  "motionCommand": [
    0.25,
    0.0,
    0.0
  ],
  "meanMotionCommand": [
    0.25,
    0.0,
    0.0
  ],
  "meanMeasuredMotion": [
    -0.002293792077117842,
    -0.007613338999297155,
    0.2382623515782015
  ],
  "planarVelocityTrackingError": 0.25240863783034484,
  "yawRateTrackingError": 0.2382623515782015,
  "meanVelocityTrackingError": 0.6484553884434308,
  "meanPlanarVelocityTrackingError": 0.2854275414748359,
  "meanYawRateTrackingError": 0.4801407203440325,
  "meanUpright": 0.553778408798894,
  "meanEnergy": 621.1042171942519,
  "meanSmoothness": 34.187833594822706,
  "peakActuator": 8.0,
  "motionCommandSchedule": [
    {
      "atStep": 0,
      "atSeconds": 0.0,
      "command": [
        0.25,
        0.0,
        0.0
      ]
    }
  ],
  "transitionCount": 0,
  "transitions": [],
  "maximumTransitionTerminalPlanarTrackingError": 0.0,
  "maximumTransitionTerminalYawRateTrackingError": 0.0,
  "maximumPlanarSettlingTimeSeconds": 0.0,
  "maximumPlanarBrakingSettlingTimeSeconds": 0.0,
  "maximumYawRateSettlingTimeSeconds": 0.0,
  "maximumPlanarOvershootMps": 0.0,
  "maximumYawRateOvershootRadPerSec": 0.0,
  "unsettledPlanarTransitionCount": 0,
  "unsettledYawRateTransitionCount": 0,
  "initialBasePosition": [
    0.0,
    0.0,
    0.44
  ],
  "finalBasePosition": [
    -0.008220735749214588,
    -0.03594967357878977,
    0.2517370519816126
  ],
  "netDisplacement": [
    -0.008220735749214588,
    -0.03594967357878977,
    -0.1882629480183874
  ],
  "targetPlanarDisplacement": [
    1.25,
    0.0
  ],
  "forwardDisplacement": -0.008220735749214588,
  "targetDistance": 1.25,
  "forwardProgress": 0.0,
  "signedForwardProgress": -0.00657658859937167,
  "backwardDisplacement": 0.008220735749214588,
  "meanForwardVelocity": -0.0016441471498430257,
  "lateralDrift": 0.03594967357878977,
  "distanceTraveled": 0.8840543876368601
}
