{
  "terms": {
    "survival": 25.0,
    "velocityTracking": 9.099427321575192,
    "forwardProgress": 0.0,
    "upright": 8.306676131983409,
    "lateralDrift": -0.35949673578789765,
    "transitionTracking": 0.0,
    "energy": -6.211042171942519,
    "smoothness": -0.17093916797411354,
    "componentMass": -1.5075,
    "sensorChannels": -5.3500000000000005,
    "trainingSteps": -0.0
  },
  "total": 28.80712537785407
}
