{
  "durationSeconds": 6.499999999999506,
  "steps": 325,
  "survivalRate": 1.0,
  "fell": false,
  "motionCommand": [
    0.0,
    0.009230769230769237,
    0.0
  ],
  "meanMotionCommand": [
    0.0,
    0.009230769230769237,
    0.0
  ],
  "meanMeasuredMotion": [
    0.0983714677974427,
    0.22776285882019456,
    0.0007078637527653723
  ],
  "planarVelocityTrackingError": 0.23965228948821649,
  "yawRateTrackingError": 0.0007078637527653723,
  "meanVelocityTrackingError": 1.064331149414313,
  "meanPlanarVelocityTrackingError": 0.4093257222413789,
  "meanYawRateTrackingError": 0.9251674991913158,
  "meanUpright": 0.8839670524218669,
  "meanEnergy": 503.361558450655,
  "meanSmoothness": 39.4272130014041,
  "peakActuator": 8.0,
  "motionCommandSchedule": [
    {
      "atStep": 0,
      "atSeconds": 0.0,
      "command": [
        0.0,
        0.12,
        0.0
      ]
    },
    {
      "atStep": 125,
      "atSeconds": 2.5,
      "command": [
        0.0,
        -0.12,
        0.0
      ]
    },
    {
      "atStep": 225,
      "atSeconds": 4.5,
      "command": [
        0.0,
        0.0,
        0.0
      ]
    }
  ],
  "transitionCount": 2,
  "transitions": [
    {
      "index": 1,
      "atStep": 125,
      "atSeconds": 2.5,
      "endStep": 225,
      "fromCommand": [
        0.0,
        0.12,
        0.0
      ],
      "toCommand": [
        0.0,
        -0.12,
        0.0
      ],
      "sampleCount": 100,
      "peakPlanarTrackingError": 0.6271309214916403,
      "peakYawRateTrackingError": 2.3322538859761925,
      "terminalMeasuredMotion": [
        0.35246892939328855,
        0.228433783973106,
        -0.6285112190456275
      ],
      "terminalPlanarTrackingError": 0.49562127476680023,
      "terminalYawRateTrackingError": 0.6285112190456275,
      "planarOvershootMps": 0.18557602335884976,
      "yawRateOvershootRadPerSec": 0.0,
      "planarSettlingTimeSeconds": 2.0,
      "yawRateSettlingTimeSeconds": 2.0,
      "planarSettled": false,
      "yawRateSettled": false
    },
    {
      "index": 2,
      "atStep": 225,
      "atSeconds": 4.5,
      "endStep": 325,
      "fromCommand": [
        0.0,
        -0.12,
        0.0
      ],
      "toCommand": [
        0.0,
        0.0,
        0.0
      ],
      "sampleCount": 100,
      "peakPlanarTrackingError": 1.1910073533688161,
      "peakYawRateTrackingError": 3.142538164633097,
      "terminalMeasuredMotion": [
        0.07588269984768259,
        0.03267037562739492,
        -0.41223179377541264
      ],
      "terminalPlanarTrackingError": 0.08261681172623746,
      "terminalYawRateTrackingError": 0.41223179377541264,
      "planarOvershootMps": 0.833777930371592,
      "yawRateOvershootRadPerSec": 0.0,
      "planarSettlingTimeSeconds": 1.86,
      "yawRateSettlingTimeSeconds": 2.0,
      "planarSettled": true,
      "yawRateSettled": false
    }
  ],
  "maximumTransitionTerminalPlanarTrackingError": 0.49562127476680023,
  "maximumTransitionTerminalYawRateTrackingError": 0.6285112190456275,
  "maximumPlanarSettlingTimeSeconds": 2.0,
  "maximumYawRateSettlingTimeSeconds": 2.0,
  "maximumPlanarOvershootMps": 0.833777930371592,
  "maximumYawRateOvershootRadPerSec": 0.0,
  "unsettledPlanarTransitionCount": 1,
  "unsettledYawRateTransitionCount": 2,
  "initialBasePosition": [
    0.0,
    0.0,
    0.44
  ],
  "finalBasePosition": [
    0.6419058528060402,
    1.4752988702353025,
    0.24428068255228289
  ],
  "netDisplacement": [
    0.6419058528060402,
    1.4752988702353025,
    -0.19571931744771712
  ],
  "targetPlanarDisplacement": [
    0.0,
    0.06
  ],
  "forwardDisplacement": 1.4752988702353025,
  "targetDistance": 0.06,
  "forwardProgress": 1.0,
  "meanForwardVelocity": 0.22696905695929454,
  "lateralDrift": 0.6419058528060402,
  "distanceTraveled": 2.6755614635923664
}
