{
  "durationSeconds": 5.999999999999561,
  "steps": 300,
  "survivalRate": 1.0,
  "fell": false,
  "motionCommand": [
    0.0,
    0.0,
    0.0
  ],
  "meanMotionCommand": [
    0.0,
    0.0,
    0.0
  ],
  "meanMeasuredMotion": [
    0.03804203794377087,
    0.08748439958862284,
    0.11735864761384007
  ],
  "planarVelocityTrackingError": 0.09539767723743138,
  "yawRateTrackingError": 0.11735864761384007,
  "meanVelocityTrackingError": 0.2704649453806175,
  "meanPlanarVelocityTrackingError": 0.14962384067052426,
  "meanYawRateTrackingError": 0.1944253137049039,
  "meanUpright": 0.8503464511487911,
  "meanAbsolutePitchRad": 0.10499688778584518,
  "minimumPitchRad": -0.19510913919027678,
  "maximumPitchRad": 0.0030049310173614146,
  "maximumBackwardPitchRad": 0.19510913919027678,
  "maximumAbsolutePitchRad": 0.19510913919027678,
  "maximumAbsolutePitchRateRadPerSec": 1.2360839195267883,
  "meanBodyTiltRad": 0.30994100610962855,
  "maximumBodyTiltRad": 1.5569511908299507,
  "initialBodyTiltRad": 1.5707963267948963,
  "minimumBodyTiltRad": 0.09505514394467557,
  "finalBodyTiltRad": 0.09505514394467557,
  "finalBaseHeightM": 0.41583142099546777,
  "selfRightingTask": true,
  "selfRightingSuccess": 1.0,
  "timeToStableStandSeconds": 3.6799999999998163,
  "stableStandingDwellSeconds": 2.34,
  "finalStableStandingDwellSeconds": 2.34,
  "minimumJointLimitMarginRad": 0.037933024156029505,
  "disallowedCollisionSteps": 0,
  "meanEnergy": 150.7003911161729,
  "meanSmoothness": 100.15959172868502,
  "peakActuator": 8.0,
  "motionQualityFootEvidenceAvailable": true,
  "motionQualityContactThresholdNewton": 1.0,
  "meanJointJerkRadPerSec3": 18027.671485217397,
  "peakJointJerkRadPerSec3": 47223.70518983817,
  "meanBodyAngularJerkRadPerSec3": 2534.6807008215105,
  "peakBodyAngularJerkRadPerSec3": 13094.329908348704,
  "meanActionSlewRatePerSec": 385.31016512307224,
  "peakActionSlewRatePerSec": 800.0,
  "actuatorSaturationRate": 0.3052777777777778,
  "meanFootSlipSpeedMps": 0.017136238824347914,
  "peakFootSlipSpeedMps": 0.2467867615480308,
  "totalFootSlipDistanceM": 0.24916091250601888,
  "meanFootContactImpactNPerSec": 205.01898618168457,
  "peakFootContactImpactNPerSec": 4026.9289767006826,
  "peakFootContactForceNewton": 80.53857953401365,
  "motionCommandSchedule": [
    {
      "atStep": 0,
      "atSeconds": 0.0,
      "command": [
        0.0,
        0.0,
        0.0
      ]
    }
  ],
  "transitionCount": 0,
  "transitions": [],
  "maximumTransitionTerminalPlanarTrackingError": 0.0,
  "maximumTransitionTerminalYawRateTrackingError": 0.0,
  "maximumPlanarSettlingTimeSeconds": 0.0,
  "maximumPlanarBrakingSettlingTimeSeconds": 0.0,
  "maximumYawRateSettlingTimeSeconds": 0.0,
  "maximumPlanarOvershootMps": 0.0,
  "maximumYawRateOvershootRadPerSec": 0.0,
  "unsettledPlanarTransitionCount": 0,
  "unsettledYawRateTransitionCount": 0,
  "initialBasePosition": [
    0.0,
    0.0,
    0.18
  ],
  "finalBasePosition": [
    0.23034283693632945,
    0.5268642425177468,
    0.41583142099546777
  ],
  "netDisplacement": [
    0.23034283693632945,
    0.5268642425177468,
    0.23583142099546778
  ],
  "targetPlanarDisplacement": [
    0.0,
    0.0
  ],
  "forwardDisplacement": 0.0,
  "targetDistance": 0.0,
  "forwardProgress": 1.0,
  "signedForwardProgress": 1.0,
  "backwardDisplacement": 0.0,
  "meanForwardVelocity": 0.0,
  "lateralDrift": 0.5750163063528508,
  "distanceTraveled": 0.8032833697921622
}
