{
  "terms": {
    "survival": 25.0,
    "velocityTracking": 15.742268271721752,
    "forwardProgress": 50.0,
    "upright": 12.755196767231867,
    "lateralDrift": -5.750163063528508,
    "transitionTracking": 0.0,
    "energy": -1.507003911161729,
    "smoothness": -0.5007979586434251,
    "jointJerk": 0.0,
    "bodyAngularJerk": 0.0,
    "actionSlew": 0.0,
    "actuatorSaturation": 0.0,
    "footSlip": 0.0,
    "footImpact": 0.0,
    "selfRighting": 0.0,
    "recoveryTime": 0.0,
    "jointLimitMargin": 0.0,
    "componentMass": -1.5075,
    "sensorChannels": -0.5,
    "trainingSteps": -0.0
  },
  "total": 93.73200010561996
}
