{
  "durationSeconds": 6.499999999999506,
  "steps": 325,
  "survivalRate": 1.0,
  "fell": false,
  "motionCommand": [
    0.026923076923076886,
    0.0,
    0.0
  ],
  "meanMotionCommand": [
    0.026923076923076886,
    0.0,
    0.0
  ],
  "meanMeasuredMotion": [
    0.04342888268379829,
    0.040430970508625944,
    0.009754947545414975
  ],
  "planarVelocityTrackingError": 0.04367041332618739,
  "yawRateTrackingError": 0.009754947545414975,
  "meanVelocityTrackingError": 0.3421220099381219,
  "meanPlanarVelocityTrackingError": 0.2732481423763202,
  "meanYawRateTrackingError": 0.11519575932029277,
  "meanUpright": 0.5694810757312838,
  "meanEnergy": 620.1526001090996,
  "meanSmoothness": 28.734586765023554,
  "peakActuator": 8.0,
  "motionCommandSchedule": [
    {
      "atStep": 0,
      "atSeconds": 0.0,
      "command": [
        0.15,
        0.0,
        0.0
      ]
    },
    {
      "atStep": 125,
      "atSeconds": 2.5,
      "command": [
        -0.1,
        0.0,
        0.0
      ]
    },
    {
      "atStep": 225,
      "atSeconds": 4.5,
      "command": [
        0.0,
        0.0,
        0.0
      ]
    }
  ],
  "transitionCount": 2,
  "transitions": [
    {
      "index": 1,
      "atStep": 125,
      "atSeconds": 2.5,
      "endStep": 225,
      "fromCommand": [
        0.15,
        0.0,
        0.0
      ],
      "toCommand": [
        -0.1,
        0.0,
        0.0
      ],
      "sampleCount": 100,
      "peakPlanarTrackingError": 0.6307066179788495,
      "peakYawRateTrackingError": 2.3554601373319437e-09,
      "terminalMeasuredMotion": [
        0.3623371823595324,
        1.9800106730461905e-10,
        -4.453193777769904e-10
      ],
      "terminalPlanarTrackingError": 0.46233718235953236,
      "terminalYawRateTrackingError": 4.453193777769904e-10,
      "planarOvershootMps": 0.20492129404885787,
      "yawRateOvershootRadPerSec": 0.0,
      "planarSettlingTimeSeconds": 2.0,
      "yawRateSettlingTimeSeconds": 0.2,
      "planarSettled": false,
      "yawRateSettled": true
    },
    {
      "index": 2,
      "atStep": 225,
      "atSeconds": 4.5,
      "endStep": 325,
      "fromCommand": [
        -0.1,
        0.0,
        0.0
      ],
      "toCommand": [
        0.0,
        0.0,
        0.0
      ],
      "sampleCount": 100,
      "peakPlanarTrackingError": 0.7590294640300972,
      "peakYawRateTrackingError": 1.5871591559972689,
      "terminalMeasuredMotion": [
        0.19580325938158633,
        0.07576123881529181,
        -0.05544915927032199
      ],
      "terminalPlanarTrackingError": 0.20994923598641757,
      "terminalYawRateTrackingError": 0.05544915927032199,
      "planarOvershootMps": 0.5378137571763493,
      "yawRateOvershootRadPerSec": 0.0,
      "planarSettlingTimeSeconds": 2.0,
      "yawRateSettlingTimeSeconds": 1.76,
      "planarSettled": false,
      "yawRateSettled": true
    }
  ],
  "maximumTransitionTerminalPlanarTrackingError": 0.46233718235953236,
  "maximumTransitionTerminalYawRateTrackingError": 0.05544915927032199,
  "maximumPlanarSettlingTimeSeconds": 2.0,
  "maximumYawRateSettlingTimeSeconds": 1.76,
  "maximumPlanarOvershootMps": 0.5378137571763493,
  "maximumYawRateOvershootRadPerSec": 0.0,
  "unsettledPlanarTransitionCount": 2,
  "unsettledYawRateTransitionCount": 0,
  "initialBasePosition": [
    0.0,
    0.0,
    0.44
  ],
  "finalBasePosition": [
    0.2942167069233818,
    0.262599834566295,
    0.252536253736649
  ],
  "netDisplacement": [
    0.2942167069233818,
    0.262599834566295,
    -0.187463746263351
  ],
  "targetPlanarDisplacement": [
    0.175,
    0.0
  ],
  "forwardDisplacement": 0.2942167069233818,
  "targetDistance": 0.175,
  "forwardProgress": 1.0,
  "meanForwardVelocity": 0.0452641087574468,
  "lateralDrift": 0.262599834566295,
  "distanceTraveled": 1.6006452372386568
}
