{
  "terms": {
    "survival": 30.0,
    "velocityTracking": 14.901774840069937,
    "forwardProgress": 10.0,
    "upright": 8.542216135969257,
    "lateralDrift": -1.312999172831475,
    "transitionTracking": 5.158539014083559,
    "energy": -3.100763000545498,
    "smoothness": -0.028734586765023554,
    "componentMass": -1.2060000000000002,
    "sensorChannels": -1.07,
    "trainingSteps": -0.0
  },
  "total": 61.88403322998076
}
