{
  "durationSeconds": 3.1799999999998714,
  "steps": 159,
  "survivalRate": 0.632,
  "fell": true,
  "motionCommand": [
    0.25,
    0.0,
    0.0
  ],
  "meanMotionCommand": [
    0.25,
    0.0,
    0.0
  ],
  "meanMeasuredMotion": [
    0.07087518455958187,
    -0.0019633743446629344,
    0.004145529791753609
  ],
  "planarVelocityTrackingError": 0.17913557532042915,
  "yawRateTrackingError": 0.004145529791753609,
  "meanVelocityTrackingError": 0.2919262099948473,
  "meanPlanarVelocityTrackingError": 0.27172028970744955,
  "meanYawRateTrackingError": 0.029532600079271543,
  "meanUpright": 0.6419827879559692,
  "meanEnergy": 590.0559358355232,
  "meanSmoothness": 29.189055072320752,
  "peakActuator": 8.0,
  "motionCommandSchedule": [
    {
      "atStep": 0,
      "atSeconds": 0.0,
      "command": [
        0.25,
        0.0,
        0.0
      ]
    }
  ],
  "transitionCount": 0,
  "transitions": [],
  "maximumTransitionTerminalPlanarTrackingError": 0.0,
  "maximumTransitionTerminalYawRateTrackingError": 0.0,
  "maximumPlanarSettlingTimeSeconds": 0.0,
  "maximumPlanarBrakingSettlingTimeSeconds": 0.0,
  "maximumYawRateSettlingTimeSeconds": 0.0,
  "maximumPlanarOvershootMps": 0.0,
  "maximumYawRateOvershootRadPerSec": 0.0,
  "unsettledPlanarTransitionCount": 0,
  "unsettledYawRateTransitionCount": 0,
  "initialBasePosition": [
    0.0,
    0.0,
    0.44
  ],
  "finalBasePosition": [
    0.23105803941178205,
    -0.00469018129185623,
    0.1778735981196247
  ],
  "netDisplacement": [
    0.23105803941178205,
    -0.00469018129185623,
    -0.2621264018803753
  ],
  "targetPlanarDisplacement": [
    1.25,
    0.0
  ],
  "forwardDisplacement": 0.23105803941178205,
  "targetDistance": 1.25,
  "forwardProgress": 0.18484643152942565,
  "signedForwardProgress": 0.18484643152942565,
  "backwardDisplacement": 0.0,
  "meanForwardVelocity": 0.07265976082131805,
  "lateralDrift": 0.00469018129185623,
  "distanceTraveled": 0.5361155915712096
}
