{
  "durationSeconds": 1.5400000000000011,
  "steps": 77,
  "survivalRate": 0.304,
  "fell": true,
  "motionCommand": [
    0.25,
    0.0,
    0.0
  ],
  "meanMotionCommand": [
    0.25,
    0.0,
    0.0
  ],
  "meanMeasuredMotion": [
    0.2548481379397066,
    0.0013189778899722255,
    -0.0537731739610088
  ],
  "planarVelocityTrackingError": 0.005024355098583134,
  "yawRateTrackingError": 0.0537731739610088,
  "meanVelocityTrackingError": 0.21825299562492967,
  "meanPlanarVelocityTrackingError": 0.1335414123164903,
  "meanYawRateTrackingError": 0.1128094346072982,
  "meanUpright": 0.5184994857012387,
  "meanEnergy": 566.229321221532,
  "meanSmoothness": 27.519222261344837,
  "peakActuator": 8.0,
  "motionCommandSchedule": [
    {
      "atStep": 0,
      "atSeconds": 0.0,
      "command": [
        0.25,
        0.0,
        0.0
      ]
    }
  ],
  "transitionCount": 0,
  "transitions": [],
  "maximumTransitionTerminalPlanarTrackingError": 0.0,
  "maximumTransitionTerminalYawRateTrackingError": 0.0,
  "maximumPlanarSettlingTimeSeconds": 0.0,
  "maximumPlanarBrakingSettlingTimeSeconds": 0.0,
  "maximumYawRateSettlingTimeSeconds": 0.0,
  "maximumPlanarOvershootMps": 0.0,
  "maximumYawRateOvershootRadPerSec": 0.0,
  "unsettledPlanarTransitionCount": 0,
  "unsettledYawRateTransitionCount": 0,
  "initialBasePosition": [
    0.0,
    0.0,
    0.44
  ],
  "finalBasePosition": [
    0.39361997576935964,
    0.0008446878347865747,
    0.1878040812741797
  ],
  "netDisplacement": [
    0.39361997576935964,
    0.0008446878347865747,
    -0.2521959187258203
  ],
  "targetPlanarDisplacement": [
    1.25,
    0.0
  ],
  "forwardDisplacement": 0.39361997576935964,
  "targetDistance": 1.25,
  "forwardProgress": 0.31489598061548774,
  "signedForwardProgress": 0.31489598061548774,
  "backwardDisplacement": 0.0,
  "meanForwardVelocity": 0.25559738686322037,
  "lateralDrift": 0.0008446878347865747,
  "distanceTraveled": 0.40681603775474195
}
