{
  "terms": {
    "survival": 7.6,
    "velocityTracking": 16.41695121770709,
    "forwardProgress": 15.744799030774386,
    "upright": 7.777492285518581,
    "lateralDrift": -0.008446878347865748,
    "transitionTracking": 0.0,
    "energy": -5.66229321221532,
    "smoothness": -0.1375961113067242,
    "componentMass": -1.5075,
    "sensorChannels": -5.3500000000000005,
    "trainingSteps": -0.0
  },
  "total": 34.873406332130145
}
