{
  "durationSeconds": 1.5400000000000011,
  "steps": 77,
  "survivalRate": 0.304,
  "fell": true,
  "motionCommand": [
    0.25,
    0.0,
    0.0
  ],
  "meanMotionCommand": [
    0.25,
    0.0,
    0.0
  ],
  "meanMeasuredMotion": [
    0.31194346117665056,
    0.002917253407160204,
    0.01650293460691662
  ],
  "planarVelocityTrackingError": 0.06201211776729451,
  "yawRateTrackingError": 0.01650293460691662,
  "meanVelocityTrackingError": 0.22142238549256568,
  "meanPlanarVelocityTrackingError": 0.2028453437618602,
  "meanYawRateTrackingError": 0.03294471913534826,
  "meanUpright": 0.6189244517686474,
  "meanEnergy": 547.1366172766387,
  "meanSmoothness": 28.038016678032843,
  "peakActuator": 8.0,
  "motionCommandSchedule": [
    {
      "atStep": 0,
      "atSeconds": 0.0,
      "command": [
        0.25,
        0.0,
        0.0
      ]
    }
  ],
  "transitionCount": 0,
  "transitions": [],
  "maximumTransitionTerminalPlanarTrackingError": 0.0,
  "maximumTransitionTerminalYawRateTrackingError": 0.0,
  "maximumPlanarSettlingTimeSeconds": 0.0,
  "maximumPlanarBrakingSettlingTimeSeconds": 0.0,
  "maximumYawRateSettlingTimeSeconds": 0.0,
  "maximumPlanarOvershootMps": 0.0,
  "maximumYawRateOvershootRadPerSec": 0.0,
  "unsettledPlanarTransitionCount": 0,
  "unsettledYawRateTransitionCount": 0,
  "initialBasePosition": [
    0.0,
    0.0,
    0.44
  ],
  "finalBasePosition": [
    0.47835245486952144,
    0.00502890214016997,
    0.18004987706719477
  ],
  "netDisplacement": [
    0.47835245486952144,
    0.00502890214016997,
    -0.2599501229328052
  ],
  "targetPlanarDisplacement": [
    1.25,
    0.0
  ],
  "forwardDisplacement": 0.47835245486952144,
  "targetDistance": 1.25,
  "forwardProgress": 0.38268196389561715,
  "signedForwardProgress": 0.38268196389561715,
  "backwardDisplacement": 0.0,
  "meanForwardVelocity": 0.3106184771880007,
  "lateralDrift": 0.00502890214016997,
  "distanceTraveled": 0.5140146102685678
}
