{
  "terms": {
    "survival": 7.6,
    "velocityTracking": 16.374351933900865,
    "forwardProgress": 19.134098194780858,
    "upright": 9.283866776529711,
    "lateralDrift": -0.050289021401699704,
    "transitionTracking": 0.0,
    "energy": -5.471366172766388,
    "smoothness": -0.14019008339016423,
    "componentMass": -1.5075,
    "sensorChannels": -5.3500000000000005,
    "trainingSteps": -0.0
  },
  "total": 39.87297162765318
}
