{
  "durationSeconds": 2.439999999999953,
  "steps": 122,
  "survivalRate": 0.4033333333333333,
  "fell": true,
  "motionCommand": [
    0.14754098360655737,
    0.0,
    0.0
  ],
  "meanMotionCommand": [
    0.14754098360655737,
    0.0,
    0.0
  ],
  "meanMeasuredMotion": [
    0.3076356876868904,
    0.006967956494255312,
    -0.08128891145739352
  ],
  "planarVelocityTrackingError": 0.1602462688872201,
  "yawRateTrackingError": 0.08128891145739352,
  "meanVelocityTrackingError": 0.3857180621193596,
  "meanPlanarVelocityTrackingError": 0.29249033731195323,
  "meanYawRateTrackingError": 0.13588148150742466,
  "meanUpright": 0.5662244559407033,
  "meanEnergy": 581.1491800993085,
  "meanSmoothness": 27.07414137406954,
  "peakActuator": 8.0,
  "motionCommandSchedule": [
    {
      "atStep": 0,
      "atSeconds": 0.0,
      "command": [
        0.0,
        0.0,
        0.0
      ]
    },
    {
      "atStep": 50,
      "atSeconds": 1.0,
      "command": [
        0.25,
        0.0,
        0.0
      ]
    },
    {
      "atStep": 200,
      "atSeconds": 4.0,
      "command": [
        0.0,
        0.0,
        0.0
      ]
    }
  ],
  "transitionCount": 2,
  "transitions": [
    {
      "index": 1,
      "atStep": 50,
      "atSeconds": 1.0,
      "endStep": 200,
      "fromCommand": [
        0.0,
        0.0,
        0.0
      ],
      "toCommand": [
        0.25,
        0.0,
        0.0
      ],
      "sampleCount": 72,
      "peakPlanarTrackingError": 0.8622401190554037,
      "peakYawRateTrackingError": 1.1599838495911405,
      "terminalMeasuredMotion": [
        0.20537877853748424,
        0.04192253724414856,
        -0.8539994441971709
      ],
      "terminalPlanarTrackingError": 0.061225423916816624,
      "terminalYawRateTrackingError": 0.8539994441971709,
      "planarOvershootMps": 0.8622401190554037,
      "yawRateOvershootRadPerSec": 0.0,
      "planarSettlingTimeSeconds": 1.4,
      "yawRateSettlingTimeSeconds": 1.44,
      "planarSettled": true,
      "yawRateSettled": false
    },
    {
      "index": 2,
      "atStep": 200,
      "atSeconds": 4.0,
      "endStep": 300,
      "fromCommand": [
        0.25,
        0.0,
        0.0
      ],
      "toCommand": [
        0.0,
        0.0,
        0.0
      ],
      "sampleCount": 0,
      "peakPlanarTrackingError": 0.0,
      "peakYawRateTrackingError": 0.0,
      "terminalMeasuredMotion": [
        0.0,
        0.0,
        0.0
      ],
      "terminalPlanarTrackingError": 0.0,
      "terminalYawRateTrackingError": 0.0,
      "planarOvershootMps": 0.0,
      "yawRateOvershootRadPerSec": 0.0,
      "planarSettlingTimeSeconds": 0.0,
      "yawRateSettlingTimeSeconds": 0.0,
      "planarSettled": false,
      "yawRateSettled": false
    }
  ],
  "maximumTransitionTerminalPlanarTrackingError": 0.061225423916816624,
  "maximumTransitionTerminalYawRateTrackingError": 0.8539994441971709,
  "maximumPlanarSettlingTimeSeconds": 1.4,
  "maximumYawRateSettlingTimeSeconds": 1.44,
  "maximumPlanarOvershootMps": 0.8622401190554037,
  "maximumYawRateOvershootRadPerSec": 0.0,
  "unsettledPlanarTransitionCount": 1,
  "unsettledYawRateTransitionCount": 2,
  "initialBasePosition": [
    0.0,
    0.0,
    0.44
  ],
  "finalBasePosition": [
    0.7551960622089886,
    0.016313687868564963,
    0.16881706686074008
  ],
  "netDisplacement": [
    0.7551960622089886,
    0.016313687868564963,
    -0.2711829331392599
  ],
  "targetPlanarDisplacement": [
    0.75,
    0.0
  ],
  "forwardDisplacement": 0.7551960622089886,
  "targetDistance": 0.75,
  "forwardProgress": 1.0,
  "meanForwardVelocity": 0.3095065828725423,
  "lateralDrift": 0.016313687868564963,
  "distanceTraveled": 0.8407521190534901
}
