{
  "terms": {
    "survival": 12.1,
    "velocityTracking": 14.43295035745683,
    "forwardProgress": 10.0,
    "upright": 8.493366839110548,
    "lateralDrift": -0.08156843934282482,
    "transitionTracking": 5.3404872248463855,
    "energy": -2.9057459004965427,
    "smoothness": -0.027074141374069542,
    "componentMass": -1.2060000000000002,
    "sensorChannels": -1.07,
    "trainingSteps": -0.0
  },
  "total": 45.07641594020033
}
