{
  "count": 6144.0001,
  "mean": [
    0.1723132472675446,
    0.42264039545101795,
    -0.350476556756711,
    -0.13775101810139398,
    0.3893753159661953,
    -0.37456435219547213,
    0.17174671765820015,
    0.3876353076049997,
    -0.485860296160182,
    -0.17615403762795734,
    0.3744158145916155,
    -0.5040817868956864,
    -0.010425167766301978,
    0.08728884237741291,
    0.046940951778462865,
    0.02921770318752322,
    0.052159189825916434,
    0.09037428846737017,
    -0.007949155656296293,
    0.0324709812594818,
    0.03348091093100186,
    0.021690520445346532,
    0.06395121547147799,
    0.024397942148291947,
    0.41189209857800124,
    0.9598511883915578,
    0.004673407736108651,
    -0.016774181939158566,
    -0.04515379145751207,
    0.09057398215771521,
    0.038736903140548014,
    -0.01872885685099317,
    0.05302237419786495,
    0.0311064070139422,
    0.01893937539007876,
    0.051513727109991865,
    0.02156485124272335,
    0.01963088028260204,
    0.8452086936624605,
    0.013351611251083192,
    9.812003252559686,
    0.5000533577024106,
    -0.8428087377945769,
    -0.388429560343648,
    -0.5349187136749795,
    -0.5652270431315015,
    -0.18958755502765728,
    0.293410448278117,
    0.014282546724101697,
    0.8160006772501207,
    -0.42783436681445886,
    0.24901078414634714,
    1.005477584504761,
    0.5033136262438539,
    -0.8668131759854446,
    -0.3621348890740795,
    -0.5425359433408082,
    -0.5813477873501847,
    -0.18320037406450448,
    0.29510479630920206,
    0.0030590519002145745,
    0.8295535765795579,
    -0.4300744351372401,
    0.22953833973800503,
    1.0258220029830853,
    0.5026224692121609,
    -0.8589910686666862,
    -0.3661819406527063,
    -0.5490437193898391,
    -0.5817491164472764,
    -0.1988218827475768,
    0.30002341259364157,
    0.024024486625783995,
    0.8208124638302462,
    -0.43997766265847604,
    0.24226036469068765,
    1.0122056671607749,
    0.4982023980780381,
    -0.8888666840928465,
    -0.34016888698662917,
    -0.557507951310105,
    -0.6038562778630027,
    -0.18628907928986688,
    0.2980469119006122,
    0.008833215088322266,
    0.8434397672850139,
    -0.4387817911981684,
    0.2202662997493441,
    1.0371555516505513,
    0.4819390424767331,
    -0.8567393745740611,
    -0.38113405291277297,
    -0.5300903837891023,
    -0.5742697058146498,
    -0.18407679064920007,
    0.27907134632190006,
    -0.020014390217961774,
    0.8364741501080787,
    -0.42509837014310825,
    0.23392233365594917,
    1.0084448814007723,
    0.4884460259714807,
    -0.8699315343367773,
    -0.3708792291665022,
    -0.5318322579379943,
    -0.5903948117273182,
    -0.17695146373140536,
    0.28277100756212425,
    -0.025667422615694494,
    0.8492118559327204,
    -0.42233620984165104,
    0.2206883783874618,
    1.0237042269129863,
    0.49893305122496784,
    -0.8455054419671432,
    -0.39154485595828264,
    -0.5346120540508384,
    -0.5854415230340096,
    -0.19587976125748827,
    0.29160671371789254,
    0.0058819249592539325,
    0.8301052470789618,
    -0.426477194647577,
    0.2430673207972092,
    1.0028721121662503,
    0.5025516380848696,
    -0.8609926394046271,
    -0.37020041593737163,
    -0.5422834386101015,
    -0.6005141588136376,
    -0.19001764868653606,
    0.2941361009598989,
    0.006893853331011626,
    0.8418683467886492,
    -0.42442427534815935,
    0.22984805422201354,
    1.0237002984392047,
    1.291015603987374,
    0.24999999593098982,
    0.0,
    0.0,
    15.266630774288524,
    16.94672169972447,
    15.212756032425968,
    14.63951312377068
  ],
  "variance": [
    0.03786103546466741,
    0.04668601168194005,
    0.06859378641380579,
    0.04880426587083968,
    0.047075278787087636,
    0.07357894669007656,
    0.03092364758158467,
    0.05916773372723203,
    0.06834317594589699,
    0.032339698129210497,
    0.05204381402396291,
    0.06931379446799173,
    15.23599037805489,
    29.756163781713745,
    62.13254960288006,
    13.830241171016722,
    28.910565671211902,
    62.81005217065788,
    17.05212549384284,
    29.535049019867227,
    62.19727357741461,
    16.72095665319867,
    32.240738245787114,
    57.18976475356215,
    0.00205219138874397,
    0.010813254209024674,
    0.005195516948409907,
    0.011565581682063971,
    0.04876931372614117,
    0.07885886395395005,
    0.04562959074814844,
    0.045748034661478906,
    5.0344108667124265,
    1.9057430787342702,
    1.0616388270251518,
    4.913551388083459,
    1.8166813523683163,
    1.043461353620599,
    48.65927415129805,
    58.55462136994048,
    155.98712720128552,
    21.53787946722215,
    49.957734627896315,
    56.078532347062065,
    21.220812592452305,
    49.958913779213745,
    55.76101945603837,
    22.814717540223356,
    51.91455876066684,
    54.23128643434785,
    23.02260797950977,
    50.69749906714836,
    52.67144009394279,
    21.662479091930255,
    50.199255654804034,
    56.38618156978186,
    21.3205258187874,
    50.22561654214667,
    55.949841504449466,
    22.942344616164647,
    52.179578233833574,
    54.493807423253706,
    23.136807945183193,
    50.98697938799312,
    52.9022884228812,
    21.766168583824296,
    50.5030156690655,
    56.664524904962676,
    21.42557984907427,
    50.37061782606908,
    56.23547264054182,
    23.07523644623253,
    52.450368038141654,
    54.699869184363415,
    23.257762265498112,
    51.248229118505016,
    53.214308748741196,
    21.904950763995558,
    50.732021585132415,
    56.94986256459999,
    21.53958048679233,
    50.61554839195769,
    56.42717629453341,
    23.179712817784296,
    52.61630956046575,
    54.935924680162444,
    23.390685838576026,
    51.53601847529683,
    53.44180905468196,
    21.186867422361022,
    49.57243210216714,
    55.668330630354006,
    20.86279253024326,
    49.54899394185784,
    55.341540978305595,
    22.443632002983374,
    51.51373440872545,
    53.79761680082053,
    22.663607758211715,
    50.298335027449376,
    52.23959985461934,
    21.301517454008078,
    49.813898886679794,
    55.95670628343526,
    20.98610285140783,
    49.81536630677953,
    55.54813126410263,
    22.563362229949323,
    51.77370989540213,
    54.05324158916325,
    22.782770448520157,
    50.59092384902998,
    52.488648665735354,
    21.41132919172799,
    50.116240674580894,
    56.22846809808288,
    21.102244215854224,
    49.98638592913458,
    55.82443029027568,
    22.681172186295814,
    52.03943875942867,
    54.27289663028053,
    22.914908495694608,
    50.856247565947186,
    52.822498456805526,
    21.53899666266968,
    50.36230290881109,
    56.529746017899015,
    21.222442746763242,
    50.2391411688182,
    56.01440257454507,
    22.81758910552779,
    52.22006433194118,
    54.53443225292552,
    23.05845024297634,
    51.12804229270245,
    53.07183377599771,
    2.206325538499281,
    1e-06,
    1e-06,
    1e-06,
    731.1530975775313,
    1209.7280076911131,
    1142.2551264175509,
    781.0022388897974
  ]
}
