{
  "durationSeconds": 2.8799999999999044,
  "steps": 144,
  "survivalRate": 0.572,
  "fell": true,
  "motionCommand": [
    0.25,
    0.0,
    0.0
  ],
  "meanMotionCommand": [
    0.25,
    0.0,
    0.0
  ],
  "meanMeasuredMotion": [
    0.23206833989410722,
    -0.007504548851240814,
    -0.012523045241791332
  ],
  "planarVelocityTrackingError": 0.01943869048094358,
  "yawRateTrackingError": 0.012523045241791332,
  "meanVelocityTrackingError": 0.31560635922561925,
  "meanPlanarVelocityTrackingError": 0.2663551763630022,
  "meanYawRateTrackingError": 0.06505199849874622,
  "meanUpright": 0.6407819035320024,
  "meanEnergy": 572.6799037472317,
  "meanSmoothness": 26.211759914560183,
  "peakActuator": 8.0,
  "motionCommandSchedule": [
    {
      "atStep": 0,
      "atSeconds": 0.0,
      "command": [
        0.25,
        0.0,
        0.0
      ]
    }
  ],
  "transitionCount": 0,
  "transitions": [],
  "maximumTransitionTerminalPlanarTrackingError": 0.0,
  "maximumTransitionTerminalYawRateTrackingError": 0.0,
  "maximumPlanarSettlingTimeSeconds": 0.0,
  "maximumPlanarBrakingSettlingTimeSeconds": 0.0,
  "maximumYawRateSettlingTimeSeconds": 0.0,
  "maximumPlanarOvershootMps": 0.0,
  "maximumYawRateOvershootRadPerSec": 0.0,
  "unsettledPlanarTransitionCount": 0,
  "unsettledYawRateTransitionCount": 0,
  "initialBasePosition": [
    0.0,
    0.0,
    0.44
  ],
  "finalBasePosition": [
    0.6668861674395169,
    -0.019733218764488667,
    0.17988000843472002
  ],
  "netDisplacement": [
    0.6668861674395169,
    -0.019733218764488667,
    -0.26011999156528
  ],
  "targetPlanarDisplacement": [
    1.25,
    0.0
  ],
  "forwardDisplacement": 0.6668861674395169,
  "targetDistance": 1.25,
  "forwardProgress": 0.5335089339516135,
  "signedForwardProgress": 0.5335089339516135,
  "backwardDisplacement": 0.0,
  "meanForwardVelocity": 0.23155769702761772,
  "lateralDrift": 0.019733218764488667,
  "distanceTraveled": 0.8685401823582063
}
