{
  "terms": {
    "survival": 14.299999999999999,
    "velocityTracking": 11.401586724488904,
    "forwardProgress": 21.340357358064537,
    "upright": 9.611728552980036,
    "lateralDrift": -0.19733218764488666,
    "transitionTracking": 0.0,
    "energy": -5.726799037472317,
    "smoothness": -0.13105879957280092,
    "componentMass": -1.5075,
    "sensorChannels": -5.3500000000000005,
    "trainingSteps": -0.0
  },
  "total": 43.740982610843474
}
