{
  "durationSeconds": 5.999999999999561,
  "steps": 300,
  "survivalRate": 1.0,
  "fell": false,
  "motionCommand": [
    0.0,
    0.0,
    0.0
  ],
  "meanMotionCommand": [
    0.0,
    0.0,
    0.0
  ],
  "meanMeasuredMotion": [
    0.011250515553693483,
    0.0021988280836579507,
    -0.0020367653363481267
  ],
  "planarVelocityTrackingError": 0.01146337407421488,
  "yawRateTrackingError": 0.0020367653363481267,
  "meanVelocityTrackingError": 0.03091449090592116,
  "meanPlanarVelocityTrackingError": 0.027732135789167937,
  "meanYawRateTrackingError": 0.006023415330759173,
  "meanUpright": 0.011053850777216956,
  "meanAbsolutePitchRad": 0.0824208216695476,
  "minimumPitchRad": -0.02325520356112316,
  "maximumPitchRad": 1.5699463848573538,
  "maximumBackwardPitchRad": 0.02325520356112316,
  "maximumAbsolutePitchRad": 1.5699463848573538,
  "maximumAbsolutePitchRateRadPerSec": 5.2414179494589455,
  "meanBodyTiltRad": 3.0590559431193904,
  "maximumBodyTiltRad": 3.1415887502250013,
  "initialBodyTiltRad": 1.5707963267948963,
  "minimumBodyTiltRad": 1.5707963267948963,
  "finalBodyTiltRad": 3.1410589824324284,
  "finalBaseHeightM": 0.060066993291939465,
  "selfRightingTask": true,
  "selfRightingSuccess": 0.0,
  "timeToStableStandSeconds": 6.0,
  "stableStandingDwellSeconds": 0.0,
  "finalStableStandingDwellSeconds": 0.0,
  "minimumJointLimitMarginRad": -0.00828736646155992,
  "disallowedCollisionSteps": 20,
  "meanEnergy": 168.60780976814505,
  "meanSmoothness": 94.61140857458665,
  "peakActuator": 8.0,
  "motionQualityFootEvidenceAvailable": true,
  "motionQualityContactThresholdNewton": 1.0,
  "meanJointJerkRadPerSec3": 16994.200720578523,
  "peakJointJerkRadPerSec3": 43575.98937816941,
  "meanBodyAngularJerkRadPerSec3": 210.30539247015525,
  "peakBodyAngularJerkRadPerSec3": 9516.679113433605,
  "meanActionSlewRatePerSec": 370.1410745911346,
  "peakActionSlewRatePerSec": 800.0,
  "actuatorSaturationRate": 0.22083333333333333,
  "meanFootSlipSpeedMps": 0.4746351322010993,
  "peakFootSlipSpeedMps": 1.0172469728008904,
  "totalFootSlipDistanceM": 0.41767891633696735,
  "meanFootContactImpactNPerSec": 7.005449669990062,
  "peakFootContactImpactNPerSec": 1535.9480175076123,
  "peakFootContactForceNewton": 44.38543665605713,
  "motionCommandSchedule": [
    {
      "atStep": 0,
      "atSeconds": 0.0,
      "command": [
        0.0,
        0.0,
        0.0
      ]
    }
  ],
  "transitionCount": 0,
  "transitions": [],
  "maximumTransitionTerminalPlanarTrackingError": 0.0,
  "maximumTransitionTerminalYawRateTrackingError": 0.0,
  "maximumPlanarSettlingTimeSeconds": 0.0,
  "maximumPlanarBrakingSettlingTimeSeconds": 0.0,
  "maximumYawRateSettlingTimeSeconds": 0.0,
  "maximumPlanarOvershootMps": 0.0,
  "maximumYawRateOvershootRadPerSec": 0.0,
  "unsettledPlanarTransitionCount": 0,
  "unsettledYawRateTransitionCount": 0,
  "initialBasePosition": [
    0.0,
    0.0,
    0.18
  ],
  "finalBasePosition": [
    0.07081341489594406,
    0.011536449516553075,
    0.060066993291939465
  ],
  "netDisplacement": [
    0.07081341489594406,
    0.011536449516553075,
    -0.11993300670806054
  ],
  "targetPlanarDisplacement": [
    0.0,
    0.0
  ],
  "forwardDisplacement": 0.0,
  "targetDistance": 0.0,
  "forwardProgress": 1.0,
  "signedForwardProgress": 1.0,
  "backwardDisplacement": 0.0,
  "meanForwardVelocity": 0.0,
  "lateralDrift": 0.07174698179486778,
  "distanceTraveled": 0.15395443664956368
}
