{
  "terms": {
    "survival": 0.0,
    "velocityTracking": 0.0,
    "forwardProgress": 0.0,
    "upright": 0.022107701554433912,
    "lateralDrift": 0.0,
    "transitionTracking": 0.0,
    "energy": -0.3372156195362901,
    "smoothness": -0.09461140857458665,
    "jointJerk": 0.0,
    "bodyAngularJerk": 0.0,
    "actionSlew": 0.0,
    "actuatorSaturation": -0.11041666666666666,
    "footSlip": 0.0,
    "footImpact": 0.0,
    "selfRighting": 0.0,
    "recoveryTime": -12.0,
    "jointLimitMargin": -0.01657473292311984,
    "componentMass": -3.015,
    "sensorChannels": -0.2,
    "trainingSteps": -0.0
  },
  "total": -15.751710726146229
}
