{
  "count": 4096.0001,
  "mean": [
    0.27651654459572494,
    -0.513673464537697,
    0.2814397750057104,
    -0.5090709874627724,
    0.2509184927807032,
    -0.5599343466832378,
    0.2526651032382491,
    -0.5583866743476578,
    0.0018791478029477394,
    0.04973549549329554,
    -0.0034978987035025723,
    0.05646206003258558,
    0.05256573928102535,
    0.01077110380342653,
    0.051480827774577395,
    0.019290092812179072,
    0.4208308901974375,
    0.9894432135368657,
    -0.002946637151180167,
    -0.0743496546387558,
    -0.001252623638875972,
    0.07246061856280013,
    0.004956467001105379,
    -0.004485692321463326,
    -0.009374159880112995,
    -0.11031598376232832,
    0.003773996480396046,
    -0.009314536740535341,
    -0.11541987456708162,
    0.003680272965782469,
    1.4260081268401839,
    -0.07896342759217999,
    10.244660713199778,
    11.873503737402176,
    11.27023882470219,
    18.75302702861574,
    18.45412293489751
  ],
  "variance": [
    0.01884206940022986,
    0.009395307651992096,
    0.019143370802650567,
    0.009521990611485148,
    0.01467488463443205,
    0.011317847734885653,
    0.012064008445805508,
    0.01104517030592985,
    5.817268937572773,
    15.458061593059634,
    5.816270312326676,
    15.439516576008462,
    3.3678074940586615,
    6.740724837299773,
    3.4835955334512887,
    6.880974184744831,
    0.0005985590968542222,
    0.003365126478084667,
    0.0003875938417089473,
    0.009611689686697756,
    0.002117114175196803,
    0.07992322962694991,
    0.005559879569765111,
    0.012285147798771389,
    0.02953085958070801,
    0.5156913408255999,
    0.024133114635623346,
    0.02908459051412644,
    0.4952716444599472,
    0.024167591827988513,
    16.46880136922096,
    6.423498712131684,
    58.434662773525496,
    306.87188650490634,
    294.28428880604275,
    350.3656529802783,
    324.251950340092
  ]
}
