{
  "durationSeconds": 2.5999999999999353,
  "steps": 130,
  "survivalRate": 0.43,
  "fell": true,
  "motionCommand": [
    0.15384615384615385,
    0.0,
    0.0
  ],
  "meanMotionCommand": [
    0.15384615384615385,
    0.0,
    0.0
  ],
  "meanMeasuredMotion": [
    0.26803321796189095,
    0.012510321844485282,
    -0.061613812308091515
  ],
  "planarVelocityTrackingError": 0.11487033456913086,
  "yawRateTrackingError": 0.061613812308091515,
  "meanVelocityTrackingError": 0.3737496173575663,
  "meanPlanarVelocityTrackingError": 0.31895925045907886,
  "meanYawRateTrackingError": 0.10718310253774516,
  "meanUpright": 0.5410620239279491,
  "meanEnergy": 587.8115512813621,
  "meanSmoothness": 27.003529157990588,
  "peakActuator": 8.0,
  "motionCommandSchedule": [
    {
      "atStep": 0,
      "atSeconds": 0.0,
      "command": [
        0.0,
        0.0,
        0.0
      ]
    },
    {
      "atStep": 50,
      "atSeconds": 1.0,
      "command": [
        0.25,
        0.0,
        0.0
      ]
    },
    {
      "atStep": 200,
      "atSeconds": 4.0,
      "command": [
        0.0,
        0.0,
        0.0
      ]
    }
  ],
  "transitionCount": 2,
  "transitions": [
    {
      "index": 1,
      "atStep": 50,
      "atSeconds": 1.0,
      "endStep": 200,
      "fromCommand": [
        0.0,
        0.0,
        0.0
      ],
      "toCommand": [
        0.25,
        0.0,
        0.0
      ],
      "sampleCount": 80,
      "peakPlanarTrackingError": 0.8680065441551987,
      "peakYawRateTrackingError": 0.9607784155307834,
      "terminalMeasuredMotion": [
        0.20880197554619556,
        0.07866050557597046,
        -0.43682621691396245
      ],
      "terminalPlanarTrackingError": 0.08879612804826316,
      "terminalYawRateTrackingError": 0.43682621691396245,
      "planarOvershootMps": 0.8680065441551987,
      "yawRateOvershootRadPerSec": 0.0,
      "planarSettlingTimeSeconds": 1.6,
      "yawRateSettlingTimeSeconds": 1.6,
      "planarSettled": true,
      "yawRateSettled": false
    },
    {
      "index": 2,
      "atStep": 200,
      "atSeconds": 4.0,
      "endStep": 300,
      "fromCommand": [
        0.25,
        0.0,
        0.0
      ],
      "toCommand": [
        0.0,
        0.0,
        0.0
      ],
      "sampleCount": 0,
      "peakPlanarTrackingError": 0.0,
      "peakYawRateTrackingError": 0.0,
      "terminalMeasuredMotion": [
        0.0,
        0.0,
        0.0
      ],
      "terminalPlanarTrackingError": 0.0,
      "terminalYawRateTrackingError": 0.0,
      "planarOvershootMps": 0.0,
      "yawRateOvershootRadPerSec": 0.0,
      "planarSettlingTimeSeconds": 0.0,
      "yawRateSettlingTimeSeconds": 0.0,
      "planarSettled": false,
      "yawRateSettled": false
    }
  ],
  "maximumTransitionTerminalPlanarTrackingError": 0.08879612804826316,
  "maximumTransitionTerminalYawRateTrackingError": 0.43682621691396245,
  "maximumPlanarSettlingTimeSeconds": 1.6,
  "maximumYawRateSettlingTimeSeconds": 1.6,
  "maximumPlanarOvershootMps": 0.8680065441551987,
  "maximumYawRateOvershootRadPerSec": 0.0,
  "unsettledPlanarTransitionCount": 1,
  "unsettledYawRateTransitionCount": 2,
  "initialBasePosition": [
    0.0,
    0.0,
    0.44
  ],
  "finalBasePosition": [
    0.6988609498860469,
    0.03659150717672862,
    0.188815157291304
  ],
  "netDisplacement": [
    0.6988609498860469,
    0.03659150717672862,
    -0.251184842708696
  ],
  "targetPlanarDisplacement": [
    0.75,
    0.0
  ],
  "forwardDisplacement": 0.6988609498860469,
  "targetDistance": 0.75,
  "forwardProgress": 0.9318145998480625,
  "meanForwardVelocity": 0.2687926730331016,
  "lateralDrift": 0.03659150717672862,
  "distanceTraveled": 0.8942756759100942
}
