{
  "terms": {
    "survival": 12.9,
    "velocityTracking": 14.558693773083906,
    "forwardProgress": 9.318145998480624,
    "upright": 8.115930358919236,
    "lateralDrift": -0.1829575358836431,
    "transitionTracking": 5.363244611805748,
    "energy": -2.9390577564068106,
    "smoothness": -0.027003529157990588,
    "componentMass": -1.2060000000000002,
    "sensorChannels": -1.07,
    "trainingSteps": -0.0
  },
  "total": 44.83099592084107
}
