{
  "durationSeconds": 4.999999999999671,
  "steps": 250,
  "survivalRate": 1.0,
  "fell": false,
  "meanVelocityTrackingError": 0.24914392697365687,
  "meanUpright": 0.639575030904489,
  "meanEnergy": 190.1461852309356,
  "meanSmoothness": 127.83743682733005,
  "peakActuator": 8.0,
  "initialBasePosition": [
    0.0,
    0.0,
    0.44
  ],
  "finalBasePosition": [
    0.6681203053846321,
    -0.005781302184658527,
    0.2545558303496044
  ],
  "netDisplacement": [
    0.6681203053846321,
    -0.005781302184658527,
    -0.18544416965039562
  ],
  "forwardDisplacement": 0.6681203053846321,
  "targetDistance": 1.25,
  "forwardProgress": 0.5344962443077057,
  "meanForwardVelocity": 0.1336240610769352,
  "lateralDrift": 0.005781302184658527,
  "distanceTraveled": 1.081740412023291
}
