{
  "terms": {
    "survival": 25.0,
    "velocityTracking": 12.008223933282858,
    "forwardProgress": 21.379849772308226,
    "upright": 9.593625463567335,
    "lateralDrift": -0.057813021846585266,
    "energy": -1.901461852309356,
    "smoothness": -0.6391871841366503,
    "componentMass": -1.5075,
    "sensorChannels": -0.5,
    "trainingSteps": -0.04096
  },
  "total": 63.33477711086583
}
