{
  "previous": {
    "assembly": "force-sensing",
    "controller": "force-aware-gait",
    "assemblyHash": "d89572552c790a7256a7fe23403e257b121aab1b617e4b133032638dcb972cea",
    "aggregateScore": 84.1563495527771,
    "cases": [
      {
        "case": {
          "id": "nominal",
          "task": "velocity-track",
          "scenario": "nominal",
          "seed": 42,
          "weight": 1
        },
        "metrics": {
          "durationSeconds": 2.999999999999891,
          "steps": 150,
          "survivalRate": 1,
          "fell": false,
          "meanVelocityTrackingError": 0.19646036184790114,
          "meanUpright": 0.9448694360672864,
          "meanEnergy": 1.2962238106596744,
          "meanSmoothness": 0.3702222641580656,
          "peakActuator": 6
        },
        "score": {
          "terms": {
            "survival": 50,
            "velocityTracking": 16.71597374869196,
            "upright": 18.897388721345727,
            "energy": -0.02592447621319349,
            "smoothness": -0.003702222641580656,
            "componentMass": -1.4275,
            "sensorChannels": -0.5,
            "trainingSteps": 0
          },
          "total": 83.65623577118292
        },
        "resultHash": "c33d1020414b376b40b5bf00b39b64c51bc5eff6bd37ea1e2f62954cd7335eec"
      },
      {
        "case": {
          "id": "low-friction",
          "task": "velocity-track",
          "scenario": "low-friction",
          "seed": 43,
          "weight": 1.2
        },
        "metrics": {
          "durationSeconds": 2.999999999999891,
          "steps": 150,
          "survivalRate": 1,
          "fell": false,
          "meanVelocityTrackingError": 0.19646036184790114,
          "meanUpright": 0.9448694360672864,
          "meanEnergy": 1.2962238106596744,
          "meanSmoothness": 0.3702222641580656,
          "peakActuator": 6
        },
        "score": {
          "terms": {
            "survival": 50,
            "velocityTracking": 16.71597374869196,
            "upright": 18.897388721345727,
            "energy": -0.02592447621319349,
            "smoothness": -0.003702222641580656,
            "componentMass": -1.4275,
            "sensorChannels": -0.5,
            "trainingSteps": 0
          },
          "total": 83.65623577118292
        },
        "resultHash": "0c4177033cafd15009be6e820a3ba3322f00123fc1ed064b9a66592974e70ae5"
      },
      {
        "case": {
          "id": "lateral-push",
          "task": "stand",
          "scenario": "lateral-push",
          "seed": 44,
          "weight": 1.5
        },
        "metrics": {
          "durationSeconds": 2.0000000000000013,
          "steps": 100,
          "survivalRate": 1,
          "fell": false,
          "meanVelocityTrackingError": 0.10345212164061295,
          "meanUpright": 0.9378689813472728,
          "meanEnergy": 2.9554898441546458,
          "meanSmoothness": 0.5856894583502279,
          "peakActuator": 6
        },
        "score": {
          "terms": {
            "survival": 50,
            "velocityTracking": 18.12493683030306,
            "upright": 18.757379626945458,
            "energy": -0.05910979688309292,
            "smoothness": -0.005856894583502279,
            "componentMass": -1.4275,
            "sensorChannels": -0.5,
            "trainingSteps": 0
          },
          "total": 84.88984976578192
        },
        "resultHash": "8170a79ddeea35f24c4d809cf6bd5ff64f99014c724d83275530c78939700036"
      }
    ]
  },
  "candidate": {
    "assembly": "force-sensing",
    "controller": "force-aware-gait",
    "assemblyHash": "d89572552c790a7256a7fe23403e257b121aab1b617e4b133032638dcb972cea",
    "aggregateScore": 84.16674097197819,
    "cases": [
      {
        "case": {
          "id": "nominal",
          "task": "velocity-track",
          "scenario": "nominal",
          "seed": 42,
          "weight": 1
        },
        "metrics": {
          "durationSeconds": 2.999999999999891,
          "steps": 150,
          "survivalRate": 1,
          "fell": false,
          "meanVelocityTrackingError": 0.1943756422010007,
          "meanUpright": 0.944858676610423,
          "meanEnergy": 1.4152544205344377,
          "meanSmoothness": 0.41600457201325297,
          "peakActuator": 6
        },
        "score": {
          "terms": {
            "survival": 50,
            "velocityTracking": 16.745150598637387,
            "upright": 18.89717353220846,
            "energy": -0.028305088410688756,
            "smoothness": -0.004160045720132529,
            "componentMass": -1.4275,
            "sensorChannels": -0.5,
            "trainingSteps": 0
          },
          "total": 83.68235899671502
        },
        "resultHash": "07b221ea44bbd5e12e3538ac4861fd2ed0a98c3645874d9f9be79943fb315c1a"
      },
      {
        "case": {
          "id": "low-friction",
          "task": "velocity-track",
          "scenario": "low-friction",
          "seed": 43,
          "weight": 1.2
        },
        "metrics": {
          "durationSeconds": 2.999999999999891,
          "steps": 150,
          "survivalRate": 1,
          "fell": false,
          "meanVelocityTrackingError": 0.1943756422010007,
          "meanUpright": 0.944858676610423,
          "meanEnergy": 1.4152544205344377,
          "meanSmoothness": 0.41600457201325297,
          "peakActuator": 6
        },
        "score": {
          "terms": {
            "survival": 50,
            "velocityTracking": 16.745150598637387,
            "upright": 18.89717353220846,
            "energy": -0.028305088410688756,
            "smoothness": -0.004160045720132529,
            "componentMass": -1.4275,
            "sensorChannels": -0.5,
            "trainingSteps": 0
          },
          "total": 83.68235899671502
        },
        "resultHash": "db998d2e959f308b3136ef36b88d8ee821626752628d582aee29dfcbb4e0de34"
      },
      {
        "case": {
          "id": "lateral-push",
          "task": "stand",
          "scenario": "lateral-push",
          "seed": 44,
          "weight": 1.5
        },
        "metrics": {
          "durationSeconds": 2.0000000000000013,
          "steps": 100,
          "survivalRate": 1,
          "fell": false,
          "meanVelocityTrackingError": 0.10470573353664331,
          "meanUpright": 0.9383941733895393,
          "meanEnergy": 3.042996348268506,
          "meanSmoothness": 0.6724457834380831,
          "peakActuator": 6
        },
        "score": {
          "terms": {
            "survival": 50,
            "velocityTracking": 18.104368786039796,
            "upright": 18.76788346779079,
            "energy": -0.060859926965370126,
            "smoothness": -0.0067244578343808314,
            "componentMass": -1.4275,
            "sensorChannels": -0.5,
            "trainingSteps": 0
          },
          "total": 84.87716786903083
        },
        "resultHash": "cf18bbcf8fc983cd21c7d059d1e1367fa7755070399c484b76fdb7695d444659"
      }
    ]
  },
  "delta": 0.010391419201084773,
  "gateReasons": []
}
