{
  "durationSeconds": 5.999999999999561,
  "steps": 300,
  "survivalRate": 1.0,
  "fell": false,
  "motionCommand": [
    0.125,
    0.0,
    0.0
  ],
  "meanMotionCommand": [
    0.125,
    0.0,
    0.0
  ],
  "meanMeasuredMotion": [
    0.12682942101455835,
    -0.031064815546730636,
    0.004040179225447732
  ],
  "planarVelocityTrackingError": 0.031118636637887994,
  "yawRateTrackingError": 0.004040179225447732,
  "meanVelocityTrackingError": 0.6240322475438695,
  "meanPlanarVelocityTrackingError": 0.3174539334970181,
  "meanYawRateTrackingError": 0.44175338699962247,
  "meanUpright": 0.497531283479404,
  "meanEnergy": 636.8522870990761,
  "meanSmoothness": 29.603680711907284,
  "peakActuator": 8.0,
  "motionCommandSchedule": [
    {
      "atStep": 0,
      "atSeconds": 0.0,
      "command": [
        0.0,
        0.0,
        0.0
      ]
    },
    {
      "atStep": 50,
      "atSeconds": 1.0,
      "command": [
        0.25,
        0.0,
        0.0
      ]
    },
    {
      "atStep": 200,
      "atSeconds": 4.0,
      "command": [
        0.0,
        0.0,
        0.0
      ]
    }
  ],
  "transitionCount": 2,
  "transitions": [
    {
      "index": 1,
      "atStep": 50,
      "atSeconds": 1.0,
      "endStep": 200,
      "fromCommand": [
        0.0,
        0.0,
        0.0
      ],
      "toCommand": [
        0.25,
        0.0,
        0.0
      ],
      "sampleCount": 150,
      "peakPlanarTrackingError": 0.8719316941735302,
      "peakYawRateTrackingError": 2.3758952129517565,
      "terminalMeasuredMotion": [
        0.2748244695558263,
        -0.15505273471897293,
        0.4682503033494032
      ],
      "terminalPlanarTrackingError": 0.15702740153412825,
      "terminalYawRateTrackingError": 0.4682503033494032,
      "planarOvershootMps": 0.8719316941735302,
      "yawRateOvershootRadPerSec": 0.0,
      "planarSettlingTimeSeconds": 3.0,
      "yawRateSettlingTimeSeconds": 3.0,
      "planarSettled": false,
      "yawRateSettled": false
    },
    {
      "index": 2,
      "atStep": 200,
      "atSeconds": 4.0,
      "endStep": 300,
      "fromCommand": [
        0.25,
        0.0,
        0.0
      ],
      "toCommand": [
        0.0,
        0.0,
        0.0
      ],
      "sampleCount": 100,
      "peakPlanarTrackingError": 0.6430142880941092,
      "peakYawRateTrackingError": 1.9574225541698926,
      "terminalMeasuredMotion": [
        0.05839228184156401,
        0.15795476090562052,
        -0.1757777973706035
      ],
      "terminalPlanarTrackingError": 0.16840239033759702,
      "terminalYawRateTrackingError": 0.1757777973706035,
      "planarOvershootMps": 0.49538683161926916,
      "yawRateOvershootRadPerSec": 0.0,
      "planarSettlingTimeSeconds": 2.0,
      "yawRateSettlingTimeSeconds": 1.88,
      "planarSettled": false,
      "yawRateSettled": true
    }
  ],
  "maximumTransitionTerminalPlanarTrackingError": 0.16840239033759702,
  "maximumTransitionTerminalYawRateTrackingError": 0.4682503033494032,
  "maximumPlanarSettlingTimeSeconds": 3.0,
  "maximumYawRateSettlingTimeSeconds": 3.0,
  "maximumPlanarOvershootMps": 0.8719316941735302,
  "maximumYawRateOvershootRadPerSec": 0.0,
  "unsettledPlanarTransitionCount": 2,
  "unsettledYawRateTransitionCount": 1,
  "initialBasePosition": [
    0.0,
    0.0,
    0.44
  ],
  "finalBasePosition": [
    0.7727054190976516,
    -0.1865933600582074,
    0.25663840962206164
  ],
  "netDisplacement": [
    0.7727054190976516,
    -0.1865933600582074,
    -0.18336159037793837
  ],
  "targetPlanarDisplacement": [
    0.75,
    0.0
  ],
  "forwardDisplacement": 0.7727054190976516,
  "targetDistance": 0.75,
  "forwardProgress": 1.0,
  "meanForwardVelocity": 0.12878423651628468,
  "lateralDrift": 0.1865933600582074,
  "distanceTraveled": 1.7852141866793336
}
