{
  "terms": {
    "survival": 30.0,
    "velocityTracking": 13.921878099921654,
    "forwardProgress": 10.0,
    "upright": 7.9628727675159405,
    "lateralDrift": -0.5505484583471775,
    "transitionTracking": 4.709828858452875,
    "energy": -3.1093090138204214,
    "smoothness": -0.03088874061310365,
    "componentMass": -1.2060000000000002,
    "sensorChannels": -1.07,
    "trainingSteps": -0.0
  },
  "total": 60.62783351310977
}
