{
  "durationSeconds": 4.999999999999671,
  "steps": 250,
  "survivalRate": 1.0,
  "fell": false,
  "motionCommand": [
    0.25,
    0.0,
    0.0
  ],
  "meanMotionCommand": [
    0.25,
    0.0,
    0.0
  ],
  "meanMeasuredMotion": [
    0.06252903478855996,
    0.007757566997575159,
    0.012981239364859263
  ],
  "planarVelocityTrackingError": 0.187631401004818,
  "yawRateTrackingError": 0.012981239364859263,
  "meanVelocityTrackingError": 0.19449362112644364,
  "meanPlanarVelocityTrackingError": 0.1895647467311048,
  "meanYawRateTrackingError": 0.03019494026600688,
  "meanUpright": 0.9341037117575223,
  "meanAbsolutePitchRad": 0.1319138666115115,
  "minimumPitchRad": -0.23190369232249797,
  "maximumPitchRad": -0.013761765957869475,
  "maximumBackwardPitchRad": 0.23190369232249797,
  "maximumAbsolutePitchRad": 0.23190369232249797,
  "maximumAbsolutePitchRateRadPerSec": 2.570428543698892,
  "meanEnergy": 186.1342942048689,
  "meanSmoothness": 128.7345880977226,
  "peakActuator": 8.0,
  "motionCommandSchedule": [
    {
      "atStep": 0,
      "atSeconds": 0.0,
      "command": [
        0.25,
        0.0,
        0.0
      ]
    }
  ],
  "transitionCount": 0,
  "transitions": [],
  "maximumTransitionTerminalPlanarTrackingError": 0.0,
  "maximumTransitionTerminalYawRateTrackingError": 0.0,
  "maximumPlanarSettlingTimeSeconds": 0.0,
  "maximumPlanarBrakingSettlingTimeSeconds": 0.0,
  "maximumYawRateSettlingTimeSeconds": 0.0,
  "maximumPlanarOvershootMps": 0.0,
  "maximumYawRateOvershootRadPerSec": 0.0,
  "unsettledPlanarTransitionCount": 0,
  "unsettledYawRateTransitionCount": 0,
  "initialBasePosition": [
    0.0,
    0.0,
    0.44
  ],
  "finalBasePosition": [
    0.3121668504121805,
    0.037746463747477615,
    0.41884007139666446
  ],
  "netDisplacement": [
    0.3121668504121805,
    0.037746463747477615,
    -0.021159928603335543
  ],
  "targetPlanarDisplacement": [
    1.25,
    0.0
  ],
  "forwardDisplacement": 0.3121668504121805,
  "targetDistance": 1.25,
  "forwardProgress": 0.2497334803297444,
  "signedForwardProgress": 0.2497334803297444,
  "backwardDisplacement": 0.0,
  "meanForwardVelocity": 0.0624333700824402,
  "lateralDrift": 0.037746463747477615,
  "distanceTraveled": 0.4251221856459237
}
