{
  "terms": {
    "survival": 25.0,
    "velocityTracking": 16.743496697068498,
    "forwardProgress": 12.486674016487221,
    "upright": 14.011555676362834,
    "lateralDrift": -0.37746463747477615,
    "transitionTracking": 0.0,
    "energy": -1.8613429420486889,
    "smoothness": -0.643672940488613,
    "componentMass": -1.5075,
    "sensorChannels": -5.3500000000000005,
    "trainingSteps": -0.0
  },
  "total": 58.50174586990647
}
