{
  "durationSeconds": 1.5800000000000012,
  "steps": 79,
  "survivalRate": 0.312,
  "fell": true,
  "motionCommand": [
    0.25,
    0.0,
    0.0
  ],
  "meanMotionCommand": [
    0.25,
    0.0,
    0.0
  ],
  "meanMeasuredMotion": [
    0.1386824698121226,
    0.0012419642004761603,
    0.009072688273923043
  ],
  "planarVelocityTrackingError": 0.11132445823898836,
  "yawRateTrackingError": 0.009072688273923043,
  "meanVelocityTrackingError": 0.1954856525244607,
  "meanPlanarVelocityTrackingError": 0.16359373972155206,
  "meanYawRateTrackingError": 0.04233448012757663,
  "meanUpright": 0.5482046851718746,
  "meanEnergy": 517.6066013046208,
  "meanSmoothness": 25.813615996257273,
  "peakActuator": 8.0,
  "motionCommandSchedule": [
    {
      "atStep": 0,
      "atSeconds": 0.0,
      "command": [
        0.25,
        0.0,
        0.0
      ]
    }
  ],
  "transitionCount": 0,
  "transitions": [],
  "maximumTransitionTerminalPlanarTrackingError": 0.0,
  "maximumTransitionTerminalYawRateTrackingError": 0.0,
  "maximumPlanarSettlingTimeSeconds": 0.0,
  "maximumPlanarBrakingSettlingTimeSeconds": 0.0,
  "maximumYawRateSettlingTimeSeconds": 0.0,
  "maximumPlanarOvershootMps": 0.0,
  "maximumYawRateOvershootRadPerSec": 0.0,
  "unsettledPlanarTransitionCount": 0,
  "unsettledYawRateTransitionCount": 0,
  "initialBasePosition": [
    0.0,
    0.0,
    0.44
  ],
  "finalBasePosition": [
    0.21966573471838954,
    0.0023944019520640036,
    0.18837974327952597
  ],
  "netDisplacement": [
    0.21966573471838954,
    0.0023944019520640036,
    -0.25162025672047406
  ],
  "targetPlanarDisplacement": [
    1.25,
    0.0
  ],
  "forwardDisplacement": 0.21966573471838954,
  "targetDistance": 1.25,
  "forwardProgress": 0.17573258777471162,
  "signedForwardProgress": 0.17573258777471162,
  "backwardDisplacement": 0.0,
  "meanForwardVelocity": 0.13902894602429708,
  "lateralDrift": 0.0023944019520640036,
  "distanceTraveled": 0.27877140235708076
}
