{
  "terms": {
    "survival": 7.8,
    "velocityTracking": 16.729602699762037,
    "forwardProgress": 8.786629388735582,
    "upright": 8.223070277578119,
    "lateralDrift": -0.023944019520640035,
    "transitionTracking": 0.0,
    "energy": -5.176066013046208,
    "smoothness": -0.12906807998128636,
    "componentMass": -1.5075,
    "sensorChannels": -5.3500000000000005,
    "trainingSteps": -0.0
  },
  "total": 29.3527242535276
}
