{
  "durationSeconds": 18.000000000000902,
  "steps": 900,
  "survivalRate": 1.0,
  "fell": false,
  "motionCommand": [
    0.13111111111111284,
    0.02499999999999996,
    0.041666666666666664
  ],
  "meanMotionCommand": [
    0.13111111111111284,
    0.02499999999999996,
    0.041666666666666664
  ],
  "meanMeasuredMotion": [
    0.047545390288495123,
    0.004746176642283247,
    -0.017636856114392828
  ],
  "planarVelocityTrackingError": 0.08598515602828942,
  "yawRateTrackingError": 0.05930352278105949,
  "meanVelocityTrackingError": 0.34727291310223224,
  "meanPlanarVelocityTrackingError": 0.20682403315302614,
  "meanYawRateTrackingError": 0.21873299050593412,
  "meanUpright": 0.8941742142753607,
  "meanAbsolutePitchRad": 0.20626480064596825,
  "minimumPitchRad": -0.6347068903185646,
  "maximumPitchRad": 1.0411296058620785,
  "maximumBackwardPitchRad": 0.6347068903185646,
  "maximumAbsolutePitchRad": 1.0411296058620785,
  "maximumAbsolutePitchRateRadPerSec": 5.693444375371632,
  "meanBodyTiltRad": 0.21524804352153296,
  "maximumBodyTiltRad": 1.0411296064256514,
  "initialBodyTiltRad": 0.0,
  "minimumBodyTiltRad": 0.0,
  "finalBodyTiltRad": 0.09582504341711136,
  "finalBaseHeightM": 0.42336214002958333,
  "selfRightingTask": true,
  "recoveryTriggered": true,
  "selfRightingSuccess": 1.0,
  "timeToStableStandSeconds": 5.479999999999401,
  "stableStandingDwellSeconds": 1.98,
  "finalStableStandingDwellSeconds": 0.0,
  "minimumJointLimitMarginRad": 0.02838196425104844,
  "disallowedCollisionSteps": 0,
  "meanEnergy": 161.45521896414854,
  "meanSmoothness": 108.64018298723558,
  "peakActuator": 8.0,
  "motionQualityFootEvidenceAvailable": true,
  "motionQualityContactThresholdNewton": 1.0,
  "meanJointJerkRadPerSec3": 18302.986307886877,
  "peakJointJerkRadPerSec3": 53950.942805875675,
  "meanBodyAngularJerkRadPerSec3": 2103.519372194736,
  "peakBodyAngularJerkRadPerSec3": 14735.6048709821,
  "meanActionSlewRatePerSec": 399.5076532152708,
  "peakActionSlewRatePerSec": 800.0,
  "actuatorSaturationRate": 0.3449074074074074,
  "meanFootSlipSpeedMps": 0.05158090875441001,
  "peakFootSlipSpeedMps": 1.0807284712338092,
  "totalFootSlipDistanceM": 1.674316298168149,
  "meanFootContactImpactNPerSec": 510.021440075725,
  "peakFootContactImpactNPerSec": 14426.248313876285,
  "peakFootContactForceNewton": 288.5249662775257,
  "motionCommandSchedule": [
    {
      "atStep": 0,
      "atSeconds": 0.0,
      "command": [
        0.2,
        0.0,
        0.0
      ]
    },
    {
      "atStep": 400,
      "atSeconds": 8.0,
      "command": [
        0.2,
        0.0,
        0.0
      ]
    },
    {
      "atStep": 500,
      "atSeconds": 10.0,
      "command": [
        0.12,
        0.0,
        0.25
      ]
    },
    {
      "atStep": 650,
      "atSeconds": 13.0,
      "command": [
        0.0,
        0.15,
        0.0
      ]
    },
    {
      "atStep": 800,
      "atSeconds": 16.0,
      "command": [
        0.0,
        0.0,
        0.0
      ]
    }
  ],
  "transitionCount": 4,
  "transitions": [
    {
      "index": 1,
      "atStep": 400,
      "atSeconds": 8.0,
      "endStep": 500,
      "fromCommand": [
        0.2,
        0.0,
        0.0
      ],
      "toCommand": [
        0.2,
        0.0,
        0.0
      ],
      "sampleCount": 100,
      "peakPlanarTrackingError": 0.7957045187748581,
      "peakYawRateTrackingError": 0.5605974664201545,
      "terminalMeasuredMotion": [
        -0.008614743580762325,
        -0.0010668305958186324,
        -0.032416786371517195
      ],
      "terminalPlanarTrackingError": 0.20861747138431957,
      "terminalYawRateTrackingError": 0.032416786371517195,
      "planarOvershootMps": 0.0,
      "yawRateOvershootRadPerSec": 0.0,
      "planarSettlingTimeSeconds": 2.0,
      "yawRateSettlingTimeSeconds": 0.26,
      "planarSettled": false,
      "yawRateSettled": true,
      "planarBraking": false
    },
    {
      "index": 2,
      "atStep": 500,
      "atSeconds": 10.0,
      "endStep": 650,
      "fromCommand": [
        0.2,
        0.0,
        0.0
      ],
      "toCommand": [
        0.12,
        0.0,
        0.25
      ],
      "sampleCount": 150,
      "peakPlanarTrackingError": 0.315190841338699,
      "peakYawRateTrackingError": 0.8931502542775845,
      "terminalMeasuredMotion": [
        0.007006627703582425,
        -0.0016059352414068643,
        0.0592037895753504
      ],
      "terminalPlanarTrackingError": 0.11300478401783004,
      "terminalYawRateTrackingError": 0.19079621042464961,
      "planarOvershootMps": 0.3128984225035278,
      "yawRateOvershootRadPerSec": 0.40640366911626313,
      "planarSettlingTimeSeconds": 3.0,
      "yawRateSettlingTimeSeconds": 2.98,
      "planarSettled": true,
      "yawRateSettled": true,
      "planarBraking": false
    },
    {
      "index": 3,
      "atStep": 650,
      "atSeconds": 13.0,
      "endStep": 800,
      "fromCommand": [
        0.12,
        0.0,
        0.25
      ],
      "toCommand": [
        0.0,
        0.15,
        0.0
      ],
      "sampleCount": 150,
      "peakPlanarTrackingError": 0.18845608868203884,
      "peakYawRateTrackingError": 1.1020008566233641,
      "terminalMeasuredMotion": [
        0.01516774462772165,
        0.015039618455775252,
        -0.3345931922553275
      ],
      "terminalPlanarTrackingError": 0.13581003300071207,
      "terminalYawRateTrackingError": 0.3345931922553275,
      "planarOvershootMps": 0.01353028147182924,
      "yawRateOvershootRadPerSec": 1.1020008566233641,
      "planarSettlingTimeSeconds": 3.0,
      "yawRateSettlingTimeSeconds": 3.0,
      "planarSettled": false,
      "yawRateSettled": false,
      "planarBraking": false
    },
    {
      "index": 4,
      "atStep": 800,
      "atSeconds": 16.0,
      "endStep": 900,
      "fromCommand": [
        0.0,
        0.15,
        0.0
      ],
      "toCommand": [
        0.0,
        0.0,
        0.0
      ],
      "sampleCount": 100,
      "peakPlanarTrackingError": 0.17184887573528881,
      "peakYawRateTrackingError": 1.0664156323325544,
      "terminalMeasuredMotion": [
        -0.03153256782079365,
        0.00895008176736231,
        -0.00328143492267558
      ],
      "terminalPlanarTrackingError": 0.03277814511248955,
      "terminalYawRateTrackingError": 0.00328143492267558,
      "planarOvershootMps": 0.08355692281442176,
      "yawRateOvershootRadPerSec": 0.0,
      "planarSettlingTimeSeconds": 0.98,
      "yawRateSettlingTimeSeconds": 0.22,
      "planarSettled": true,
      "yawRateSettled": true,
      "planarBraking": true
    }
  ],
  "maximumTransitionTerminalPlanarTrackingError": 0.20861747138431957,
  "maximumTransitionTerminalYawRateTrackingError": 0.3345931922553275,
  "maximumPlanarSettlingTimeSeconds": 3.0,
  "maximumPlanarBrakingSettlingTimeSeconds": 0.98,
  "maximumYawRateSettlingTimeSeconds": 3.0,
  "maximumPlanarOvershootMps": 0.3128984225035278,
  "maximumYawRateOvershootRadPerSec": 1.1020008566233641,
  "unsettledPlanarTransitionCount": 2,
  "unsettledYawRateTransitionCount": 1,
  "initialBasePosition": [
    1.017983065972739,
    -0.14308443248699398,
    0.4762978460770211
  ],
  "finalBasePosition": [
    0.8576855163429533,
    0.06748695804985382,
    0.42336214002958333
  ],
  "netDisplacement": [
    -0.1602975496297856,
    0.2105713905368478,
    -0.05293570604743775
  ],
  "targetPlanarDisplacement": [
    0.76,
    0.44999999999999996
  ],
  "forwardDisplacement": -0.030647656068231,
  "targetDistance": 0.8832326986700617,
  "forwardProgress": 0.0,
  "signedForwardProgress": -0.03469941286637041,
  "backwardDisplacement": 0.030647656068231,
  "meanForwardVelocity": -0.0030647656068228234,
  "lateralDrift": 0.2628618194174625,
  "distanceTraveled": 2.8431623703900266,
  "episodeInitialBasePosition": [
    0.0,
    0.0,
    0.44
  ],
  "mobilityMeasurementStartedAtSeconds": 8.0,
  "recoveryEvaluationStartedAtSeconds": 2.7,
  "missionStageDurationsSeconds": {
    "approach": 2.48,