{
  "terms": {
    "survival": 10.0,
    "velocityTracking": 4.453440681282898,
    "forwardProgress": 0.0,
    "upright": 1.7883484285507214,
    "lateralDrift": -0.525723638834925,
    "transitionTracking": 0.2232613813380302,
    "energy": -0.3229104379282971,
    "smoothness": -0.10864018298723557,
    "jointJerk": 0.0,
    "bodyAngularJerk": 0.0,
    "actionSlew": 0.0,
    "actuatorSaturation": -0.1724537037037037,
    "footSlip": 0.0,
    "footImpact": 0.0,
    "selfRighting": 100.0,
    "recoveryTime": -10.959999999998802,
    "jointLimitMargin": 0.05676392850209688,
    "componentMass": -3.015,
    "sensorChannels": -2.14,
    "trainingSteps": -0.0
  },
  "total": 99.27708645622079
}
