{
  "durationSeconds": 18.000000000000902,
  "steps": 900,
  "survivalRate": 1.0,
  "fell": false,
  "motionCommand": [
    0.13111111111111284,
    0.02499999999999996,
    0.041666666666666664
  ],
  "meanMotionCommand": [
    0.13111111111111284,
    0.02499999999999996,
    0.041666666666666664
  ],
  "meanMeasuredMotion": [
    0.03996535100316494,
    0.05215080821478311,
    0.06174640714886645
  ],
  "planarVelocityTrackingError": 0.0951037116645377,
  "yawRateTrackingError": 0.020079740482199786,
  "meanVelocityTrackingError": 0.29370201224232306,
  "meanPlanarVelocityTrackingError": 0.2013438945734,
  "meanYawRateTrackingError": 0.16454347279047976,
  "meanUpright": 0.18540581094218758,
  "meanAbsolutePitchRad": 0.051068590788295225,
  "minimumPitchRad": -0.1574749697724389,
  "maximumPitchRad": 1.5144204530581118,
  "maximumBackwardPitchRad": 0.1574749697724389,
  "maximumAbsolutePitchRad": 1.5144204530581118,
  "maximumAbsolutePitchRateRadPerSec": 6.232301186757492,
  "meanBodyTiltRad": 2.522094338458936,
  "maximumBodyTiltRad": 3.141511467501465,
  "initialBodyTiltRad": 0.0,
  "minimumBodyTiltRad": 0.0,
  "finalBodyTiltRad": 3.1396728914976126,
  "finalBaseHeightM": 0.05974872913875193,
  "selfRightingTask": true,
  "recoveryTriggered": true,
  "selfRightingSuccess": 0.0,
  "timeToStableStandSeconds": 15.3,
  "stableStandingDwellSeconds": 0.0,
  "finalStableStandingDwellSeconds": 0.0,
  "minimumJointLimitMarginRad": -0.004140687479245064,
  "disallowedCollisionSteps": 0,
  "meanEnergy": 222.11711782773986,
  "meanSmoothness": 162.4263189299229,
  "peakActuator": 8.0,
  "motionQualityFootEvidenceAvailable": true,
  "motionQualityContactThresholdNewton": 1.0,
  "meanJointJerkRadPerSec3": 24050.940508177657,
  "peakJointJerkRadPerSec3": 48368.46021779395,
  "meanBodyAngularJerkRadPerSec3": 2518.0005978289896,
  "peakBodyAngularJerkRadPerSec3": 17466.8587669712,
  "meanActionSlewRatePerSec": 558.9972066559665,
  "peakActionSlewRatePerSec": 800.0,
  "actuatorSaturationRate": 0.5396825396825397,
  "meanFootSlipSpeedMps": 0.04313217336203651,
  "peakFootSlipSpeedMps": 0.5371226829371528,
  "totalFootSlipDistanceM": 0.3433320999618106,
  "meanFootContactImpactNPerSec": 104.12424955515654,
  "peakFootContactImpactNPerSec": 5669.736695995875,
  "peakFootContactForceNewton": 113.39473391991751,
  "motionCommandSchedule": [
    {
      "atStep": 0,
      "atSeconds": 0.0,
      "command": [
        0.2,
        0.0,
        0.0
      ]
    },
    {
      "atStep": 400,
      "atSeconds": 8.0,
      "command": [
        0.2,
        0.0,
        0.0
      ]
    },
    {
      "atStep": 500,
      "atSeconds": 10.0,
      "command": [
        0.12,
        0.0,
        0.25
      ]
    },
    {
      "atStep": 650,
      "atSeconds": 13.0,
      "command": [
        0.0,
        0.15,
        0.0
      ]
    },
    {
      "atStep": 800,
      "atSeconds": 16.0,
      "command": [
        0.0,
        0.0,
        0.0
      ]
    }
  ],
  "transitionCount": 4,
  "transitions": [
    {
      "index": 1,
      "atStep": 400,
      "atSeconds": 8.0,
      "endStep": 500,
      "fromCommand": [
        0.2,
        0.0,
        0.0
      ],
      "toCommand": [
        0.2,
        0.0,
        0.0
      ],
      "sampleCount": 100,
      "peakPlanarTrackingError": 0.29284591979547087,
      "peakYawRateTrackingError": 0.5451159890592334,
      "terminalMeasuredMotion": [
        0.002323011293314001,
        0.0014069522988161215,
        0.0078452756350648
      ],
      "terminalPlanarTrackingError": 0.1976819955861292,
      "terminalYawRateTrackingError": 0.0078452756350648,
      "planarOvershootMps": 0.0,
      "yawRateOvershootRadPerSec": 0.0,
      "planarSettlingTimeSeconds": 2.0,
      "yawRateSettlingTimeSeconds": 0.2,
      "planarSettled": false,
      "yawRateSettled": true,
      "planarBraking": false
    },
    {
      "index": 2,
      "atStep": 500,
      "atSeconds": 10.0,
      "endStep": 650,
      "fromCommand": [
        0.2,
        0.0,
        0.0
      ],
      "toCommand": [
        0.12,
        0.0,
        0.25
      ],
      "sampleCount": 150,
      "peakPlanarTrackingError": 0.27794356564133155,
      "peakYawRateTrackingError": 0.37039881861933416,
      "terminalMeasuredMotion": [
        -0.005274784066942005,
        0.00519529805084921,
        0.004372648756758074
      ],
      "terminalPlanarTrackingError": 0.1253824654601117,
      "terminalYawRateTrackingError": 0.24562735124324192,
      "planarOvershootMps": 0.2701079462668461,
      "yawRateOvershootRadPerSec": 0.0,
      "planarSettlingTimeSeconds": 3.0,
      "yawRateSettlingTimeSeconds": 2.98,
      "planarSettled": false,
      "yawRateSettled": true,
      "planarBraking": false
    },
    {
      "index": 3,
      "atStep": 650,
      "atSeconds": 13.0,
      "endStep": 800,
      "fromCommand": [
        0.12,
        0.0,
        0.25
      ],
      "toCommand": [
        0.0,
        0.15,
        0.0
      ],
      "sampleCount": 150,
      "peakPlanarTrackingError": 0.20809662288272635,
      "peakYawRateTrackingError": 0.236066818780635,
      "terminalMeasuredMotion": [
        0.01207327923548876,
        -0.00469177139644588,
        -0.01414626491597092
      ],
      "terminalPlanarTrackingError": 0.15516219967913691,
      "terminalYawRateTrackingError": 0.01414626491597092,
      "planarOvershootMps": 0.020208574685746314,
      "yawRateOvershootRadPerSec": 0.236066818780635,
      "planarSettlingTimeSeconds": 3.0,
      "yawRateSettlingTimeSeconds": 0.2,
      "planarSettled": false,
      "yawRateSettled": true,
      "planarBraking": false
    },
    {
      "index": 4,
      "atStep": 800,
      "atSeconds": 16.0,
      "endStep": 900,
      "fromCommand": [
        0.0,
        0.15,
        0.0
      ],
      "toCommand": [
        0.0,
        0.0,
        0.0
      ],
      "sampleCount": 100,
      "peakPlanarTrackingError": 0.08849818113589202,
      "peakYawRateTrackingError": 0.10481828172538338,
      "terminalMeasuredMotion": [
        -0.006261849556566329,
        0.0060354593233970895,
        -0.011472101057862753
      ],
      "terminalPlanarTrackingError": 0.008696983909002637,
      "terminalYawRateTrackingError": 0.011472101057862753,
      "planarOvershootMps": 0.03532349354104439,
      "yawRateOvershootRadPerSec": 0.0,
      "planarSettlingTimeSeconds": 0.2,
      "yawRateSettlingTimeSeconds": 0.2,
      "planarSettled": true,
      "yawRateSettled": true,
      "planarBraking": true
    }
  ],
  "maximumTransitionTerminalPlanarTrackingError": 0.1976819955861292,
  "maximumTransitionTerminalYawRateTrackingError": 0.24562735124324192,
  "maximumPlanarSettlingTimeSeconds": 3.0,
  "maximumPlanarBrakingSettlingTimeSeconds": 0.2,
  "maximumYawRateSettlingTimeSeconds": 2.98,
  "maximumPlanarOvershootMps": 0.2701079462668461,
  "maximumYawRateOvershootRadPerSec": 0.236066818780635,
  "unsettledPlanarTransitionCount": 3,
  "unsettledYawRateTransitionCount": 0,
  "initialBasePosition": [
    0.7152846566209653,
    0.9330204374395312,
    0.0596760934814943
  ],
  "finalBasePosition": [
    0.7109345354645544,
    0.9381111061598384,
    0.05974872913875193
  ],
  "netDisplacement": [
    -0.004350121156410869,
    0.005090668720307168,
    7.263565725762477e-05
  ],
  "targetPlanarDisplacement": [
    0.76,
    0.44999999999999996
  ],
  "forwardDisplacement": -0.001149517172838848,
  "targetDistance": 0.8832326986700617,
  "forwardProgress": 0.0,
  "signedForwardProgress": -0.0013014884690860599,
  "backwardDisplacement": 0.001149517172838848,
  "meanForwardVelocity": -0.00011495171728387442,
  "lateralDrift": 0.006596747104802171,
  "distanceTraveled": 1.8155836969438615,
  "episodeInitialBasePosition": [
    0.0,
    0.0,
    0.44
  ],
  "mobilityMeasurementStartedAtSeconds": 8.0,
  "recoveryEvaluationStartedAtSeconds": 2.7,
  "missionStageDurationsSeconds": {
    "approach": 2.48,
    "impact": 0.16,