{
  "terms": {
    "survival": 10.0,
    "velocityTracking": 4.637853186608588,
    "forwardProgress": 0.0,
    "upright": 0.37081162188437516,
    "lateralDrift": -0.013193494209604343,
    "transitionTracking": 0.2522232180280659,
    "energy": -0.44423423565547976,
    "smoothness": -0.1624263189299229,
    "jointJerk": 0.0,
    "bodyAngularJerk": 0.0,
    "actionSlew": 0.0,
    "actuatorSaturation": -0.2698412698412698,
    "footSlip": 0.0,
    "footImpact": 0.0,
    "selfRighting": 0.0,
    "recoveryTime": -30.6,
    "jointLimitMargin": -0.008281374958490129,
    "componentMass": -3.115,
    "sensorChannels": -0.22,
    "trainingSteps": -0.65536
  },
  "total": -20.227448667073737
}
