{
  "previous": {
    "assembly": "force-sensing",
    "controller": "force-residual-trot",
    "assemblyHash": "d89572552c790a7256a7fe23403e257b121aab1b617e4b133032638dcb972cea",
    "aggregateScore": 84.18884075657773,
    "cases": [
      {
        "case": {
          "id": "nominal",
          "task": "velocity-track",
          "scenario": "nominal",
          "seed": 42,
          "weight": 1
        },
        "metrics": {
          "durationSeconds": 2.999999999999891,
          "steps": 150,
          "survivalRate": 1,
          "fell": false,
          "meanVelocityTrackingError": 0.19234295033995738,
          "meanUpright": 0.9485410419096731,
          "meanEnergy": 1.7136659221579298,
          "meanSmoothness": 0.47909736698421207,
          "peakActuator": 6
        },
        "score": {
          "terms": {
            "survival": 50,
            "velocityTracking": 16.77369752913594,
            "upright": 18.97082083819346,
            "energy": -0.0342733184431586,
            "smoothness": -0.004790973669842121,
            "componentMass": -1.4275,
            "sensorChannels": -0.5,
            "trainingSteps": -0.04096
          },
          "total": 83.7369940752164
        },
        "resultHash": "37000043ca6f017c9eb49dd357e7be01d34713dad7874a2beb607ae5e1dcfe26"
      },
      {
        "case": {
          "id": "low-friction",
          "task": "velocity-track",
          "scenario": "low-friction",
          "seed": 43,
          "weight": 1.2
        },
        "metrics": {
          "durationSeconds": 2.999999999999891,
          "steps": 150,
          "survivalRate": 1,
          "fell": false,
          "meanVelocityTrackingError": 0.19234295033995738,
          "meanUpright": 0.9485410419096731,
          "meanEnergy": 1.7136659221579298,
          "meanSmoothness": 0.47909736698421207,
          "peakActuator": 6
        },
        "score": {
          "terms": {
            "survival": 50,
            "velocityTracking": 16.77369752913594,
            "upright": 18.97082083819346,
            "energy": -0.0342733184431586,
            "smoothness": -0.004790973669842121,
            "componentMass": -1.4275,
            "sensorChannels": -0.5,
            "trainingSteps": -0.04096
          },
          "total": 83.7369940752164
        },
        "resultHash": "ae5abc6e28e051323cd7053383daed90314db8a9afbaa6ff59934f6c7e52d4b0"
      },
      {
        "case": {
          "id": "lateral-push",
          "task": "stand",
          "scenario": "lateral-push",
          "seed": 44,
          "weight": 1.5
        },
        "metrics": {
          "durationSeconds": 2.0000000000000013,
          "steps": 100,
          "survivalRate": 1,
          "fell": false,
          "meanVelocityTrackingError": 0.10861042336678921,
          "meanUpright": 0.9427124706170392,
          "meanEnergy": 3.369051960008422,
          "meanSmoothness": 0.7461672831103919,
          "peakActuator": 6
        },
        "score": {
          "terms": {
            "survival": 50,
            "velocityTracking": 18.040602522264848,
            "upright": 18.854249412340785,
            "energy": -0.06738103920016844,
            "smoothness": -0.007461672831103919,
            "componentMass": -1.4275,
            "sensorChannels": -0.5,
            "trainingSteps": -0.04096
          },
          "total": 84.85154922257436
        },
        "resultHash": "a77fac30587ef0fbd8107e92ec7958eb48fef63849e9764e8cfb22c0ab8ba435"
      }
    ]
  },
  "candidate": {
    "assembly": "force-sensing",
    "controller": "force-residual-trot",
    "assemblyHash": "d89572552c790a7256a7fe23403e257b121aab1b617e4b133032638dcb972cea",
    "aggregateScore": 84.23980305153188,
    "cases": [
      {
        "case": {
          "id": "nominal",
          "task": "velocity-track",
          "scenario": "nominal",
          "seed": 42,
          "weight": 1
        },
        "metrics": {
          "durationSeconds": 2.999999999999891,
          "steps": 150,
          "survivalRate": 1,
          "fell": false,
          "meanVelocityTrackingError": 0.19192643860488035,
          "meanUpright": 0.9484631494003065,
          "meanEnergy": 1.680469269997711,
          "meanSmoothness": 0.4698406931288186,
          "peakActuator": 6
        },
        "score": {
          "terms": {
            "survival": 50,
            "velocityTracking": 16.77955899980664,
            "upright": 18.96926298800613,
            "energy": -0.03360938539995422,
            "smoothness": -0.004698406931288186,
            "componentMass": -1.4275,
            "sensorChannels": -0.5,
            "trainingSteps": -0.02048
          },
          "total": 83.76253419548152
        },
        "resultHash": "5d10f844be40b8cbb6ff59f985c7a07ec52f8dbc857a9b3b0db226739fe50f0c"
      },
      {
        "case": {
          "id": "low-friction",
          "task": "velocity-track",
          "scenario": "low-friction",
          "seed": 43,
          "weight": 1.2
        },
        "metrics": {
          "durationSeconds": 2.999999999999891,
          "steps": 150,
          "survivalRate": 1,
          "fell": false,
          "meanVelocityTrackingError": 0.19192643860488035,
          "meanUpright": 0.9484631494003065,
          "meanEnergy": 1.680469269997711,
          "meanSmoothness": 0.4698406931288186,
          "peakActuator": 6
        },
        "score": {
          "terms": {
            "survival": 50,
            "velocityTracking": 16.77955899980664,
            "upright": 18.96926298800613,
            "energy": -0.03360938539995422,
            "smoothness": -0.004698406931288186,
            "componentMass": -1.4275,
            "sensorChannels": -0.5,
            "trainingSteps": -0.02048
          },
          "total": 83.76253419548152
        },
        "resultHash": "8f626e03b442b0c02796e9506dc4c08a50d4affccf7cb2e902e5b922dccaef5a"
      },
      {
        "case": {
          "id": "lateral-push",
          "task": "stand",
          "scenario": "lateral-push",
          "seed": 44,
          "weight": 1.5
        },
        "metrics": {
          "durationSeconds": 2.0000000000000013,
          "steps": 100,
          "survivalRate": 1,
          "fell": false,
          "meanVelocityTrackingError": 0.10412642795785589,
          "meanUpright": 0.9424170199509405,
          "meanEnergy": 3.3193182523623386,
          "meanSmoothness": 0.8044323912183237,
          "peakActuator": 6
        },
        "score": {
          "terms": {
            "survival": 50,
            "velocityTracking": 18.113867663679716,
            "upright": 18.84834039901881,
            "energy": -0.06638636504724678,
            "smoothness": -0.008044323912183236,
            "componentMass": -1.4275,
            "sensorChannels": -0.5,
            "trainingSteps": -0.02048
          },
          "total": 84.9397973737391
        },
        "resultHash": "233ba148c8148497664aee14262c552da70b9c3d50ff97ba798ed5a2f855a525"
      }
    ]
  },
  "delta": 0.050962294954146614,
  "gateReasons": []
}
