{
  "durationSeconds": 6.499999999999506,
  "steps": 325,
  "survivalRate": 1.0,
  "fell": false,
  "motionCommand": [
    0.0,
    0.009230769230769237,
    0.0
  ],
  "meanMotionCommand": [
    0.0,
    0.009230769230769237,
    0.0
  ],
  "meanMeasuredMotion": [
    -0.004869016263363019,
    0.11101802311354296,
    -0.5058611270923238
  ],
  "planarVelocityTrackingError": 0.10190364258636257,
  "yawRateTrackingError": 0.5058611270923238,
  "meanVelocityTrackingError": 1.0563801703382272,
  "meanPlanarVelocityTrackingError": 0.3687738534276216,
  "meanYawRateTrackingError": 0.9328311300280828,
  "meanUpright": 0.9424076238595007,
  "meanEnergy": 513.8996943902189,
  "meanSmoothness": 40.63142680989241,
  "peakActuator": 8.0,
  "motionCommandSchedule": [
    {
      "atStep": 0,
      "atSeconds": 0.0,
      "command": [
        0.0,
        0.12,
        0.0
      ]
    },
    {
      "atStep": 125,
      "atSeconds": 2.5,
      "command": [
        0.0,
        -0.12,
        0.0
      ]
    },
    {
      "atStep": 225,
      "atSeconds": 4.5,
      "command": [
        0.0,
        0.0,
        0.0
      ]
    }
  ],
  "transitionCount": 2,
  "transitions": [
    {
      "index": 1,
      "atStep": 125,
      "atSeconds": 2.5,
      "endStep": 225,
      "fromCommand": [
        0.0,
        0.12,
        0.0
      ],
      "toCommand": [
        0.0,
        -0.12,
        0.0
      ],
      "sampleCount": 100,
      "peakPlanarTrackingError": 0.9365905030216476,
      "peakYawRateTrackingError": 3.064473997405604,
      "terminalMeasuredMotion": [
        0.031312594935888914,
        0.24782184925794115,
        1.3985558433608647
      ],
      "terminalPlanarTrackingError": 0.3691522604470283,
      "terminalYawRateTrackingError": 1.3985558433608647,
      "planarOvershootMps": 0.11450861199000995,
      "yawRateOvershootRadPerSec": 0.0,
      "planarSettlingTimeSeconds": 2.0,
      "yawRateSettlingTimeSeconds": 2.0,
      "planarSettled": false,
      "yawRateSettled": false
    },
    {
      "index": 2,
      "atStep": 225,
      "atSeconds": 4.5,
      "endStep": 325,
      "fromCommand": [
        0.0,
        -0.12,
        0.0
      ],
      "toCommand": [
        0.0,
        0.0,
        0.0
      ],
      "sampleCount": 100,
      "peakPlanarTrackingError": 0.7372427049333038,
      "peakYawRateTrackingError": 3.0034396487188877,
      "terminalMeasuredMotion": [
        -0.3994104858274503,
        -0.25532495205399924,
        1.6890940825883312
      ],
      "terminalPlanarTrackingError": 0.4740459548717792,
      "terminalYawRateTrackingError": 1.6890940825883312,
      "planarOvershootMps": 0.469360464170145,
      "yawRateOvershootRadPerSec": 0.0,
      "planarSettlingTimeSeconds": 2.0,
      "yawRateSettlingTimeSeconds": 2.0,
      "planarSettled": false,
      "yawRateSettled": false
    }
  ],
  "maximumTransitionTerminalPlanarTrackingError": 0.4740459548717792,
  "maximumTransitionTerminalYawRateTrackingError": 1.6890940825883312,
  "maximumPlanarSettlingTimeSeconds": 2.0,
  "maximumYawRateSettlingTimeSeconds": 2.0,
  "maximumPlanarOvershootMps": 0.469360464170145,
  "maximumYawRateOvershootRadPerSec": 0.0,
  "unsettledPlanarTransitionCount": 2,
  "unsettledYawRateTransitionCount": 2,
  "initialBasePosition": [
    0.0,
    0.0,
    0.44
  ],
  "finalBasePosition": [
    -0.029594288399271536,
    0.7259864052416,
    0.4009052764245994
  ],
  "netDisplacement": [
    -0.029594288399271536,
    0.7259864052416,
    -0.039094723575400614
  ],
  "targetPlanarDisplacement": [
    0.0,
    0.06
  ],
  "forwardDisplacement": 0.7259864052416,
  "targetDistance": 0.06,
  "forwardProgress": 1.0,
  "meanForwardVelocity": 0.11169021619102386,
  "lateralDrift": 0.029594288399271536,
  "distanceTraveled": 2.257284446630614
}
