{
  "terms": {
    "survival": 30.0,
    "velocityTracking": 9.725828078137159,
    "forwardProgress": 10.0,
    "upright": 14.136114357892511,
    "lateralDrift": -0.14797144199635767,
    "transitionTracking": 3.9305598464870304,
    "energy": -2.5694984719510945,
    "smoothness": -0.04063142680989241,
    "componentMass": -1.2060000000000002,
    "sensorChannels": -1.07,
    "trainingSteps": -0.0
  },
  "total": 62.758400941759355
}
