{
  "terms": {
    "survival": 5.7,
    "velocityTracking": 14.65765574471553,
    "forwardProgress": 19.3104072743513,
    "upright": 9.369407159593216,
    "lateralDrift": -0.03470820051792412,
    "transitionTracking": 0.0,
    "energy": -4.385062387018766,
    "smoothness": -0.1575299643742516,
    "componentMass": -1.5075,
    "sensorChannels": -5.3500000000000005,
    "trainingSteps": -0.0
  },
  "total": 37.602669626749105
}
