{
  "count": 4096.0001,
  "mean": [
    0.277219351033192,
    -0.5134319870891595,
    0.27867964802948203,
    -0.5092985323509492,
    0.2549576097006562,
    -0.5575091202376615,
    0.25418861376251217,
    -0.5577928716019066,
    -0.0028009725844237647,
    0.052632791142422565,
    -0.006191635154058198,
    0.061104186402983214,
    0.04408394116587798,
    0.01714430383920713,
    0.04900907992707867,
    0.022463795077747643,
    0.42115767651069685,
    0.9903979238717576,
    -0.0019311634786746885,
    -0.07309587837116602,
    0.002306143074557974,
    0.07494818196870325,
    0.0030955389996891,
    -0.004489150816213401,
    -0.005763347740883993,
    -0.10850965123960822,
    0.002333381982351003,
    -0.005872325244605424,
    -0.11406657421693532,
    0.002478214099702046,
    1.4314733203341212,
    -0.060644826740741425,
    10.147554179983919,
    11.759686736059127,
    11.052584632785456,
    18.67322709816128,
    18.388355595960757
  ],
  "variance": [
    0.018422962345763377,
    0.009504667512469658,
    0.018926325761784418,
    0.00953034646505927,
    0.013868444988894908,
    0.011081116706785701,
    0.012532819459580243,
    0.011164221475287226,
    5.775752666306907,
    15.278999998067391,
    5.826011520068836,
    15.341568045292714,
    3.277552268758025,
    6.601609021614514,
    3.2749382273096357,
    6.775646158558775,
    0.0005715795207244939,
    0.0029075266261193123,
    0.00034277911834109406,
    0.008911487243231663,
    0.0016152597649983643,
    0.07826388234524786,
    0.0058995740828997716,
    0.01131944771879644,
    0.030519511578166875,
    0.5104082154501604,
    0.023113023556022332,
    0.03008661606603133,
    0.4886519378721861,
    0.023119256479678683,
    14.943569183180088,
    5.334702196134402,
    60.47154037468525,
    287.2808345013631,
    277.5121132146087,
    344.77230146182256,
    329.37675041153557
  ]
}
