{
  "durationSeconds": 4.999999999999671,
  "steps": 250,
  "survivalRate": 1.0,
  "fell": false,
  "motionCommand": [
    0.25,
    0.0,
    0.0
  ],
  "meanMotionCommand": [
    0.25,
    0.0,
    0.0
  ],
  "meanMeasuredMotion": [
    0.13706438226307718,
    -1.2033897437191528e-12,
    -1.031103743989353e-12
  ],
  "planarVelocityTrackingError": 0.11293561773692282,
  "yawRateTrackingError": 1.031103743989353e-12,
  "meanVelocityTrackingError": 0.2566454767900734,
  "meanPlanarVelocityTrackingError": 0.2566454767900734,
  "meanYawRateTrackingError": 7.685031528587951e-12,
  "meanUpright": 0.6571620295098891,
  "meanEnergy": 583.5398506220703,
  "meanSmoothness": 35.79577537307314,
  "peakActuator": 8.0,
  "motionCommandSchedule": [
    {
      "atStep": 0,
      "atSeconds": 0.0,
      "command": [
        0.25,
        0.0,
        0.0
      ]
    }
  ],
  "transitionCount": 0,
  "transitions": [],
  "maximumTransitionTerminalPlanarTrackingError": 0.0,
  "maximumTransitionTerminalYawRateTrackingError": 0.0,
  "maximumPlanarSettlingTimeSeconds": 0.0,
  "maximumPlanarBrakingSettlingTimeSeconds": 0.0,
  "maximumYawRateSettlingTimeSeconds": 0.0,
  "maximumPlanarOvershootMps": 0.0,
  "maximumYawRateOvershootRadPerSec": 0.0,
  "unsettledPlanarTransitionCount": 0,
  "unsettledYawRateTransitionCount": 0,
  "initialBasePosition": [
    0.0,
    0.0,
    0.44
  ],
  "finalBasePosition": [
    0.691729919771198,
    -6.204562517765474e-12,
    0.24810887529470865
  ],
  "netDisplacement": [
    0.691729919771198,
    -6.204562517765474e-12,
    -0.19189112470529135
  ],
  "targetPlanarDisplacement": [
    1.25,
    0.0
  ],
  "forwardDisplacement": 0.691729919771198,
  "targetDistance": 1.25,
  "forwardProgress": 0.5533839358169584,
  "signedForwardProgress": 0.5533839358169584,
  "backwardDisplacement": 0.0,
  "meanForwardVelocity": 0.13834598395424869,
  "lateralDrift": 6.204562517765474e-12,
  "distanceTraveled": 1.0209716228335646
}
