{
  "terms": {
    "survival": 25.0,
    "velocityTracking": 15.915387728197794,
    "forwardProgress": 27.669196790847923,
    "upright": 9.857430442648337,
    "lateralDrift": -6.204562517765474e-11,
    "transitionTracking": 0.0,
    "energy": -5.835398506220703,
    "smoothness": -0.1789788768653657,
    "componentMass": -1.5075,
    "sensorChannels": -5.3500000000000005,
    "trainingSteps": -0.0
  },
  "total": 65.57013757854594
}
