{
  "count": 1024.0001,
  "mean": [
    0.06349122755725894,
    -1.1844983603072774,
    0.06690728695390112,
    -1.1839459491118498,
    -0.1672671324300128,
    -1.047883958843446,
    -0.1305662093433262,
    -1.077864480242336,
    -0.7590809721421468,
    -1.0148379512639676,
    -0.7061066927306746,
    -1.0359827091494491,
    -1.3119281290834477,
    -0.11568841531465447,
    -1.2516912633699795,
    -0.18166128398208264,
    0.2956050980025286,
    0.9958448613906252,
    -0.0021056142247932886,
    -0.06979152047872114,
    -0.0018216882534431527,
    -0.39001977850961844,
    0.008390400867762153,
    -0.3064077833234609,
    -0.024042037409676836,
    -0.015924922268819832,
    -0.0023414898955480233,
    -0.023794824022974337,
    -0.01866710854063467,
    -0.002149927099802449,
    0.588571383890671,
    0.015158598509335588,
    9.71768038579831,
    8.96188333703058,
    8.329068355561578,
    4.7232936171132796,
    4.643259011028805
  ],
  "variance": [
    0.06443061695490933,
    0.10935830609226563,
    0.0639048365572348,
    0.10183785910394574,
    0.15925415362059775,
    0.0460024799357817,
    0.1530615605410572,
    0.052008397543942333,
    1.5123665598128382,
    1.284287203334315,
    1.624478690068188,
    0.9351423861899479,
    2.639019502978426,
    3.4175173106100534,
    2.8380169970722666,
    4.008133274399083,
    0.006152363294817259,
    2.0539931783343765e-05,
    9.679838827582579e-05,
    0.0032882938796296086,
    9.065857104363375e-06,
    0.04174866760813609,
    0.0029659148183824816,
    0.04139084785082223,
    0.042596552511043224,
    1.1997442125531381,
    0.004894323976382094,
    0.042592629105539986,
    1.2015315345263111,
    0.004795910191831002,
    67.75714402164034,
    13.533158783594402,
    65.9631802335842,
    227.70280231951415,
    213.88966388897285,
    157.07390759811156,
    158.14193596069268
  ]
}
