{
  "durationSeconds": 6.499999999999506,
  "steps": 325,
  "survivalRate": 1.0,
  "fell": false,
  "motionCommand": [
    0.0,
    0.009230769230769237,
    0.0
  ],
  "meanMotionCommand": [
    0.0,
    0.009230769230769237,
    0.0
  ],
  "meanMeasuredMotion": [
    -0.015589679518948341,
    -0.023842057359827026,
    0.37317048072767683
  ],
  "planarVelocityTrackingError": 0.0365629589365408,
  "yawRateTrackingError": 0.37317048072767683,
  "meanVelocityTrackingError": 1.088397483271239,
  "meanPlanarVelocityTrackingError": 0.3948048874940202,
  "meanYawRateTrackingError": 0.9621087205227461,
  "meanUpright": 0.9370094501417071,
  "meanEnergy": 508.460846638413,
  "meanSmoothness": 40.65227851123644,
  "peakActuator": 8.0,
  "motionCommandSchedule": [
    {
      "atStep": 0,
      "atSeconds": 0.0,
      "command": [
        0.0,
        0.12,
        0.0
      ]
    },
    {
      "atStep": 125,
      "atSeconds": 2.5,
      "command": [
        0.0,
        -0.12,
        0.0
      ]
    },
    {
      "atStep": 225,
      "atSeconds": 4.5,
      "command": [
        0.0,
        0.0,
        0.0
      ]
    }
  ],
  "transitionCount": 2,
  "transitions": [
    {
      "index": 1,
      "atStep": 125,
      "atSeconds": 2.5,
      "endStep": 225,
      "fromCommand": [
        0.0,
        0.12,
        0.0
      ],
      "toCommand": [
        0.0,
        -0.12,
        0.0
      ],
      "sampleCount": 100,
      "peakPlanarTrackingError": 0.6237178072359709,
      "peakYawRateTrackingError": 3.6385700472603877,
      "terminalMeasuredMotion": [
        -0.04515604557941557,
        -0.15429888487880764,
        0.10693085823572361
      ],
      "terminalPlanarTrackingError": 0.05670521983292152,
      "terminalYawRateTrackingError": 0.10693085823572361,
      "planarOvershootMps": 0.43173039136283664,
      "yawRateOvershootRadPerSec": 0.0,
      "planarSettlingTimeSeconds": 1.9,
      "yawRateSettlingTimeSeconds": 2.0,
      "planarSettled": true,
      "yawRateSettled": true
    },
    {
      "index": 2,
      "atStep": 225,
      "atSeconds": 4.5,
      "endStep": 325,
      "fromCommand": [
        0.0,
        -0.12,
        0.0
      ],
      "toCommand": [
        0.0,
        0.0,
        0.0
      ],
      "sampleCount": 100,
      "peakPlanarTrackingError": 0.9786426918603962,
      "peakYawRateTrackingError": 2.980087276599164,
      "terminalMeasuredMotion": [
        0.4974694902578888,
        -0.5531652139483318,
        -0.5791466432129623
      ],
      "terminalPlanarTrackingError": 0.7439540628694405,
      "terminalYawRateTrackingError": 0.5791466432129623,
      "planarOvershootMps": 0.0,
      "yawRateOvershootRadPerSec": 0.0,
      "planarSettlingTimeSeconds": 2.0,
      "yawRateSettlingTimeSeconds": 2.0,
      "planarSettled": false,
      "yawRateSettled": false
    }
  ],
  "maximumTransitionTerminalPlanarTrackingError": 0.7439540628694405,
  "maximumTransitionTerminalYawRateTrackingError": 0.5791466432129623,
  "maximumPlanarSettlingTimeSeconds": 2.0,
  "maximumYawRateSettlingTimeSeconds": 2.0,
  "maximumPlanarOvershootMps": 0.43173039136283664,
  "maximumYawRateOvershootRadPerSec": 0.0,
  "unsettledPlanarTransitionCount": 1,
  "unsettledYawRateTransitionCount": 1,
  "initialBasePosition": [
    0.0,
    0.0,
    0.44
  ],
  "finalBasePosition": [
    -0.10697217956435626,
    -0.14590636838211793,
    0.4091921786547739
  ],
  "netDisplacement": [
    -0.10697217956435626,
    -0.14590636838211793,
    -0.030807821345226083
  ],
  "targetPlanarDisplacement": [
    0.0,
    0.06
  ],
  "forwardDisplacement": -0.14590636838211793,
  "targetDistance": 0.06,
  "forwardProgress": 0.0,
  "meanForwardVelocity": -0.022447133597250618,
  "lateralDrift": 0.10697217956435626,
  "distanceTraveled": 2.683806792637075
}
