{
  "terms": {
    "survival": 30.0,
    "velocityTracking": 9.576720983532434,
    "forwardProgress": 0.0,
    "upright": 14.055141752125607,
    "lateralDrift": -0.5348608978217813,
    "transitionTracking": 4.441265749982463,
    "energy": -2.542304233192065,
    "smoothness": -0.04065227851123644,
    "componentMass": -1.2060000000000002,
    "sensorChannels": -1.07,
    "trainingSteps": -0.0
  },
  "total": 52.67931107611542
}
