{
  "count": 6144.0001,
  "mean": [
    0.2548440919630489,
    -0.5071319290599182,
    0.2664832679939501,
    -0.5026348474466413,
    0.2695955173446542,
    -0.532964848363514,
    0.2839964610323953,
    -0.5288506744908308,
    0.0364343727222171,
    0.08448376041755053,
    0.04059196073563857,
    0.08436659885616554,
    0.039295584480627685,
    0.07462735753059913,
    0.0440411143451903,
    0.07480618891093614,
    0.4286329334851395,
    0.9985612937762642,
    -0.0027391644769616634,
    -0.05216127377028682,
    -0.0011280053770011682,
    0.004781690527364893,
    0.0006103323093181393,
    0.002729799724837496,
    -0.0009457443075832898,
    -0.03485274533864982,
    -0.0020642207387470903,
    -0.0009139686620478625,
    -0.03430795523658756,
    -0.002054003253602689,
    0.8562273569825193,
    -0.04515123197556483,
    9.826578882935054,
    12.779772422701864,
    10.196278370588686,
    15.863855505409342,
    16.577601531786243
  ],
  "variance": [
    0.00043453436821510726,
    0.0010068745941990834,
    0.0005552739008465977,
    0.0011099321700030428,
    0.0006667108291932566,
    0.0009478421789454262,
    0.00033715401398851585,
    0.0009413658913648296,
    0.1210121045244845,
    0.48260908809659053,
    0.11041098190173904,
    0.49323911869450204,
    0.15512973780100156,
    0.339605662608234,
    0.1480954406065882,
    0.34856689174681965,
    5.623963554057875e-06,
    1e-06,
    9.669537698864037e-05,
    3.40236073321991e-05,
    1.490651674736598e-05,
    0.0032542489640594655,
    0.003041557477299564,
    0.0006737021037545867,
    0.015525901699419139,
    0.10884071355562117,
    0.0003649341887481757,
    0.015386735778927617,
    0.1023016619541455,
    0.0003587963361088717,
    4.57293514260293,
    1.1097466153482125,
    4.894951024575597,
    70.51487193225339,
    74.61244926811048,
    37.74014162446652,
    37.57452650944779
  ]
}
