{
  "count": 4096.0001,
  "mean": [
    0.13882000014120263,
    0.43662267242264985,
    -0.4148183129635444,
    -0.15776672199779332,
    0.43780148153134857,
    -0.4121809843562291,
    0.13242512554291325,
    0.32795832461654956,
    -0.4973180598636027,
    -0.13585550135464167,
    0.3374355773657785,
    -0.5002358180238875,
    -0.03544548173344887,
    0.09182523643897422,
    0.05934091479724779,
    0.0013126034455405813,
    0.09921435479002182,
    0.027134874208409147,
    -0.035342871619971225,
    0.03027175620001578,
    0.08279963457976873,
    0.015359377074193024,
    0.040929954242001035,
    0.05345473240062595,
    0.379020314086802,
    0.8661498355122307,
    -0.01567012079098872,
    0.0957627324203947,
    0.034831475645163125,
    0.0668881666819505,
    0.0033719575080110864,
    -0.04430438885417782,
    -0.015735520346517644,
    0.1791380943855588,
    -0.0006358672946595073,
    -0.01614339676736675,
    0.17574869550891986,
    -0.0010742033631112868,
    -1.2606305713111576,
    -0.038008388444327204,
    7.8678303131388985,
    15.322892528437608,
    14.974735928338278,
    12.000650611201323,
    11.766138960053585
  ],
  "variance": [
    0.04115401889905073,
    0.07976479890735362,
    0.12770364686554989,
    0.0415980280631957,
    0.08259612401052692,
    0.12707105971290328,
    0.044077683068659786,
    0.07610326459378984,
    0.11290482367914098,
    0.04219895495320376,
    0.07107510960600287,
    0.11253394803339099,
    24.841953412888532,
    50.26671209817749,
    125.26156771507651,
    25.88587313183291,
    50.36253517619442,
    123.25835693350021,
    31.964231911055876,
    53.20314486513645,
    111.94527847604859,
    31.845561950580276,
    54.776666973547705,
    112.48589214121442,
    0.005818722654678042,
    0.028045968246993177,
    0.022940815114804808,
    0.05588595464427971,
    0.13231893341177006,
    0.1483180652230325,
    0.07907122288141365,
    0.09502829569851796,
    7.20682768680671,
    3.594463355140124,
    1.3079711061531096,
    6.902047163362954,
    3.496009304609633,
    1.2772932318725596,
    132.0031895034379,
    86.56943617237354,
    206.8676083193702,
    1482.4197626359787,
    1628.2398974679463,
    1531.7378531144227,
    1405.0389183576904
  ]
}
