{
  "count": 2048.0001,
  "mean": [
    0.2573552774259433,
    -0.5062398159547744,
    0.26657412452224105,
    -0.5003197690851133,
    0.2719320880357895,
    -0.5337547868550793,
    0.2843480910361704,
    -0.5294865639492922,
    0.03885469496597371,
    0.08683624130241002,
    0.04078349534636023,
    0.08794697846698052,
    0.04195944091632892,
    0.07575598497569416,
    0.04521835875562489,
    0.07634151562911794,
    0.42865702455551524,
    0.9985617193070772,
    -0.002553373665145468,
    -0.05228133072629809,
    -0.0018206021313249363,
    0.005824821404061764,
    0.00047848294074214967,
    0.002848999446984408,
    -0.0008162220534615187,
    -0.035712782723092716,
    -0.0026669380430641974,
    -0.0008150159862947644,
    -0.03517708013098769,
    -0.0026709311555681127,
    0.8548720415701903,
    -0.04466969495342778,
    9.83071608437734,
    12.76887931237433,
    10.296040761741546,
    15.833244329441325,
    16.543991911975514
  ],
  "variance": [
    0.0004523717595114311,
    0.0010453453606284542,
    0.0005063917341782247,
    0.001127474314878742,
    0.0005923918169313973,
    0.0009407557473595273,
    0.00032244328872883495,
    0.0009444441219440542,
    0.11832312976826334,
    0.4700242935042499,
    0.10671249201834185,
    0.47479321046626727,
    0.14803273530946287,
    0.3505667071823962,
    0.15138298051274776,
    0.3591659845052523,
    5.691393521004483e-06,
    1e-06,
    8.56745143733161e-05,
    3.468562879693327e-05,
    1.0863524643966454e-05,
    0.003365610611327275,
    0.002822623820683155,
    0.0006714980941687545,
    0.014433476195269468,
    0.11026400962479475,
    0.00031030014559092696,
    0.014300725787569364,
    0.10365005249048503,
    0.00030585499165475656,
    4.677402174793619,
    1.0091477664785242,
    5.010473298425312,
    68.66472271372008,
    72.5715265960705,
    36.778192484752296,
    36.70786259651644
  ]
}
