{
  "count": 8192.000100000001,
  "mean": [
    0.18937645525009422,
    0.4584216428341557,
    -0.3487805136295631,
    -0.19423085340624424,
    0.45876497956692525,
    -0.34472650214557954,
    0.17316553678538535,
    0.2967325172594489,
    -0.47430642518138594,
    -0.16793622539850428,
    0.3003613837450298,
    -0.46927535693780215,
    0.0008607973333863097,
    0.06590635165270527,
    0.11932367515313752,
    -0.02249463611845747,
    0.0883868290384121,
    0.0814205215515148,
    0.0010980727803801744,
    0.06237574645538533,
    0.057219977685929235,
    -0.01898353754066014,
    0.0671309734171886,
    0.03757472421739146,
    0.3566680208758795,
    0.8900505948646495,
    0.003367370598834887,
    0.1025436092896156,
    -0.009177685778447282,
    0.0751489067047722,
    0.009193072486524552,
    -0.04001808206927478,
    0.012814618456228999,
    0.04596065881239895,
    -0.012647172031983109,
    0.012463119893854372,
    0.04307909211309836,
    -0.012192004017034226,
    -1.7143124333962445,
    -0.0003241409331905382,
    7.859425007832453,
    0.034500491562703496,
    -1.212403777034159,
    -0.27122979231913635,
    -0.06478220144471024,
    -1.2189872022636927,
    -0.29443683748466226,
    0.049095459243744845,
    0.3663162522130266,
    0.5863430075891007,
    -0.12292761911118749,
    0.3315466415892526,
    0.5648869700857393,
    0.04596717538144098,
    -1.2284799253857235,
    -0.25678121646223184,
    -0.059210890678464564,
    -1.2369017923471732,
    -0.27985719287333155,
    0.05793680821890241,
    0.3502483634969496,
    0.6001961491548704,
    -0.1172915002624724,
    0.3140951203731249,
    0.5856181473190688,
    0.04959049346953029,
    -1.2228249211144997,
    -0.2666028800366632,
    -0.05539367093197065,
    -1.2409563914282686,
    -0.2804443694444718,
    0.06522291605571152,
    0.3496528301879935,
    0.5979266770818217,
    -0.11660487011685501,
    0.31295291481882265,
    0.590148589921491,
    0.06050320468387901,
    -1.2179896943791606,
    -0.2731134745363927,
    -0.04705112323911295,
    -1.2499070071070264,
    -0.27598271907237987,
    0.08244423621011754,
    0.3365992764361196,
    0.6144699867740053,
    -0.10439672992209423,
    0.29569924092246713,
    0.6097887277079261,
    0.045014808070331064,
    -1.1800577006367063,
    -0.2959246489175834,
    -0.05208014339202522,
    -1.2066540027631516,
    -0.28795058370415266,
    0.06977598638796373,
    0.37467054708182823,
    0.5892532065193155,
    -0.10798046565496337,
    0.34082762552741735,
    0.5613780663553006,
    0.03881492517738951,
    -1.2007810962867698,
    -0.2778211836607873,
    -0.05756012005172395,
    -1.2137898378211192,
    -0.28380823902643637,
    0.05746053303257958,
    0.3680825984514582,
    0.5917707523702431,
    -0.1151086103799432,
    0.33602796137810576,
    0.5662628681845656,
    0.030522912331161424,
    -1.2082785417558832,
    -0.2698594535313598,
    -0.06473899324725468,
    -1.2152342596327521,
    -0.288820487822632,
    0.049749434063246625,
    0.3699309512790324,
    0.5832718675711777,
    -0.12637167473910027,
    0.33638494060334406,
    0.5586897571057008,
    0.03398134930432366,
    -1.2202318673704822,
    -0.2573607695109897,
    -0.06473856060809656,
    -1.2295497823706307,
    -0.2807381396967406,
    0.05219838717019478,
    0.35637821555040017,
    0.5947068979942101,
    -0.12291760438256251,
    0.32237013984517937,
    0.5687302419708915,
    1.5124564251979205,
    0.24999999694824176,
    0.0,
    0.0,
    12.876023543565253,
    13.395787967522269,
    9.818682119167036,
    9.654102985338335
  ],
  "variance": [
    0.02072157608140222,
    0.04939006962815449,
    0.06641128629097788,
    0.02165364578750465,
    0.048075342062545816,
    0.06786509864491255,
    0.019474011732977754,
    0.051319171947533236,
    0.05500452803693015,
    0.019713337517438683,
    0.05132289477393279,
    0.055456074843369944,
    12.050216103145267,
    26.064678687262386,
    68.58091161055343,
    12.150827585830502,
    26.990223051262873,
    68.72146863365671,
    16.388507761830088,
    31.66225391652135,
    63.98999208715153,
    17.081978089098804,
    31.812445839733535,
    63.37470867980038,
    0.0070131494156479,
    0.032796866840578996,
    0.016087182165692843,
    0.08564322269442357,
    0.06265231426009209,
    0.1056239156130197,
    0.03960214496636487,
    0.06961140863403921,
    3.256747117597048,
    2.332856487194283,
    0.558441578884418,
    3.1403036146301657,
    2.2657105502156427,
    0.5468035614735464,
    124.36197049469123,
    43.631930382524914,
    184.43537546616474,
    25.775112050941853,
    47.88890342994581,
    54.366943649455564,
    25.920423181625107,
    48.00156126828605,
    54.57963246140381,
    34.55543580389758,
    49.4616151283659,
    53.752012302029456,
    34.5304363482453,
    49.496216321735034,
    53.888968193453174,
    26.006449753095254,
    48.097384434127335,
    54.657234879904145,
    26.15017997540743,
    48.208802151261956,
    54.86826834633716,
    34.80562279455061,
    49.77365954089881,
    54.03608361273084,
    34.79547616855274,
    49.80413352799103,
    54.16072433026487,
    26.233439550204476,
    48.38914513948376,
    54.90591977646764,
    26.381727346464327,
    48.486986916333,
    55.120356632295234,
    35.058340266251555,
    50.04978662672283,
    54.348255206288606,
    35.05374870581728,
    50.057939038925944,
    54.45912067122852,
    26.445691864748724,
    48.65094663300836,
    55.21492764581041,
    26.601163093294456,
    48.70419449738139,
    55.4240111188015,
    35.28800609880573,
    50.330014278616666,
    54.614387382629616,
    35.276848066391615,
    50.34689692096584,
    54.728805953216465,
    25.325734713532118,
    47.46947862663214,
    53.834594545020025,
    25.482006682468363,
    47.56604454838805,
    54.06450017612126,
    34.09984204287394,
    48.983379798699275,
    53.25514555334239,
    34.09160191489253,
    48.98155665624916,
    53.36364820996924,
    25.556318939400466,
    47.6672657293656,
    54.13682731420525,
    25.711996254020608,
    47.784087442581,
    54.36343243682146,
    34.341263118113446,
    49.23627484397655,
    53.533088813341664,
    34.31768026428376,
    49.276952008318126,
    53.65626849095857,
    25.766883450226118,
    47.94293818967605,
    54.426572413387035,
    25.916051043332427,
    48.07814042926823,
    54.64270777929819,
    34.57444684611918,
    49.50979752745964,
    53.82422469878318,
    34.55628100104072,
    49.54489784752853,
    53.97652926355936,
    25.974711394805414,
    48.15028667903328,
    54.70666004609895,
    26.116900836913086,
    48.26433934925027,
    54.9340717209407,
    34.809818946520224,
    49.817224159692664,
    54.120101414408886,
    34.79769972277984,
    49.85887091918655,
    54.25517623496665,
    1.0965516326139275,
    1e-06,
    1e-06,
    1e-06,
    721.2818244241115,
    754.8292894805854,
    749.6174041218462,
    739.9348635674934
  ]
}
