{
  "calibrationRunId": "calibration-0953f26819aff930",
  "resultHash": "437ce0418e3cf6371f2aca1c37b73a6327cdc6b5a4533d2e028718ae45adf66b",
  "parameters": {
    "bodyMassScale": 1.125,
    "jointDampingScale": 0.8999999999999999,
    "actuatorStrengthScale": 1.175,
    "actuatorDelaySteps": 2
  },
  "fit": {
    "loss": 0.003179335733800817,
    "rmse": {
      "jointPosition": 0.0004190868900348726,
      "jointVelocity": 0.04556370942252496,
      "basePosition": 3.7004229327184934e-05,
      "baseOrientation": 0.00010127398334524569,
      "baseVelocity": 0.01646319659236259
    },
    "normalizedTerms": {
      "jointPosition": 1.7563382139910137e-05,
      "jointVelocity": 0.0020760516163402898,
      "basePosition": 5.477251952395573e-07,
      "baseOrientation": 1.0256419702613103e-06,
      "baseVelocity": 0.0010841473681551166
    },
    "transitions": 449,
    "sources": [
      {
        "source": "run-36391fc5109e6d38",
        "transitions": 250
      },
      {
        "source": "run-ef2286a393b0a997",
        "transitions": 199
      }
    ]
  },
  "validation": {
    "loss": 0.0022686680027227467,
    "rmse": {
      "jointPosition": 0.000390473838706182,
      "jointVelocity": 0.033330437257150305,
      "basePosition": 4.1064151491389215e-05,
      "baseOrientation": 0.0001361894207546275,
      "baseVelocity": 0.016881748365104903
    },
    "normalizedTerms": {
      "jointPosition": 1.5246981871394141e-05,
      "jointVelocity": 0.0011109180477528332,
      "basePosition": 6.745058150831051e-07,
      "baseOrientation": 1.854755832548096e-06,
      "baseVelocity": 0.0011399737114508883
    },
    "transitions": 109,
    "sources": [
      {
        "source": "run-3c89a0ebe1617558",
        "transitions": 109
      }
    ]
  },
  "profileId": "quadruped-synthetic-calibrated-v1",
  "profileProposalHash": "2e249a7957e69a54e1a1f7b554cd6b7092047f94ccd6ec558009595b2e921e1f"
}
