{
  "durationSeconds": 1.1400000000000008,
  "steps": 57,
  "survivalRate": 0.224,
  "fell": true,
  "motionCommand": [
    0.25,
    0.0,
    0.0
  ],
  "meanMotionCommand": [
    0.25,
    0.0,
    0.0
  ],
  "meanMeasuredMotion": [
    0.42454474216764343,
    -2.586223539362692e-13,
    5.910431954991242e-13
  ],
  "planarVelocityTrackingError": 0.17454474216764343,
  "yawRateTrackingError": 5.910431954991242e-13,
  "meanVelocityTrackingError": 0.375072589735826,
  "meanPlanarVelocityTrackingError": 0.375072589735826,
  "meanYawRateTrackingError": 1.8188364186604164e-12,
  "meanUpright": 0.9010839138806886,
  "meanEnergy": 486.7021674454187,
  "meanSmoothness": 34.105927788788435,
  "peakActuator": 8.0,
  "motionCommandSchedule": [
    {
      "atStep": 0,
      "atSeconds": 0.0,
      "command": [
        0.25,
        0.0,
        0.0
      ]
    }
  ],
  "transitionCount": 0,
  "transitions": [],
  "maximumTransitionTerminalPlanarTrackingError": 0.0,
  "maximumTransitionTerminalYawRateTrackingError": 0.0,
  "maximumPlanarSettlingTimeSeconds": 0.0,
  "maximumPlanarBrakingSettlingTimeSeconds": 0.0,
  "maximumYawRateSettlingTimeSeconds": 0.0,
  "maximumPlanarOvershootMps": 0.0,
  "maximumYawRateOvershootRadPerSec": 0.0,
  "unsettledPlanarTransitionCount": 0,
  "unsettledYawRateTransitionCount": 0,
  "initialBasePosition": [
    0.0,
    0.0,
    0.44
  ],
  "finalBasePosition": [
    0.47982596565101254,
    -2.80707350143323e-13,
    0.1858096654667972
  ],
  "netDisplacement": [
    0.47982596565101254,
    -2.80707350143323e-13,
    -0.25419033453320283
  ],
  "targetPlanarDisplacement": [
    1.25,
    0.0
  ],
  "forwardDisplacement": 0.47982596565101254,
  "targetDistance": 1.25,
  "forwardProgress": 0.38386077252081,
  "signedForwardProgress": 0.38386077252081,
  "backwardDisplacement": 0.0,
  "meanForwardVelocity": 0.42089996986930894,
  "lateralDrift": 2.80707350143323e-13,
  "distanceTraveled": 0.5358880235399553
}
