{
  "terms": {
    "survival": 5.6000000000000005,
    "velocityTracking": 14.544686694571032,
    "forwardProgress": 19.1930386260405,
    "upright": 13.51625870821033,
    "lateralDrift": -2.80707350143323e-12,
    "transitionTracking": 0.0,
    "energy": -4.867021674454187,
    "smoothness": -0.17052963894394219,
    "componentMass": -1.5075,
    "sensorChannels": -5.3500000000000005,
    "trainingSteps": -0.0
  },
  "total": 40.95893271542093
}
