{
  "durationSeconds": 4.079999999999773,
  "steps": 204,
  "survivalRate": 0.6766666666666666,
  "fell": true,
  "motionCommand": [
    0.18382352941176472,
    0.0,
    0.0
  ],
  "meanMotionCommand": [
    0.18382352941176472,
    0.0,
    0.0
  ],
  "meanMeasuredMotion": [
    0.01696153917023269,
    -5.119168826742947e-11,
    -1.0555836480944269e-10
  ],
  "planarVelocityTrackingError": 0.16686199024153203,
  "yawRateTrackingError": 1.0555836480944269e-10,
  "meanVelocityTrackingError": 0.2762145558209919,
  "meanPlanarVelocityTrackingError": 0.27621455582099086,
  "meanYawRateTrackingError": 2.519686649418329e-09,
  "meanUpright": 0.6986672763231377,
  "meanEnergy": 591.512884181805,
  "meanSmoothness": 36.27499970735287,
  "peakActuator": 8.0,
  "motionCommandSchedule": [
    {
      "atStep": 0,
      "atSeconds": 0.0,
      "command": [
        0.0,
        0.0,
        0.0
      ]
    },
    {
      "atStep": 50,
      "atSeconds": 1.0,
      "command": [
        0.25,
        0.0,
        0.0
      ]
    },
    {
      "atStep": 200,
      "atSeconds": 4.0,
      "command": [
        0.0,
        0.0,
        0.0
      ]
    }
  ],
  "transitionCount": 2,
  "transitions": [
    {
      "index": 1,
      "atStep": 50,
      "atSeconds": 1.0,
      "endStep": 200,
      "fromCommand": [
        0.0,
        0.0,
        0.0
      ],
      "toCommand": [
        0.25,
        0.0,
        0.0
      ],
      "sampleCount": 150,
      "peakPlanarTrackingError": 0.668596356688713,
      "peakYawRateTrackingError": 2.1755449599068177e-08,
      "terminalMeasuredMotion": [
        0.1395369257122934,
        -4.633168991159518e-09,
        1.1275888914947296e-08
      ],
      "terminalPlanarTrackingError": 0.1104630742877067,
      "terminalYawRateTrackingError": 1.1275888914947296e-08,
      "planarOvershootMps": 0.668596356688713,
      "yawRateOvershootRadPerSec": 0.0,
      "planarSettlingTimeSeconds": 2.7,
      "yawRateSettlingTimeSeconds": 0.2,
      "planarSettled": true,
      "yawRateSettled": true
    },
    {
      "index": 2,
      "atStep": 200,
      "atSeconds": 4.0,
      "endStep": 300,
      "fromCommand": [
        0.25,
        0.0,
        0.0
      ],
      "toCommand": [
        0.0,
        0.0,
        0.0
      ],
      "sampleCount": 4,
      "peakPlanarTrackingError": 0.23222354717161098,
      "peakYawRateTrackingError": 6.288915075884631e-08,
      "terminalMeasuredMotion": [
        0.13679211983993111,
        3.9690540862638103e-10,
        -7.251959613164038e-09
      ],
      "terminalPlanarTrackingError": 0.13679211983993111,
      "terminalYawRateTrackingError": 7.251959613164038e-09,
      "planarOvershootMps": 0.0,
      "yawRateOvershootRadPerSec": 0.0,
      "planarSettlingTimeSeconds": 0.08,
      "yawRateSettlingTimeSeconds": 0.08,
      "planarSettled": false,
      "yawRateSettled": false
    }
  ],
  "maximumTransitionTerminalPlanarTrackingError": 0.13679211983993111,
  "maximumTransitionTerminalYawRateTrackingError": 1.1275888914947296e-08,
  "maximumPlanarSettlingTimeSeconds": 2.7,
  "maximumYawRateSettlingTimeSeconds": 0.2,
  "maximumPlanarOvershootMps": 0.668596356688713,
  "maximumYawRateOvershootRadPerSec": 0.0,
  "unsettledPlanarTransitionCount": 1,
  "unsettledYawRateTransitionCount": 1,
  "initialBasePosition": [
    0.0,
    0.0,
    0.44
  ],
  "finalBasePosition": [
    0.07421019912306893,
    -4.183183622319963e-10,
    0.1841941387187544
  ],
  "netDisplacement": [
    0.07421019912306893,
    -4.183183622319963e-10,
    -0.2558058612812456
  ],
  "targetPlanarDisplacement": [
    0.75,
    0.0
  ],
  "forwardDisplacement": 0.07421019912306893,
  "targetDistance": 0.75,
  "forwardProgress": 0.09894693216409191,
  "meanForwardVelocity": 0.01818877429487085,
  "lateralDrift": 4.183183622319963e-10,
  "distanceTraveled": 0.7058436305467363
}
