{
  "terms": {
    "survival": 20.3,
    "velocityTracking": 15.671346098332151,
    "forwardProgress": 0.989469321640919,
    "upright": 10.480009144847067,
    "lateralDrift": -2.0915918111599812e-09,
    "transitionTracking": 6.3756691031472235,
    "energy": -2.957564420909025,
    "smoothness": -0.03627499970735287,
    "componentMass": -1.2060000000000002,
    "sensorChannels": -1.07,
    "trainingSteps": -0.0
  },
  "total": 48.54665424525939
}
