{
  "terms": {
    "survival": 30.0,
    "velocityTracking": 13.78624322208208,
    "forwardProgress": 10.0,
    "upright": 14.561955278930402,
    "lateralDrift": -1.398302837648071,
    "transitionTracking": 5.218850345012461,
    "energy": -0.9605322211974842,
    "smoothness": -0.13078352649248873,
    "componentMass": -1.2060000000000002,
    "sensorChannels": -1.07,
    "trainingSteps": -0.0
  },
  "total": 68.8014302606869
}
