{
  "count": 2048.0001,
  "mean": [
    0.2573138365274357,
    -0.5062767180674903,
    0.26647090881119917,
    -0.49989773495503426,
    0.2721573007772044,
    -0.5336895452380859,
    0.28453148896035774,
    -0.5293601503619292,
    0.038801091928912276,
    0.08677048317282601,
    0.04081973412239421,
    0.0883293782358489,
    0.04193535751558681,
    0.0760848028041236,
    0.045319893908476266,
    0.07628534500774986,
    0.42866988450438004,
    0.9985632229564044,
    -0.0025654983883842447,
    -0.052257530832726024,
    -0.0018778529399298741,
    0.005912256607982122,
    0.00047792178367137244,
    0.0028451491814347686,
    -0.0008286148417053018,
    -0.03563865697147874,
    -0.0026887283895295233,
    -0.0008129090504683617,
    -0.035101410682622715,
    -0.002690153148070496,
    0.8552368849758569,
    -0.04500874302668698,
    9.827816925125337,
    12.725513084300651,
    10.339415799803648,
    15.869998882017104,
    16.488447424984027
  ],
  "variance": [
    0.00045375355489078836,
    0.001044244032273316,
    0.0005030677437749962,
    0.0011358525646161647,
    0.0005916815860035073,
    0.0009400232972998071,
    0.0003224390434667414,
    0.0009468528968547788,
    0.1186497936956988,
    0.4701886167744965,
    0.1077209499093499,
    0.4765508033291859,
    0.1479131137508892,
    0.34898934592164715,
    0.15046802439706328,
    0.3584203961188426,
    5.72594715191337e-06,
    1e-06,
    8.495821638954217e-05,
    3.463265873255155e-05,
    1.0846856349955329e-05,
    0.0033463259271521353,
    0.002816853700565169,
    0.0006678607234258742,
    0.014409453535021146,
    0.11011344635827836,
    0.0003076686200676181,
    0.014275500892949464,
    0.1035247933901864,
    0.00030333047554307723,
    4.67967167243,
    1.0054425245284628,
    5.030250363436247,
    68.80630012052272,
    72.7347073113992,
    36.52288376244387,
    36.81400019295994
  ]
}
