{
  "count": 4096.0001,
  "mean": [
    0.27930928472891414,
    -0.5103553280639531,
    0.27926815651041,
    -0.5095518308606396,
    0.255552325587081,
    -0.5594378786306199,
    0.2490585620255778,
    -0.5592708887408551,
    0.0006887476554985092,
    0.05225355526711541,
    -0.004545604991452158,
    0.05271418375511009,
    0.04957080460717744,
    0.016222012241297473,
    0.058258869290066434,
    0.012664696639486054,
    0.4209420634182816,
    0.9899984371231151,
    -0.0016265408953142983,
    -0.07395668860748633,
    -0.0050198994318872,
    0.07168031788872518,
    0.0003710585180227034,
    -0.004343425733409688,
    -0.0013961726984877245,
    -0.11021232218856394,
    0.004105552999847858,
    -0.0016487408668319785,
    -0.11685443208274625,
    0.004127746965967163,
    1.4788283688376136,
    -0.0812774149544499,
    10.185432864516423,
    11.486520875280698,
    11.13817936458429,
    19.199626481250462,
    18.39002596855966
  ],
  "variance": [
    0.01878332206679817,
    0.009460040351330709,
    0.018839915583274677,
    0.009458012824438524,
    0.013832230225930105,
    0.010842114090465291,
    0.012207455680897324,
    0.010887061395980661,
    5.70025593257904,
    15.080510853794392,
    5.681380212980414,
    15.011586263139888,
    3.2287083726854093,
    6.3741588386111,
    3.3178951326642574,
    6.580999213753792,
    0.0005844526862541071,
    0.0032380783099010893,
    0.0003256004675477265,
    0.009369441487018473,
    0.0014910715285793973,
    0.08240757565341315,
    0.005200106184204119,
    0.011408304533452141,
    0.02894364333943718,
    0.5390026140730972,
    0.020668414032815805,
    0.028547835199528467,
    0.5163171117623054,
    0.0205216080647358,
    14.786012787962946,
    5.722286091169584,
    57.21063852862911,
    274.1970081640063,
    258.392387859827,
    349.98596752669204,
    334.53375452517565
  ]
}
