{
  "previous": {
    "assembly": "force-sensing",
    "controller": "force-aware-gait",
    "assemblyHash": "d89572552c790a7256a7fe23403e257b121aab1b617e4b133032638dcb972cea",
    "aggregateScore": 84.1160568259157,
    "cases": [
      {
        "case": {
          "id": "nominal",
          "task": "velocity-track",
          "scenario": "nominal",
          "seed": 42,
          "weight": 1
        },
        "metrics": {
          "durationSeconds": 2.999999999999891,
          "steps": 150,
          "survivalRate": 1,
          "fell": false,
          "meanVelocityTrackingError": 0.19822274958187755,
          "meanUpright": 0.9430565496240639,
          "meanEnergy": 1.2553681043595677,
          "meanSmoothness": 0.38844674595721174,
          "peakActuator": 6
        },
        "score": {
          "terms": {
            "survival": 50,
            "velocityTracking": 16.691387312566917,
            "upright": 18.86113099248128,
            "energy": -0.025107362087191356,
            "smoothness": -0.0038844674595721173,
            "componentMass": -1.4275,
            "sensorChannels": -0.5,
            "trainingSteps": 0
          },
          "total": 83.59602647550143
        },
        "resultHash": "8bef9394b62ced67d6e4f0a94199a272f5666b309673f3737ad2374f5b2a5bdd"
      },
      {
        "case": {
          "id": "low-friction",
          "task": "velocity-track",
          "scenario": "low-friction",
          "seed": 43,
          "weight": 1.2
        },
        "metrics": {
          "durationSeconds": 2.999999999999891,
          "steps": 150,
          "survivalRate": 1,
          "fell": false,
          "meanVelocityTrackingError": 0.19822274958187755,
          "meanUpright": 0.9430565496240639,
          "meanEnergy": 1.2553681043595677,
          "meanSmoothness": 0.38844674595721174,
          "peakActuator": 6
        },
        "score": {
          "terms": {
            "survival": 50,
            "velocityTracking": 16.691387312566917,
            "upright": 18.86113099248128,
            "energy": -0.025107362087191356,
            "smoothness": -0.0038844674595721173,
            "componentMass": -1.4275,
            "sensorChannels": -0.5,
            "trainingSteps": 0
          },
          "total": 83.59602647550143
        },
        "resultHash": "95206d4776a604a59b0047e7ab6a3fec45f66bc81a5ddb19ebe8c29461644db2"
      },
      {
        "case": {
          "id": "lateral-push",
          "task": "stand",
          "scenario": "lateral-push",
          "seed": 44,
          "weight": 1.5
        },
        "metrics": {
          "durationSeconds": 2.0000000000000013,
          "steps": 100,
          "survivalRate": 1,
          "fell": false,
          "meanVelocityTrackingError": 0.10082351887073912,
          "meanUpright": 0.9351917793727084,
          "meanEnergy": 2.976901169370328,
          "meanSmoothness": 0.6246040160620541,
          "peakActuator": 6
        },
        "score": {
          "terms": {
            "survival": 50,
            "velocityTracking": 18.168216482617176,
            "upright": 18.70383558745417,
            "energy": -0.059538023387406554,
            "smoothness": -0.006246040160620541,
            "componentMass": -1.4275,
            "sensorChannels": -0.5,
            "trainingSteps": 0
          },
          "total": 84.87876800652332
        },
        "resultHash": "27299bba011f7c4d287dadbb63da3f74e8c407229f264d7ccfd2f05f3c484e7f"
      }
    ]
  },
  "candidate": {
    "assembly": "force-sensing",
    "controller": "force-aware-gait",
    "assemblyHash": "d89572552c790a7256a7fe23403e257b121aab1b617e4b133032638dcb972cea",
    "aggregateScore": 84.09518108507974,
    "cases": [
      {
        "case": {
          "id": "nominal",
          "task": "velocity-track",
          "scenario": "nominal",
          "seed": 42,
          "weight": 1
        },
        "metrics": {
          "durationSeconds": 2.999999999999891,
          "steps": 150,
          "survivalRate": 1,
          "fell": false,
          "meanVelocityTrackingError": 0.19839909114716733,
          "meanUpright": 0.9426739495660824,
          "meanEnergy": 1.2374470097841523,
          "meanSmoothness": 0.399599198739539,
          "peakActuator": 6
        },
        "score": {
          "terms": {
            "survival": 50,
            "velocityTracking": 16.688931214771703,
            "upright": 18.853478991321648,
            "energy": -0.024748940195683047,
            "smoothness": -0.00399599198739539,
            "componentMass": -1.4275,
            "sensorChannels": -0.5,
            "trainingSteps": 0
          },
          "total": 83.58616527391027
        },
        "resultHash": "ea216723f50d9af2bc10e4e899455796ba6fee851ed82f3835e78d02524db236"
      },
      {
        "case": {
          "id": "low-friction",
          "task": "velocity-track",
          "scenario": "low-friction",
          "seed": 43,
          "weight": 1.2
        },
        "metrics": {
          "durationSeconds": 2.999999999999891,
          "steps": 150,
          "survivalRate": 1,
          "fell": false,
          "meanVelocityTrackingError": 0.19839909114716733,
          "meanUpright": 0.9426739495660824,
          "meanEnergy": 1.2374470097841523,
          "meanSmoothness": 0.399599198739539,
          "peakActuator": 6
        },
        "score": {
          "terms": {
            "survival": 50,
            "velocityTracking": 16.688931214771703,
            "upright": 18.853478991321648,
            "energy": -0.024748940195683047,
            "smoothness": -0.00399599198739539,
            "componentMass": -1.4275,
            "sensorChannels": -0.5,
            "trainingSteps": 0
          },
          "total": 83.58616527391027
        },
        "resultHash": "11bb21c9f20900afb587f7543729d419fe95b4116308ff89af1103834362f476"
      },
      {
        "case": {
          "id": "lateral-push",
          "task": "stand",
          "scenario": "lateral-push",
          "seed": 44,
          "weight": 1.5
        },
        "metrics": {
          "durationSeconds": 2.0000000000000013,
          "steps": 100,
          "survivalRate": 1,
          "fell": false,
          "meanVelocityTrackingError": 0.10193794124932946,
          "meanUpright": 0.9342396671036184,
          "meanEnergy": 2.9594038412942765,
          "meanSmoothness": 0.6210085925797427,
          "peakActuator": 6
        },
        "score": {
          "terms": {
            "survival": 50,
            "velocityTracking": 18.14984242880762,
            "upright": 18.684793342072368,
            "energy": -0.05918807682588553,
            "smoothness": -0.006210085925797427,
            "componentMass": -1.4275,
            "sensorChannels": -0.5,
            "trainingSteps": 0
          },
          "total": 84.8417376081283
        },
        "resultHash": "ab02fcb1e72c1ca17ec74dce8fefd8b62952c47120945aed4044492076261b7a"
      }
    ]
  },
  "delta": -0.020875740835961665,
  "gateReasons": []
}
