{
  "durationSeconds": 1.500000000000001,
  "steps": 75,
  "survivalRate": 0.74,
  "fell": true,
  "motionCommand": [
    0.0,
    0.0,
    0.0
  ],
  "meanMotionCommand": [
    0.0,
    0.0,
    0.0
  ],
  "meanMeasuredMotion": [
    0.11248427585101839,
    -1.873143376677048e-12,
    -2.1317888219430277e-13
  ],
  "planarVelocityTrackingError": 0.11248427585101839,
  "yawRateTrackingError": 2.1317888219430277e-13,
  "meanVelocityTrackingError": 0.24559124926377257,
  "meanPlanarVelocityTrackingError": 0.24559124926377257,
  "meanYawRateTrackingError": 1.989948325221147e-11,
  "meanUpright": 0.8449206174865344,
  "meanEnergy": 525.3907152988961,
  "meanSmoothness": 34.41087974049319,
  "peakActuator": 8.0,
  "motionCommandSchedule": [
    {
      "atStep": 0,
      "atSeconds": 0.0,
      "command": [
        0.0,
        0.0,
        0.0
      ]
    }
  ],
  "transitionCount": 0,
  "transitions": [],
  "maximumTransitionTerminalPlanarTrackingError": 0.0,
  "maximumTransitionTerminalYawRateTrackingError": 0.0,
  "maximumPlanarSettlingTimeSeconds": 0.0,
  "maximumYawRateSettlingTimeSeconds": 0.0,
  "maximumPlanarOvershootMps": 0.0,
  "maximumYawRateOvershootRadPerSec": 0.0,
  "unsettledPlanarTransitionCount": 0,
  "unsettledYawRateTransitionCount": 0,
  "initialBasePosition": [
    0.0,
    0.0,
    0.44
  ],
  "finalBasePosition": [
    0.1682195547458254,
    -2.6430651159143317e-12,
    0.18926830529277264
  ],
  "netDisplacement": [
    0.1682195547458254,
    -2.6430651159143317e-12,
    -0.25073169470722734
  ],
  "targetPlanarDisplacement": [
    0.0,
    0.0
  ],
  "forwardDisplacement": 0.0,
  "targetDistance": 0.0,
  "forwardProgress": 1.0,
  "meanForwardVelocity": 0.0,
  "lateralDrift": 0.1682195547458254,
  "distanceTraveled": 0.3632133676098968
}
