{
  "terms": {
    "survival": 22.2,
    "velocityTracking": 16.05663174963804,
    "forwardProgress": 10.0,
    "upright": 12.673809262298015,
    "lateralDrift": -0.841097773729127,
    "transitionTracking": 30.0,
    "energy": -2.6269535764944805,
    "smoothness": -0.03441087974049319,
    "componentMass": -1.2060000000000002,
    "sensorChannels": -1.07,
    "trainingSteps": -0.0
  },
  "total": 85.15197878197195
}
