{
  "durationSeconds": 6.499999999999506,
  "steps": 325,
  "survivalRate": 1.0,
  "fell": false,
  "motionCommand": [
    0.0,
    0.0,
    0.038461538461538464
  ],
  "meanMotionCommand": [
    0.0,
    0.0,
    0.038461538461538464
  ],
  "meanMeasuredMotion": [
    0.011001971115074378,
    0.022198684257885105,
    0.14751189437739767
  ],
  "planarVelocityTrackingError": 0.024775490937581985,
  "yawRateTrackingError": 0.10905035591585921,
  "meanVelocityTrackingError": 0.44024155695813916,
  "meanPlanarVelocityTrackingError": 0.13270837329285295,
  "meanYawRateTrackingError": 0.39928399889150934,
  "meanUpright": 0.9677180262296805,
  "meanEnergy": 193.81508628002814,
  "meanSmoothness": 132.47214802737494,
  "peakActuator": 8.0,
  "motionCommandSchedule": [
    {
      "atStep": 0,
      "atSeconds": 0.0,
      "command": [
        0.0,
        0.0,
        0.5
      ]
    },
    {
      "atStep": 125,
      "atSeconds": 2.5,
      "command": [
        0.0,
        0.0,
        -0.5
      ]
    },
    {
      "atStep": 225,
      "atSeconds": 4.5,
      "command": [
        0.0,
        0.0,
        0.0
      ]
    }
  ],
  "transitionCount": 2,
  "transitions": [
    {
      "index": 1,
      "atStep": 125,
      "atSeconds": 2.5,
      "endStep": 225,
      "fromCommand": [
        0.0,
        0.0,
        0.5
      ],
      "toCommand": [
        0.0,
        0.0,
        -0.5
      ],
      "sampleCount": 100,
      "peakPlanarTrackingError": 0.4710220512543918,
      "peakYawRateTrackingError": 1.2770538191629577,
      "terminalMeasuredMotion": [
        -0.024633178496925534,
        0.0020788020895607284,
        0.09081123639603328
      ],
      "terminalPlanarTrackingError": 0.02472073827758703,
      "terminalYawRateTrackingError": 0.5908112363960333,
      "planarOvershootMps": 0.0,
      "yawRateOvershootRadPerSec": 0.0,
      "planarSettlingTimeSeconds": 1.7,
      "yawRateSettlingTimeSeconds": 2.0,
      "planarSettled": true,
      "yawRateSettled": false
    },
    {
      "index": 2,
      "atStep": 225,
      "atSeconds": 4.5,
      "endStep": 325,
      "fromCommand": [
        0.0,
        0.0,
        -0.5
      ],
      "toCommand": [
        0.0,
        0.0,
        0.0
      ],
      "sampleCount": 100,
      "peakPlanarTrackingError": 0.11477523694360103,
      "peakYawRateTrackingError": 0.32728973568654457,
      "terminalMeasuredMotion": [
        0.012127546771843875,
        0.003868339198420401,
        0.02703523058836107
      ],
      "terminalPlanarTrackingError": 0.012729549829326116,
      "terminalYawRateTrackingError": 0.02703523058836107,
      "planarOvershootMps": 0.0,
      "yawRateOvershootRadPerSec": 0.32728973568654457,
      "planarSettlingTimeSeconds": 0.2,
      "yawRateSettlingTimeSeconds": 0.2,
      "planarSettled": true,
      "yawRateSettled": true
    }
  ],
  "maximumTransitionTerminalPlanarTrackingError": 0.02472073827758703,
  "maximumTransitionTerminalYawRateTrackingError": 0.5908112363960333,
  "maximumPlanarSettlingTimeSeconds": 1.7,
  "maximumYawRateSettlingTimeSeconds": 2.0,
  "maximumPlanarOvershootMps": 0.0,
  "maximumYawRateOvershootRadPerSec": 0.32728973568654457,
  "unsettledPlanarTransitionCount": 0,
  "unsettledYawRateTransitionCount": 1,
  "initialBasePosition": [
    0.0,
    0.0,
    0.44
  ],
  "finalBasePosition": [
    0.0717871248803809,
    0.1404784150121253,
    0.41152846507687785
  ],
  "netDisplacement": [
    0.0717871248803809,
    0.1404784150121253,
    -0.028471534923122155
  ],
  "targetPlanarDisplacement": [
    0.0,
    0.0
  ],
  "forwardDisplacement": 0.0,
  "targetDistance": 0.0,
  "forwardProgress": 1.0,
  "meanForwardVelocity": 0.0,
  "lateralDrift": 0.1577579677319352,
  "distanceTraveled": 0.781002772918593
}
