{
  "terms": {
    "survival": 30.0,
    "velocityTracking": 13.886559447875523,
    "forwardProgress": 10.0,
    "upright": 14.515770393445207,
    "lateralDrift": -0.788789838659676,
    "transitionTracking": 5.316489079376777,
    "energy": -0.9690754314001407,
    "smoothness": -0.13247214802737495,
    "componentMass": -1.2060000000000002,
    "sensorChannels": -1.07,
    "trainingSteps": -0.0
  },
  "total": 69.55248150261032
}
