{
  "previous": {
    "assembly": "force-sensing",
    "controller": "force-aware-gait",
    "assemblyHash": "d89572552c790a7256a7fe23403e257b121aab1b617e4b133032638dcb972cea",
    "aggregateScore": 84.22840290335803,
    "cases": [
      {
        "case": {
          "id": "nominal",
          "task": "velocity-track",
          "scenario": "nominal",
          "seed": 42,
          "weight": 1
        },
        "metrics": {
          "durationSeconds": 2.999999999999891,
          "steps": 150,
          "survivalRate": 1,
          "fell": false,
          "meanVelocityTrackingError": 0.19365981992917136,
          "meanUpright": 0.9481169206101492,
          "meanEnergy": 1.4960086965866342,
          "meanSmoothness": 0.40149205511721037,
          "peakActuator": 6
        },
        "score": {
          "terms": {
            "survival": 50,
            "velocityTracking": 16.755192447699837,
            "upright": 18.962338412202982,
            "energy": -0.029920173931732685,
            "smoothness": -0.0040149205511721036,
            "componentMass": -1.4275,
            "sensorChannels": -0.5,
            "trainingSteps": 0
          },
          "total": 83.75609576541991
        },
        "resultHash": "f3286c279dbc5971c998fd607b2bb1f2d881e8bc1b51cf06da1d7c5c02bf612a"
      },
      {
        "case": {
          "id": "low-friction",
          "task": "velocity-track",
          "scenario": "low-friction",
          "seed": 43,
          "weight": 1.2
        },
        "metrics": {
          "durationSeconds": 2.999999999999891,
          "steps": 150,
          "survivalRate": 1,
          "fell": false,
          "meanVelocityTrackingError": 0.19365981992917136,
          "meanUpright": 0.9481169206101492,
          "meanEnergy": 1.4960086965866342,
          "meanSmoothness": 0.40149205511721037,
          "peakActuator": 6
        },
        "score": {
          "terms": {
            "survival": 50,
            "velocityTracking": 16.755192447699837,
            "upright": 18.962338412202982,
            "energy": -0.029920173931732685,
            "smoothness": -0.0040149205511721036,
            "componentMass": -1.4275,
            "sensorChannels": -0.5,
            "trainingSteps": 0
          },
          "total": 83.75609576541991
        },
        "resultHash": "70b27e2b2e7b12ef61efc5253ee03f9f8f6e28ca1bd7a39b677df3fa67b14fb6"
      },
      {
        "case": {
          "id": "lateral-push",
          "task": "stand",
          "scenario": "lateral-push",
          "seed": 44,
          "weight": 1.5
        },
        "metrics": {
          "durationSeconds": 2.0000000000000013,
          "steps": 100,
          "survivalRate": 1,
          "fell": false,
          "meanVelocityTrackingError": 0.10654337038205364,
          "meanUpright": 0.9421495212763911,
          "meanEnergy": 3.1165478298100227,
          "meanSmoothness": 0.6342286306776106,
          "peakActuator": 6
        },
        "score": {
          "terms": {
            "survival": 50,
            "velocityTracking": 18.074302856375745,
            "upright": 18.842990425527823,
            "energy": -0.06233095659620046,
            "smoothness": -0.006342286306776106,
            "componentMass": -1.4275,
            "sensorChannels": -0.5,
            "trainingSteps": 0
          },
          "total": 84.9211200390006
        },
        "resultHash": "141d5bfcf6404ec0c638c9d6d1630edeed49cc987c62e1ef073476cfeb306984"
      }
    ]
  },
  "candidate": {
    "assembly": "force-sensing",
    "controller": "force-aware-gait",
    "assemblyHash": "d89572552c790a7256a7fe23403e257b121aab1b617e4b133032638dcb972cea",
    "aggregateScore": 84.19308714408974,
    "cases": [
      {
        "case": {
          "id": "nominal",
          "task": "velocity-track",
          "scenario": "nominal",
          "seed": 42,
          "weight": 1
        },
        "metrics": {
          "durationSeconds": 2.999999999999891,
          "steps": 150,
          "survivalRate": 1,
          "fell": false,
          "meanVelocityTrackingError": 0.19363375478995692,
          "meanUpright": 0.9477925975324668,
          "meanEnergy": 1.3664389008526507,
          "meanSmoothness": 0.3581355244355079,
          "peakActuator": 6
        },
        "score": {
          "terms": {
            "survival": 50,
            "velocityTracking": 16.755558327453123,
            "upright": 18.955851950649336,
            "energy": -0.027328778017053017,
            "smoothness": -0.003581355244355079,
            "componentMass": -1.4275,
            "sensorChannels": -0.5,
            "trainingSteps": 0
          },
          "total": 83.75300014484105
        },
        "resultHash": "0caf36fa7613e503e6982e6403fd2abb42467894273c672455fc46b870b77c28"
      },
      {
        "case": {
          "id": "low-friction",
          "task": "velocity-track",
          "scenario": "low-friction",
          "seed": 43,
          "weight": 1.2
        },
        "metrics": {
          "durationSeconds": 2.999999999999891,
          "steps": 150,
          "survivalRate": 1,
          "fell": false,
          "meanVelocityTrackingError": 0.19363375478995692,
          "meanUpright": 0.9477925975324668,
          "meanEnergy": 1.3664389008526507,
          "meanSmoothness": 0.3581355244355079,
          "peakActuator": 6
        },
        "score": {
          "terms": {
            "survival": 50,
            "velocityTracking": 16.755558327453123,
            "upright": 18.955851950649336,
            "energy": -0.027328778017053017,
            "smoothness": -0.003581355244355079,
            "componentMass": -1.4275,
            "sensorChannels": -0.5,
            "trainingSteps": 0
          },
          "total": 83.75300014484105
        },
        "resultHash": "6b6f9b011c27d6f948ce87d304c5fb8d9cc8cbab22f6159885ce9ec6c79565ed"
      },
      {
        "case": {
          "id": "lateral-push",
          "task": "stand",
          "scenario": "lateral-push",
          "seed": 44,
          "weight": 1.5
        },
        "metrics": {
          "durationSeconds": 2.0000000000000013,
          "steps": 100,
          "survivalRate": 1,
          "fell": false,
          "meanVelocityTrackingError": 0.11127794053046251,
          "meanUpright": 0.9416867557277844,
          "meanEnergy": 2.964811065924713,
          "meanSmoothness": 0.5688586052955864,
          "peakActuator": 6
        },
        "score": {
          "terms": {
            "survival": 50,
            "velocityTracking": 17.997297769136953,
            "upright": 18.833735114555687,
            "energy": -0.05929622131849426,
            "smoothness": -0.005688586052955864,
            "componentMass": -1.4275,
            "sensorChannels": -0.5,
            "trainingSteps": 0
          },
          "total": 84.83854807632119
        },
        "resultHash": "6070c1924dda7b37ca29850999f83e9c6e81610c621b6f4d0e998754d0ac7f97"
      }
    ]
  },
  "delta": -0.03531575926828623,
  "gateReasons": []
}
