{
  "durationSeconds": 4.999999999999671,
  "steps": 250,
  "survivalRate": 1.0,
  "fell": false,
  "motionCommand": [
    0.0,
    -0.12000000000000029,
    0.0
  ],
  "meanMotionCommand": [
    0.0,
    -0.12000000000000029,
    0.0
  ],
  "meanMeasuredMotion": [
    -0.050203835547181774,
    -0.02597752576630551,
    0.0014741073740480823
  ],
  "planarVelocityTrackingError": 0.10658635355745252,
  "yawRateTrackingError": 0.0014741073740480823,
  "meanVelocityTrackingError": 0.20679973231145227,
  "meanPlanarVelocityTrackingError": 0.14172099324219353,
  "meanYawRateTrackingError": 0.13775437143039812,
  "meanUpright": 0.9426211542913105,
  "meanEnergy": 193.72173362643952,
  "meanSmoothness": 137.37474036383836,
  "peakActuator": 8.0,
  "motionCommandSchedule": [
    {
      "atStep": 0,
      "atSeconds": 0.0,
      "command": [
        0.0,
        -0.12,
        0.0
      ]
    }
  ],
  "transitionCount": 0,
  "transitions": [],
  "maximumTransitionTerminalPlanarTrackingError": 0.0,
  "maximumTransitionTerminalYawRateTrackingError": 0.0,
  "maximumPlanarSettlingTimeSeconds": 0.0,
  "maximumYawRateSettlingTimeSeconds": 0.0,
  "maximumPlanarOvershootMps": 0.0,
  "maximumYawRateOvershootRadPerSec": 0.0,
  "unsettledPlanarTransitionCount": 0,
  "unsettledYawRateTransitionCount": 0,
  "initialBasePosition": [
    0.0,
    0.0,
    0.44
  ],
  "finalBasePosition": [
    -0.2425738574681997,
    -0.12264839555623222,
    0.42211711610542696
  ],
  "netDisplacement": [
    -0.2425738574681997,
    -0.12264839555623222,
    -0.017882883894573043
  ],
  "targetPlanarDisplacement": [
    0.0,
    -0.6
  ],
  "forwardDisplacement": 0.12264839555623222,
  "targetDistance": 0.6,
  "forwardProgress": 0.20441399259372037,
  "meanForwardVelocity": 0.024529679111248055,
  "lateralDrift": 0.2425738574681997,
  "distanceTraveled": 0.39089655882676905
}
