{
  "terms": {
    "survival": 30.0,
    "velocityTracking": 24.859137101844805,
    "forwardProgress": 5.110349814843009,
    "upright": 14.139317314369658,
    "lateralDrift": -2.425738574681997,
    "transitionTracking": 0.0,
    "energy": -0.9686086681321976,
    "smoothness": -0.13737474036383837,
    "componentMass": -1.2060000000000002,
    "sensorChannels": -1.07,
    "trainingSteps": -0.0
  },
  "total": 68.30108224787944
}
