{
  "count": 12288.000100000001,
  "mean": [
    0.19214575633652275,
    0.433715056687084,
    -0.3220549429366218,
    -0.20441087653866707,
    0.4301530435786971,
    -0.3229099398611437,
    0.1869069771452344,
    0.30595518680914885,
    -0.4963508923815607,
    -0.18824009633162428,
    0.3059483478046375,
    -0.49758256080476304,
    0.006336102340663707,
    0.039500462385692416,
    0.08431692093649064,
    -0.018927416344918523,
    0.04284770024376494,
    0.07952794423774882,
    0.006269328181685332,
    0.006641466397392771,
    0.04668351134431872,
    -0.014864626958661047,
    0.007779607787989233,
    0.04636880783008263,
    0.335658382954759,
    0.8756794245468037,
    0.0021725403646819393,
    0.27694005801216964,
    0.0034341296289712394,
    0.13654128459589063,
    0.00617634622287645,
    -0.034398909454302205,
    0.022341481304590436,
    0.29174756811093905,
    0.010629411110518568,
    0.021455595294677957,
    0.28346224948426163,
    0.010568863013802991,
    -4.3173513092280675,
    -0.03747263125501959,
    5.754822906576161,
    12.625185050871158,
    12.418120051893355,
    6.198629148501718,
    5.781628971652205
  ],
  "variance": [
    0.005285251754681745,
    0.022387754483979196,
    0.025827511629797944,
    0.006840249061116248,
    0.021262271846343182,
    0.025546458579263756,
    0.0037749299589322346,
    0.0148765395161086,
    0.013231304855382185,
    0.003927227084875104,
    0.014789222994349996,
    0.013175805222911223,
    3.3701739482349984,
    10.95305777920097,
    26.624809533096606,
    3.3529133212659072,
    11.099464885007595,
    26.92517615101097,
    4.574791388487083,
    13.535088655550163,
    27.459623943409227,
    4.82148876059706,
    13.508333832602386,
    27.702487769411466,
    0.0065845779893055865,
    0.025569308059741124,
    0.008016486823008531,
    0.09312284050978024,
    0.029771198733333067,
    0.07571680535616078,
    0.013286904086642501,
    0.03384009613780178,
    1.056320641740763,
    1.331435605937366,
    0.13427646553267453,
    1.0049002895545693,
    1.2691540097979679,
    0.13201599995507302,
    88.11017818668165,
    13.055678975610446,
    96.17510922110424,
    249.7897079564201,
    244.43557404947506,
    259.49702006700727,
    217.57812163214047
  ]
}
