{
  "durationSeconds": 2.219999999999977,
  "steps": 111,
  "survivalRate": 0.44,
  "fell": true,
  "motionCommand": [
    0.25,
    0.0,
    0.0
  ],
  "meanMotionCommand": [
    0.25,
    0.0,
    0.0
  ],
  "meanMeasuredMotion": [
    0.353270934643997,
    -0.010737734264814109,
    0.04674849330746662
  ],
  "planarVelocityTrackingError": 0.10382766914164289,
  "yawRateTrackingError": 0.04674849330746662,
  "meanVelocityTrackingError": 0.3442282734696466,
  "meanPlanarVelocityTrackingError": 0.3016814488166992,
  "meanYawRateTrackingError": 0.07228272738287912,
  "meanUpright": 0.6102251067205431,
  "meanEnergy": 583.1289139910601,
  "meanSmoothness": 27.881170148047246,
  "peakActuator": 8.0,
  "motionCommandSchedule": [
    {
      "atStep": 0,
      "atSeconds": 0.0,
      "command": [
        0.25,
        0.0,
        0.0
      ]
    }
  ],
  "transitionCount": 0,
  "transitions": [],
  "maximumTransitionTerminalPlanarTrackingError": 0.0,
  "maximumTransitionTerminalYawRateTrackingError": 0.0,
  "maximumPlanarSettlingTimeSeconds": 0.0,
  "maximumPlanarBrakingSettlingTimeSeconds": 0.0,
  "maximumYawRateSettlingTimeSeconds": 0.0,
  "maximumPlanarOvershootMps": 0.0,
  "maximumYawRateOvershootRadPerSec": 0.0,
  "unsettledPlanarTransitionCount": 0,
  "unsettledYawRateTransitionCount": 0,
  "initialBasePosition": [
    0.0,
    0.0,
    0.44
  ],
  "finalBasePosition": [
    0.7805422255404885,
    -0.022255992351776704,
    0.1830338553107577
  ],
  "netDisplacement": [
    0.7805422255404885,
    -0.022255992351776704,
    -0.2569661446892423
  ],
  "targetPlanarDisplacement": [
    1.25,
    0.0
  ],
  "forwardDisplacement": 0.7805422255404885,
  "targetDistance": 1.25,
  "forwardProgress": 0.6244337804323907,
  "signedForwardProgress": 0.6244337804323907,
  "backwardDisplacement": 0.0,
  "meanForwardVelocity": 0.35159559709031374,
  "lateralDrift": 0.022255992351776704,
  "distanceTraveled": 0.8455117777787604
}
