{
  "durationSeconds": 3.2599999999998626,
  "steps": 163,
  "survivalRate": 0.648,
  "fell": true,
  "motionCommand": [
    0.25,
    0.0,
    0.0
  ],
  "meanMotionCommand": [
    0.25,
    0.0,
    0.0
  ],
  "meanMeasuredMotion": [
    0.20349834726042074,
    -0.01386438293972405,
    0.03705307609051051
  ],
  "planarVelocityTrackingError": 0.04852447652279961,
  "yawRateTrackingError": 0.03705307609051051,
  "meanVelocityTrackingError": 0.33659022289303653,
  "meanPlanarVelocityTrackingError": 0.2972524358762114,
  "meanYawRateTrackingError": 0.06360362613536887,
  "meanUpright": 0.6758866823109083,
  "meanEnergy": 583.355043973743,
  "meanSmoothness": 28.96383278727582,
  "peakActuator": 8.0,
  "motionCommandSchedule": [
    {
      "atStep": 0,
      "atSeconds": 0.0,
      "command": [
        0.25,
        0.0,
        0.0
      ]
    }
  ],
  "transitionCount": 0,
  "transitions": [],
  "maximumTransitionTerminalPlanarTrackingError": 0.0,
  "maximumTransitionTerminalYawRateTrackingError": 0.0,
  "maximumPlanarSettlingTimeSeconds": 0.0,
  "maximumPlanarBrakingSettlingTimeSeconds": 0.0,
  "maximumYawRateSettlingTimeSeconds": 0.0,
  "maximumPlanarOvershootMps": 0.0,
  "maximumYawRateOvershootRadPerSec": 0.0,
  "unsettledPlanarTransitionCount": 0,
  "unsettledYawRateTransitionCount": 0,
  "initialBasePosition": [
    0.0,
    0.0,
    0.44
  ],
  "finalBasePosition": [
    0.66339600655682,
    -0.045794401131230636,
    0.1896395575758134
  ],
  "netDisplacement": [
    0.66339600655682,
    -0.045794401131230636,
    -0.2503604424241866
  ],
  "targetPlanarDisplacement": [
    1.25,
    0.0
  ],
  "forwardDisplacement": 0.66339600655682,
  "targetDistance": 1.25,
  "forwardProgress": 0.530716805245456,
  "signedForwardProgress": 0.530716805245456,
  "backwardDisplacement": 0.0,
  "meanForwardVelocity": 0.20349570753277543,
  "lateralDrift": 0.045794401131230636,
  "distanceTraveled": 1.0555843111921748
}
