{
  "terms": {
    "survival": 16.2,
    "velocityTracking": 11.222586955284354,
    "forwardProgress": 21.22867220981824,
    "upright": 10.138300234663625,
    "lateralDrift": -0.45794401131230633,
    "transitionTracking": 0.0,
    "energy": -5.83355043973743,
    "smoothness": -0.14481916393637911,
    "componentMass": -1.5075,
    "sensorChannels": -5.3500000000000005,
    "trainingSteps": -0.0
  },
  "total": 45.4957457847801
}
