{
  "count": 2048.0001,
  "mean": [
    0.25773092267188585,
    -0.5063443919642328,
    0.26598996721420204,
    -0.49923485255342936,
    0.2726930327698064,
    -0.5345756784556089,
    0.28483061316753533,
    -0.5302444320957149,
    0.038773593887618175,
    0.0864631310488529,
    0.040442234903132666,
    0.08855305000740601,
    0.04215672737527924,
    0.07552447037562336,
    0.04558343655086725,
    0.07594180198835626,
    0.4286253795838538,
    0.998557328354183,
    -0.0025460762243269567,
    -0.05237121486638147,
    -0.0018285729852171155,
    0.005895889644604001,
    0.00047365759013020414,
    0.0028294718847498143,
    -0.0008224063666781679,
    -0.03577169217903402,
    -0.0026417755503782346,
    -0.0008126224717287367,
    -0.035232696212909226,
    -0.002637833536338179,
    0.8567188725862747,
    -0.04581102223003391,
    9.829972361521301,
    12.76427239131894,
    10.297732689225274,
    15.844477360759015,
    16.53302283463392
  ],
  "variance": [
    0.00045691948393191453,
    0.0010405168363866923,
    0.0004912549922160863,
    0.0011513163919071743,
    0.0005888386391383799,
    0.0009226076177794456,
    0.00032685913334076474,
    0.0009326475829282333,
    0.11720347139921365,
    0.469443621156038,
    0.10702986749737449,
    0.4707161910439053,
    0.14708365618941666,
    0.3507806999001061,
    0.14875215174251333,
    0.35915074995073554,
    5.668390756001593e-06,
    1e-06,
    8.493855710677481e-05,
    3.466314846577691e-05,
    1.0995455906590612e-05,
    0.00333960672825923,
    0.002817507351042201,
    0.0006679382985825797,
    0.014400115528954665,
    0.1100088452093061,
    0.000314447480457599,
    0.014265421298362311,
    0.10340286971572366,
    0.0003091000004306472,
    4.674982058234326,
    0.99722532043497,
    5.002411850827052,
    68.38752248155787,
    72.1009772435509,
    36.23750689827867,
    36.73140018803857
  ]
}
