{
  "count": 4096.0001,
  "mean": [
    0.18182569450821076,
    0.427502511869602,
    -0.41918061640817084,
    -0.18180447953304604,
    0.43266645377611646,
    -0.4190942618905666,
    0.15751750216673738,
    0.2932965716222202,
    -0.5080157043684772,
    -0.15828555510803116,
    0.29593242614242654,
    -0.5063801591455482,
    0.016112328487583146,
    0.051853451121611736,
    0.12745015149529998,
    0.014217623456024021,
    0.037437992587111966,
    0.13341851123811538,
    -0.00020925136045249053,
    0.018132779493457745,
    0.10274232126976594,
    0.03461214092957188,
    0.021810687329712006,
    0.10857782278248927,
    0.36590918425436036,
    0.8746773433220465,
    -0.013407646124283362,
    0.09962449199797688,
    -0.0071656249852307344,
    -0.019120190088060186,
    0.0325106876895384,
    -0.06591917771435565,
    -0.035740665363963496,
    0.18244479959010393,
    -0.05303701147229938,
    -0.036305717108873654,
    0.17817710563091216,
    -0.05282790280099891,
    -1.0538085022994987,
    -0.15411174359843455,
    7.07737440213138,
    14.160781888508295,
    13.016374270530948,
    11.90357658858489,
    11.48936613774768
  ],
  "variance": [
    0.03862889360488511,
    0.09016965843107301,
    0.13329595172334774,
    0.03616833065374687,
    0.08593023064036497,
    0.13099369000170633,
    0.0379956048089956,
    0.07988751681509353,
    0.11730649951214987,
    0.039282014681591156,
    0.08007295004184257,
    0.11892033141301254,
    23.134888333831487,
    52.925204077076735,
    129.17409508608827,
    23.270748774324485,
    51.837319731690044,
    128.24028006216486,
    29.569452123250812,
    55.020650222403994,
    110.31307796535282,
    29.75565248558746,
    55.32883950514706,
    109.87734426454429,
    0.006352649253198801,
    0.03177627704134993,
    0.013144496714538868,
    0.10818963569950754,
    0.07171860492065134,
    0.1858082954035416,
    0.07536521067523784,
    0.11111431655273651,
    5.446945331656583,
    4.872234357500929,
    0.9464503796584055,
    5.198935464534904,
    4.770657068608214,
    0.9256449268335935,
    141.04405287401318,
    62.40255056562301,
    231.20592443587435,
    1445.551674181561,
    1412.38271893068,
    1387.6730248284478,
    1317.7910162179733
  ]
}
