{
  "previous": {
    "assembly": "force-sensing",
    "controller": "force-aware-gait",
    "assemblyHash": "d89572552c790a7256a7fe23403e257b121aab1b617e4b133032638dcb972cea",
    "aggregateScore": 84.1563495527771,
    "cases": [
      {
        "case": {
          "id": "nominal",
          "task": "velocity-track",
          "scenario": "nominal",
          "seed": 42,
          "weight": 1
        },
        "metrics": {
          "durationSeconds": 2.999999999999891,
          "steps": 150,
          "survivalRate": 1,
          "fell": false,
          "meanVelocityTrackingError": 0.19646036184790114,
          "meanUpright": 0.9448694360672864,
          "meanEnergy": 1.2962238106596744,
          "meanSmoothness": 0.3702222641580656,
          "peakActuator": 6
        },
        "score": {
          "terms": {
            "survival": 50,
            "velocityTracking": 16.71597374869196,
            "upright": 18.897388721345727,
            "energy": -0.02592447621319349,
            "smoothness": -0.003702222641580656,
            "componentMass": -1.4275,
            "sensorChannels": -0.5,
            "trainingSteps": 0
          },
          "total": 83.65623577118292
        },
        "resultHash": "c33d1020414b376b40b5bf00b39b64c51bc5eff6bd37ea1e2f62954cd7335eec"
      },
      {
        "case": {
          "id": "low-friction",
          "task": "velocity-track",
          "scenario": "low-friction",
          "seed": 43,
          "weight": 1.2
        },
        "metrics": {
          "durationSeconds": 2.999999999999891,
          "steps": 150,
          "survivalRate": 1,
          "fell": false,
          "meanVelocityTrackingError": 0.19646036184790114,
          "meanUpright": 0.9448694360672864,
          "meanEnergy": 1.2962238106596744,
          "meanSmoothness": 0.3702222641580656,
          "peakActuator": 6
        },
        "score": {
          "terms": {
            "survival": 50,
            "velocityTracking": 16.71597374869196,
            "upright": 18.897388721345727,
            "energy": -0.02592447621319349,
            "smoothness": -0.003702222641580656,
            "componentMass": -1.4275,
            "sensorChannels": -0.5,
            "trainingSteps": 0
          },
          "total": 83.65623577118292
        },
        "resultHash": "0c4177033cafd15009be6e820a3ba3322f00123fc1ed064b9a66592974e70ae5"
      },
      {
        "case": {
          "id": "lateral-push",
          "task": "stand",
          "scenario": "lateral-push",
          "seed": 44,
          "weight": 1.5
        },
        "metrics": {
          "durationSeconds": 2.0000000000000013,
          "steps": 100,
          "survivalRate": 1,
          "fell": false,
          "meanVelocityTrackingError": 0.10345212164061295,
          "meanUpright": 0.9378689813472728,
          "meanEnergy": 2.9554898441546458,
          "meanSmoothness": 0.5856894583502279,
          "peakActuator": 6
        },
        "score": {
          "terms": {
            "survival": 50,
            "velocityTracking": 18.12493683030306,
            "upright": 18.757379626945458,
            "energy": -0.05910979688309292,
            "smoothness": -0.005856894583502279,
            "componentMass": -1.4275,
            "sensorChannels": -0.5,
            "trainingSteps": 0
          },
          "total": 84.88984976578192
        },
        "resultHash": "8170a79ddeea35f24c4d809cf6bd5ff64f99014c724d83275530c78939700036"
      }
    ]
  },
  "candidate": {
    "assembly": "force-sensing",
    "controller": "force-aware-gait",
    "assemblyHash": "d89572552c790a7256a7fe23403e257b121aab1b617e4b133032638dcb972cea",
    "aggregateScore": 84.13703027070892,
    "cases": [
      {
        "case": {
          "id": "nominal",
          "task": "velocity-track",
          "scenario": "nominal",
          "seed": 42,
          "weight": 1
        },
        "metrics": {
          "durationSeconds": 2.999999999999891,
          "steps": 150,
          "survivalRate": 1,
          "fell": false,
          "meanVelocityTrackingError": 0.1987672315874596,
          "meanUpright": 0.944723375406888,
          "meanEnergy": 1.2171684464957593,
          "meanSmoothness": 0.3386574552963445,
          "peakActuator": 6
        },
        "score": {
          "terms": {
            "survival": 50,
            "velocityTracking": 16.683806057590623,
            "upright": 18.894467508137758,
            "energy": -0.024343368929915187,
            "smoothness": -0.0033865745529634453,
            "componentMass": -1.4275,
            "sensorChannels": -0.5,
            "trainingSteps": 0
          },
          "total": 83.6230436222455
        },
        "resultHash": "70d234140cdc45c99571587f98249354985f062a289331942d0223b44b16b2cc"
      },
      {
        "case": {
          "id": "low-friction",
          "task": "velocity-track",
          "scenario": "low-friction",
          "seed": 43,
          "weight": 1.2
        },
        "metrics": {
          "durationSeconds": 2.999999999999891,
          "steps": 150,
          "survivalRate": 1,
          "fell": false,
          "meanVelocityTrackingError": 0.1987672315874596,
          "meanUpright": 0.944723375406888,
          "meanEnergy": 1.2171684464957593,
          "meanSmoothness": 0.3386574552963445,
          "peakActuator": 6
        },
        "score": {
          "terms": {
            "survival": 50,
            "velocityTracking": 16.683806057590623,
            "upright": 18.894467508137758,
            "energy": -0.024343368929915187,
            "smoothness": -0.0033865745529634453,
            "componentMass": -1.4275,
            "sensorChannels": -0.5,
            "trainingSteps": 0
          },
          "total": 83.6230436222455
        },
        "resultHash": "8895be6c2725dbe43a77f8e36c2e7e17e0b467c338d76552d5c0f824401ae417"
      },
      {
        "case": {
          "id": "lateral-push",
          "task": "stand",
          "scenario": "lateral-push",
          "seed": 44,
          "weight": 1.5
        },
        "metrics": {
          "durationSeconds": 2.0000000000000013,
          "steps": 100,
          "survivalRate": 1,
          "fell": false,
          "meanVelocityTrackingError": 0.10187934909084319,
          "meanUpright": 0.9365969371692229,
          "meanEnergy": 2.9439566155334775,
          "meanSmoothness": 0.548979808604702,
          "peakActuator": 6
        },
        "score": {
          "terms": {
            "survival": 50,
            "velocityTracking": 18.1508075421342,
            "upright": 18.731938743384458,
            "energy": -0.05887913231066955,
            "smoothness": -0.00548979808604702,
            "componentMass": -1.4275,
            "sensorChannels": -0.5,
            "trainingSteps": 0
          },
          "total": 84.89087735512194
        },
        "resultHash": "dde779b76c5032aa517c5741d7ce80938ba8ea0dcde22896af594ab28b74a56e"
      }
    ]
  },
  "delta": -0.019319282068181565,
  "gateReasons": []
}
