{
  "durationSeconds": 6.499999999999506,
  "steps": 325,
  "survivalRate": 1.0,
  "fell": false,
  "motionCommand": [
    0.0,
    0.0,
    0.038461538461538464
  ],
  "meanMotionCommand": [
    0.0,
    0.0,
    0.038461538461538464
  ],
  "meanMeasuredMotion": [
    -0.015434047259142976,
    -0.0036035968184563753,
    0.18457740379310728
  ],
  "planarVelocityTrackingError": 0.015849155334826132,
  "yawRateTrackingError": 0.1461158653315688,
  "meanVelocityTrackingError": 0.47347210165854964,
  "meanPlanarVelocityTrackingError": 0.1465938998141445,
  "meanYawRateTrackingError": 0.4254504601673425,
  "meanUpright": 0.959715644289736,
  "meanEnergy": 200.14813556295812,
  "meanSmoothness": 137.45646025011573,
  "peakActuator": 8.0,
  "motionCommandSchedule": [
    {
      "atStep": 0,
      "atSeconds": 0.0,
      "command": [
        0.0,
        0.0,
        0.5
      ]
    },
    {
      "atStep": 125,
      "atSeconds": 2.5,
      "command": [
        0.0,
        0.0,
        -0.5
      ]
    },
    {
      "atStep": 225,
      "atSeconds": 4.5,
      "command": [
        0.0,
        0.0,
        0.0
      ]
    }
  ],
  "transitionCount": 2,
  "transitions": [
    {
      "index": 1,
      "atStep": 125,
      "atSeconds": 2.5,
      "endStep": 225,
      "fromCommand": [
        0.0,
        0.0,
        0.5
      ],
      "toCommand": [
        0.0,
        0.0,
        -0.5
      ],
      "sampleCount": 100,
      "peakPlanarTrackingError": 0.420969078383295,
      "peakYawRateTrackingError": 1.2273910116626434,
      "terminalMeasuredMotion": [
        -0.016423901663987706,
        -0.07305656117246172,
        -0.01939307569512168
      ],
      "terminalPlanarTrackingError": 0.07487994174820102,
      "terminalYawRateTrackingError": 0.48060692430487834,
      "planarOvershootMps": 0.0,
      "yawRateOvershootRadPerSec": 0.0,
      "planarSettlingTimeSeconds": 1.96,
      "yawRateSettlingTimeSeconds": 2.0,
      "planarSettled": true,
      "yawRateSettled": false
    },
    {
      "index": 2,
      "atStep": 225,
      "atSeconds": 4.5,
      "endStep": 325,
      "fromCommand": [
        0.0,
        0.0,
        -0.5
      ],
      "toCommand": [
        0.0,
        0.0,
        0.0
      ],
      "sampleCount": 100,
      "peakPlanarTrackingError": 0.19937678497155487,
      "peakYawRateTrackingError": 0.4734094175463242,
      "terminalMeasuredMotion": [
        -0.06481518360019102,
        -0.09616467308353303,
        -0.0382952318148877
      ],
      "terminalPlanarTrackingError": 0.11596832487532642,
      "terminalYawRateTrackingError": 0.0382952318148877,
      "planarOvershootMps": 0.0,
      "yawRateOvershootRadPerSec": 0.4734094175463242,
      "planarSettlingTimeSeconds": 0.2,
      "yawRateSettlingTimeSeconds": 0.44,
      "planarSettled": true,
      "yawRateSettled": true
    }
  ],
  "maximumTransitionTerminalPlanarTrackingError": 0.11596832487532642,
  "maximumTransitionTerminalYawRateTrackingError": 0.48060692430487834,
  "maximumPlanarSettlingTimeSeconds": 1.96,
  "maximumYawRateSettlingTimeSeconds": 2.0,
  "maximumPlanarOvershootMps": 0.0,
  "maximumYawRateOvershootRadPerSec": 0.4734094175463242,
  "unsettledPlanarTransitionCount": 0,
  "unsettledYawRateTransitionCount": 1,
  "initialBasePosition": [
    0.0,
    0.0,
    0.44
  ],
  "finalBasePosition": [
    -0.0943286543865528,
    -0.02423525777658862,
    0.4218748710188952
  ],
  "netDisplacement": [
    -0.0943286543865528,
    -0.02423525777658862,
    -0.0181251289811048
  ],
  "targetPlanarDisplacement": [
    0.0,
    0.0
  ],
  "forwardDisplacement": 0.0,
  "targetDistance": 0.0,
  "forwardProgress": 1.0,
  "meanForwardVelocity": 0.0,
  "lateralDrift": 0.09739221097128573,
  "distanceTraveled": 0.906918878940762
}
