{
  "terms": {
    "survival": 30.0,
    "velocityTracking": 13.573382202138657,
    "forwardProgress": 10.0,
    "upright": 14.39573466434604,
    "lateralDrift": -0.4869610548564286,
    "transitionTracking": 4.975137029044216,
    "energy": -1.0007406778147907,
    "smoothness": -0.13745646025011574,
    "componentMass": -1.2060000000000002,
    "sensorChannels": -1.07,
    "trainingSteps": -0.0
  },
  "total": 69.04309570260759
}
