{
  "durationSeconds": 6.499999999999506,
  "steps": 325,
  "survivalRate": 1.0,
  "fell": false,
  "motionCommand": [
    0.030769230769230813,
    0.0,
    0.0
  ],
  "meanMotionCommand": [
    0.030769230769230813,
    0.0,
    0.0
  ],
  "meanMeasuredMotion": [
    0.03916931299476137,
    0.0374117079944256,
    -0.014268490277512057
  ],
  "planarVelocityTrackingError": 0.038343151623932044,
  "yawRateTrackingError": 0.014268490277512057,
  "meanVelocityTrackingError": 0.5657234421150211,
  "meanPlanarVelocityTrackingError": 0.24445352963144537,
  "meanYawRateTrackingError": 0.41207575198061885,
  "meanUpright": 0.6600575536972058,
  "meanEnergy": 616.0979420360339,
  "meanSmoothness": 31.607924153699408,
  "peakActuator": 8.0,
  "motionCommandSchedule": [
    {
      "atStep": 0,
      "atSeconds": 0.0,
      "command": [
        0.2,
        0.0,
        0.0
      ]
    },
    {
      "atStep": 125,
      "atSeconds": 2.5,
      "command": [
        -0.15,
        0.0,
        0.0
      ]
    },
    {
      "atStep": 225,
      "atSeconds": 4.5,
      "command": [
        0.0,
        0.0,
        0.0
      ]
    }
  ],
  "transitionCount": 2,
  "transitions": [
    {
      "index": 1,
      "atStep": 125,
      "atSeconds": 2.5,
      "endStep": 225,
      "fromCommand": [
        0.2,
        0.0,
        0.0
      ],
      "toCommand": [
        -0.15,
        0.0,
        0.0
      ],
      "sampleCount": 100,
      "peakPlanarTrackingError": 0.4636146830449295,
      "peakYawRateTrackingError": 2.1879504889131374,
      "terminalMeasuredMotion": [
        -0.054733227980851326,
        -0.06377999028136136,
        0.1989323221527426
      ],
      "terminalPlanarTrackingError": 0.1146457369954897,
      "terminalYawRateTrackingError": 0.1989323221527426,
      "planarOvershootMps": 0.3180761932710525,
      "yawRateOvershootRadPerSec": 0.0,
      "planarSettlingTimeSeconds": 1.76,
      "yawRateSettlingTimeSeconds": 2.0,
      "planarSettled": true,
      "yawRateSettled": true,
      "planarBraking": false
    },
    {
      "index": 2,
      "atStep": 225,
      "atSeconds": 4.5,
      "endStep": 325,
      "fromCommand": [
        -0.15,
        0.0,
        0.0
      ],
      "toCommand": [
        0.0,
        0.0,
        0.0
      ],
      "sampleCount": 100,
      "peakPlanarTrackingError": 0.5181971186747576,
      "peakYawRateTrackingError": 1.7338615401013426,
      "terminalMeasuredMotion": [
        0.03057536779251222,
        0.02445206579945449,
        -0.05813927626674015
      ],
      "terminalPlanarTrackingError": 0.03915043598107492,
      "terminalYawRateTrackingError": 0.05813927626674015,
      "planarOvershootMps": 0.30635653690521614,
      "yawRateOvershootRadPerSec": 0.0,
      "planarSettlingTimeSeconds": 1.82,
      "yawRateSettlingTimeSeconds": 1.96,
      "planarSettled": true,
      "yawRateSettled": true,
      "planarBraking": true
    }
  ],
  "maximumTransitionTerminalPlanarTrackingError": 0.1146457369954897,
  "maximumTransitionTerminalYawRateTrackingError": 0.1989323221527426,
  "maximumPlanarSettlingTimeSeconds": 1.82,
  "maximumPlanarBrakingSettlingTimeSeconds": 1.82,
  "maximumYawRateSettlingTimeSeconds": 2.0,
  "maximumPlanarOvershootMps": 0.3180761932710525,
  "maximumYawRateOvershootRadPerSec": 0.0,
  "unsettledPlanarTransitionCount": 0,
  "unsettledYawRateTransitionCount": 0,
  "initialBasePosition": [
    0.0,
    0.0,
    0.44
  ],
  "finalBasePosition": [
    0.2626593783397011,
    0.24161296285515524,
    0.2324506093752823
  ],
  "netDisplacement": [
    0.2626593783397011,
    0.24161296285515524,
    -0.2075493906247177
  ],
  "targetPlanarDisplacement": [
    0.2,
    0.0
  ],
  "forwardDisplacement": 0.2626593783397011,
  "targetDistance": 0.2,
  "forwardProgress": 1.0,
  "signedForwardProgress": 1.3132968916985055,
  "backwardDisplacement": 0.0,
  "meanForwardVelocity": 0.040409135129187854,
  "lateralDrift": 0.24161296285515524,
  "distanceTraveled": 1.6644355307022987
}
