{
  "durationSeconds": 18.000000000000902,
  "steps": 900,
  "survivalRate": 1.0,
  "fell": false,
  "motionCommand": [
    0.13111111111111284,
    0.02499999999999996,
    0.041666666666666664
  ],
  "meanMotionCommand": [
    0.13111111111111284,
    0.02499999999999996,
    0.041666666666666664
  ],
  "meanMeasuredMotion": [
    0.042832714695071494,
    0.05378989674708801,
    0.05923311052841256
  ],
  "planarVelocityTrackingError": 0.09285436677128187,
  "yawRateTrackingError": 0.017566443861745898,
  "meanVelocityTrackingError": 0.3094687316751277,
  "meanPlanarVelocityTrackingError": 0.20297762761008237,
  "meanYawRateTrackingError": 0.18415232089668923,
  "meanUpright": 0.1854078444664602,
  "meanAbsolutePitchRad": 0.05220255263203477,
  "minimumPitchRad": -0.1574749697724389,
  "maximumPitchRad": 1.5144204530581118,
  "maximumBackwardPitchRad": 0.1574749697724389,
  "maximumAbsolutePitchRad": 1.5144204530581118,
  "maximumAbsolutePitchRateRadPerSec": 6.232301186757492,
  "meanBodyTiltRad": 2.5216026069934787,
  "maximumBodyTiltRad": 3.1415007690617602,
  "initialBodyTiltRad": 0.0,
  "minimumBodyTiltRad": 0.0,
  "finalBodyTiltRad": 3.1381564880637107,
  "finalBaseHeightM": 0.05911321733052836,
  "selfRightingTask": true,
  "recoveryTriggered": true,
  "selfRightingSuccess": 0.0,
  "timeToStableStandSeconds": 15.3,
  "stableStandingDwellSeconds": 0.0,
  "finalStableStandingDwellSeconds": 0.0,
  "minimumJointLimitMarginRad": -0.004140687479245064,
  "disallowedCollisionSteps": 0,
  "meanEnergy": 229.80921324079608,
  "meanSmoothness": 166.90931390692862,
  "peakActuator": 8.0,
  "motionQualityFootEvidenceAvailable": true,
  "motionQualityContactThresholdNewton": 1.0,
  "meanJointJerkRadPerSec3": 24554.265349810346,
  "peakJointJerkRadPerSec3": 48368.46021779395,
  "meanBodyAngularJerkRadPerSec3": 3227.9636735481063,
  "peakBodyAngularJerkRadPerSec3": 18522.01545075276,
  "meanActionSlewRatePerSec": 571.2729683308958,
  "peakActionSlewRatePerSec": 800.0,
  "actuatorSaturationRate": 0.604047619047619,
  "meanFootSlipSpeedMps": 0.04313217336203651,
  "peakFootSlipSpeedMps": 0.5371226829371528,
  "totalFootSlipDistanceM": 0.3433320999618106,
  "meanFootContactImpactNPerSec": 104.12424955515654,
  "peakFootContactImpactNPerSec": 5669.736695995875,
  "peakFootContactForceNewton": 113.39473391991751,
  "motionCommandSchedule": [
    {
      "atStep": 0,
      "atSeconds": 0.0,
      "command": [
        0.2,
        0.0,
        0.0
      ]
    },
    {
      "atStep": 400,
      "atSeconds": 8.0,
      "command": [
        0.2,
        0.0,
        0.0
      ]
    },
    {
      "atStep": 500,
      "atSeconds": 10.0,
      "command": [
        0.12,
        0.0,
        0.25
      ]
    },
    {
      "atStep": 650,
      "atSeconds": 13.0,
      "command": [
        0.0,
        0.15,
        0.0
      ]
    },
    {
      "atStep": 800,
      "atSeconds": 16.0,
      "command": [
        0.0,
        0.0,
        0.0
      ]
    }
  ],
  "transitionCount": 4,
  "transitions": [
    {
      "index": 1,
      "atStep": 400,
      "atSeconds": 8.0,
      "endStep": 500,
      "fromCommand": [
        0.2,
        0.0,
        0.0
      ],
      "toCommand": [
        0.2,
        0.0,
        0.0
      ],
      "sampleCount": 100,
      "peakPlanarTrackingError": 0.30073013151486816,
      "peakYawRateTrackingError": 0.5381955136324086,
      "terminalMeasuredMotion": [
        -0.0012961525719471369,
        0.014270636154298078,
        -0.04811707198969452
      ],
      "terminalPlanarTrackingError": 0.2018013679252868,
      "terminalYawRateTrackingError": 0.04811707198969452,
      "planarOvershootMps": 0.0,
      "yawRateOvershootRadPerSec": 0.0,
      "planarSettlingTimeSeconds": 2.0,
      "yawRateSettlingTimeSeconds": 0.2,
      "planarSettled": false,
      "yawRateSettled": true,
      "planarBraking": false
    },
    {
      "index": 2,
      "atStep": 500,
      "atSeconds": 10.0,
      "endStep": 650,
      "fromCommand": [
        0.2,
        0.0,
        0.0
      ],
      "toCommand": [
        0.12,
        0.0,
        0.25
      ],
      "sampleCount": 150,
      "peakPlanarTrackingError": 0.2754997941082499,
      "peakYawRateTrackingError": 0.6708875270568548,
      "terminalMeasuredMotion": [
        0.005596875779939204,
        -0.006004065836033577,
        0.026136822199872567
      ],
      "terminalPlanarTrackingError": 0.11456056755216468,
      "terminalYawRateTrackingError": 0.22386317780012743,
      "planarOvershootMps": 0.2754262422335567,
      "yawRateOvershootRadPerSec": 0.13147150497417942,
      "planarSettlingTimeSeconds": 2.72,
      "yawRateSettlingTimeSeconds": 2.94,
      "planarSettled": true,
      "yawRateSettled": true,
      "planarBraking": false
    },
    {
      "index": 3,
      "atStep": 650,
      "atSeconds": 13.0,
      "endStep": 800,
      "fromCommand": [
        0.12,
        0.0,
        0.25
      ],
      "toCommand": [
        0.0,
        0.15,
        0.0
      ],
      "sampleCount": 150,
      "peakPlanarTrackingError": 0.22075399831387005,
      "peakYawRateTrackingError": 0.38869709980558637,
      "terminalMeasuredMotion": [
        0.0028375855308436773,
        0.0018176817460456823,
        -0.0054973033406231445
      ],
      "terminalPlanarTrackingError": 0.14820948463158845,
      "terminalYawRateTrackingError": 0.0054973033406231445,
      "planarOvershootMps": 0.0,
      "yawRateOvershootRadPerSec": 0.3018996419226944,
      "planarSettlingTimeSeconds": 3.0,
      "yawRateSettlingTimeSeconds": 0.2,
      "planarSettled": false,
      "yawRateSettled": true,
      "planarBraking": false
    },
    {
      "index": 4,
      "atStep": 800,
      "atSeconds": 16.0,
      "endStep": 900,
      "fromCommand": [
        0.0,
        0.15,
        0.0
      ],
      "toCommand": [
        0.0,
        0.0,
        0.0
      ],
      "sampleCount": 100,
      "peakPlanarTrackingError": 0.1615026509314219,
      "peakYawRateTrackingError": 0.4044086970179586,
      "terminalMeasuredMotion": [
        -0.0035777298622426098,
        0.001586695183635193,
        -0.045551248963920696
      ],
      "terminalPlanarTrackingError": 0.003913790052232445,
      "terminalYawRateTrackingError": 0.045551248963920696,
      "planarOvershootMps": 0.07782130655839656,
      "yawRateOvershootRadPerSec": 0.0,
      "planarSettlingTimeSeconds": 0.2,
      "yawRateSettlingTimeSeconds": 0.2,
      "planarSettled": true,
      "yawRateSettled": true,
      "planarBraking": true
    }
  ],
  "maximumTransitionTerminalPlanarTrackingError": 0.2018013679252868,
  "maximumTransitionTerminalYawRateTrackingError": 0.22386317780012743,
  "maximumPlanarSettlingTimeSeconds": 3.0,
  "maximumPlanarBrakingSettlingTimeSeconds": 0.2,
  "maximumYawRateSettlingTimeSeconds": 2.94,
  "maximumPlanarOvershootMps": 0.2754262422335567,
  "maximumYawRateOvershootRadPerSec": 0.3018996419226944,
  "unsettledPlanarTransitionCount": 2,
  "unsettledYawRateTransitionCount": 0,
  "initialBasePosition": [
    0.7132922247779556,
    0.9355708629682947,
    0.059927070625255534
  ],
  "finalBasePosition": [
    0.7625003110219613,
    0.9479305836976641,
    0.05911321733052836
  ],
  "netDisplacement": [
    0.04920808624400563,
    0.012359720729369417,
    -0.0008138532947271765
  ],
  "targetPlanarDisplacement": [
    0.76,
    0.44999999999999996
  ],
  "forwardDisplacement": 0.04863952607093022,
  "targetDistance": 0.8832326986700617,
  "forwardProgress": 0.05506988831388351,
  "signedForwardProgress": 0.05506988831388351,
  "backwardDisplacement": 0.0,
  "meanForwardVelocity": 0.004863952607092583,
  "lateralDrift": 0.01443589110172282,
  "distanceTraveled": 1.8794659287163233,
  "episodeInitialBasePosition": [
    0.0,
    0.0,
    0.44
  ],
  "mobilityMeasurementStartedAtSeconds": 8.0,
  "recoveryEvaluationStartedAtSeconds": 2.7,
  "missionStageDurationsSeconds": {
    "approach": 2.48,
    "impact": 0.16,