{
  "terms": {
    "survival": 10.0,
    "velocityTracking": 4.582010898667696,
    "forwardProgress": 1.1013977662776702,
    "upright": 0.3708156889329204,
    "lateralDrift": -0.02887178220344564,
    "transitionTracking": 0.2517943358556704,
    "energy": -0.4596184264815922,
    "smoothness": -0.16690931390692862,
    "jointJerk": 0.0,
    "bodyAngularJerk": 0.0,
    "actionSlew": 0.0,
    "actuatorSaturation": -0.3020238095238095,
    "footSlip": 0.0,
    "footImpact": 0.0,
    "selfRighting": 0.0,
    "recoveryTime": -30.6,
    "jointLimitMargin": -0.008281374958490129,
    "componentMass": -3.115,
    "sensorChannels": -0.22,
    "trainingSteps": -0.0
  },
  "total": -18.594686017340308
}
