{
  "durationSeconds": 2.939999999999898,
  "steps": 147,
  "survivalRate": 0.584,
  "fell": true,
  "motionCommand": [
    0.0,
    0.12,
    0.0
  ],
  "meanMeasuredMotion": [
    -0.504101149195242,
    0.22161146078430574,
    0.6591217769146512
  ],
  "planarVelocityTrackingError": 0.5142400777678497,
  "yawRateTrackingError": 0.6591217769146512,
  "meanVelocityTrackingError": 1.3901879490376845,
  "meanPlanarVelocityTrackingError": 0.650762348611909,
  "meanYawRateTrackingError": 1.1161641166047693,
  "meanUpright": 0.7610958586955945,
  "meanEnergy": 486.2242935064239,
  "meanSmoothness": 38.53715777369019,
  "peakActuator": 8.0,
  "initialBasePosition": [
    0.0,
    0.0,
    0.44
  ],
  "finalBasePosition": [
    -1.4699738321134457,
    0.6500013586895356,
    0.18914700676085255
  ],
  "netDisplacement": [
    -1.4699738321134457,
    0.6500013586895356,
    -0.25085299323914745
  ],
  "forwardDisplacement": 0.6500013586895356,
  "targetDistance": 0.6,
  "forwardProgress": 1.0,
  "meanForwardVelocity": 0.22108889751345515,
  "lateralDrift": 1.4699738321134457,
  "distanceTraveled": 1.9722502615898394
}
