{
  "terms": {
    "survival": 17.52,
    "velocityTracking": 12.551314222832696,
    "forwardProgress": 25.0,
    "upright": 11.416437880433918,
    "lateralDrift": -14.699738321134458,
    "energy": -2.4311214675321198,
    "smoothness": -0.03853715777369019,
    "componentMass": -1.2060000000000002,
    "sensorChannels": -1.07,
    "trainingSteps": -0.0
  },
  "total": 47.042355156826346
}
