{
  "durationSeconds": 5.999999999999561,
  "steps": 300,
  "survivalRate": 1.0,
  "fell": false,
  "motionCommand": [
    0.0,
    0.0,
    0.0
  ],
  "meanMotionCommand": [
    0.0,
    0.0,
    0.0
  ],
  "meanMeasuredMotion": [
    0.01858241061245893,
    -0.0061995508355616276,
    -0.031187671030722244
  ],
  "planarVelocityTrackingError": 0.01958929336991866,
  "yawRateTrackingError": 0.031187671030722244,
  "meanVelocityTrackingError": 0.34733442208897175,
  "meanPlanarVelocityTrackingError": 0.09695056596052427,
  "meanYawRateTrackingError": 0.3171941651324079,
  "meanUpright": 0.012821389637333917,
  "meanAbsolutePitchRad": 0.1184439958070679,
  "minimumPitchRad": -0.22265751763158687,
  "maximumPitchRad": 1.5598010885530917,
  "maximumBackwardPitchRad": 0.22265751763158687,
  "maximumAbsolutePitchRad": 1.5598010885530917,
  "maximumAbsolutePitchRateRadPerSec": 4.742997876105229,
  "meanBodyTiltRad": 2.976020610379967,
  "maximumBodyTiltRad": 3.139987264608364,
  "initialBodyTiltRad": 1.5707963267948963,
  "minimumBodyTiltRad": 1.5707963267948963,
  "finalBodyTiltRad": 3.131319482953713,
  "finalBaseHeightM": 0.06029234264554687,
  "selfRightingTask": true,
  "selfRightingSuccess": 0.0,
  "timeToStableStandSeconds": 6.0,
  "stableStandingDwellSeconds": 0.0,
  "finalStableStandingDwellSeconds": 0.0,
  "minimumJointLimitMarginRad": -0.0094612222037056,
  "disallowedCollisionSteps": 116,
  "meanEnergy": 224.06590508226083,
  "meanSmoothness": 93.06660540831149,
  "peakActuator": 8.0,
  "motionQualityFootEvidenceAvailable": true,
  "motionQualityContactThresholdNewton": 1.0,
  "meanJointJerkRadPerSec3": 14974.434098307473,
  "peakJointJerkRadPerSec3": 46090.12675106287,
  "meanBodyAngularJerkRadPerSec3": 3370.080297483503,
  "peakBodyAngularJerkRadPerSec3": 24981.2913009217,
  "meanActionSlewRatePerSec": 372.8619467521991,
  "peakActionSlewRatePerSec": 800.0,
  "actuatorSaturationRate": 0.39690476190476187,
  "meanFootSlipSpeedMps": 0.1472601850743639,
  "peakFootSlipSpeedMps": 1.1323713784431297,
  "totalFootSlipDistanceM": 0.3622600552829354,
  "meanFootContactImpactNPerSec": 33.4947844532817,
  "peakFootContactImpactNPerSec": 2832.9553569263276,
  "peakFootContactForceNewton": 62.793382622304556,
  "motionCommandSchedule": [
    {
      "atStep": 0,
      "atSeconds": 0.0,
      "command": [
        0.0,
        0.0,
        0.0
      ]
    }
  ],
  "transitionCount": 0,
  "transitions": [],
  "maximumTransitionTerminalPlanarTrackingError": 0.0,
  "maximumTransitionTerminalYawRateTrackingError": 0.0,
  "maximumPlanarSettlingTimeSeconds": 0.0,
  "maximumPlanarBrakingSettlingTimeSeconds": 0.0,
  "maximumYawRateSettlingTimeSeconds": 0.0,
  "maximumPlanarOvershootMps": 0.0,
  "maximumYawRateOvershootRadPerSec": 0.0,
  "unsettledPlanarTransitionCount": 0,
  "unsettledYawRateTransitionCount": 0,
  "initialBasePosition": [
    0.0,
    0.0,
    0.18
  ],
  "finalBasePosition": [
    0.10959306294779006,
    -0.04167288163327117,
    0.06029234264554687
  ],
  "netDisplacement": [
    0.10959306294779006,
    -0.04167288163327117,
    -0.11970765735445313
  ],
  "targetPlanarDisplacement": [
    0.0,
    0.0
  ],
  "forwardDisplacement": 0.0,
  "targetDistance": 0.0,
  "forwardProgress": 1.0,
  "signedForwardProgress": 1.0,
  "backwardDisplacement": 0.0,
  "meanForwardVelocity": 0.0,
  "lateralDrift": 0.11724874630416696,
  "distanceTraveled": 0.5277280881961804
}
