{
  "terms": {
    "survival": 0.0,
    "velocityTracking": 0.0,
    "forwardProgress": 0.0,
    "upright": 0.025642779274667835,
    "lateralDrift": 0.0,
    "transitionTracking": 0.0,
    "energy": -0.44813181016452164,
    "smoothness": -0.09306660540831149,
    "jointJerk": 0.0,
    "bodyAngularJerk": 0.0,
    "actionSlew": 0.0,
    "actuatorSaturation": -0.19845238095238094,
    "footSlip": 0.0,
    "footImpact": 0.0,
    "selfRighting": 0.0,
    "recoveryTime": -12.0,
    "jointLimitMargin": -0.0189224444074112,
    "componentMass": -3.115,
    "sensorChannels": -0.2,
    "trainingSteps": -0.0
  },
  "total": -16.04793046165796
}
