{
  "durationSeconds": 4.999999999999671,
  "steps": 250,
  "survivalRate": 1.0,
  "fell": false,
  "motionCommand": [
    0.25,
    0.0,
    0.0
  ],
  "meanMotionCommand": [
    0.25,
    0.0,
    0.0
  ],
  "meanMeasuredMotion": [
    0.12429821957857737,
    -0.0028979161757429405,
    -0.005340060385884166
  ],
  "planarVelocityTrackingError": 0.1257351801178858,
  "yawRateTrackingError": 0.005340060385884166,
  "meanVelocityTrackingError": 0.15857189839425476,
  "meanPlanarVelocityTrackingError": 0.15478805249864827,
  "meanYawRateTrackingError": 0.02097344288648839,
  "meanUpright": 0.9172429032629743,
  "meanAbsolutePitchRad": 0.16587676849309105,
  "minimumPitchRad": -0.42183968853064296,
  "maximumPitchRad": -0.01433338519080677,
  "maximumBackwardPitchRad": 0.42183968853064296,
  "maximumAbsolutePitchRad": 0.42183968853064296,
  "maximumAbsolutePitchRateRadPerSec": 3.657942350024508,
  "meanEnergy": 182.55914609629397,
  "meanSmoothness": 124.7406287684036,
  "peakActuator": 8.0,
  "motionCommandSchedule": [
    {
      "atStep": 0,
      "atSeconds": 0.0,
      "command": [
        0.25,
        0.0,
        0.0
      ]
    }
  ],
  "transitionCount": 0,
  "transitions": [],
  "maximumTransitionTerminalPlanarTrackingError": 0.0,
  "maximumTransitionTerminalYawRateTrackingError": 0.0,
  "maximumPlanarSettlingTimeSeconds": 0.0,
  "maximumPlanarBrakingSettlingTimeSeconds": 0.0,
  "maximumYawRateSettlingTimeSeconds": 0.0,
  "maximumPlanarOvershootMps": 0.0,
  "maximumYawRateOvershootRadPerSec": 0.0,
  "unsettledPlanarTransitionCount": 0,
  "unsettledYawRateTransitionCount": 0,
  "initialBasePosition": [
    0.0,
    0.0,
    0.44
  ],
  "finalBasePosition": [
    0.6210028440568,
    -0.013967109691793548,
    0.4187364693381449
  ],
  "netDisplacement": [
    0.6210028440568,
    -0.013967109691793548,
    -0.0212635306618551
  ],
  "targetPlanarDisplacement": [
    1.25,
    0.0
  ],
  "forwardDisplacement": 0.6210028440568,
  "targetDistance": 1.25,
  "forwardProgress": 0.49680227524543996,
  "signedForwardProgress": 0.49680227524543996,
  "backwardDisplacement": 0.0,
  "meanForwardVelocity": 0.12420056881136815,
  "lateralDrift": 0.013967109691793548,
  "distanceTraveled": 0.7110100781266642
}
