{
  "durationSeconds": 6.499999999999506,
  "steps": 325,
  "survivalRate": 1.0,
  "fell": false,
  "motionCommand": [
    0.0,
    0.0,
    0.038461538461538464
  ],
  "meanMotionCommand": [
    0.0,
    0.0,
    0.038461538461538464
  ],
  "meanMeasuredMotion": [
    -0.006374732985723523,
    -0.02242181086635794,
    0.05341563410591979
  ],
  "planarVelocityTrackingError": 0.023310401608852616,
  "yawRateTrackingError": 0.014954095644381327,
  "meanVelocityTrackingError": 0.36143080848728987,
  "meanPlanarVelocityTrackingError": 0.1112610364260772,
  "meanYawRateTrackingError": 0.32000167014509934,
  "meanUpright": 0.9518305078281157,
  "meanEnergy": 198.82789837228694,
  "meanSmoothness": 137.90042096152882,
  "peakActuator": 8.0,
  "motionCommandSchedule": [
    {
      "atStep": 0,
      "atSeconds": 0.0,
      "command": [
        0.0,
        0.0,
        0.5
      ]
    },
    {
      "atStep": 125,
      "atSeconds": 2.5,
      "command": [
        0.0,
        0.0,
        -0.5
      ]
    },
    {
      "atStep": 225,
      "atSeconds": 4.5,
      "command": [
        0.0,
        0.0,
        0.0
      ]
    }
  ],
  "transitionCount": 2,
  "transitions": [
    {
      "index": 1,
      "atStep": 125,
      "atSeconds": 2.5,
      "endStep": 225,
      "fromCommand": [
        0.0,
        0.0,
        0.5
      ],
      "toCommand": [
        0.0,
        0.0,
        -0.5
      ],
      "sampleCount": 100,
      "peakPlanarTrackingError": 0.24822936413591237,
      "peakYawRateTrackingError": 0.9597435811375286,
      "terminalMeasuredMotion": [
        0.06786806860405531,
        -0.0023626563358161387,
        0.15437408398331925
      ],
      "terminalPlanarTrackingError": 0.06790918112454258,
      "terminalYawRateTrackingError": 0.6543740839833192,
      "planarOvershootMps": 0.0,
      "yawRateOvershootRadPerSec": 0.0,
      "planarSettlingTimeSeconds": 1.92,
      "yawRateSettlingTimeSeconds": 2.0,
      "planarSettled": true,
      "yawRateSettled": false
    },
    {
      "index": 2,
      "atStep": 225,
      "atSeconds": 4.5,
      "endStep": 325,
      "fromCommand": [
        0.0,
        0.0,
        -0.5
      ],
      "toCommand": [
        0.0,
        0.0,
        0.0
      ],
      "sampleCount": 100,
      "peakPlanarTrackingError": 0.26227499720954683,
      "peakYawRateTrackingError": 0.2818535061913924,
      "terminalMeasuredMotion": [
        -0.07237850293433004,
        -0.04715113392140482,
        -0.023060751329629987
      ],
      "terminalPlanarTrackingError": 0.08638215740006193,
      "terminalYawRateTrackingError": 0.023060751329629987,
      "planarOvershootMps": 0.0,
      "yawRateOvershootRadPerSec": 0.2818535061913924,
      "planarSettlingTimeSeconds": 1.08,
      "yawRateSettlingTimeSeconds": 0.2,
      "planarSettled": true,
      "yawRateSettled": true
    }
  ],
  "maximumTransitionTerminalPlanarTrackingError": 0.08638215740006193,
  "maximumTransitionTerminalYawRateTrackingError": 0.6543740839833192,
  "maximumPlanarSettlingTimeSeconds": 1.92,
  "maximumYawRateSettlingTimeSeconds": 2.0,
  "maximumPlanarOvershootMps": 0.0,
  "maximumYawRateOvershootRadPerSec": 0.2818535061913924,
  "unsettledPlanarTransitionCount": 0,
  "unsettledYawRateTransitionCount": 1,
  "initialBasePosition": [
    0.0,
    0.0,
    0.44
  ],
  "finalBasePosition": [
    -0.04224641253770647,
    -0.14232108181781566,
    0.42037531374495013
  ],
  "netDisplacement": [
    -0.04224641253770647,
    -0.14232108181781566,
    -0.019624686255049872
  ],
  "targetPlanarDisplacement": [
    0.0,
    0.0
  ],
  "forwardDisplacement": 0.0,
  "targetDistance": 0.0,
  "forwardProgress": 1.0,
  "meanForwardVelocity": 0.0,
  "lateralDrift": 0.14845891587270688,
  "distanceTraveled": 0.6446286232000186
}
