{
  "terms": {
    "survival": 30.0,
    "velocityTracking": 14.690427067845157,
    "forwardProgress": 10.0,
    "upright": 14.277457617421735,
    "lateralDrift": -0.7422945793635344,
    "transitionTracking": 5.048287078289675,
    "energy": -0.9941394918614347,
    "smoothness": -0.13790042096152882,
    "componentMass": -1.2060000000000002,
    "sensorChannels": -1.07,
    "trainingSteps": -0.0
  },
  "total": 69.86583727137007
}
