{
  "durationSeconds": 18.000000000000902,
  "steps": 900,
  "survivalRate": 1.0,
  "fell": false,
  "motionCommand": [
    0.13111111111111284,
    0.02499999999999996,
    0.041666666666666664
  ],
  "meanMotionCommand": [
    0.13111111111111284,
    0.02499999999999996,
    0.041666666666666664
  ],
  "meanMeasuredMotion": [
    0.04395468492992147,
    0.053793944979516624,
    0.06410855938882529
  ],
  "planarVelocityTrackingError": 0.09178961756190562,
  "yawRateTrackingError": 0.022441892722158623,
  "meanVelocityTrackingError": 0.309075307772535,
  "meanPlanarVelocityTrackingError": 0.20268797876549444,
  "meanYawRateTrackingError": 0.18671739707322027,
  "meanUpright": 0.18541282442768775,
  "meanAbsolutePitchRad": 0.052265961515898664,
  "minimumPitchRad": -0.1574749697724389,
  "maximumPitchRad": 1.5144204530581118,
  "maximumBackwardPitchRad": 0.1574749697724389,
  "maximumAbsolutePitchRad": 1.5144204530581118,
  "maximumAbsolutePitchRateRadPerSec": 6.232301186757492,
  "meanBodyTiltRad": 2.5207087213511112,
  "maximumBodyTiltRad": 3.141546339630144,
  "initialBodyTiltRad": 0.0,
  "minimumBodyTiltRad": 0.0,
  "finalBodyTiltRad": 3.1389632977072086,
  "finalBaseHeightM": 0.0595175073251417,
  "selfRightingTask": true,
  "recoveryTriggered": true,
  "selfRightingSuccess": 0.0,
  "timeToStableStandSeconds": 15.3,
  "stableStandingDwellSeconds": 0.0,
  "finalStableStandingDwellSeconds": 0.0,
  "minimumJointLimitMarginRad": -0.004140687479245064,
  "disallowedCollisionSteps": 0,
  "meanEnergy": 234.46644620458488,
  "meanSmoothness": 166.906364019533,
  "peakActuator": 8.0,
  "motionQualityFootEvidenceAvailable": true,
  "motionQualityContactThresholdNewton": 1.0,
  "meanJointJerkRadPerSec3": 24424.178521528447,
  "peakJointJerkRadPerSec3": 48368.46021779395,
  "meanBodyAngularJerkRadPerSec3": 3417.8200040369475,
  "peakBodyAngularJerkRadPerSec3": 18963.552385119954,
  "meanActionSlewRatePerSec": 571.5855111011136,
  "peakActionSlewRatePerSec": 800.0,
  "actuatorSaturationRate": 0.6016666666666667,
  "meanFootSlipSpeedMps": 0.04313217336203651,
  "peakFootSlipSpeedMps": 0.5371226829371528,
  "totalFootSlipDistanceM": 0.3433320999618106,
  "meanFootContactImpactNPerSec": 104.12424955515654,
  "peakFootContactImpactNPerSec": 5669.736695995875,
  "peakFootContactForceNewton": 113.39473391991751,
  "motionCommandSchedule": [
    {
      "atStep": 0,
      "atSeconds": 0.0,
      "command": [
        0.2,
        0.0,
        0.0
      ]
    },
    {
      "atStep": 400,
      "atSeconds": 8.0,
      "command": [
        0.2,
        0.0,
        0.0
      ]
    },
    {
      "atStep": 500,
      "atSeconds": 10.0,
      "command": [
        0.12,
        0.0,
        0.25
      ]
    },
    {
      "atStep": 650,
      "atSeconds": 13.0,
      "command": [
        0.0,
        0.15,
        0.0
      ]
    },
    {
      "atStep": 800,
      "atSeconds": 16.0,
      "command": [
        0.0,
        0.0,
        0.0
      ]
    }
  ],
  "transitionCount": 4,
  "transitions": [
    {
      "index": 1,
      "atStep": 400,
      "atSeconds": 8.0,
      "endStep": 500,
      "fromCommand": [
        0.2,
        0.0,
        0.0
      ],
      "toCommand": [
        0.2,
        0.0,
        0.0
      ],
      "sampleCount": 100,
      "peakPlanarTrackingError": 0.3544035902822664,
      "peakYawRateTrackingError": 0.48493986371985076,
      "terminalMeasuredMotion": [
        -0.00031801238358964285,
        0.01921680341789452,
        0.015019010274846995
      ],
      "terminalPlanarTrackingError": 0.20123764960591736,
      "terminalYawRateTrackingError": 0.015019010274846995,
      "planarOvershootMps": 0.0,
      "yawRateOvershootRadPerSec": 0.0,
      "planarSettlingTimeSeconds": 2.0,
      "yawRateSettlingTimeSeconds": 0.2,
      "planarSettled": false,
      "yawRateSettled": true,
      "planarBraking": false
    },
    {
      "index": 2,
      "atStep": 500,
      "atSeconds": 10.0,
      "endStep": 650,
      "fromCommand": [
        0.2,
        0.0,
        0.0
      ],
      "toCommand": [
        0.12,
        0.0,
        0.25
      ],
      "sampleCount": 150,
      "peakPlanarTrackingError": 0.26649735870879826,
      "peakYawRateTrackingError": 0.5515845658145306,
      "terminalMeasuredMotion": [
        0.012822067147971045,
        0.0010546138120743822,
        -0.0033174176468530577
      ],
      "terminalPlanarTrackingError": 0.10718312134252596,
      "terminalYawRateTrackingError": 0.25331741764685306,
      "planarOvershootMps": 0.25750127950175966,
      "yawRateOvershootRadPerSec": 0.09655373539316864,
      "planarSettlingTimeSeconds": 2.82,
      "yawRateSettlingTimeSeconds": 3.0,
      "planarSettled": true,
      "yawRateSettled": false,
      "planarBraking": false
    },
    {
      "index": 3,
      "atStep": 650,
      "atSeconds": 13.0,
      "endStep": 800,
      "fromCommand": [
        0.12,
        0.0,
        0.25
      ],
      "toCommand": [
        0.0,
        0.15,
        0.0
      ],
      "sampleCount": 150,
      "peakPlanarTrackingError": 0.23432591814538534,
      "peakYawRateTrackingError": 0.39779918717706747,
      "terminalMeasuredMotion": [
        0.016102317063272795,
        -0.005705928997240495,
        0.021383841995375037
      ],
      "terminalPlanarTrackingError": 0.156536324665235,
      "terminalYawRateTrackingError": 0.021383841995375037,
      "planarOvershootMps": 0.0,
      "yawRateOvershootRadPerSec": 0.3424191244045223,
      "planarSettlingTimeSeconds": 3.0,
      "yawRateSettlingTimeSeconds": 0.2,
      "planarSettled": false,
      "yawRateSettled": true,
      "planarBraking": false
    },
    {
      "index": 4,
      "atStep": 800,
      "atSeconds": 16.0,
      "endStep": 900,
      "fromCommand": [
        0.0,
        0.15,
        0.0
      ],
      "toCommand": [
        0.0,
        0.0,
        0.0
      ],
      "sampleCount": 100,
      "peakPlanarTrackingError": 0.11700769644038868,
      "peakYawRateTrackingError": 0.37836229985203607,
      "terminalMeasuredMotion": [
        0.006341509436012915,
        0.011505101255883698,
        -0.06361014365109634
      ],
      "terminalPlanarTrackingError": 0.013137050537893864,
      "terminalYawRateTrackingError": 0.06361014365109634,
      "planarOvershootMps": 0.06702481682196394,
      "yawRateOvershootRadPerSec": 0.0,
      "planarSettlingTimeSeconds": 0.2,
      "yawRateSettlingTimeSeconds": 0.2,
      "planarSettled": true,
      "yawRateSettled": true,
      "planarBraking": true
    }
  ],
  "maximumTransitionTerminalPlanarTrackingError": 0.20123764960591736,
  "maximumTransitionTerminalYawRateTrackingError": 0.25331741764685306,
  "maximumPlanarSettlingTimeSeconds": 3.0,
  "maximumPlanarBrakingSettlingTimeSeconds": 0.2,
  "maximumYawRateSettlingTimeSeconds": 3.0,
  "maximumPlanarOvershootMps": 0.25750127950175966,
  "maximumYawRateOvershootRadPerSec": 0.3424191244045223,
  "unsettledPlanarTransitionCount": 2,
  "unsettledYawRateTransitionCount": 1,
  "initialBasePosition": [
    0.7264714880457325,
    0.9234919771556477,
    0.05962926673289043
  ],
  "finalBasePosition": [
    0.7754017285659028,
    0.9581780549085954,
    0.0595175073251417
  ],
  "netDisplacement": [
    0.048930240520170365,
    0.03468607775294774,
    -0.00011175940774872661
  ],
  "targetPlanarDisplacement": [
    0.76,
    0.44999999999999996
  ],
  "forwardDisplacement": 0.05977554710514427,
  "targetDistance": 0.8832326986700617,
  "forwardProgress": 0.06767814098725287,
  "signedForwardProgress": 0.06767814098725287,
  "backwardDisplacement": 0.0,
  "meanForwardVelocity": 0.005977554710513888,
  "lateralDrift": 0.00491694981934304,
  "distanceTraveled": 1.9309515469950844,
  "episodeInitialBasePosition": [
    0.0,
    0.0,
    0.44
  ],
  "mobilityMeasurementStartedAtSeconds": 8.0,
  "recoveryEvaluationStartedAtSeconds": 2.7,
  "missionStageDurationsSeconds": {
    "approach": 2.48,
    "impact": 0.16,