{
  "terms": {
    "survival": 10.0,
    "velocityTracking": 4.583387956655707,
    "forwardProgress": 1.3535628197450575,
    "upright": 0.3708256488553755,
    "lateralDrift": -0.00983389963868608,
    "transitionTracking": 0.24830915522202174,
    "energy": -0.4689328924091698,
    "smoothness": -0.166906364019533,
    "jointJerk": 0.0,
    "bodyAngularJerk": 0.0,
    "actionSlew": 0.0,
    "actuatorSaturation": -0.30083333333333334,
    "footSlip": 0.0,
    "footImpact": 0.0,
    "selfRighting": 0.0,
    "recoveryTime": -30.6,
    "jointLimitMargin": -0.008281374958490129,
    "componentMass": -3.115,
    "sensorChannels": -0.22,
    "trainingSteps": -0.65536
  },
  "total": -18.989062283881054
}
