{
  "durationSeconds": 3.999999999999781,
  "steps": 200,
  "survivalRate": 1.0,
  "fell": false,
  "motionCommand": [
    0.20000000000000015,
    0.0,
    0.0
  ],
  "meanMotionCommand": [
    0.20000000000000015,
    0.0,
    0.0
  ],
  "meanMeasuredMotion": [
    -0.06469302459954157,
    0.001787622461572145,
    -0.04888972538668475
  ],
  "planarVelocityTrackingError": 0.2646990609460462,
  "yawRateTrackingError": 0.04888972538668475,
  "meanVelocityTrackingError": 0.2892792640479487,
  "meanPlanarVelocityTrackingError": 0.2676084468272282,
  "meanYawRateTrackingError": 0.07755779532016616,
  "meanUpright": 0.7772283444972627,
  "meanAbsolutePitchRad": 0.43649835559524325,
  "minimumPitchRad": -0.5690042535343545,
  "maximumPitchRad": 0.0010060033246887434,
  "maximumBackwardPitchRad": 0.5690042535343545,
  "maximumAbsolutePitchRad": 0.5690042535343545,
  "maximumAbsolutePitchRateRadPerSec": 1.2372596471847221,
  "meanBodyTiltRad": 0.4508708322558485,
  "maximumBodyTiltRad": 0.5713651269928642,
  "meanEnergy": 4.2822816164139015,
  "meanSmoothness": 0.06656855655246152,
  "peakActuator": 6.0,
  "motionQualityFootEvidenceAvailable": true,
  "motionQualityContactThresholdNewton": 1.0,
  "meanJointJerkRadPerSec3": 161.0286191083609,
  "peakJointJerkRadPerSec3": 11366.090729158579,
  "meanBodyAngularJerkRadPerSec3": 34.56211628540454,
  "peakBodyAngularJerkRadPerSec3": 827.9136418523678,
  "meanActionSlewRatePerSec": 5.705074353309783,
  "peakActionSlewRatePerSec": 211.60667912108963,
  "actuatorSaturationRate": 0.07958333333333334,
  "meanFootSlipSpeedMps": 0.02018321500291744,
  "peakFootSlipSpeedMps": 0.34959272351280707,
  "totalFootSlipDistanceM": 0.20909810743022475,
  "meanFootContactImpactNPerSec": 31.616570072231234,
  "peakFootContactImpactNPerSec": 6445.727113529243,
  "peakFootContactForceNewton": 128.91454227058486,
  "motionCommandSchedule": [
    {
      "atStep": 0,
      "atSeconds": 0.0,
      "command": [
        0.2,
        0.0,
        0.0
      ]
    }
  ],
  "transitionCount": 0,
  "transitions": [],
  "maximumTransitionTerminalPlanarTrackingError": 0.0,
  "maximumTransitionTerminalYawRateTrackingError": 0.0,
  "maximumPlanarSettlingTimeSeconds": 0.0,
  "maximumPlanarBrakingSettlingTimeSeconds": 0.0,
  "maximumYawRateSettlingTimeSeconds": 0.0,
  "maximumPlanarOvershootMps": 0.0,
  "maximumYawRateOvershootRadPerSec": 0.0,
  "unsettledPlanarTransitionCount": 0,
  "unsettledYawRateTransitionCount": 0,
  "initialBasePosition": [
    0.0,
    0.0,
    0.38
  ],
  "finalBasePosition": [
    -0.2582638790909064,
    0.0071870068653312295,
    0.2476642588581558
  ],
  "netDisplacement": [
    -0.2582638790909064,
    0.0071870068653312295,
    -0.1323357411418442
  ],
  "targetPlanarDisplacement": [
    0.8,
    0.0
  ],
  "forwardDisplacement": -0.2582638790909064,
  "targetDistance": 0.8,
  "forwardProgress": 0.0,
  "signedForwardProgress": -0.32282984886363303,
  "backwardDisplacement": 0.2582638790909064,
  "meanForwardVelocity": -0.06456596977273014,
  "lateralDrift": 0.0071870068653312295,
  "distanceTraveled": 0.3439462442647083
}
