{
  "terms": {
    "survival": 10.0,
    "velocityTracking": 1.5512542982507933,
    "forwardProgress": 0.0,
    "upright": 1.5544566889945255,
    "lateralDrift": -0.0071870068653312295,
    "transitionTracking": 0.0,
    "energy": -0.0042822816164139015,
    "smoothness": -6.656855655246152e-05,
    "jointJerk": 0.0,
    "bodyAngularJerk": 0.0,
    "actionSlew": 0.0,
    "actuatorSaturation": 0.0,
    "footSlip": 0.0,
    "footImpact": 0.0,
    "componentMass": 0.0,
    "sensorChannels": 0,
    "trainingSteps": 0
  },
  "total": 13.094175130207022
}
