{
  "previous": {
    "assembly": "force-sensing",
    "controller": "force-aware-gait",
    "assemblyHash": "d89572552c790a7256a7fe23403e257b121aab1b617e4b133032638dcb972cea",
    "aggregateScore": 84.1563495527771,
    "cases": [
      {
        "case": {
          "id": "nominal",
          "task": "velocity-track",
          "scenario": "nominal",
          "seed": 42,
          "weight": 1
        },
        "metrics": {
          "durationSeconds": 2.999999999999891,
          "steps": 150,
          "survivalRate": 1,
          "fell": false,
          "meanVelocityTrackingError": 0.19646036184790114,
          "meanUpright": 0.9448694360672864,
          "meanEnergy": 1.2962238106596744,
          "meanSmoothness": 0.3702222641580656,
          "peakActuator": 6
        },
        "score": {
          "terms": {
            "survival": 50,
            "velocityTracking": 16.71597374869196,
            "upright": 18.897388721345727,
            "energy": -0.02592447621319349,
            "smoothness": -0.003702222641580656,
            "componentMass": -1.4275,
            "sensorChannels": -0.5,
            "trainingSteps": 0
          },
          "total": 83.65623577118292
        },
        "resultHash": "c33d1020414b376b40b5bf00b39b64c51bc5eff6bd37ea1e2f62954cd7335eec"
      },
      {
        "case": {
          "id": "low-friction",
          "task": "velocity-track",
          "scenario": "low-friction",
          "seed": 43,
          "weight": 1.2
        },
        "metrics": {
          "durationSeconds": 2.999999999999891,
          "steps": 150,
          "survivalRate": 1,
          "fell": false,
          "meanVelocityTrackingError": 0.19646036184790114,
          "meanUpright": 0.9448694360672864,
          "meanEnergy": 1.2962238106596744,
          "meanSmoothness": 0.3702222641580656,
          "peakActuator": 6
        },
        "score": {
          "terms": {
            "survival": 50,
            "velocityTracking": 16.71597374869196,
            "upright": 18.897388721345727,
            "energy": -0.02592447621319349,
            "smoothness": -0.003702222641580656,
            "componentMass": -1.4275,
            "sensorChannels": -0.5,
            "trainingSteps": 0
          },
          "total": 83.65623577118292
        },
        "resultHash": "0c4177033cafd15009be6e820a3ba3322f00123fc1ed064b9a66592974e70ae5"
      },
      {
        "case": {
          "id": "lateral-push",
          "task": "stand",
          "scenario": "lateral-push",
          "seed": 44,
          "weight": 1.5
        },
        "metrics": {
          "durationSeconds": 2.0000000000000013,
          "steps": 100,
          "survivalRate": 1,
          "fell": false,
          "meanVelocityTrackingError": 0.10345212164061295,
          "meanUpright": 0.9378689813472728,
          "meanEnergy": 2.9554898441546458,
          "meanSmoothness": 0.5856894583502279,
          "peakActuator": 6
        },
        "score": {
          "terms": {
            "survival": 50,
            "velocityTracking": 18.12493683030306,
            "upright": 18.757379626945458,
            "energy": -0.05910979688309292,
            "smoothness": -0.005856894583502279,
            "componentMass": -1.4275,
            "sensorChannels": -0.5,
            "trainingSteps": 0
          },
          "total": 84.88984976578192
        },
        "resultHash": "8170a79ddeea35f24c4d809cf6bd5ff64f99014c724d83275530c78939700036"
      }
    ]
  },
  "candidate": {
    "assembly": "force-sensing",
    "controller": "force-aware-gait",
    "assemblyHash": "d89572552c790a7256a7fe23403e257b121aab1b617e4b133032638dcb972cea",
    "aggregateScore": 84.11529420386076,
    "cases": [
      {
        "case": {
          "id": "nominal",
          "task": "velocity-track",
          "scenario": "nominal",
          "seed": 42,
          "weight": 1
        },
        "metrics": {
          "durationSeconds": 2.999999999999891,
          "steps": 150,
          "survivalRate": 1,
          "fell": false,
          "meanVelocityTrackingError": 0.19592412975922405,
          "meanUpright": 0.944321009451355,
          "meanEnergy": 1.378997232998769,
          "meanSmoothness": 0.42569364972052137,
          "peakActuator": 6
        },
        "score": {
          "terms": {
            "survival": 50,
            "velocityTracking": 16.723468907702873,
            "upright": 18.8864201890271,
            "energy": -0.02757994465997538,
            "smoothness": -0.004256936497205214,
            "componentMass": -1.4275,
            "sensorChannels": -0.5,
            "trainingSteps": 0
          },
          "total": 83.65055221557279
        },
        "resultHash": "bb2bfb4589b896e3f9e2dc354e4fbefd3a7666ca3c80230bd8c4c78a2405e218"
      },
      {
        "case": {
          "id": "low-friction",
          "task": "velocity-track",
          "scenario": "low-friction",
          "seed": 43,
          "weight": 1.2
        },
        "metrics": {
          "durationSeconds": 2.999999999999891,
          "steps": 150,
          "survivalRate": 1,
          "fell": false,
          "meanVelocityTrackingError": 0.19592412975922405,
          "meanUpright": 0.944321009451355,
          "meanEnergy": 1.378997232998769,
          "meanSmoothness": 0.42569364972052137,
          "peakActuator": 6
        },
        "score": {
          "terms": {
            "survival": 50,
            "velocityTracking": 16.723468907702873,
            "upright": 18.8864201890271,
            "energy": -0.02757994465997538,
            "smoothness": -0.004256936497205214,
            "componentMass": -1.4275,
            "sensorChannels": -0.5,
            "trainingSteps": 0
          },
          "total": 83.65055221557279
        },
        "resultHash": "84936ee99ffcbfce09e0cda1a40c92965b3a9ce92a74404e72afcb74d4eea6f1"
      },
      {
        "case": {
          "id": "lateral-push",
          "task": "stand",
          "scenario": "lateral-push",
          "seed": 44,
          "weight": 1.5
        },
        "metrics": {
          "durationSeconds": 2.0000000000000013,
          "steps": 100,
          "survivalRate": 1,
          "fell": false,
          "meanVelocityTrackingError": 0.1050845115013431,
          "meanUpright": 0.9376102151132548,
          "meanEnergy": 5.181090425313085,
          "meanSmoothness": 2.233005281695883,
          "peakActuator": 6
        },
        "score": {
          "terms": {
            "survival": 50,
            "velocityTracking": 18.098163345741266,
            "upright": 18.752204302265095,
            "energy": -0.10362180850626171,
            "smoothness": -0.02233005281695883,
            "componentMass": -1.4275,
            "sensorChannels": -0.5,
            "trainingSteps": 0
          },
          "total": 84.79691578668314
        },
        "resultHash": "d11eb3118311fd8f410706c148fa3a3e813079b07ee9b8155db5578597536583"
      }
    ]
  },
  "delta": -0.04105534891634477,
  "gateReasons": []
}
