{
  "durationSeconds": 6.499999999999506,
  "steps": 325,
  "survivalRate": 1.0,
  "fell": false,
  "motionCommand": [
    0.0,
    0.0,
    0.038461538461538464
  ],
  "meanMotionCommand": [
    0.0,
    0.0,
    0.038461538461538464
  ],
  "meanMeasuredMotion": [
    -0.017385175687830802,
    -0.007164361333369344,
    0.0012151727918942546
  ],
  "planarVelocityTrackingError": 0.018803521133336196,
  "yawRateTrackingError": 0.03724636566964421,
  "meanVelocityTrackingError": 0.3401481956800444,
  "meanPlanarVelocityTrackingError": 0.13796414057555698,
  "meanYawRateTrackingError": 0.28112457340691777,
  "meanUpright": 0.9546299943501475,
  "meanEnergy": 197.12533803210957,
  "meanSmoothness": 135.89354919804885,
  "peakActuator": 8.0,
  "motionCommandSchedule": [
    {
      "atStep": 0,
      "atSeconds": 0.0,
      "command": [
        0.0,
        0.0,
        0.5
      ]
    },
    {
      "atStep": 125,
      "atSeconds": 2.5,
      "command": [
        0.0,
        0.0,
        -0.5
      ]
    },
    {
      "atStep": 225,
      "atSeconds": 4.5,
      "command": [
        0.0,
        0.0,
        0.0
      ]
    }
  ],
  "transitionCount": 2,
  "transitions": [
    {
      "index": 1,
      "atStep": 125,
      "atSeconds": 2.5,
      "endStep": 225,
      "fromCommand": [
        0.0,
        0.0,
        0.5
      ],
      "toCommand": [
        0.0,
        0.0,
        -0.5
      ],
      "sampleCount": 100,
      "peakPlanarTrackingError": 0.42041455529022087,
      "peakYawRateTrackingError": 1.2152698779552706,
      "terminalMeasuredMotion": [
        -0.10744446678874683,
        -0.0027317830289807755,
        -0.2507399886711569
      ],
      "terminalPlanarTrackingError": 0.10747918906483966,
      "terminalYawRateTrackingError": 0.24926001132884312,
      "planarOvershootMps": 0.0,
      "yawRateOvershootRadPerSec": 0.23158076910207914,
      "planarSettlingTimeSeconds": 1.64,
      "yawRateSettlingTimeSeconds": 2.0,
      "planarSettled": true,
      "yawRateSettled": true
    },
    {
      "index": 2,
      "atStep": 225,
      "atSeconds": 4.5,
      "endStep": 325,
      "fromCommand": [
        0.0,
        0.0,
        -0.5
      ],
      "toCommand": [
        0.0,
        0.0,
        0.0
      ],
      "sampleCount": 100,
      "peakPlanarTrackingError": 0.21671263254636186,
      "peakYawRateTrackingError": 0.4004863155929452,
      "terminalMeasuredMotion": [
        -0.07023936616799559,
        -0.002405285111802326,
        -0.0014699406557706724
      ],
      "terminalPlanarTrackingError": 0.07028053753458934,
      "terminalYawRateTrackingError": 0.0014699406557706724,
      "planarOvershootMps": 0.0,
      "yawRateOvershootRadPerSec": 0.30654715205290756,
      "planarSettlingTimeSeconds": 0.22,
      "yawRateSettlingTimeSeconds": 0.2,
      "planarSettled": true,
      "yawRateSettled": true
    }
  ],
  "maximumTransitionTerminalPlanarTrackingError": 0.10747918906483966,
  "maximumTransitionTerminalYawRateTrackingError": 0.24926001132884312,
  "maximumPlanarSettlingTimeSeconds": 1.64,
  "maximumYawRateSettlingTimeSeconds": 2.0,
  "maximumPlanarOvershootMps": 0.0,
  "maximumYawRateOvershootRadPerSec": 0.30654715205290756,
  "unsettledPlanarTransitionCount": 0,
  "unsettledYawRateTransitionCount": 0,
  "initialBasePosition": [
    0.0,
    0.0,
    0.44
  ],
  "finalBasePosition": [
    -0.1102230181311655,
    -0.045455302735545086,
    0.4209459690694203
  ],
  "netDisplacement": [
    -0.1102230181311655,
    -0.045455302735545086,
    -0.019054030930579724
  ],
  "targetPlanarDisplacement": [
    0.0,
    0.0
  ],
  "forwardDisplacement": 0.0,
  "targetDistance": 0.0,
  "forwardProgress": 1.0,
  "meanForwardVelocity": 0.0,
  "lateralDrift": 0.11922792572515589,
  "distanceTraveled": 0.835475238309401
}
