{
  "count": 8192.000100000001,
  "mean": [
    0.16865006160683013,
    0.49954327817969885,
    -0.40583338334558416,
    -0.19409527391117734,
    0.48541858257201376,
    -0.4091392358070384,
    0.16157315012576037,
    0.2876993314476125,
    -0.5006079923560706,
    -0.16755258548386887,
    0.2827558373439152,
    -0.4976169313926875,
    -0.005989179937497667,
    0.09193307646039245,
    0.07210575379729726,
    0.00214095514757146,
    0.08652025518197601,
    0.08637726502570324,
    -0.031532494371931015,
    0.05413012088041856,
    0.03658387097179174,
    0.025517127515402672,
    0.05910514447241268,
    0.034628939478380284,
    0.33159748841114783,
    0.8415004221302196,
    0.01154113210879508,
    0.20360314145243213,
    -0.05892948751072388,
    0.03119201946196825,
    0.015590067596549089,
    -0.061874583898281446,
    0.037457870363370366,
    0.1765969680271019,
    -0.061698582664870334,
    0.03772880583113308,
    0.17431678742147325,
    -0.06187978137774966,
    -3.351338546928831,
    -0.020653212453115657,
    5.956060904657594,
    0.16427018288323508,
    -1.2579695563314253,
    0.12868358274797734,
    -0.04370943879858269,
    -1.178376711059813,
    0.1440795453354747,
    0.2361206402860447,
    0.3384248231934016,
    0.6082729815237301,
    -0.24527644077305794,
    0.33048800293840686,
    0.632265040001534,
    0.1655526134417191,
    -1.260146978823038,
    0.12995725745575976,
    -0.04861431613527332,
    -1.183623124080493,
    0.1454342458421503,
    0.24552099428386698,
    0.34430792560485307,
    0.6021183068592542,
    -0.25371757489925867,
    0.33908048042648814,
    0.6289897287914905,
    0.17383518860145333,
    -1.256615540979726,
    0.13324988912419913,
    -0.05314361427562255,
    -1.180556620756173,
    0.1430480047352496,
    0.25441967092163864,
    0.34172816498649344,
    0.6089412651933663,
    -0.2577525940381353,
    0.33523191956227194,
    0.6317641470431268,
    0.18580862540600554,
    -1.251884265966201,
    0.12627116322827828,
    -0.057052425429135606,
    -1.177412885804466,
    0.13517724702699158,
    0.2547482762800431,
    0.34035354829600756,
    0.6191868570122329,
    -0.25924570794576285,
    0.33533211276587643,
    0.6386133691760559,
    0.16180878768131432,
    -1.2270087712303184,
    0.10199962789044983,
    -0.046726291465313485,
    -1.1460370318520288,
    0.11468150969326465,
    0.22574083023269984,
    0.33674382471009,
    0.609559972814105,
    -0.23371502642808972,
    0.33997401703243346,
    0.6187177377105584,
    0.15458950331843604,
    -1.240756419443797,
    0.11387114849493887,
    -0.04846750134044024,
    -1.1561628022408783,
    0.1290481835768349,
    0.23073093673493122,
    0.33913120296818305,
    0.6062098842174163,
    -0.24067303382728777,
    0.3396376123344469,
    0.6256085600720686,
    0.15469095243498335,
    -1.2502666235444317,
    0.11639979452717471,
    -0.05183936076744197,
    -1.1632652265121006,
    0.13272555391959479,
    0.23165733254121088,
    0.3447553269488597,
    0.6028996386514691,
    -0.24366247168428334,
    0.3441180781401769,
    0.617906531711096,
    0.1681672314179363,
    -1.2568067529185183,
    0.11928125461386602,
    -0.049302609520373866,
    -1.172595383104939,
    0.13277149446555891,
    0.23657426387342576,
    0.3526690465630722,
    0.5995808417766445,
    -0.2452788969163993,
    0.35062013339595954,
    0.6150382421450058,
    2.1845688871682882,
    11.807708289753025,
    11.320014620928134,
    7.888822829919357,
    8.233127734392179
  ],
  "variance": [
    0.050392122139679314,
    0.11861234264867765,
    0.18391770742947594,
    0.04975811991213193,
    0.11752481090999745,
    0.18487495786143146,
    0.04711097172483243,
    0.11316634855057663,
    0.17452039833396454,
    0.04728441360224224,
    0.10997976891307537,
    0.17450957861692343,
    28.795613406060397,
    61.60538257990019,
    147.10975894807518,
    29.682244725549314,
    62.664465759260835,
    148.57732253297513,
    35.847589176777895,
    74.29736142450572,
    142.24614089440087,
    35.86904712033915,
    73.58004671722591,
    142.49887061653695,
    0.007456712023272382,
    0.04976106028880666,
    0.017700350817550912,
    0.10530610211474124,
    0.07406417035438531,
    0.20576826087439484,
    0.07710235866650657,
    0.14184655339118896,
    5.771388208243214,
    5.387917487982287,
    0.903356346571696,
    5.547722418555108,
    5.289016057975101,
    0.8874190212385438,
    174.76774559459813,
    56.38770707462256,
    216.1865598601573,
    43.50873952778903,
    50.751949651769884,
    56.397571468985646,
    44.15478487417779,
    50.71714795942604,
    56.430308988548845,
    47.802318732202444,
    52.89210449912085,
    55.49712171173606,
    47.55195960214855,
    52.779083404604876,
    55.516204248563156,
    43.86665127672808,
    51.09445813116617,
    56.75518776031017,
    44.483127117932504,
    51.059640454464414,
    56.77845240587454,
    48.14025283612924,
    53.25850329299256,
    55.868124963509636,
    47.88256533985855,
    53.105938264709955,
    55.888839585531336,
    44.195765062569116,
    51.45428080274282,
    57.108564050948566,
    44.83289182275718,
    51.409523748116165,
    57.12559775546648,
    48.481162049365714,
    53.6102933263253,
    56.21049453513198,
    48.24348388840659,
    53.460705440505926,
    56.25490486137382,
    44.5286578460988,
    51.80450524421452,
    57.479333048222365,
    45.14084785069672,
    51.765792505814694,
    57.48423723292273,
    48.80349261906344,
    53.98027313658201,
    56.51632968332201,
    48.561408239236584,
    53.81929532818605,
    56.60536988816408,
    42.68532017673864,
    49.9769576077515,
    55.47766728147086,
    43.33661057272507,
    49.94582673676732,
    55.512324054813064,
    46.95890919329166,
    52.04447889748691,
    54.60711657655702,
    46.70105289022757,
    51.88022555218371,
    54.601823042148,
    43.00423374656353,
    50.314815140748145,
    55.83760751457307,
    43.64359351471734,
    50.24951233728629,
    55.87372420827012,
    47.284171754357615,
    52.37952020944537,
    54.93475824472611,
    47.018738735643204,
    52.220019466891095,
    54.941423336039186,
    43.32952954751173,
    50.591768218495254,
    56.200683366849354,
    43.96534555357124,
    50.57121991949624,
    56.22082334315304,
    47.64220895681756,
    52.69869458651466,
    55.29333619136458,
    47.350898643205966,
    52.5687547736753,
    55.31897476822598,
    43.661904186865485,
    50.8836373834685,
    56.56441193225223,
    44.279768727457935,
    50.85810562922445,
    56.583822943493956,
    47.97153214818826,
    53.04167482706212,
    55.66659108309979,
    47.7094974098811,
    52.87565915583034,
    55.68841807624524,
    0.8892715791715181,
    1185.6292020263354,
    1083.7473944513454,
    1047.4738771065597,
    1123.8715102892384
  ]
}
