{
  "count": 4096.0001,
  "mean": [
    0.16070230871948657,
    0.5152547167141931,
    -0.42489799472692535,
    -0.1952781420877363,
    0.5015061892380936,
    -0.42290698460483395,
    0.1593061787568333,
    0.279673066185891,
    -0.5187676467035757,
    -0.17062910029882686,
    0.27642318754310147,
    -0.5101421222749727,
    -0.009439714250187525,
    0.05396114433935684,
    0.0750726873394867,
    0.0025252287608835216,
    0.03947993186991971,
    0.09360977981332927,
    -0.024455066011633386,
    0.007795915963793016,
    0.07207774443985751,
    0.0068505104013368325,
    0.01122125943769034,
    0.08419599078923151,
    0.32736747656990395,
    0.8549256559007418,
    -0.016107126067611787,
    0.20003026599978105,
    0.02787786868793463,
    0.05551632463832041,
    -0.00750630365511947,
    -0.0646290941244194,
    -0.0785357132990112,
    0.20173966778302138,
    0.03574490451710624,
    -0.07764781448494466,
    0.1997314767645504,
    0.03586561812824771,
    -3.611616948130221,
    -0.15001031405655538,
    6.0179076868197745,
    0.19775974072941127,
    -1.3574439127330378,
    0.2057328742668392,
    -0.011253275994555351,
    -1.2882068095768267,
    0.2045207879187443,
    0.24986139633365664,
    0.36368840337541347,
    0.7547283999874727,
    -0.2150468431188128,
    0.3582415608153036,
    0.7433528143365707,
    0.21731802392226687,
    -1.3567909074013995,
    0.20940917169848736,
    -0.008636183683949868,
    -1.2931114787002713,
    0.20599957821929354,
    0.2646416541296071,
    0.3940148207634761,
    0.7331945660910968,
    -0.21078372052148758,
    0.38537054205803756,
    0.7236557414683006,
    0.22927600999136968,
    -1.3497475122351905,
    0.2112597598968591,
    -0.007113438192713978,
    -1.28438786263518,
    0.1994951806823065,
    0.2763652431211069,
    0.410216154615108,
    0.7272216136159154,
    -0.2024480996476658,
    0.4005605503230382,
    0.7119299489358316,
    0.23669361534424957,
    -1.3374677395394465,
    0.19667489290200837,
    -0.008657490234555585,
    -1.265686064524165,
    0.19432560016124908,
    0.2811644561648676,
    0.4154290669775986,
    0.7251919661702002,
    -0.1891852216425527,
    0.41411371738304636,
    0.7126022491556933,
    0.17423421518721932,
    -1.3429676944569553,
    0.16568208778838187,
    -0.008613053385747069,
    -1.265132234517173,
    0.18649414801532063,
    0.26414960239277097,
    0.36234292165773996,
    0.7486966622980026,
    -0.18740449614977314,
    0.3723855011869086,
    0.7446552114019694,
    0.17651291513811784,
    -1.358422309567767,
    0.18371940824568578,
    -0.01148339218821781,
    -1.2773273173914883,
    0.19446545908296298,
    0.2607776875579515,
    0.3599783125288661,
    0.7533894868496913,
    -0.20534846480975616,
    0.36509418844868424,
    0.7521472551563656,
    0.1843568541202812,
    -1.3637846115887897,
    0.19520001128864142,
    -0.01137158225422967,
    -1.2905154581905371,
    0.2046470302026414,
    0.2537775270173877,
    0.3648164785860788,
    0.7512520370039756,
    -0.21222911177874593,
    0.3636992349620834,
    0.7438770572221719,
    0.19558864872087645,
    -1.3572987519987783,
    0.1957452158679696,
    -0.004109059216984068,
    -1.2886275864693437,
    0.20463767152840878,
    0.26148657514244955,
    0.3829413409478872,
    0.7373118976978909,
    -0.21196186671593914,
    0.38110713758769243,
    0.722843077001149,
    2.410644489087424,
    11.90344449163208,
    11.208130776601418,
    8.950845101212813,
    7.958144659702699
  ],
  "variance": [
    0.05962344575116685,
    0.13450585903234383,
    0.21290265084179255,
    0.062306444463358694,
    0.13036700952476057,
    0.20998545369067004,
    0.052151308083973696,
    0.12162960434401954,
    0.19832058984376952,
    0.0532354704560701,
    0.1158804497229024,
    0.19641749971354164,
    30.40279064631879,
    62.66197832595351,
    155.73036745448778,
    31.178837891227705,
    64.31768427904376,
    156.83793456809678,
    37.170624734445006,
    75.47438677314612,
    149.49434345844804,
    37.87158838560806,
    75.42206495037759,
    152.16744031144208,
    0.00726879832859236,
    0.037270092796161586,
    0.021231754467428858,
    0.10620940769820168,
    0.06336496003754533,
    0.20983031649732564,
    0.0613883903283827,
    0.14551738064314587,
    6.040671773145429,
    5.418627578487856,
    0.7904322052941486,
    5.842589524323502,
    5.346706421786256,
    0.7802385760997431,
    208.28553047633807,
    63.613379363974076,
    226.71498865992282,
    44.48510786970517,
    50.45324279022774,
    56.31745879516019,
    44.3248608690585,
    50.950289028910696,
    56.44925534895833,
    48.02340676047882,
    53.03400304402567,
    55.176915765737824,
    48.123932226262596,
    52.82063947085748,
    55.497158485103746,
    44.796132975033466,
    50.84871245052761,
    56.71861126037319,
    44.67870888994276,
    51.32529503396233,
    56.80467196518284,
    48.37017125396734,
    53.357702037054956,
    55.56866320029691,
    48.48300069970317,
    53.13847226973317,
    55.87850150227182,
    45.15814087643625,
    51.20062305196482,
    57.05458573156693,
    45.0698420153067,
    51.69987532344028,
    57.168308320745524,
    48.76909238782516,
    53.674850542722695,
    55.9603070652587,
    48.86257074831054,
    53.48281754561513,
    56.302477142633506,
    45.52521392584403,
    51.55448368709632,
    57.41483776139625,
    45.419510276017945,
    52.12480688354763,
    57.52934006855624,
    49.16211999537634,
    54.05842046976051,
    56.32823370551751,
    49.20051291480551,
    53.86052146652454,
    56.687962245969175,
    43.57295484765913,
    49.522456010651005,
    55.328503939099924,
    43.369407356981625,
    50.05291738911077,
    55.452643506900664,
    47.10592293760034,
    52.07519159925427,
    54.18847937341931,
    47.14732004249984,
    51.8437359393049,
    54.497066851784375,
    43.929941561365716,
    49.85669606695187,
    55.68454020030527,
    43.7392160865473,
    50.37142121844577,
    55.8094140511704,
    47.47375226091887,
    52.45557153879008,
    54.5652996858865,
    47.52646208002038,
    52.216076047368084,
    54.862091568260965,
    44.24835225541547,
    50.20634451146424,
    56.08291171099767,
    44.07897225673177,
    50.70231641390968,
    56.19359136235954,
    47.84171812636009,
    52.813204716752146,
    54.931433640702416,
    47.89726891159838,
    52.606288745389506,
    55.24516119171009,
    44.577761314752046,
    50.56187529660622,
    56.4587207658287,
    44.45061612551545,
    51.06505295868265,
    56.53862133868716,
    48.15111934348704,
    53.15581496169496,
    55.34320312139075,
    48.22748844154088,
    52.9047078545453,
    55.63270563119874,
    0.8596722131996414,
    1182.6399950736388,
    1122.9947337511649,
    1262.0323394461554,
    1106.48796015635
  ]
}
