{
  "terms": {
    "survival": 30.0,
    "velocityTracking": 9.688368072958813,
    "forwardProgress": 10.0,
    "upright": 13.259505786328004,
    "lateralDrift": -3.209529264030201,
    "transitionTracking": 4.311639295574607,
    "energy": -2.516807792253275,
    "smoothness": -0.0394272130014041,
    "componentMass": -1.2060000000000002,
    "sensorChannels": -1.07,
    "trainingSteps": -0.0
  },
  "total": 59.21774888557654
}
