{
  "durationSeconds": 4.999999999999671,
  "steps": 250,
  "survivalRate": 1.0,
  "fell": false,
  "motionCommand": [
    0.25,
    0.0,
    0.0
  ],
  "meanMotionCommand": [
    0.25,
    0.0,
    0.0
  ],
  "meanMeasuredMotion": [
    0.06452316067818296,
    -9.130512810916787e-13,
    -1.159921800292904e-12
  ],
  "planarVelocityTrackingError": 0.18547683932181702,
  "yawRateTrackingError": 1.159921800292904e-12,
  "meanVelocityTrackingError": 0.18922991259080732,
  "meanPlanarVelocityTrackingError": 0.18922991259080732,
  "meanYawRateTrackingError": 1.9744424859100276e-12,
  "meanUpright": 0.9125369354834626,
  "meanAbsolutePitchRad": 0.17531804513716526,
  "minimumPitchRad": -0.3462735202358834,
  "maximumPitchRad": -0.013754465157401623,
  "maximumBackwardPitchRad": 0.3462735202358834,
  "maximumAbsolutePitchRad": 0.3462735202358834,
  "maximumAbsolutePitchRateRadPerSec": 3.385626691699666,
  "meanEnergy": 181.89740056066256,
  "meanSmoothness": 124.19172618027461,
  "peakActuator": 8.0,
  "motionCommandSchedule": [
    {
      "atStep": 0,
      "atSeconds": 0.0,
      "command": [
        0.25,
        0.0,
        0.0
      ]
    }
  ],
  "transitionCount": 0,
  "transitions": [],
  "maximumTransitionTerminalPlanarTrackingError": 0.0,
  "maximumTransitionTerminalYawRateTrackingError": 0.0,
  "maximumPlanarSettlingTimeSeconds": 0.0,
  "maximumPlanarBrakingSettlingTimeSeconds": 0.0,
  "maximumYawRateSettlingTimeSeconds": 0.0,
  "maximumPlanarOvershootMps": 0.0,
  "maximumYawRateOvershootRadPerSec": 0.0,
  "unsettledPlanarTransitionCount": 0,
  "unsettledYawRateTransitionCount": 0,
  "initialBasePosition": [
    0.0,
    0.0,
    0.44
  ],
  "finalBasePosition": [
    0.3199112987143939,
    -4.525372696223797e-12,
    0.4157022473649943
  ],
  "netDisplacement": [
    0.3199112987143939,
    -4.525372696223797e-12,
    -0.02429775263500572
  ],
  "targetPlanarDisplacement": [
    1.25,
    0.0
  ],
  "forwardDisplacement": 0.3199112987143939,
  "targetDistance": 1.25,
  "forwardProgress": 0.2559290389715151,
  "signedForwardProgress": 0.2559290389715151,
  "backwardDisplacement": 0.0,
  "meanForwardVelocity": 0.06398225974288298,
  "lateralDrift": 4.525372696223797e-12,
  "distanceTraveled": 0.41412959444190933
}
