{
  "terms": {
    "survival": 25.0,
    "velocityTracking": 16.81760590467223,
    "forwardProgress": 12.796451948575754,
    "upright": 13.688054032251939,
    "lateralDrift": -4.5253726962237976e-11,
    "transitionTracking": 0.0,
    "energy": -1.8189740056066257,
    "smoothness": -0.620958630901373,
    "componentMass": -1.5075,
    "sensorChannels": -5.3500000000000005,
    "trainingSteps": -0.0
  },
  "total": 59.00467924894667
}
