{
  "terms": {
    "survival": 30.0,
    "velocityTracking": 19.205905658480674,
    "forwardProgress": 25.0,
    "upright": 14.313737581476577,
    "lateralDrift": -0.5250779889094661,
    "transitionTracking": 0.0,
    "energy": -0.9658628790336395,
    "smoothness": -0.1307964418370484,
    "componentMass": -1.2060000000000002,
    "sensorChannels": -1.07,
    "trainingSteps": -0.0
  },
  "total": 84.62190593017709
}
