{
  "durationSeconds": 4.999999999999671,
  "steps": 250,
  "survivalRate": 1.0,
  "fell": false,
  "motionCommand": [
    0.25,
    0.0,
    0.0
  ],
  "meanMotionCommand": [
    0.25,
    0.0,
    0.0
  ],
  "meanMeasuredMotion": [
    0.07713265089630937,
    1.7497085122317553e-13,
    2.015024019266879e-13
  ],
  "planarVelocityTrackingError": 0.17286734910369062,
  "yawRateTrackingError": 2.015024019266879e-13,
  "meanVelocityTrackingError": 0.17621677589803794,
  "meanPlanarVelocityTrackingError": 0.17621677589803794,
  "meanYawRateTrackingError": 7.082737498379037e-13,
  "meanUpright": 0.9325222266209054,
  "meanAbsolutePitchRad": 0.13510177067818152,
  "minimumPitchRad": -0.24633653581352186,
  "maximumPitchRad": -0.013754581943502462,
  "maximumBackwardPitchRad": 0.24633653581352186,
  "maximumAbsolutePitchRad": 0.24633653581352186,
  "maximumAbsolutePitchRateRadPerSec": 2.6400249598895456,
  "meanEnergy": 185.84935272755877,
  "meanSmoothness": 128.0393446393772,
  "peakActuator": 8.0,
  "motionCommandSchedule": [
    {
      "atStep": 0,
      "atSeconds": 0.0,
      "command": [
        0.25,
        0.0,
        0.0
      ]
    }
  ],
  "transitionCount": 0,
  "transitions": [],
  "maximumTransitionTerminalPlanarTrackingError": 0.0,
  "maximumTransitionTerminalYawRateTrackingError": 0.0,
  "maximumPlanarSettlingTimeSeconds": 0.0,
  "maximumPlanarBrakingSettlingTimeSeconds": 0.0,
  "maximumYawRateSettlingTimeSeconds": 0.0,
  "maximumPlanarOvershootMps": 0.0,
  "maximumYawRateOvershootRadPerSec": 0.0,
  "unsettledPlanarTransitionCount": 0,
  "unsettledYawRateTransitionCount": 0,
  "initialBasePosition": [
    0.0,
    0.0,
    0.44
  ],
  "finalBasePosition": [
    0.38425468248761,
    8.72851457209542e-13,
    0.41813082241359595
  ],
  "netDisplacement": [
    0.38425468248761,
    8.72851457209542e-13,
    -0.021869177586404054
  ],
  "targetPlanarDisplacement": [
    1.25,
    0.0
  ],
  "forwardDisplacement": 0.38425468248761,
  "targetDistance": 1.25,
  "forwardProgress": 0.307403745990088,
  "signedForwardProgress": 0.307403745990088,
  "backwardDisplacement": 0.0,
  "meanForwardVelocity": 0.07685093649752706,
  "lateralDrift": 8.72851457209542e-13,
  "distanceTraveled": 0.4727966260404595
}
