{
  "terms": {
    "survival": 25.0,
    "velocityTracking": 17.003668379691373,
    "forwardProgress": 15.370187299504401,
    "upright": 13.987833399313581,
    "lateralDrift": -8.72851457209542e-12,
    "transitionTracking": 0.0,
    "energy": -1.8584935272755878,
    "smoothness": -0.6401967231968859,
    "componentMass": -1.5075,
    "sensorChannels": -5.3500000000000005,
    "trainingSteps": -0.0
  },
  "total": 62.00549882802815
}
