{
  "terms": {
    "survival": 25.6,
    "velocityTracking": 12.815197714184677,
    "forwardProgress": 10.0,
    "upright": 8.120147284286244,
    "lateralDrift": -0.3813238286177973,
    "transitionTracking": 3.6716966406758598,
    "energy": -3.08555374319933,
    "smoothness": -0.031296402057636334,
    "componentMass": -1.2060000000000002,
    "sensorChannels": -1.07,
    "trainingSteps": -0.0
  },
  "total": 54.43286766527202
}
