{
  "durationSeconds": 4.999999999999671,
  "steps": 250,
  "survivalRate": 1.0,
  "fell": false,
  "motionCommand": [
    0.25,
    0.0,
    0.0
  ],
  "meanMotionCommand": [
    0.25,
    0.0,
    0.0
  ],
  "meanMeasuredMotion": [
    0.06049619000238394,
    -0.011763395243391808,
    -0.010294369174775544
  ],
  "planarVelocityTrackingError": 0.18986856367304417,
  "yawRateTrackingError": 0.010294369174775544,
  "meanVelocityTrackingError": 0.310382360002402,
  "meanPlanarVelocityTrackingError": 0.23183156304297609,
  "meanYawRateTrackingError": 0.13550459528891262,
  "meanUpright": 0.9454763347392454,
  "meanAbsolutePitchRad": 0.10908665226807791,
  "minimumPitchRad": -0.17005923348839203,
  "maximumPitchRad": -0.014177288135104793,
  "maximumBackwardPitchRad": 0.17005923348839203,
  "maximumAbsolutePitchRad": 0.17005923348839203,
  "maximumAbsolutePitchRateRadPerSec": 2.253970042481646,
  "meanEnergy": 188.98332663062655,
  "meanSmoothness": 127.65851192779772,
  "peakActuator": 8.0,
  "motionCommandSchedule": [
    {
      "atStep": 0,
      "atSeconds": 0.0,
      "command": [
        0.25,
        0.0,
        0.0
      ]
    }
  ],
  "transitionCount": 0,
  "transitions": [],
  "maximumTransitionTerminalPlanarTrackingError": 0.0,
  "maximumTransitionTerminalYawRateTrackingError": 0.0,
  "maximumPlanarSettlingTimeSeconds": 0.0,
  "maximumPlanarBrakingSettlingTimeSeconds": 0.0,
  "maximumYawRateSettlingTimeSeconds": 0.0,
  "maximumPlanarOvershootMps": 0.0,
  "maximumYawRateOvershootRadPerSec": 0.0,
  "unsettledPlanarTransitionCount": 0,
  "unsettledYawRateTransitionCount": 0,
  "initialBasePosition": [
    0.0,
    0.0,
    0.44
  ],
  "finalBasePosition": [
    0.3007399859501292,
    -0.05829379654536048,
    0.42334733815426745
  ],
  "netDisplacement": [
    0.3007399859501292,
    -0.05829379654536048,
    -0.016652661845732553
  ],
  "targetPlanarDisplacement": [
    1.25,
    0.0
  ],
  "forwardDisplacement": 0.3007399859501292,
  "targetDistance": 1.25,
  "forwardProgress": 0.24059198876010335,
  "signedForwardProgress": 0.24059198876010335,
  "backwardDisplacement": 0.0,
  "meanForwardVelocity": 0.06014799719002979,
  "lateralDrift": 0.05829379654536048,
  "distanceTraveled": 0.7889701709231857
}
