{
  "terms": {
    "survival": 25.0,
    "velocityTracking": 15.262720722189314,
    "forwardProgress": 12.029599438005167,
    "upright": 14.182145021088681,
    "lateralDrift": -0.5829379654536048,
    "transitionTracking": 0.0,
    "energy": -1.8898332663062656,
    "smoothness": -0.6382925596389886,
    "componentMass": -1.5075,
    "sensorChannels": -5.3500000000000005,
    "trainingSteps": -0.0
  },
  "total": 56.5059013898843
}
