{
  "durationSeconds": 6.499999999999506,
  "steps": 325,
  "survivalRate": 1.0,
  "fell": false,
  "motionCommand": [
    0.0,
    0.0,
    0.038461538461538464
  ],
  "meanMotionCommand": [
    0.0,
    0.0,
    0.038461538461538464
  ],
  "meanMeasuredMotion": [
    0.0061263549805936285,
    0.020772294895969316,
    0.19321206904673055
  ],
  "planarVelocityTrackingError": 0.021656880213764797,
  "yawRateTrackingError": 0.1547505305851921,
  "meanVelocityTrackingError": 0.47596301845771116,
  "meanPlanarVelocityTrackingError": 0.13481017097383044,
  "meanYawRateTrackingError": 0.43571416267460406,
  "meanUpright": 0.973044391411702,
  "meanEnergy": 189.89570099052793,
  "meanSmoothness": 128.7725097789363,
  "peakActuator": 8.0,
  "motionCommandSchedule": [
    {
      "atStep": 0,
      "atSeconds": 0.0,
      "command": [
        0.0,
        0.0,
        0.5
      ]
    },
    {
      "atStep": 125,
      "atSeconds": 2.5,
      "command": [
        0.0,
        0.0,
        -0.5
      ]
    },
    {
      "atStep": 225,
      "atSeconds": 4.5,
      "command": [
        0.0,
        0.0,
        0.0
      ]
    }
  ],
  "transitionCount": 2,
  "transitions": [
    {
      "index": 1,
      "atStep": 125,
      "atSeconds": 2.5,
      "endStep": 225,
      "fromCommand": [
        0.0,
        0.0,
        0.5
      ],
      "toCommand": [
        0.0,
        0.0,
        -0.5
      ],
      "sampleCount": 100,
      "peakPlanarTrackingError": 0.41476801771410915,
      "peakYawRateTrackingError": 1.3599440997664463,
      "terminalMeasuredMotion": [
        0.014898252893384405,
        0.038597481440865625,
        -0.016543581498428984
      ],
      "terminalPlanarTrackingError": 0.04137298046857638,
      "terminalYawRateTrackingError": 0.483456418501571,
      "planarOvershootMps": 0.0,
      "yawRateOvershootRadPerSec": 0.0,
      "planarSettlingTimeSeconds": 1.64,
      "yawRateSettlingTimeSeconds": 2.0,
      "planarSettled": true,
      "yawRateSettled": false
    },
    {
      "index": 2,
      "atStep": 225,
      "atSeconds": 4.5,
      "endStep": 325,
      "fromCommand": [
        0.0,
        0.0,
        -0.5
      ],
      "toCommand": [
        0.0,
        0.0,
        0.0
      ],
      "sampleCount": 100,
      "peakPlanarTrackingError": 0.1397844732648983,
      "peakYawRateTrackingError": 0.5156966699768659,
      "terminalMeasuredMotion": [
        0.00935832027835726,
        0.01877828210575995,
        0.01040113983310378
      ],
      "terminalPlanarTrackingError": 0.020980992285299975,
      "terminalYawRateTrackingError": 0.01040113983310378,
      "planarOvershootMps": 0.0,
      "yawRateOvershootRadPerSec": 0.5156966699768659,
      "planarSettlingTimeSeconds": 0.2,
      "yawRateSettlingTimeSeconds": 0.6,
      "planarSettled": true,
      "yawRateSettled": true
    }
  ],
  "maximumTransitionTerminalPlanarTrackingError": 0.04137298046857638,
  "maximumTransitionTerminalYawRateTrackingError": 0.483456418501571,
  "maximumPlanarSettlingTimeSeconds": 1.64,
  "maximumYawRateSettlingTimeSeconds": 2.0,
  "maximumPlanarOvershootMps": 0.0,
  "maximumYawRateOvershootRadPerSec": 0.5156966699768659,
  "unsettledPlanarTransitionCount": 0,
  "unsettledYawRateTransitionCount": 1,
  "initialBasePosition": [
    0.0,
    0.0,
    0.44
  ],
  "finalBasePosition": [
    0.03937326936598692,
    0.13181282771465433,
    0.41147387874862457
  ],
  "netDisplacement": [
    0.03937326936598692,
    0.13181282771465433,
    -0.028526121251375436
  ],
  "targetPlanarDisplacement": [
    0.0,
    0.0
  ],
  "forwardDisplacement": 0.0,
  "targetDistance": 0.0,
  "forwardProgress": 1.0,
  "meanForwardVelocity": 0.0,
  "lateralDrift": 0.13756771383831204,
  "distanceTraveled": 0.8146731390593415
}
