{
  "terms": {
    "survival": 30.0,
    "velocityTracking": 13.550475011832443,
    "forwardProgress": 10.0,
    "upright": 14.59566587117553,
    "lateralDrift": -0.6878385691915602,
    "transitionTracking": 5.281201007772338,
    "energy": -0.9494785049526396,
    "smoothness": -0.1287725097789363,
    "componentMass": -1.2060000000000002,
    "sensorChannels": -1.07,
    "trainingSteps": -0.0
  },
  "total": 69.38525230685718
}
