{
  "durationSeconds": 6.499999999999506,
  "steps": 325,
  "survivalRate": 1.0,
  "fell": false,
  "motionCommand": [
    0.0,
    0.0,
    0.038461538461538464
  ],
  "meanMotionCommand": [
    0.0,
    0.0,
    0.038461538461538464
  ],
  "meanMeasuredMotion": [
    0.0004248838630878324,
    0.023008011071257883,
    0.19240769531653276
  ],
  "planarVelocityTrackingError": 0.023011933855116084,
  "yawRateTrackingError": 0.1539461568549943,
  "meanVelocityTrackingError": 0.47079616288903037,
  "meanPlanarVelocityTrackingError": 0.13356316661623768,
  "meanYawRateTrackingError": 0.430699042316026,
  "meanUpright": 0.9708718920189567,
  "meanEnergy": 192.30912862498207,
  "meanSmoothness": 130.68027380149402,
  "peakActuator": 8.0,
  "motionCommandSchedule": [
    {
      "atStep": 0,
      "atSeconds": 0.0,
      "command": [
        0.0,
        0.0,
        0.5
      ]
    },
    {
      "atStep": 125,
      "atSeconds": 2.5,
      "command": [
        0.0,
        0.0,
        -0.5
      ]
    },
    {
      "atStep": 225,
      "atSeconds": 4.5,
      "command": [
        0.0,
        0.0,
        0.0
      ]
    }
  ],
  "transitionCount": 2,
  "transitions": [
    {
      "index": 1,
      "atStep": 125,
      "atSeconds": 2.5,
      "endStep": 225,
      "fromCommand": [
        0.0,
        0.0,
        0.5
      ],
      "toCommand": [
        0.0,
        0.0,
        -0.5
      ],
      "sampleCount": 100,
      "peakPlanarTrackingError": 0.33402871294967706,
      "peakYawRateTrackingError": 1.3844571727004689,
      "terminalMeasuredMotion": [
        -0.0015949805925751467,
        -0.0015506536397507154,
        -0.02974223664339609
      ],
      "terminalPlanarTrackingError": 0.0022245201282891348,
      "terminalYawRateTrackingError": 0.4702577633566039,
      "planarOvershootMps": 0.0,
      "yawRateOvershootRadPerSec": 0.0,
      "planarSettlingTimeSeconds": 1.62,
      "yawRateSettlingTimeSeconds": 2.0,
      "planarSettled": true,
      "yawRateSettled": false
    },
    {
      "index": 2,
      "atStep": 225,
      "atSeconds": 4.5,
      "endStep": 325,
      "fromCommand": [
        0.0,
        0.0,
        -0.5
      ],
      "toCommand": [
        0.0,
        0.0,
        0.0
      ],
      "sampleCount": 100,
      "peakPlanarTrackingError": 0.125784240948025,
      "peakYawRateTrackingError": 0.4584040752955239,
      "terminalMeasuredMotion": [
        0.010436836445386245,
        0.008485851194895835,
        0.02960139099660425
      ],
      "terminalPlanarTrackingError": 0.013451290848452339,
      "terminalYawRateTrackingError": 0.02960139099660425,
      "planarOvershootMps": 0.0,
      "yawRateOvershootRadPerSec": 0.3409732068409064,
      "planarSettlingTimeSeconds": 0.2,
      "yawRateSettlingTimeSeconds": 0.2,
      "planarSettled": true,
      "yawRateSettled": true
    }
  ],
  "maximumTransitionTerminalPlanarTrackingError": 0.013451290848452339,
  "maximumTransitionTerminalYawRateTrackingError": 0.4702577633566039,
  "maximumPlanarSettlingTimeSeconds": 1.62,
  "maximumYawRateSettlingTimeSeconds": 2.0,
  "maximumPlanarOvershootMps": 0.0,
  "maximumYawRateOvershootRadPerSec": 0.3409732068409064,
  "unsettledPlanarTransitionCount": 0,
  "unsettledYawRateTransitionCount": 1,
  "initialBasePosition": [
    0.0,
    0.0,
    0.44
  ],
  "finalBasePosition": [
    0.003756498188366345,
    0.14638325711618705,
    0.4098207160420488
  ],
  "netDisplacement": [
    0.003756498188366345,
    0.14638325711618705,
    -0.03017928395795122
  ],
  "targetPlanarDisplacement": [
    0.0,
    0.0
  ],
  "forwardDisplacement": 0.0,
  "targetDistance": 0.0,
  "forwardProgress": 1.0,
  "meanForwardVelocity": 0.0,
  "lateralDrift": 0.14643144895336838,
  "distanceTraveled": 0.791903846437256
}
