{
  "terms": {
    "survival": 30.0,
    "velocityTracking": 13.598077357446147,
    "forwardProgress": 10.0,
    "upright": 14.56307838028435,
    "lateralDrift": -0.7321572447668419,
    "transitionTracking": 5.50996340312369,
    "energy": -0.9615456431249103,
    "smoothness": -0.13068027380149402,
    "componentMass": -1.2060000000000002,
    "sensorChannels": -1.07,
    "trainingSteps": -0.0
  },
  "total": 69.57073597916096
}
