{
  "durationSeconds": 4.999999999999671,
  "steps": 250,
  "survivalRate": 1.0,
  "fell": false,
  "motionCommand": [
    0.25,
    0.0,
    0.0
  ],
  "meanMotionCommand": [
    0.25,
    0.0,
    0.0
  ],
  "meanMeasuredMotion": [
    0.04531912685592556,
    1.1537328758487087e-14,
    1.2365957579342017e-15
  ],
  "planarVelocityTrackingError": 0.20468087314407443,
  "yawRateTrackingError": 1.2365957579342017e-15,
  "meanVelocityTrackingError": 0.20969747752120318,
  "meanPlanarVelocityTrackingError": 0.20969747752120318,
  "meanYawRateTrackingError": 6.435844297062109e-14,
  "meanUpright": 0.944719509486089,
  "meanEnergy": 193.0765417204617,
  "meanSmoothness": 131.63016978413316,
  "peakActuator": 8.0,
  "motionCommandSchedule": [
    {
      "atStep": 0,
      "atSeconds": 0.0,
      "command": [
        0.25,
        0.0,
        0.0
      ]
    }
  ],
  "transitionCount": 0,
  "transitions": [],
  "maximumTransitionTerminalPlanarTrackingError": 0.0,
  "maximumTransitionTerminalYawRateTrackingError": 0.0,
  "maximumPlanarSettlingTimeSeconds": 0.0,
  "maximumPlanarBrakingSettlingTimeSeconds": 0.0,
  "maximumYawRateSettlingTimeSeconds": 0.0,
  "maximumPlanarOvershootMps": 0.0,
  "maximumYawRateOvershootRadPerSec": 0.0,
  "unsettledPlanarTransitionCount": 0,
  "unsettledYawRateTransitionCount": 0,
  "initialBasePosition": [
    0.0,
    0.0,
    0.44
  ],
  "finalBasePosition": [
    0.22542327266989196,
    5.749307972183263e-14,
    0.42353347455284507
  ],
  "netDisplacement": [
    0.22542327266989196,
    5.749307972183263e-14,
    -0.016466525447154934
  ],
  "targetPlanarDisplacement": [
    1.25,
    0.0
  ],
  "forwardDisplacement": 0.22542327266989196,
  "targetDistance": 1.25,
  "forwardProgress": 0.18033861813591356,
  "meanForwardVelocity": 0.045084654533981354,
  "lateralDrift": 5.749307972183263e-14,
  "distanceTraveled": 0.42977618523542105
}
