{
  "terms": {
    "survival": 30.0,
    "velocityTracking": 24.799588787663787,
    "forwardProgress": 4.508465453397839,
    "upright": 14.170792642291335,
    "lateralDrift": -5.749307972183263e-13,
    "transitionTracking": 0.0,
    "energy": -0.9653827086023086,
    "smoothness": -0.13163016978413317,
    "componentMass": -1.2060000000000002,
    "sensorChannels": -1.07,
    "trainingSteps": -0.0
  },
  "total": 70.10583400496594
}
