{
  "durationSeconds": 5.999999999999561,
  "steps": 300,
  "survivalRate": 1.0,
  "fell": false,
  "motionCommand": [
    0.125,
    0.0,
    0.0
  ],
  "meanMotionCommand": [
    0.125,
    0.0,
    0.0
  ],
  "meanMeasuredMotion": [
    0.09414611980315488,
    -0.05561723475150138,
    -0.020583423736493463
  ],
  "planarVelocityTrackingError": 0.06360219119342418,
  "yawRateTrackingError": 0.020583423736493463,
  "meanVelocityTrackingError": 0.6645744668648872,
  "meanPlanarVelocityTrackingError": 0.3077556113369639,
  "meanYawRateTrackingError": 0.4905090314836368,
  "meanUpright": 0.5190562344702527,
  "meanEnergy": 633.1591209066104,
  "meanSmoothness": 29.603545357867237,
  "peakActuator": 8.0,
  "motionCommandSchedule": [
    {
      "atStep": 0,
      "atSeconds": 0.0,
      "command": [
        0.0,
        0.0,
        0.0
      ]
    },
    {
      "atStep": 50,
      "atSeconds": 1.0,
      "command": [
        0.25,
        0.0,
        0.0
      ]
    },
    {
      "atStep": 200,
      "atSeconds": 4.0,
      "command": [
        0.0,
        0.0,
        0.0
      ]
    }
  ],
  "transitionCount": 2,
  "transitions": [
    {
      "index": 1,
      "atStep": 50,
      "atSeconds": 1.0,
      "endStep": 200,
      "fromCommand": [
        0.0,
        0.0,
        0.0
      ],
      "toCommand": [
        0.25,
        0.0,
        0.0
      ],
      "sampleCount": 150,
      "peakPlanarTrackingError": 0.8719316941735302,
      "peakYawRateTrackingError": 2.3758952129517565,
      "terminalMeasuredMotion": [
        0.2748244695558263,
        -0.15505273471897293,
        0.4682503033494032
      ],
      "terminalPlanarTrackingError": 0.15702740153412825,
      "terminalYawRateTrackingError": 0.4682503033494032,
      "planarOvershootMps": 0.8719316941735302,
      "yawRateOvershootRadPerSec": 0.0,
      "planarSettlingTimeSeconds": 3.0,
      "yawRateSettlingTimeSeconds": 3.0,
      "planarSettled": false,
      "yawRateSettled": false
    },
    {
      "index": 2,
      "atStep": 200,
      "atSeconds": 4.0,
      "endStep": 300,
      "fromCommand": [
        0.25,
        0.0,
        0.0
      ],
      "toCommand": [
        0.0,
        0.0,
        0.0
      ],
      "sampleCount": 100,
      "peakPlanarTrackingError": 0.6429780104320941,
      "peakYawRateTrackingError": 2.2673880889556393,
      "terminalMeasuredMotion": [
        -0.12358403814597388,
        -0.14067671410235297,
        -1.0943584331910783
      ],
      "terminalPlanarTrackingError": 0.18725104105211454,
      "terminalYawRateTrackingError": 1.0943584331910783,
      "planarOvershootMps": 0.4902218165672814,
      "yawRateOvershootRadPerSec": 0.0,
      "planarSettlingTimeSeconds": 2.0,
      "yawRateSettlingTimeSeconds": 2.0,
      "planarSettled": false,
      "yawRateSettled": false
    }
  ],
  "maximumTransitionTerminalPlanarTrackingError": 0.18725104105211454,
  "maximumTransitionTerminalYawRateTrackingError": 1.0943584331910783,
  "maximumPlanarSettlingTimeSeconds": 3.0,
  "maximumYawRateSettlingTimeSeconds": 3.0,
  "maximumPlanarOvershootMps": 0.8719316941735302,
  "maximumYawRateOvershootRadPerSec": 0.0,
  "unsettledPlanarTransitionCount": 2,
  "unsettledYawRateTransitionCount": 2,
  "initialBasePosition": [
    0.0,
    0.0,
    0.44
  ],
  "finalBasePosition": [
    0.5741683529145097,
    -0.33477833169076715,
    0.20543675649301762
  ],
  "netDisplacement": [
    0.5741683529145097,
    -0.33477833169076715,
    -0.23456324350698238
  ],
  "targetPlanarDisplacement": [
    0.75,
    0.0
  ],
  "forwardDisplacement": 0.5741683529145097,
  "targetDistance": 0.75,
  "forwardProgress": 0.765557803886013,
  "meanForwardVelocity": 0.09569472548575862,
  "lateralDrift": 0.33477833169076715,
  "distanceTraveled": 1.7256698109324977
}
