{
  "terms": {
    "survival": 30.0,
    "velocityTracking": 12.015082772276713,
    "forwardProgress": 7.65557803886013,
    "upright": 7.785843517053791,
    "lateralDrift": -1.6738916584538357,
    "transitionTracking": 3.277420120588048,
    "energy": -3.165795604533052,
    "smoothness": -0.029603545357867238,
    "componentMass": -1.2060000000000002,
    "sensorChannels": -1.07,
    "trainingSteps": -0.0
  },
  "total": 53.588633640433926
}
