{
  "durationSeconds": 18.000000000000902,
  "steps": 900,
  "survivalRate": 1.0,
  "fell": false,
  "motionCommand": [
    0.13111111111111284,
    0.02499999999999996,
    0.041666666666666664
  ],
  "meanMotionCommand": [
    0.13111111111111284,
    0.02499999999999996,
    0.041666666666666664
  ],
  "meanMeasuredMotion": [
    0.03752231417244478,
    0.052353007482548994,
    0.07143463918102758
  ],
  "planarVelocityTrackingError": 0.09750410212277034,
  "yawRateTrackingError": 0.02976797251436091,
  "meanVelocityTrackingError": 0.28978563943062724,
  "meanPlanarVelocityTrackingError": 0.20381137298322655,
  "meanYawRateTrackingError": 0.15624840900718584,
  "meanUpright": 0.18540271570777073,
  "meanAbsolutePitchRad": 0.05135181042028714,
  "minimumPitchRad": -0.1574749697724389,
  "maximumPitchRad": 1.5144204530581118,
  "maximumBackwardPitchRad": 0.1574749697724389,
  "maximumAbsolutePitchRad": 1.5144204530581118,
  "maximumAbsolutePitchRateRadPerSec": 6.232301186757492,
  "meanBodyTiltRad": 2.522480644330868,
  "maximumBodyTiltRad": 3.1414879000480997,
  "initialBodyTiltRad": 0.0,
  "minimumBodyTiltRad": 0.0,
  "finalBodyTiltRad": 3.130187510553068,
  "finalBaseHeightM": 0.06135460370753741,
  "selfRightingTask": true,
  "recoveryTriggered": true,
  "selfRightingSuccess": 0.0,
  "timeToStableStandSeconds": 15.3,
  "stableStandingDwellSeconds": 0.0,
  "finalStableStandingDwellSeconds": 0.0,
  "minimumJointLimitMarginRad": -0.004140687479245064,
  "disallowedCollisionSteps": 0,
  "meanEnergy": 209.83557928475454,
  "meanSmoothness": 152.04188116444766,
  "peakActuator": 8.0,
  "motionQualityFootEvidenceAvailable": true,
  "motionQualityContactThresholdNewton": 1.0,
  "meanJointJerkRadPerSec3": 23545.537757432125,
  "peakJointJerkRadPerSec3": 48368.46021779395,
  "meanBodyAngularJerkRadPerSec3": 3027.9167028832894,
  "peakBodyAngularJerkRadPerSec3": 18107.427982736175,
  "meanActionSlewRatePerSec": 543.8874894640071,
  "peakActionSlewRatePerSec": 800.0,
  "actuatorSaturationRate": 0.4723015873015872,
  "meanFootSlipSpeedMps": 0.04313217336203651,
  "peakFootSlipSpeedMps": 0.5371226829371528,
  "totalFootSlipDistanceM": 0.3433320999618106,
  "meanFootContactImpactNPerSec": 104.12424955515654,
  "peakFootContactImpactNPerSec": 5669.736695995875,
  "peakFootContactForceNewton": 113.39473391991751,
  "motionCommandSchedule": [
    {
      "atStep": 0,
      "atSeconds": 0.0,
      "command": [
        0.2,
        0.0,
        0.0
      ]
    },
    {
      "atStep": 400,
      "atSeconds": 8.0,
      "command": [
        0.2,
        0.0,
        0.0
      ]
    },
    {
      "atStep": 500,
      "atSeconds": 10.0,
      "command": [
        0.12,
        0.0,
        0.25
      ]
    },
    {
      "atStep": 650,
      "atSeconds": 13.0,
      "command": [
        0.0,
        0.15,
        0.0
      ]
    },
    {
      "atStep": 800,
      "atSeconds": 16.0,
      "command": [
        0.0,
        0.0,
        0.0
      ]
    }
  ],
  "transitionCount": 4,
  "transitions": [
    {
      "index": 1,
      "atStep": 400,
      "atSeconds": 8.0,
      "endStep": 500,
      "fromCommand": [
        0.2,
        0.0,
        0.0
      ],
      "toCommand": [
        0.2,
        0.0,
        0.0
      ],
      "sampleCount": 100,
      "peakPlanarTrackingError": 0.2812101733823158,
      "peakYawRateTrackingError": 0.30635547578787925,
      "terminalMeasuredMotion": [
        -0.003408567527184104,
        0.008114400513034473,
        -0.005166853538219382
      ],
      "terminalPlanarTrackingError": 0.20357035353692088,
      "terminalYawRateTrackingError": 0.005166853538219382,
      "planarOvershootMps": 0.0,
      "yawRateOvershootRadPerSec": 0.0,
      "planarSettlingTimeSeconds": 2.0,
      "yawRateSettlingTimeSeconds": 0.2,
      "planarSettled": false,
      "yawRateSettled": true,
      "planarBraking": false
    },
    {
      "index": 2,
      "atStep": 500,
      "atSeconds": 10.0,
      "endStep": 650,
      "fromCommand": [
        0.2,
        0.0,
        0.0
      ],
      "toCommand": [
        0.12,
        0.0,
        0.25
      ],
      "sampleCount": 150,
      "peakPlanarTrackingError": 0.22069227423186197,
      "peakYawRateTrackingError": 0.4897679746527887,
      "terminalMeasuredMotion": [
        0.00249047886263386,
        -0.0014744040659116515,
        0.018510915678153706
      ],
      "terminalPlanarTrackingError": 0.11751877052319207,
      "terminalYawRateTrackingError": 0.23148908432184628,
      "planarOvershootMps": 0.2194536130571314,
      "yawRateOvershootRadPerSec": 0.06668134042988927,
      "planarSettlingTimeSeconds": 2.98,
      "yawRateSettlingTimeSeconds": 2.88,
      "planarSettled": true,
      "yawRateSettled": true,
      "planarBraking": false
    },
    {
      "index": 3,
      "atStep": 650,
      "atSeconds": 13.0,
      "endStep": 800,
      "fromCommand": [
        0.12,
        0.0,
        0.25
      ],
      "toCommand": [
        0.0,
        0.15,
        0.0
      ],
      "sampleCount": 150,
      "peakPlanarTrackingError": 0.23140286508467917,
      "peakYawRateTrackingError": 0.24845863786947678,
      "terminalMeasuredMotion": [
        -0.0033756099156977207,
        0.001573705382511914,
        0.02733958466759693
      ],
      "terminalPlanarTrackingError": 0.1484646748428067,
      "terminalYawRateTrackingError": 0.02733958466759693,
      "planarOvershootMps": 0.0,
      "yawRateOvershootRadPerSec": 0.21259255279133998,
      "planarSettlingTimeSeconds": 3.0,
      "yawRateSettlingTimeSeconds": 0.2,
      "planarSettled": false,
      "yawRateSettled": true,
      "planarBraking": false
    },
    {
      "index": 4,
      "atStep": 800,
      "atSeconds": 16.0,
      "endStep": 900,
      "fromCommand": [
        0.0,
        0.15,
        0.0
      ],
      "toCommand": [
        0.0,
        0.0,
        0.0
      ],
      "sampleCount": 100,
      "peakPlanarTrackingError": 0.10324863439145021,
      "peakYawRateTrackingError": 0.3137929213944112,
      "terminalMeasuredMotion": [
        0.002964421411879177,
        0.005830415136132507,
        0.037597798976179105
      ],
      "terminalPlanarTrackingError": 0.006540759509938488,
      "terminalYawRateTrackingError": 0.037597798976179105,
      "planarOvershootMps": 0.07195735589880617,
      "yawRateOvershootRadPerSec": 0.0,
      "planarSettlingTimeSeconds": 0.2,
      "yawRateSettlingTimeSeconds": 0.2,
      "planarSettled": true,
      "yawRateSettled": true,
      "planarBraking": true
    }
  ],
  "maximumTransitionTerminalPlanarTrackingError": 0.20357035353692088,
  "maximumTransitionTerminalYawRateTrackingError": 0.23148908432184628,
  "maximumPlanarSettlingTimeSeconds": 3.0,
  "maximumPlanarBrakingSettlingTimeSeconds": 0.2,
  "maximumYawRateSettlingTimeSeconds": 2.88,
  "maximumPlanarOvershootMps": 0.2194536130571314,
  "maximumYawRateOvershootRadPerSec": 0.21259255279133998,
  "unsettledPlanarTransitionCount": 2,
  "unsettledYawRateTransitionCount": 0,
  "initialBasePosition": [
    0.6858803747897755,
    0.9189327202535298,
    0.06079214380270565
  ],
  "finalBasePosition": [
    0.6740333508791123,
    0.9437308370424798,
    0.06135460370753741
  ],
  "netDisplacement": [
    -0.011847023910663168,
    0.024798116788950053,
    0.0005624599048317594
  ],
  "targetPlanarDisplacement": [
    0.76,
    0.44999999999999996
  ],
  "forwardDisplacement": 0.002440369775902833,
  "targetDistance": 0.8832326986700617,
  "forwardProgress": 0.0027629975425246924,
  "signedForwardProgress": 0.0027629975425246924,
  "backwardDisplacement": 0.0,
  "meanForwardVelocity": 0.00024403697759026126,
  "lateralDrift": 0.027374133176688742,
  "distanceTraveled": 1.7992979527289499,
  "episodeInitialBasePosition": [
    0.0,
    0.0,
    0.44
  ],
  "mobilityMeasurementStartedAtSeconds": 8.0,
  "recoveryEvaluationStartedAtSeconds": 2.7,
  "missionStageDurationsSeconds": {
    "approach": 2.48,