{
  "terms": {
    "survival": 10.0,
    "velocityTracking": 4.651935807448349,
    "forwardProgress": 0.055259950850493844,
    "upright": 0.37080543141554145,
    "lateralDrift": -0.054748266353377484,
    "transitionTracking": 0.2581609316185048,
    "energy": -0.4196711585695091,
    "smoothness": -0.15204188116444767,
    "jointJerk": 0.0,
    "bodyAngularJerk": 0.0,
    "actionSlew": 0.0,
    "actuatorSaturation": -0.2361507936507936,
    "footSlip": 0.0,
    "footImpact": 0.0,
    "selfRighting": 0.0,
    "recoveryTime": -30.6,
    "jointLimitMargin": -0.008281374958490129,
    "componentMass": -3.115,
    "sensorChannels": -0.22,
    "trainingSteps": -0.0
  },
  "total": -19.469731353363727
}
