{
  "count": 8192.000100000001,
  "mean": [
    0.10149510941640012,
    0.2911842624953938,
    -0.44932599223181613,
    -0.12251827562732771,
    0.332100441339726,
    -0.466730766810856,
    0.1425488645629712,
    0.19318265768068554,
    -0.5412223446132101,
    -0.16158765229575375,
    0.2391150886256758,
    -0.5521763912469765,
    -0.00957728589205492,
    0.012022716199967783,
    0.011650777486406225,
    0.008169883609477424,
    0.014641445656458973,
    0.010870294113717602,
    -0.0058941366954942094,
    0.017713888850415145,
    -0.012664374183216245,
    0.0060726756036595725,
    0.02127072886522117,
    -0.014930227763765742,
    0.2466697719958153,
    0.5280820953936411,
    -0.11243920146981444,
    0.19137642159385246,
    -0.08618621065363778,
    -0.0017238376794745903,
    0.036726449336155424,
    -0.005573363206852546,
    -0.01618617559014078,
    0.03645102940244092,
    -0.03194967173662852,
    -0.016185020020048214,
    0.028492483034775088,
    -0.03160100029763478,
    0.0007474447698828648,
    -0.10588485628506727,
    0.7592243545698818,
    0.17583078231510021,
    -0.17664948326832797,
    -0.02108080144115719,
    -0.15435867377616289,
    -0.16319490345668694,
    -0.003097903114257329,
    0.031930104787750456,
    0.09768602418010779,
    0.6518383064743288,
    0.038680303523755656,
    0.012170900553784253,
    0.6382205901431764,
    0.1747391865890076,
    -0.17423607332686267,
    -0.023923594362647467,
    -0.1561382795008535,
    -0.1591204579029612,
    -0.006400134528988614,
    0.03097325240587887,
    0.09938392989816185,
    0.6529399089970723,
    0.03745554789956871,
    0.013896184297142483,
    0.6383054997644293,
    0.17422981150458017,
    -0.1690757479267064,
    -0.02957567601271917,
    -0.15742212520486484,
    -0.1580531179978843,
    -0.006497416470984464,
    0.030065925911140587,
    0.09835423643968827,
    0.6568155371040448,
    0.035970818230846684,
    0.011432492383147131,
    0.6418877254030122,
    0.17531751144258823,
    -0.169835269961107,
    -0.027759585157621017,
    -0.15682765393084272,
    -0.15880843332407643,
    -0.0060357918170777704,
    0.03067230285387997,
    0.09765266361773996,
    0.6595400472564257,
    0.03687710661348338,
    0.011840790746372098,
    0.6430141860347868,
    0.17675035395402497,
    -0.17594784555049325,
    -0.022585914615883877,
    -0.1533934753151471,
    -0.1641931760710902,
    -0.001843439092780284,
    0.03302711473578305,
    0.09632974003199847,
    0.6517941267088954,
    0.0395382100636566,
    0.010261537001536867,
    0.6402637414896705,
    0.17583225361449076,
    -0.17715654896321908,
    -0.020463595439263297,
    -0.15446769218792883,
    -0.16202535658464634,
    -0.004287027474490931,
    0.03167977779177439,
    0.09891500566837196,
    0.6525927436115512,
    0.039327016382415904,
    0.014750838640810799,
    0.6373917682711748,
    0.17419962243634007,
    -0.17318707047852683,
    -0.024680353661092277,
    -0.15705674770989408,
    -0.1604265710257523,
    -0.005446026355737373,
    0.029718239483058684,
    0.10005756997393472,
    0.6538477561887407,
    0.03642247870146535,
    0.013018580873923371,
    0.6408478234575566,
    0.17525121270024874,
    -0.1695315351476054,
    -0.02878284216310757,
    -0.15684185985997812,
    -0.1568393556870706,
    -0.00751348492412385,
    0.03089608966811776,
    0.09938233547267626,
    0.6576033191443479,
    0.03735844701923829,
    0.013861464591155021,
    0.6409521242355968,
    0.7253319170509954,
    0.13904296844684397,
    0.021972656854893996,
    0.03790283156856896,
    7.992578681354563,
    7.6526681373455165,
    9.523219014709854,
    9.875502524507029
  ],
  "variance": [
    0.025872102768321577,
    0.15152461560433544,
    0.08071411788259773,
    0.022455650558942702,
    0.10000613487264849,
    0.09298131347308351,
    0.035371306548812154,
    0.17788598673205697,
    0.03385908552528491,
    0.03092946139869867,
    0.1341960427070139,
    0.04662940843442178,
    13.597342275842411,
    16.499055354127854,
    38.861821787561404,
    13.372723185645505,
    16.378494463361307,
    38.885218088906996,
    15.188786273524732,
    16.214557439719773,
    34.57412263243197,
    14.887086129790191,
    16.406973814880878,
    34.39854093501151,
    0.026396089194094422,
    0.20663733688657834,
    0.247063330879778,
    0.15453870067753636,
    0.056198870195834597,
    0.04730510563387014,
    0.041011208637664824,
    0.04652463109935161,
    4.8727251646708165,
    1.1926348832276823,
    0.2989362924459885,
    4.663732961322577,
    1.151355073304305,
    0.2784742882447773,
    55.63288085612079,
    42.81906454684339,
    307.8085104087566,
    35.128480198695954,
    48.499270117977936,
    53.160991213500644,
    34.98686190988654,
    48.57067473220765,
    53.07530266850501,
    37.88435091618739,
    48.65958801303387,
    50.42796166812316,
    37.41304369756634,
    48.665884107814705,
    50.77031493839387,
    35.166381689126254,
    48.57072584950207,
    53.227752939273586,
    35.02083371152162,
    48.64440972681404,
    53.14066202752769,
    37.92709137440435,
    48.72666910968225,
    50.495053627122886,
    37.45748890735804,
    48.737480602888404,
    50.84121704159364,
    35.20753724619667,
    48.62591196338382,
    53.303623252887604,
    35.05878789185626,
    48.69642528006879,
    53.20064195263663,
    37.96776269952661,
    48.78907758593142,
    50.55930149365998,
    37.49258499528925,
    48.79104340669345,
    50.896462421243385,
    35.26307321066186,
    48.672758344740416,
    53.367692596393,
    35.110258428704206,
    48.757826590265715,
    53.270592822554974,
    38.022874241685784,
    48.83894535260271,
    50.62226325232882,
    37.550048739044776,
    48.842083342795384,
    50.94643578980239,
    35.0857463892557,
    48.474133994990694,
    53.112921674298796,
    34.941166840674256,
    48.530364685016515,
    53.02437059813251,
    37.84469565841279,
    48.6104280921584,
    50.383139581136874,
    37.37241888092475,
    48.623054492419016,
    50.73163224962799,
    35.12957925660391,
    48.51556953252124,
    53.179833112120455,
    34.98848969827572,
    48.589208096147715,
    53.09356861416031,
    37.88538118360887,
    48.678857433127256,
    50.44734514384172,
    37.41432500789321,
    48.684224156658715,
    50.78733844706527,
    35.17490040846627,
    48.57961882615641,
    53.24918604836595,
    35.02932901124355,
    48.6575983093681,
    53.16405344286505,
    37.9350849634965,
    48.74518096424614,
    50.508460289155764,
    37.46678626156118,
    48.75851444176122,
    50.85576655898167,
    35.21625563921568,
    48.6405901822267,
    53.32456981428471,
    35.06730736111203,
    48.714724197751984,
    53.2219733809699,
    37.9759403622786,
    48.8066526074778,
    50.579192531247905,
    37.50113417396371,
    48.80758659770332,
    50.91485673778654,
    0.19921104768820153,
    0.007020190433550561,
    0.002813113216969511,
    0.008039095458257987,
    477.6028243191726,
    500.9428867134403,
    557.0006668016,
    640.5036202472588
  ]
}
