{
  "durationSeconds": 4.999999999999671,
  "steps": 250,
  "survivalRate": 1.0,
  "fell": false,
  "motionCommand": [
    -0.1499999999999993,
    0.0,
    0.0
  ],
  "meanMotionCommand": [
    -0.1499999999999993,
    0.0,
    0.0
  ],
  "meanMeasuredMotion": [
    -0.1658308748195406,
    -4.877782395836246e-14,
    1.5319228939912873e-14
  ],
  "planarVelocityTrackingError": 0.01583087481954129,
  "yawRateTrackingError": 1.5319228939912873e-14,
  "meanVelocityTrackingError": 0.0826124129662477,
  "meanPlanarVelocityTrackingError": 0.0826124129662477,
  "meanYawRateTrackingError": 5.4029193061909745e-14,
  "meanUpright": 0.9497784562806301,
  "meanEnergy": 196.8257813133553,
  "meanSmoothness": 141.18227541524996,
  "peakActuator": 8.0,
  "motionCommandSchedule": [
    {
      "atStep": 0,
      "atSeconds": 0.0,
      "command": [
        -0.15,
        0.0,
        0.0
      ]
    }
  ],
  "transitionCount": 0,
  "transitions": [],
  "maximumTransitionTerminalPlanarTrackingError": 0.0,
  "maximumTransitionTerminalYawRateTrackingError": 0.0,
  "maximumPlanarSettlingTimeSeconds": 0.0,
  "maximumPlanarBrakingSettlingTimeSeconds": 0.0,
  "maximumYawRateSettlingTimeSeconds": 0.0,
  "maximumPlanarOvershootMps": 0.0,
  "maximumYawRateOvershootRadPerSec": 0.0,
  "unsettledPlanarTransitionCount": 0,
  "unsettledYawRateTransitionCount": 0,
  "initialBasePosition": [
    0.0,
    0.0,
    0.44
  ],
  "finalBasePosition": [
    -0.8173862301471602,
    -2.394884768742942e-13,
    0.4211883289937149
  ],
  "netDisplacement": [
    -0.8173862301471602,
    -2.394884768742942e-13,
    -0.018811671006285113
  ],
  "targetPlanarDisplacement": [
    -0.75,
    0.0
  ],
  "forwardDisplacement": 0.8173862301471602,
  "targetDistance": 0.75,
  "forwardProgress": 1.0,
  "meanForwardVelocity": 0.16347724602944277,
  "lateralDrift": 2.394884768742942e-13,
  "distanceTraveled": 0.8255060811041939
}
