{
  "terms": {
    "survival": 30.0,
    "velocityTracking": 27.710748224106403,
    "forwardProgress": 25.0,
    "upright": 14.246676844209452,
    "lateralDrift": -2.3948847687429416e-12,
    "transitionTracking": 0.0,
    "energy": -0.9841289065667765,
    "smoothness": -0.14118227541524997,
    "componentMass": -1.2060000000000002,
    "sensorChannels": -1.07,
    "trainingSteps": -0.0
  },
  "total": 93.55611388633143
}
