{
  "durationSeconds": 18.000000000000902,
  "steps": 900,
  "survivalRate": 1.0,
  "fell": false,
  "motionCommand": [
    0.13111111111111284,
    0.02499999999999996,
    0.041666666666666664
  ],
  "meanMotionCommand": [
    0.13111111111111284,
    0.02499999999999996,
    0.041666666666666664
  ],
  "meanMeasuredMotion": [
    0.04302703656141475,
    0.05474062186398557,
    0.054331649369459334
  ],
  "planarVelocityTrackingError": 0.09296939699779358,
  "yawRateTrackingError": 0.01266498270279267,
  "meanVelocityTrackingError": 0.3063461237072471,
  "meanPlanarVelocityTrackingError": 0.20080473145704916,
  "meanYawRateTrackingError": 0.18363015091214632,
  "meanUpright": 0.185405872228776,
  "meanAbsolutePitchRad": 0.05177392266977105,
  "minimumPitchRad": -0.1574749697724389,
  "maximumPitchRad": 1.5144204530581118,
  "maximumBackwardPitchRad": 0.1574749697724389,
  "maximumAbsolutePitchRad": 1.5144204530581118,
  "maximumAbsolutePitchRateRadPerSec": 6.232301186757492,
  "meanBodyTiltRad": 2.5219690451861108,
  "maximumBodyTiltRad": 3.1414879000480997,
  "initialBodyTiltRad": 0.0,
  "minimumBodyTiltRad": 0.0,
  "finalBodyTiltRad": 3.1320096951867247,
  "finalBaseHeightM": 0.059950892114513654,
  "selfRightingTask": true,
  "recoveryTriggered": true,
  "selfRightingSuccess": 0.0,
  "timeToStableStandSeconds": 15.3,
  "stableStandingDwellSeconds": 0.0,
  "finalStableStandingDwellSeconds": 0.0,
  "minimumJointLimitMarginRad": -0.004140687479245064,
  "disallowedCollisionSteps": 0,
  "meanEnergy": 226.88432397246456,
  "meanSmoothness": 165.87387435901852,
  "peakActuator": 8.0,
  "motionQualityFootEvidenceAvailable": true,
  "motionQualityContactThresholdNewton": 1.0,
  "meanJointJerkRadPerSec3": 24431.952142267586,
  "peakJointJerkRadPerSec3": 48368.46021779395,
  "meanBodyAngularJerkRadPerSec3": 3127.8454093488212,
  "peakBodyAngularJerkRadPerSec3": 18692.72654591514,
  "meanActionSlewRatePerSec": 568.8513488987079,
  "peakActionSlewRatePerSec": 800.0,
  "actuatorSaturationRate": 0.5977777777777777,
  "meanFootSlipSpeedMps": 0.04313217336203651,
  "peakFootSlipSpeedMps": 0.5371226829371528,
  "totalFootSlipDistanceM": 0.3433320999618106,
  "meanFootContactImpactNPerSec": 104.12424955515654,
  "peakFootContactImpactNPerSec": 5669.736695995875,
  "peakFootContactForceNewton": 113.39473391991751,
  "motionCommandSchedule": [
    {
      "atStep": 0,
      "atSeconds": 0.0,
      "command": [
        0.2,
        0.0,
        0.0
      ]
    },
    {
      "atStep": 400,
      "atSeconds": 8.0,
      "command": [
        0.2,
        0.0,
        0.0
      ]
    },
    {
      "atStep": 500,
      "atSeconds": 10.0,
      "command": [
        0.12,
        0.0,
        0.25
      ]
    },
    {
      "atStep": 650,
      "atSeconds": 13.0,
      "command": [
        0.0,
        0.15,
        0.0
      ]
    },
    {
      "atStep": 800,
      "atSeconds": 16.0,
      "command": [
        0.0,
        0.0,
        0.0
      ]
    }
  ],
  "transitionCount": 4,
  "transitions": [
    {
      "index": 1,
      "atStep": 400,
      "atSeconds": 8.0,
      "endStep": 500,
      "fromCommand": [
        0.2,
        0.0,
        0.0
      ],
      "toCommand": [
        0.2,
        0.0,
        0.0
      ],
      "sampleCount": 100,
      "peakPlanarTrackingError": 0.36556391670866495,
      "peakYawRateTrackingError": 0.4778123943453642,
      "terminalMeasuredMotion": [
        0.01053350745402339,
        0.008648501453667797,
        -0.02079440666541014
      ],
      "terminalPlanarTrackingError": 0.1896637771823305,
      "terminalYawRateTrackingError": 0.02079440666541014,
      "planarOvershootMps": 0.0,
      "yawRateOvershootRadPerSec": 0.0,
      "planarSettlingTimeSeconds": 2.0,
      "yawRateSettlingTimeSeconds": 0.2,
      "planarSettled": false,
      "yawRateSettled": true,
      "planarBraking": false
    },
    {
      "index": 2,
      "atStep": 500,
      "atSeconds": 10.0,
      "endStep": 650,
      "fromCommand": [
        0.2,
        0.0,
        0.0
      ],
      "toCommand": [
        0.12,
        0.0,
        0.25
      ],
      "sampleCount": 150,
      "peakPlanarTrackingError": 0.2772720580421723,
      "peakYawRateTrackingError": 0.580423603980222,
      "terminalMeasuredMotion": [
        0.00862005563691392,
        0.009759820759161607,
        -0.0161085535384003
      ],
      "terminalPlanarTrackingError": 0.11180673551971326,
      "terminalYawRateTrackingError": 0.2661085535384003,
      "planarOvershootMps": 0.27724054636878237,
      "yawRateOvershootRadPerSec": 0.04499098000423557,
      "planarSettlingTimeSeconds": 3.0,
      "yawRateSettlingTimeSeconds": 3.0,
      "planarSettled": true,
      "yawRateSettled": false,
      "planarBraking": false
    },
    {
      "index": 3,
      "atStep": 650,
      "atSeconds": 13.0,
      "endStep": 800,
      "fromCommand": [
        0.12,
        0.0,
        0.25
      ],
      "toCommand": [
        0.0,
        0.15,
        0.0
      ],
      "sampleCount": 150,
      "peakPlanarTrackingError": 0.21737857223327667,
      "peakYawRateTrackingError": 0.36555531526460794,
      "terminalMeasuredMotion": [
        0.007236117193406296,
        0.011219808074840363,
        -0.024706173041765193
      ],
      "terminalPlanarTrackingError": 0.13896871253206908,
      "terminalYawRateTrackingError": 0.024706173041765193,
      "planarOvershootMps": 0.0,
      "yawRateOvershootRadPerSec": 0.36555531526460794,
      "planarSettlingTimeSeconds": 3.0,
      "yawRateSettlingTimeSeconds": 0.2,
      "planarSettled": false,
      "yawRateSettled": true,
      "planarBraking": false
    },
    {
      "index": 4,
      "atStep": 800,
      "atSeconds": 16.0,
      "endStep": 900,
      "fromCommand": [
        0.0,
        0.15,
        0.0
      ],
      "toCommand": [
        0.0,
        0.0,
        0.0
      ],
      "sampleCount": 100,
      "peakPlanarTrackingError": 0.09931663918054763,
      "peakYawRateTrackingError": 0.32852943241353555,
      "terminalMeasuredMotion": [
        0.0016216501225735356,
        0.005713414138722422,
        -0.03260383517469333
      ],
      "terminalPlanarTrackingError": 0.00593909506916635,
      "terminalYawRateTrackingError": 0.03260383517469333,
      "planarOvershootMps": 0.055481904092737164,
      "yawRateOvershootRadPerSec": 0.0,
      "planarSettlingTimeSeconds": 0.2,
      "yawRateSettlingTimeSeconds": 0.2,
      "planarSettled": true,
      "yawRateSettled": true,
      "planarBraking": true
    }
  ],
  "maximumTransitionTerminalPlanarTrackingError": 0.1896637771823305,
  "maximumTransitionTerminalYawRateTrackingError": 0.2661085535384003,
  "maximumPlanarSettlingTimeSeconds": 3.0,
  "maximumPlanarBrakingSettlingTimeSeconds": 0.2,
  "maximumYawRateSettlingTimeSeconds": 3.0,
  "maximumPlanarOvershootMps": 0.27724054636878237,
  "maximumYawRateOvershootRadPerSec": 0.36555531526460794,
  "unsettledPlanarTransitionCount": 2,
  "unsettledYawRateTransitionCount": 1,
  "initialBasePosition": [
    0.7159084473472713,
    0.9323687133618558,
    0.060508405197510384
  ],
  "finalBasePosition": [
    0.7612278424154104,
    0.9717272376687381,
    0.059950892114513654
  ],
  "netDisplacement": [
    0.04531939506813909,
    0.03935852430688236,
    -0.0005575130829967301
  ],
  "targetPlanarDisplacement": [
    0.76,
    0.44999999999999996
  ],
  "forwardDisplacement": 0.05904907763086036,
  "targetDistance": 0.8832326986700617,
  "forwardProgress": 0.06685562900895112,
  "signedForwardProgress": 0.06685562900895112,
  "backwardDisplacement": 0.0,
  "meanForwardVelocity": 0.005904907763085504,
  "lateralDrift": 0.010777171980726011,
  "distanceTraveled": 1.8711463328659395,
  "episodeInitialBasePosition": [
    0.0,
    0.0,
    0.44
  ],
  "mobilityMeasurementStartedAtSeconds": 8.0,
  "recoveryEvaluationStartedAtSeconds": 2.7,
  "missionStageDurationsSeconds": {
    "approach": 2.48,
    "impact": 0.16,