{
  "terms": {
    "survival": 10.0,
    "velocityTracking": 4.592963450584405,
    "forwardProgress": 1.3371125801790225,
    "upright": 0.370811744457552,
    "lateralDrift": -0.021554343961452022,
    "transitionTracking": 0.24695723398220013,
    "energy": -0.4537686479449291,
    "smoothness": -0.1658738743590185,
    "jointJerk": 0.0,
    "bodyAngularJerk": 0.0,
    "actionSlew": 0.0,
    "actuatorSaturation": -0.29888888888888887,
    "footSlip": 0.0,
    "footImpact": 0.0,
    "selfRighting": 0.0,
    "recoveryTime": -30.6,
    "jointLimitMargin": -0.008281374958490129,
    "componentMass": -3.115,
    "sensorChannels": -0.22,
    "trainingSteps": -0.0
  },
  "total": -18.3355221209096
}
