{
  "durationSeconds": 18.000000000000902,
  "steps": 900,
  "survivalRate": 1.0,
  "fell": false,
  "motionCommand": [
    0.13111111111111284,
    0.02499999999999996,
    0.041666666666666664
  ],
  "meanMotionCommand": [
    0.13111111111111284,
    0.02499999999999996,
    0.041666666666666664
  ],
  "meanMeasuredMotion": [
    0.041367419861164136,
    0.053423357890228666,
    0.08652862307095043
  ],
  "planarVelocityTrackingError": 0.09413722639276212,
  "yawRateTrackingError": 0.04486195640428376,
  "meanVelocityTrackingError": 0.3093379291624242,
  "meanPlanarVelocityTrackingError": 0.20408264390900577,
  "meanYawRateTrackingError": 0.18466122178738115,
  "meanUpright": 0.18596281780278232,
  "meanAbsolutePitchRad": 0.05487026229921981,
  "minimumPitchRad": -0.1574749697724389,
  "maximumPitchRad": 1.4935658071707785,
  "maximumBackwardPitchRad": 0.1574749697724389,
  "maximumAbsolutePitchRad": 1.4935658071707785,
  "maximumAbsolutePitchRateRadPerSec": 5.916414833559711,
  "meanBodyTiltRad": 2.518879771807424,
  "maximumBodyTiltRad": 3.141583828956567,
  "initialBodyTiltRad": 0.0,
  "minimumBodyTiltRad": 0.0,
  "finalBodyTiltRad": 3.1393887420957487,
  "finalBaseHeightM": 0.059900324310513925,
  "selfRightingTask": true,
  "recoveryTriggered": true,
  "selfRightingSuccess": 0.0,
  "timeToStableStandSeconds": 15.3,
  "stableStandingDwellSeconds": 0.0,
  "finalStableStandingDwellSeconds": 0.0,
  "minimumJointLimitMarginRad": 0.01484444902420333,
  "disallowedCollisionSteps": 2,
  "meanEnergy": 233.46717370154764,
  "meanSmoothness": 173.0929686447763,
  "peakActuator": 8.0,
  "motionQualityFootEvidenceAvailable": true,
  "motionQualityContactThresholdNewton": 1.0,
  "meanJointJerkRadPerSec3": 24998.54791267516,
  "peakJointJerkRadPerSec3": 48393.21795710977,
  "meanBodyAngularJerkRadPerSec3": 3059.6115627952495,
  "peakBodyAngularJerkRadPerSec3": 18686.469406835353,
  "meanActionSlewRatePerSec": 584.3267597023547,
  "peakActionSlewRatePerSec": 800.0,
  "actuatorSaturationRate": 0.6310317460317459,
  "meanFootSlipSpeedMps": 0.04272706084096743,
  "peakFootSlipSpeedMps": 0.5243246512123675,
  "totalFootSlipDistanceM": 0.34010740429410075,
  "meanFootContactImpactNPerSec": 104.53485621400664,
  "peakFootContactImpactNPerSec": 5669.736695995875,
  "peakFootContactForceNewton": 113.39473391991751,
  "motionCommandSchedule": [
    {
      "atStep": 0,
      "atSeconds": 0.0,
      "command": [
        0.2,
        0.0,
        0.0
      ]
    },
    {
      "atStep": 400,
      "atSeconds": 8.0,
      "command": [
        0.2,
        0.0,
        0.0
      ]
    },
    {
      "atStep": 500,
      "atSeconds": 10.0,
      "command": [
        0.12,
        0.0,
        0.25
      ]
    },
    {
      "atStep": 650,
      "atSeconds": 13.0,
      "command": [
        0.0,
        0.15,
        0.0
      ]
    },
    {
      "atStep": 800,
      "atSeconds": 16.0,
      "command": [
        0.0,
        0.0,
        0.0
      ]
    }
  ],
  "transitionCount": 4,
  "transitions": [
    {
      "index": 1,
      "atStep": 400,
      "atSeconds": 8.0,
      "endStep": 500,
      "fromCommand": [
        0.2,
        0.0,
        0.0
      ],
      "toCommand": [
        0.2,
        0.0,
        0.0
      ],
      "sampleCount": 100,
      "peakPlanarTrackingError": 0.2948725535466651,
      "peakYawRateTrackingError": 0.4406118925142238,
      "terminalMeasuredMotion": [
        -0.012477313260235223,
        0.005795266154478687,
        -0.009076114957703276
      ],
      "terminalPlanarTrackingError": 0.21255633079277922,
      "terminalYawRateTrackingError": 0.009076114957703276,
      "planarOvershootMps": 0.0,
      "yawRateOvershootRadPerSec": 0.0,
      "planarSettlingTimeSeconds": 2.0,
      "yawRateSettlingTimeSeconds": 0.2,
      "planarSettled": false,
      "yawRateSettled": true,
      "planarBraking": false
    },
    {
      "index": 2,
      "atStep": 500,
      "atSeconds": 10.0,
      "endStep": 650,
      "fromCommand": [
        0.2,
        0.0,
        0.0
      ],
      "toCommand": [
        0.12,
        0.0,
        0.25
      ],
      "sampleCount": 150,
      "peakPlanarTrackingError": 0.2299886732928876,
      "peakYawRateTrackingError": 0.5610843752270336,
      "terminalMeasuredMotion": [
        0.017202386102304262,
        0.004137604518653635,
        0.06720013284144513
      ],
      "terminalPlanarTrackingError": 0.10288084950180237,
      "terminalYawRateTrackingError": 0.18279986715855487,
      "planarOvershootMps": 0.22391967904400645,
      "yawRateOvershootRadPerSec": 0.09735192707895268,
      "planarSettlingTimeSeconds": 2.94,
      "yawRateSettlingTimeSeconds": 2.28,
      "planarSettled": true,
      "yawRateSettled": true,
      "planarBraking": false
    },
    {
      "index": 3,
      "atStep": 650,
      "atSeconds": 13.0,
      "endStep": 800,
      "fromCommand": [
        0.12,
        0.0,
        0.25
      ],
      "toCommand": [
        0.0,
        0.15,
        0.0
      ],
      "sampleCount": 150,
      "peakPlanarTrackingError": 0.2609129326307717,
      "peakYawRateTrackingError": 0.3981417775736664,
      "terminalMeasuredMotion": [
        0.011044784011089473,
        0.013872325227425089,
        0.062335294886178304
      ],
      "terminalPlanarTrackingError": 0.13657500171275685,
      "terminalYawRateTrackingError": 0.062335294886178304,
      "planarOvershootMps": 0.0,
      "yawRateOvershootRadPerSec": 0.3121725060376263,
      "planarSettlingTimeSeconds": 3.0,
      "yawRateSettlingTimeSeconds": 0.2,
      "planarSettled": false,
      "yawRateSettled": true,
      "planarBraking": false
    },
    {
      "index": 4,
      "atStep": 800,
      "atSeconds": 16.0,
      "endStep": 900,
      "fromCommand": [
        0.0,
        0.15,
        0.0
      ],
      "toCommand": [
        0.0,
        0.0,
        0.0
      ],
      "sampleCount": 100,
      "peakPlanarTrackingError": 0.1264341037848999,
      "peakYawRateTrackingError": 0.3082552782677623,
      "terminalMeasuredMotion": [
        0.011579056171292144,
        0.006479716486950724,
        0.09327141465361842
      ],
      "terminalPlanarTrackingError": 0.013268808068896005,
      "terminalYawRateTrackingError": 0.09327141465361842,
      "planarOvershootMps": 0.09253142279086699,
      "yawRateOvershootRadPerSec": 0.0,
      "planarSettlingTimeSeconds": 0.2,
      "yawRateSettlingTimeSeconds": 0.2,
      "planarSettled": true,
      "yawRateSettled": true,
      "planarBraking": true
    }
  ],
  "maximumTransitionTerminalPlanarTrackingError": 0.21255633079277922,
  "maximumTransitionTerminalYawRateTrackingError": 0.18279986715855487,
  "maximumPlanarSettlingTimeSeconds": 3.0,
  "maximumPlanarBrakingSettlingTimeSeconds": 0.2,
  "maximumYawRateSettlingTimeSeconds": 2.28,
  "maximumPlanarOvershootMps": 0.22391967904400645,
  "maximumYawRateOvershootRadPerSec": 0.3121725060376263,
  "unsettledPlanarTransitionCount": 2,
  "unsettledYawRateTransitionCount": 0,
  "initialBasePosition": [
    0.7259616695525449,
    0.9333444444386487,
    0.059923168280252556
  ],
  "finalBasePosition": [
    0.7263675681387903,
    0.9558231964170646,
    0.059900324310513925
  ],
  "netDisplacement": [
    0.0004058985862454012,
    0.022478751978415867,
    -2.284396973863123e-05
  ],
  "targetPlanarDisplacement": [
    0.76,
    0.44999999999999996
  ],
  "forwardDisplacement": 0.011802010196780066,
  "targetDistance": 0.8832326986700617,
  "forwardProgress": 0.013362288573046588,
  "signedForwardProgress": 0.013362288573046588,
  "backwardDisplacement": 0.0,
  "meanForwardVelocity": 0.0011802010196779,
  "lateralDrift": 0.019135610768526583,
  "distanceTraveled": 1.8785116026013062,
  "episodeInitialBasePosition": [
    0.0,
    0.0,
    0.44
  ],
  "mobilityMeasurementStartedAtSeconds": 8.0,
  "recoveryEvaluationStartedAtSeconds": 2.7,
  "missionStageDurationsSeconds": {
    "approach": 2.48,
    "impact": 0.16,