{
  "durationSeconds": 5.999999999999561,
  "steps": 300,
  "survivalRate": 1.0,
  "fell": false,
  "motionCommand": [
    0.125,
    0.0,
    0.0
  ],
  "meanMotionCommand": [
    0.125,
    0.0,
    0.0
  ],
  "meanMeasuredMotion": [
    0.11326993368830433,
    -0.0382235654521208,
    0.0013067892700969759
  ],
  "planarVelocityTrackingError": 0.03998293900589776,
  "yawRateTrackingError": 0.0013067892700969759,
  "meanVelocityTrackingError": 0.6332840446006046,
  "meanPlanarVelocityTrackingError": 0.3051950643214488,
  "meanYawRateTrackingError": 0.45842602581377084,
  "meanUpright": 0.5063080017400315,
  "meanEnergy": 635.262298740419,
  "meanSmoothness": 29.57331388185562,
  "peakActuator": 8.0,
  "motionCommandSchedule": [
    {
      "atStep": 0,
      "atSeconds": 0.0,
      "command": [
        0.0,
        0.0,
        0.0
      ]
    },
    {
      "atStep": 50,
      "atSeconds": 1.0,
      "command": [
        0.25,
        0.0,
        0.0
      ]
    },
    {
      "atStep": 200,
      "atSeconds": 4.0,
      "command": [
        0.0,
        0.0,
        0.0
      ]
    }
  ],
  "transitionCount": 2,
  "transitions": [
    {
      "index": 1,
      "atStep": 50,
      "atSeconds": 1.0,
      "endStep": 200,
      "fromCommand": [
        0.0,
        0.0,
        0.0
      ],
      "toCommand": [
        0.25,
        0.0,
        0.0
      ],
      "sampleCount": 150,
      "peakPlanarTrackingError": 0.8719316941735302,
      "peakYawRateTrackingError": 2.3758952129517565,
      "terminalMeasuredMotion": [
        0.2748244695558263,
        -0.15505273471897293,
        0.4682503033494032
      ],
      "terminalPlanarTrackingError": 0.15702740153412825,
      "terminalYawRateTrackingError": 0.4682503033494032,
      "planarOvershootMps": 0.8719316941735302,
      "yawRateOvershootRadPerSec": 0.0,
      "planarSettlingTimeSeconds": 3.0,
      "yawRateSettlingTimeSeconds": 3.0,
      "planarSettled": false,
      "yawRateSettled": false
    },
    {
      "index": 2,
      "atStep": 200,
      "atSeconds": 4.0,
      "endStep": 300,
      "fromCommand": [
        0.25,
        0.0,
        0.0
      ],
      "toCommand": [
        0.0,
        0.0,
        0.0
      ],
      "sampleCount": 100,
      "peakPlanarTrackingError": 0.64298786999691,
      "peakYawRateTrackingError": 2.032508935076435,
      "terminalMeasuredMotion": [
        -0.03811935799001959,
        0.05988975074592279,
        -0.19401248724685666
      ],
      "terminalPlanarTrackingError": 0.07099202559428791,
      "terminalYawRateTrackingError": 0.19401248724685666,
      "planarOvershootMps": 0.49970922013499264,
      "yawRateOvershootRadPerSec": 0.0,
      "planarSettlingTimeSeconds": 1.54,
      "yawRateSettlingTimeSeconds": 1.68,
      "planarSettled": true,
      "yawRateSettled": true
    }
  ],
  "maximumTransitionTerminalPlanarTrackingError": 0.15702740153412825,
  "maximumTransitionTerminalYawRateTrackingError": 0.4682503033494032,
  "maximumPlanarSettlingTimeSeconds": 3.0,
  "maximumYawRateSettlingTimeSeconds": 3.0,
  "maximumPlanarOvershootMps": 0.8719316941735302,
  "maximumYawRateOvershootRadPerSec": 0.0,
  "unsettledPlanarTransitionCount": 1,
  "unsettledYawRateTransitionCount": 1,
  "initialBasePosition": [
    0.0,
    0.0,
    0.44
  ],
  "finalBasePosition": [
    0.6908489444341408,
    -0.23108864052771907,
    0.26437933808288605
  ],
  "netDisplacement": [
    0.6908489444341408,
    -0.23108864052771907,
    -0.17562066191711395
  ],
  "targetPlanarDisplacement": [
    0.75,
    0.0
  ],
  "forwardDisplacement": 0.6908489444341408,
  "targetDistance": 0.75,
  "forwardProgress": 0.9211319259121877,
  "meanForwardVelocity": 0.11514149073903189,
  "lateralDrift": 0.23108864052771907,
  "distanceTraveled": 1.7094971244154975
}
