{
  "terms": {
    "survival": 30.0,
    "velocityTracking": 12.245267481867002,
    "forwardProgress": 9.211319259121877,
    "upright": 7.594620026100473,
    "lateralDrift": -1.1554432026385955,
    "transitionTracking": 3.5305708722829765,
    "energy": -3.1763114937020953,
    "smoothness": -0.02957331388185562,
    "componentMass": -1.2060000000000002,
    "sensorChannels": -1.07,
    "trainingSteps": -0.0
  },
  "total": 55.94444962914978
}
