{
  "terms": {
    "survival": 9.4,
    "velocityTracking": 16.764403305318464,
    "forwardProgress": 14.520425615683846,
    "upright": 8.302800609254534,
    "lateralDrift": -0.1629800414268715,
    "transitionTracking": 0.0,
    "energy": -5.663743175019247,
    "smoothness": -0.13881867902735345,
    "componentMass": -1.5075,
    "sensorChannels": -5.3500000000000005,
    "trainingSteps": -0.0
  },
  "total": 36.16458763478337
}
