{
  "durationSeconds": 4.999999999999671,
  "steps": 250,
  "survivalRate": 1.0,
  "fell": false,
  "motionCommand": [
    0.25,
    0.0,
    0.0
  ],
  "meanMotionCommand": [
    0.25,
    0.0,
    0.0
  ],
  "meanMeasuredMotion": [
    0.13706438195682294,
    -1.5468472441660983e-12,
    -1.011677378180807e-12
  ],
  "planarVelocityTrackingError": 0.11293561804317706,
  "yawRateTrackingError": 1.011677378180807e-12,
  "meanVelocityTrackingError": 0.2566454771244371,
  "meanPlanarVelocityTrackingError": 0.2566454771244371,
  "meanYawRateTrackingError": 7.997555608626651e-12,
  "meanUpright": 0.6571620313254866,
  "meanEnergy": 583.5398508025943,
  "meanSmoothness": 35.79577542027738,
  "peakActuator": 8.0,
  "motionCommandSchedule": [
    {
      "atStep": 0,
      "atSeconds": 0.0,
      "command": [
        0.25,
        0.0,
        0.0
      ]
    }
  ],
  "transitionCount": 0,
  "transitions": [],
  "maximumTransitionTerminalPlanarTrackingError": 0.0,
  "maximumTransitionTerminalYawRateTrackingError": 0.0,
  "maximumPlanarSettlingTimeSeconds": 0.0,
  "maximumPlanarBrakingSettlingTimeSeconds": 0.0,
  "maximumYawRateSettlingTimeSeconds": 0.0,
  "maximumPlanarOvershootMps": 0.0,
  "maximumYawRateOvershootRadPerSec": 0.0,
  "unsettledPlanarTransitionCount": 0,
  "unsettledYawRateTransitionCount": 0,
  "initialBasePosition": [
    0.0,
    0.0,
    0.44
  ],
  "finalBasePosition": [
    0.6917299185240465,
    -7.974134294365472e-12,
    0.24810887183683425
  ],
  "netDisplacement": [
    0.6917299185240465,
    -7.974134294365472e-12,
    -0.19189112816316575
  ],
  "targetPlanarDisplacement": [
    1.25,
    0.0
  ],
  "forwardDisplacement": 0.6917299185240465,
  "targetDistance": 1.25,
  "forwardProgress": 0.5533839348192372,
  "signedForwardProgress": 0.5533839348192372,
  "backwardDisplacement": 0.0,
  "meanForwardVelocity": 0.1383459837048184,
  "lateralDrift": 7.974134294365472e-12,
  "distanceTraveled": 1.0209716230001633
}
