{
  "terms": {
    "survival": 25.0,
    "velocityTracking": 15.915387723963086,
    "forwardProgress": 27.66919674096186,
    "upright": 9.8574304698823,
    "lateralDrift": -7.974134294365471e-11,
    "transitionTracking": 0.0,
    "energy": -5.835398508025943,
    "smoothness": -0.1789788771013869,
    "componentMass": -1.5075,
    "sensorChannels": -5.3500000000000005,
    "trainingSteps": -0.0
  },
  "total": 65.57013754960018
}
