{
  "count": 1024.0001,
  "mean": [
    -0.006849664312521716,
    -1.1132856080783944,
    0.05981112915232326,
    -1.2155999249989262,
    -0.18994960223546223,
    -1.0884386556515797,
    -0.15501645198672587,
    -1.1254661362490817,
    -0.7437177877120906,
    -0.760125077002218,
    -0.6218435637409203,
    -0.9958184339009762,
    -1.2328503422451853,
    -0.07479976754535624,
    -1.1425533861168553,
    -0.21730174451786538,
    0.28925940063801026,
    0.9954162184712888,
    -0.0028658767128568975,
    -0.06950909766212021,
    0.0004820624265790442,
    -0.367044390034524,
    0.006832864812038663,
    -0.2837940183358694,
    -0.03496088349244727,
    -0.017572415792859546,
    0.007331302578658551,
    -0.03456975281937382,
    -0.020077005039522994,
    0.007335524163612018,
    0.5611312056845422,
    -0.016591339245994655,
    9.634711966421202
  ],
  "variance": [
    0.06653559010869935,
    0.11620806590366348,
    0.05440090120781151,
    0.14343105274885598,
    0.16923719863952102,
    0.056942922651571165,
    0.15383575918334405,
    0.0607928102442719,
    0.9831109490693227,
    1.8867605186250842,
    1.0874453969867548,
    1.6167139703767817,
    2.693271261654749,
    3.939716881424995,
    2.98021277193921,
    3.903756926234016,
    0.006076848744806531,
    2.810231355224592e-05,
    0.00016678345315991014,
    0.004099088942146996,
    1.2909309085305393e-05,
    0.047367838920282415,
    0.0035107911160527456,
    0.04332505305866504,
    0.053680347606736165,
    1.242300497086889,
    0.006280675458727239,
    0.053937949174446755,
    1.24307589389529,
    0.0063863413050956885,
    64.68429475671668,
    14.1408313275886,
    63.20870474405384
  ]
}
