{
  "terms": {
    "survival": 25.0,
    "velocityTracking": 13.15167836972302,
    "forwardProgress": 0.0,
    "upright": 8.296043878939997,
    "lateralDrift": -0.19887118604602722,
    "transitionTracking": 0.0,
    "energy": -6.231053279706106,
    "smoothness": -0.14693417124914607,
    "componentMass": -1.5075,
    "sensorChannels": -5.3500000000000005,
    "trainingSteps": -0.0
  },
  "total": 33.01336361166174
}
