{
  "durationSeconds": 4.999999999999671,
  "steps": 250,
  "survivalRate": 1.0,
  "fell": false,
  "motionCommand": [
    0.25,
    0.0,
    0.0
  ],
  "meanMotionCommand": [
    0.25,
    0.0,
    0.0
  ],
  "meanMeasuredMotion": [
    0.08722069950371535,
    -0.001470067493944126,
    -0.009550105120647644
  ],
  "planarVelocityTrackingError": 0.16278593848516673,
  "yawRateTrackingError": 0.009550105120647644,
  "meanVelocityTrackingError": 0.24072340732728456,
  "meanPlanarVelocityTrackingError": 0.21357793729572297,
  "meanYawRateTrackingError": 0.06850729013817433,
  "meanUpright": 0.9448448360522572,
  "meanAbsolutePitchRad": 0.11035756388846596,
  "minimumPitchRad": -0.17781114332189316,
  "maximumPitchRad": -0.014177288135104793,
  "maximumBackwardPitchRad": 0.17781114332189316,
  "maximumAbsolutePitchRad": 0.17781114332189316,
  "maximumAbsolutePitchRateRadPerSec": 2.253970042481646,
  "meanEnergy": 188.17187550396937,
  "meanSmoothness": 126.09406582775415,
  "peakActuator": 8.0,
  "motionCommandSchedule": [
    {
      "atStep": 0,
      "atSeconds": 0.0,
      "command": [
        0.25,
        0.0,
        0.0
      ]
    }
  ],
  "transitionCount": 0,
  "transitions": [],
  "maximumTransitionTerminalPlanarTrackingError": 0.0,
  "maximumTransitionTerminalYawRateTrackingError": 0.0,
  "maximumPlanarSettlingTimeSeconds": 0.0,
  "maximumPlanarBrakingSettlingTimeSeconds": 0.0,
  "maximumYawRateSettlingTimeSeconds": 0.0,
  "maximumPlanarOvershootMps": 0.0,
  "maximumYawRateOvershootRadPerSec": 0.0,
  "unsettledPlanarTransitionCount": 0,
  "unsettledYawRateTransitionCount": 0,
  "initialBasePosition": [
    0.0,
    0.0,
    0.44
  ],
  "finalBasePosition": [
    0.4340433289934449,
    -0.008722294106208242,
    0.4226147957901181
  ],
  "netDisplacement": [
    0.4340433289934449,
    -0.008722294106208242,
    -0.017385204209881877
  ],
  "targetPlanarDisplacement": [
    1.25,
    0.0
  ],
  "forwardDisplacement": 0.4340433289934449,
  "targetDistance": 1.25,
  "forwardProgress": 0.34723466319475593,
  "signedForwardProgress": 0.34723466319475593,
  "backwardDisplacement": 0.0,
  "meanForwardVelocity": 0.08680866579869469,
  "lateralDrift": 0.008722294106208242,
  "distanceTraveled": 0.7338715422886
}
