{
  "terms": {
    "survival": 25.0,
    "velocityTracking": 16.119628179727165,
    "forwardProgress": 17.361733159737796,
    "upright": 14.172672540783859,
    "lateralDrift": -0.08722294106208242,
    "transitionTracking": 0.0,
    "energy": -1.8817187550396939,
    "smoothness": -0.6304703291387708,
    "componentMass": -1.5075,
    "sensorChannels": -5.3500000000000005,
    "trainingSteps": -0.0
  },
  "total": 63.19712185500827
}
