{
  "durationSeconds": 4.999999999999671,
  "steps": 250,
  "survivalRate": 1.0,
  "fell": false,
  "motionCommand": [
    0.25,
    0.0,
    0.0
  ],
  "meanMotionCommand": [
    0.25,
    0.0,
    0.0
  ],
  "meanMeasuredMotion": [
    0.09196908139460269,
    -0.003945882834370426,
    0.004436371851448196
  ],
  "planarVelocityTrackingError": 0.15808017341402522,
  "yawRateTrackingError": 0.004436371851448196,
  "meanVelocityTrackingError": 0.24188324089523805,
  "meanPlanarVelocityTrackingError": 0.21134209453677757,
  "meanYawRateTrackingError": 0.07443688965347463,
  "meanUpright": 0.9444886174104785,
  "meanAbsolutePitchRad": 0.11106949362365985,
  "minimumPitchRad": -0.18680945797702905,
  "maximumPitchRad": -0.014177288135104793,
  "maximumBackwardPitchRad": 0.18680945797702905,
  "maximumAbsolutePitchRad": 0.18680945797702905,
  "maximumAbsolutePitchRateRadPerSec": 2.253970042481646,
  "meanEnergy": 186.81936336541793,
  "meanSmoothness": 124.72827586064487,
  "peakActuator": 8.0,
  "motionCommandSchedule": [
    {
      "atStep": 0,
      "atSeconds": 0.0,
      "command": [
        0.25,
        0.0,
        0.0
      ]
    }
  ],
  "transitionCount": 0,
  "transitions": [],
  "maximumTransitionTerminalPlanarTrackingError": 0.0,
  "maximumTransitionTerminalYawRateTrackingError": 0.0,
  "maximumPlanarSettlingTimeSeconds": 0.0,
  "maximumPlanarBrakingSettlingTimeSeconds": 0.0,
  "maximumYawRateSettlingTimeSeconds": 0.0,
  "maximumPlanarOvershootMps": 0.0,
  "maximumYawRateOvershootRadPerSec": 0.0,
  "unsettledPlanarTransitionCount": 0,
  "unsettledYawRateTransitionCount": 0,
  "initialBasePosition": [
    0.0,
    0.0,
    0.44
  ],
  "finalBasePosition": [
    0.4575986462784662,
    -0.02094641200870168,
    0.4214357205155203
  ],
  "netDisplacement": [
    0.4575986462784662,
    -0.02094641200870168,
    -0.018564279484479695
  ],
  "targetPlanarDisplacement": [
    1.25,
    0.0
  ],
  "forwardDisplacement": 0.4575986462784662,
  "targetDistance": 1.25,
  "forwardProgress": 0.36607891702277295,
  "signedForwardProgress": 0.36607891702277295,
  "backwardDisplacement": 0.0,
  "meanForwardVelocity": 0.09151972925569925,
  "lateralDrift": 0.02094641200870168,
  "distanceTraveled": 0.7276584128114851
}
