{
  "terms": {
    "survival": 25.0,
    "velocityTracking": 16.104573555226153,
    "forwardProgress": 18.303945851138646,
    "upright": 14.167329261157178,
    "lateralDrift": -0.2094641200870168,
    "transitionTracking": 0.0,
    "energy": -1.8681936336541793,
    "smoothness": -0.6236413793032244,
    "componentMass": -1.5075,
    "sensorChannels": -5.3500000000000005,
    "trainingSteps": -0.0
  },
  "total": 64.01704953447755
}
