{
  "count": 2048.0001,
  "mean": [
    0.2572006588230994,
    -0.506325564347984,
    0.2664460292283258,
    -0.4997062984659552,
    0.27216551844705883,
    -0.5339031885598977,
    0.2845849854943117,
    -0.5294880614868128,
    0.038819821473468845,
    0.08681548619309276,
    0.04062670890055224,
    0.08825520880685156,
    0.042062459003432126,
    0.07605068773008627,
    0.045396368209868455,
    0.07629836860323003,
    0.42865830598255555,
    0.9985619321724829,
    -0.0025841793583931995,
    -0.052279476532718944,
    -0.0018758587399865028,
    0.005910358567777418,
    0.00048797624764749007,
    0.002841416181538656,
    -0.0008592840915014742,
    -0.03567498281963615,
    -0.002700266415809371,
    -0.0008489352432421792,
    -0.03516793397488658,
    -0.002701809931027869,
    0.8553658862625916,
    -0.04371848679279726,
    9.828051544908252,
    12.715714049061999,
    10.346985896880001,
    15.87090224752448,
    16.490777454137174
  ],
  "variance": [
    0.00044949101658809103,
    0.0010426500541089502,
    0.0005037486162384315,
    0.001140802067590195,
    0.0005927585837691614,
    0.0009366400906486149,
    0.0003241344063273125,
    0.0009426574209445386,
    0.11841601448685049,
    0.4695010589745055,
    0.10701579476700084,
    0.47385672300305265,
    0.14772888716226604,
    0.34971581155959797,
    0.15012460878412698,
    0.35856657475121473,
    5.704346337472042e-06,
    1e-06,
    8.493611837927866e-05,
    3.460968472794394e-05,
    1.1087304374726338e-05,
    0.003348431102909391,
    0.002810755265123921,
    0.0006680338870023708,
    0.014369153085803135,
    0.11014356588636424,
    0.00030934660558788106,
    0.01423515739083143,
    0.1035332116270983,
    0.00030491244927214044,
    4.6766580369573285,
    1.013688810198328,
    5.009060916916952,
    68.8203901880493,
    72.51773215272303,
    36.52837664807423,
    36.58181972090059
  ]
}
