{
  "durationSeconds": 18.000000000000902,
  "steps": 900,
  "survivalRate": 1.0,
  "fell": false,
  "motionCommand": [
    0.13111111111111284,
    0.02499999999999996,
    0.041666666666666664
  ],
  "meanMotionCommand": [
    0.13111111111111284,
    0.02499999999999996,
    0.041666666666666664
  ],
  "meanMeasuredMotion": [
    0.04397141328295737,
    -0.006767032633429539,
    0.0021005379420109514
  ],
  "planarVelocityTrackingError": 0.09274950835403721,
  "yawRateTrackingError": 0.039566128724655716,
  "meanVelocityTrackingError": 0.3229215073267059,
  "meanPlanarVelocityTrackingError": 0.21794033640087696,
  "meanYawRateTrackingError": 0.17935271045184473,
  "meanUpright": 0.8922968377364431,
  "meanAbsolutePitchRad": 0.21030556950262935,
  "minimumPitchRad": -0.6347068903185646,
  "maximumPitchRad": 1.0411296058620785,
  "maximumBackwardPitchRad": 0.6347068903185646,
  "maximumAbsolutePitchRad": 1.0411296058620785,
  "maximumAbsolutePitchRateRadPerSec": 5.693444375371632,
  "meanBodyTiltRad": 0.21900913266580718,
  "maximumBodyTiltRad": 1.0411296064256514,
  "initialBodyTiltRad": 0.0,
  "minimumBodyTiltRad": 0.0,
  "finalBodyTiltRad": 0.1092093765689143,
  "finalBaseHeightM": 0.41995559569095325,
  "selfRightingTask": true,
  "recoveryTriggered": true,
  "selfRightingSuccess": 1.0,
  "timeToStableStandSeconds": 5.479999999999401,
  "stableStandingDwellSeconds": 2.02,
  "finalStableStandingDwellSeconds": 0.0,
  "minimumJointLimitMarginRad": 0.02838196425104844,
  "disallowedCollisionSteps": 0,
  "meanEnergy": 166.3450060877672,
  "meanSmoothness": 111.53993126416698,
  "peakActuator": 8.0,
  "motionQualityFootEvidenceAvailable": true,
  "motionQualityContactThresholdNewton": 1.0,
  "meanJointJerkRadPerSec3": 18697.25486000954,
  "peakJointJerkRadPerSec3": 53950.942805875675,
  "meanBodyAngularJerkRadPerSec3": 1997.8891501711469,
  "peakBodyAngularJerkRadPerSec3": 14735.6048709821,
  "meanActionSlewRatePerSec": 404.1041365194456,
  "peakActionSlewRatePerSec": 800.0,
  "actuatorSaturationRate": 0.3705555555555556,
  "meanFootSlipSpeedMps": 0.053453369204061414,
  "peakFootSlipSpeedMps": 1.0807284712338092,
  "totalFootSlipDistanceM": 1.70730061237772,
  "meanFootContactImpactNPerSec": 523.1588256509502,
  "peakFootContactImpactNPerSec": 14426.248313876285,
  "peakFootContactForceNewton": 288.5249662775257,
  "motionCommandSchedule": [
    {
      "atStep": 0,
      "atSeconds": 0.0,
      "command": [
        0.2,
        0.0,
        0.0
      ]
    },
    {
      "atStep": 400,
      "atSeconds": 8.0,
      "command": [
        0.2,
        0.0,
        0.0
      ]
    },
    {
      "atStep": 500,
      "atSeconds": 10.0,
      "command": [
        0.12,
        0.0,
        0.25
      ]
    },
    {
      "atStep": 650,
      "atSeconds": 13.0,
      "command": [
        0.0,
        0.15,
        0.0
      ]
    },
    {
      "atStep": 800,
      "atSeconds": 16.0,
      "command": [
        0.0,
        0.0,
        0.0
      ]
    }
  ],
  "transitionCount": 4,
  "transitions": [
    {
      "index": 1,
      "atStep": 400,
      "atSeconds": 8.0,
      "endStep": 500,
      "fromCommand": [
        0.2,
        0.0,
        0.0
      ],
      "toCommand": [
        0.2,
        0.0,
        0.0
      ],
      "sampleCount": 100,
      "peakPlanarTrackingError": 0.7957045187748581,
      "peakYawRateTrackingError": 0.5605974664201545,
      "terminalMeasuredMotion": [
        -0.006324717968057161,
        -0.0005559794101525019,
        -0.024958481171142827
      ],
      "terminalPlanarTrackingError": 0.2063254670604258,
      "terminalYawRateTrackingError": 0.024958481171142827,
      "planarOvershootMps": 0.0,
      "yawRateOvershootRadPerSec": 0.0,
      "planarSettlingTimeSeconds": 2.0,
      "yawRateSettlingTimeSeconds": 0.26,
      "planarSettled": false,
      "yawRateSettled": true,
      "planarBraking": false
    },
    {
      "index": 2,
      "atStep": 500,
      "atSeconds": 10.0,
      "endStep": 650,
      "fromCommand": [
        0.2,
        0.0,
        0.0
      ],
      "toCommand": [
        0.12,
        0.0,
        0.25
      ],
      "sampleCount": 150,
      "peakPlanarTrackingError": 0.3278884989993974,
      "peakYawRateTrackingError": 0.689223236409116,
      "terminalMeasuredMotion": [
        -0.020496853834499933,
        0.017110237680541384,
        0.03232836351802202
      ],
      "terminalPlanarTrackingError": 0.14153489382790893,
      "terminalYawRateTrackingError": 0.217671636481978,
      "planarOvershootMps": 0.32697314131579774,
      "yawRateOvershootRadPerSec": 0.08611607367247981,
      "planarSettlingTimeSeconds": 3.0,
      "yawRateSettlingTimeSeconds": 3.0,
      "planarSettled": false,
      "yawRateSettled": true,
      "planarBraking": false
    },
    {
      "index": 3,
      "atStep": 650,
      "atSeconds": 13.0,
      "endStep": 800,
      "fromCommand": [
        0.12,
        0.0,
        0.25
      ],
      "toCommand": [
        0.0,
        0.15,
        0.0
      ],
      "sampleCount": 150,
      "peakPlanarTrackingError": 0.2517574745772957,
      "peakYawRateTrackingError": 0.7281358166901986,
      "terminalMeasuredMotion": [
        0.035721486410018335,
        0.03453696073362738,
        -0.19556692887949131
      ],
      "terminalPlanarTrackingError": 0.12086247568194616,
      "terminalYawRateTrackingError": 0.19556692887949131,
      "planarOvershootMps": 0.08196717003477173,
      "yawRateOvershootRadPerSec": 0.7281358166901986,
      "planarSettlingTimeSeconds": 3.0,
      "yawRateSettlingTimeSeconds": 2.48,
      "planarSettled": false,
      "yawRateSettled": true,
      "planarBraking": false
    },
    {
      "index": 4,
      "atStep": 800,
      "atSeconds": 16.0,
      "endStep": 900,
      "fromCommand": [
        0.0,
        0.15,
        0.0
      ],
      "toCommand": [
        0.0,
        0.0,
        0.0
      ],
      "sampleCount": 100,
      "peakPlanarTrackingError": 0.24409180170260228,
      "peakYawRateTrackingError": 0.8550825634896791,
      "terminalMeasuredMotion": [
        -0.055385295434763636,
        -0.033301595392857694,
        -0.022815252156534634
      ],
      "terminalPlanarTrackingError": 0.06462605671171381,
      "terminalYawRateTrackingError": 0.022815252156534634,
      "planarOvershootMps": 0.09956677172417457,
      "yawRateOvershootRadPerSec": 0.0,
      "planarSettlingTimeSeconds": 0.74,
      "yawRateSettlingTimeSeconds": 0.24,
      "planarSettled": true,
      "yawRateSettled": true,
      "planarBraking": true
    }
  ],
  "maximumTransitionTerminalPlanarTrackingError": 0.2063254670604258,
  "maximumTransitionTerminalYawRateTrackingError": 0.217671636481978,
  "maximumPlanarSettlingTimeSeconds": 3.0,
  "maximumPlanarBrakingSettlingTimeSeconds": 0.74,
  "maximumYawRateSettlingTimeSeconds": 3.0,
  "maximumPlanarOvershootMps": 0.32697314131579774,
  "maximumYawRateOvershootRadPerSec": 0.7281358166901986,
  "unsettledPlanarTransitionCount": 3,
  "unsettledYawRateTransitionCount": 0,
  "initialBasePosition": [
    1.017983065972739,
    -0.14308443248699398,
    0.4762978460770211
  ],
  "finalBasePosition": [
    0.8022587986141339,
    -0.12831827645538332,
    0.41995559569095325
  ],
  "netDisplacement": [
    -0.21572426735860506,
    0.014766156031610661,
    -0.05634225038606783
  ],
  "targetPlanarDisplacement": [
    0.76,
    0.44999999999999996
  ],
  "forwardDisplacement": -0.1781021844132129,
  "targetDistance": 0.8832326986700617,
  "forwardProgress": 0.0,
  "signedForwardProgress": -0.20164808739689147,
  "backwardDisplacement": 0.1781021844132129,
  "meanForwardVelocity": -0.017810218441319685,
  "lateralDrift": 0.1226157037193796,
  "distanceTraveled": 2.9657447056004944,
  "episodeInitialBasePosition": [
    0.0,
    0.0,
    0.44
  ],
  "mobilityMeasurementStartedAtSeconds": 8.0,
  "recoveryEvaluationStartedAtSeconds": 2.7,
  "missionStageDurationsSeconds": {
    "approach": 2.48,