{
  "durationSeconds": 4.999999999999671,
  "steps": 250,
  "survivalRate": 1.0,
  "fell": false,
  "motionCommand": [
    0.25,
    0.0,
    0.0
  ],
  "meanMotionCommand": [
    0.25,
    0.0,
    0.0
  ],
  "meanMeasuredMotion": [
    0.13706438256375833,
    -1.2545983095111973e-12,
    -8.790293276397203e-13
  ],
  "planarVelocityTrackingError": 0.11293561743624167,
  "yawRateTrackingError": 8.790293276397203e-13,
  "meanVelocityTrackingError": 0.25664547646187313,
  "meanPlanarVelocityTrackingError": 0.25664547646187313,
  "meanYawRateTrackingError": 7.898068211961626e-12,
  "meanUpright": 0.6571620276800096,
  "meanEnergy": 583.5398504377305,
  "meanSmoothness": 35.795775325224525,
  "peakActuator": 8.0,
  "motionCommandSchedule": [
    {
      "atStep": 0,
      "atSeconds": 0.0,
      "command": [
        0.25,
        0.0,
        0.0
      ]
    }
  ],
  "transitionCount": 0,
  "transitions": [],
  "maximumTransitionTerminalPlanarTrackingError": 0.0,
  "maximumTransitionTerminalYawRateTrackingError": 0.0,
  "maximumPlanarSettlingTimeSeconds": 0.0,
  "maximumPlanarBrakingSettlingTimeSeconds": 0.0,
  "maximumYawRateSettlingTimeSeconds": 0.0,
  "maximumPlanarOvershootMps": 0.0,
  "maximumYawRateOvershootRadPerSec": 0.0,
  "unsettledPlanarTransitionCount": 0,
  "unsettledYawRateTransitionCount": 0,
  "initialBasePosition": [
    0.0,
    0.0,
    0.44
  ],
  "finalBasePosition": [
    0.6917299209877689,
    -6.461541807395163e-12,
    0.24810887877291699
  ],
  "netDisplacement": [
    0.6917299209877689,
    -6.461541807395163e-12,
    -0.19189112122708302
  ],
  "targetPlanarDisplacement": [
    1.25,
    0.0
  ],
  "forwardDisplacement": 0.6917299209877689,
  "targetDistance": 1.25,
  "forwardProgress": 0.5533839367902151,
  "signedForwardProgress": 0.5533839367902151,
  "backwardDisplacement": 0.0,
  "meanForwardVelocity": 0.13834598419756286,
  "lateralDrift": 6.461541807395163e-12,
  "distanceTraveled": 1.020971622649481
}
