{
  "durationSeconds": 6.499999999999506,
  "steps": 325,
  "survivalRate": 1.0,
  "fell": false,
  "motionCommand": [
    0.0,
    0.0,
    0.038461538461538464
  ],
  "meanMotionCommand": [
    0.0,
    0.0,
    0.038461538461538464
  ],
  "meanMeasuredMotion": [
    0.00477882941361795,
    -0.004395491633345991,
    0.1036233110055949
  ],
  "planarVelocityTrackingError": 0.006492885126295912,
  "yawRateTrackingError": 0.06516177254405643,
  "meanVelocityTrackingError": 0.4093091687387783,
  "meanPlanarVelocityTrackingError": 0.13406192376184004,
  "meanYawRateTrackingError": 0.36315301262166977,
  "meanUpright": 0.9579422821566128,
  "meanEnergy": 202.29793567426364,
  "meanSmoothness": 140.27449528629052,
  "peakActuator": 8.0,
  "motionCommandSchedule": [
    {
      "atStep": 0,
      "atSeconds": 0.0,
      "command": [
        0.0,
        0.0,
        0.5
      ]
    },
    {
      "atStep": 125,
      "atSeconds": 2.5,
      "command": [
        0.0,
        0.0,
        -0.5
      ]
    },
    {
      "atStep": 225,
      "atSeconds": 4.5,
      "command": [
        0.0,
        0.0,
        0.0
      ]
    }
  ],
  "transitionCount": 2,
  "transitions": [
    {
      "index": 1,
      "atStep": 125,
      "atSeconds": 2.5,
      "endStep": 225,
      "fromCommand": [
        0.0,
        0.0,
        0.5
      ],
      "toCommand": [
        0.0,
        0.0,
        -0.5
      ],
      "sampleCount": 100,
      "peakPlanarTrackingError": 0.41721925750813715,
      "peakYawRateTrackingError": 1.1698872040168249,
      "terminalMeasuredMotion": [
        -0.047428286719831465,
        -0.057396770975661385,
        0.02520182596176502
      ],
      "terminalPlanarTrackingError": 0.07445691169804901,
      "terminalYawRateTrackingError": 0.525201825961765,
      "planarOvershootMps": 0.0,
      "yawRateOvershootRadPerSec": 0.0,
      "planarSettlingTimeSeconds": 1.96,
      "yawRateSettlingTimeSeconds": 2.0,
      "planarSettled": true,
      "yawRateSettled": false
    },
    {
      "index": 2,
      "atStep": 225,
      "atSeconds": 4.5,
      "endStep": 325,
      "fromCommand": [
        0.0,
        0.0,
        -0.5
      ],
      "toCommand": [
        0.0,
        0.0,
        0.0
      ],
      "sampleCount": 100,
      "peakPlanarTrackingError": 0.23998564597907274,
      "peakYawRateTrackingError": 0.37093484668123,
      "terminalMeasuredMotion": [
        -0.1122050953205872,
        -0.0908566315716576,
        0.032123310359761965
      ],
      "terminalPlanarTrackingError": 0.14437766765137186,
      "terminalYawRateTrackingError": 0.032123310359761965,
      "planarOvershootMps": 0.0,
      "yawRateOvershootRadPerSec": 0.37093484668123,
      "planarSettlingTimeSeconds": 2.0,
      "yawRateSettlingTimeSeconds": 0.4,
      "planarSettled": false,
      "yawRateSettled": true
    }
  ],
  "maximumTransitionTerminalPlanarTrackingError": 0.14437766765137186,
  "maximumTransitionTerminalYawRateTrackingError": 0.525201825961765,
  "maximumPlanarSettlingTimeSeconds": 2.0,
  "maximumYawRateSettlingTimeSeconds": 2.0,
  "maximumPlanarOvershootMps": 0.0,
  "maximumYawRateOvershootRadPerSec": 0.37093484668123,
  "unsettledPlanarTransitionCount": 1,
  "unsettledYawRateTransitionCount": 1,
  "initialBasePosition": [
    0.0,
    0.0,
    0.44
  ],
  "finalBasePosition": [
    0.03685410880999917,
    -0.031949415335064894,
    0.4214225903642417
  ],
  "netDisplacement": [
    0.03685410880999917,
    -0.031949415335064894,
    -0.018577409635758324
  ],
  "targetPlanarDisplacement": [
    0.0,
    0.0
  ],
  "forwardDisplacement": 0.0,
  "targetDistance": 0.0,
  "forwardProgress": 1.0,
  "meanForwardVelocity": 0.0,
  "lateralDrift": 0.04877489596536048,
  "distanceTraveled": 0.8159886501843225
}
