{
  "terms": {
    "survival": 30.0,
    "velocityTracking": 14.191350232893495,
    "forwardProgress": 10.0,
    "upright": 14.369134232349193,
    "lateralDrift": -0.24387447982680238,
    "transitionTracking": 4.966464494567865,
    "energy": -1.0114896783713183,
    "smoothness": -0.14027449528629052,
    "componentMass": -1.2060000000000002,
    "sensorChannels": -1.07,
    "trainingSteps": -0.0
  },
  "total": 69.85531030632613
}
