{
  "terms": {
    "survival": 10.0,
    "velocityTracking": 4.634350590485125,
    "forwardProgress": 1.218833402710429,
    "upright": 0.37080952220299224,
    "lateralDrift": -0.07861178569204011,
    "transitionTracking": 0.26388690602170434,
    "energy": -0.45942255951594735,
    "smoothness": -0.1647472785486711,
    "jointJerk": 0.0,
    "bodyAngularJerk": 0.0,
    "actionSlew": 0.0,
    "actuatorSaturation": -0.2948809523809524,
    "footSlip": 0.0,
    "footImpact": 0.0,
    "selfRighting": 0.0,
    "recoveryTime": -30.6,
    "jointLimitMargin": -0.008281374958490129,
    "componentMass": -3.115,
    "sensorChannels": -0.22,
    "trainingSteps": -0.32768
  },
  "total": -18.78074352967585
}
