{
  "previous": {
    "assembly": "force-sensing",
    "controller": "force-aware-gait",
    "assemblyHash": "d89572552c790a7256a7fe23403e257b121aab1b617e4b133032638dcb972cea",
    "aggregateScore": 84.22840290335803,
    "cases": [
      {
        "case": {
          "id": "nominal",
          "task": "velocity-track",
          "scenario": "nominal",
          "seed": 42,
          "weight": 1
        },
        "metrics": {
          "durationSeconds": 2.999999999999891,
          "steps": 150,
          "survivalRate": 1,
          "fell": false,
          "meanVelocityTrackingError": 0.19365981992917136,
          "meanUpright": 0.9481169206101492,
          "meanEnergy": 1.4960086965866342,
          "meanSmoothness": 0.40149205511721037,
          "peakActuator": 6
        },
        "score": {
          "terms": {
            "survival": 50,
            "velocityTracking": 16.755192447699837,
            "upright": 18.962338412202982,
            "energy": -0.029920173931732685,
            "smoothness": -0.0040149205511721036,
            "componentMass": -1.4275,
            "sensorChannels": -0.5,
            "trainingSteps": 0
          },
          "total": 83.75609576541991
        },
        "resultHash": "f3286c279dbc5971c998fd607b2bb1f2d881e8bc1b51cf06da1d7c5c02bf612a"
      },
      {
        "case": {
          "id": "low-friction",
          "task": "velocity-track",
          "scenario": "low-friction",
          "seed": 43,
          "weight": 1.2
        },
        "metrics": {
          "durationSeconds": 2.999999999999891,
          "steps": 150,
          "survivalRate": 1,
          "fell": false,
          "meanVelocityTrackingError": 0.19365981992917136,
          "meanUpright": 0.9481169206101492,
          "meanEnergy": 1.4960086965866342,
          "meanSmoothness": 0.40149205511721037,
          "peakActuator": 6
        },
        "score": {
          "terms": {
            "survival": 50,
            "velocityTracking": 16.755192447699837,
            "upright": 18.962338412202982,
            "energy": -0.029920173931732685,
            "smoothness": -0.0040149205511721036,
            "componentMass": -1.4275,
            "sensorChannels": -0.5,
            "trainingSteps": 0
          },
          "total": 83.75609576541991
        },
        "resultHash": "70b27e2b2e7b12ef61efc5253ee03f9f8f6e28ca1bd7a39b677df3fa67b14fb6"
      },
      {
        "case": {
          "id": "lateral-push",
          "task": "stand",
          "scenario": "lateral-push",
          "seed": 44,
          "weight": 1.5
        },
        "metrics": {
          "durationSeconds": 2.0000000000000013,
          "steps": 100,
          "survivalRate": 1,
          "fell": false,
          "meanVelocityTrackingError": 0.10654337038205364,
          "meanUpright": 0.9421495212763911,
          "meanEnergy": 3.1165478298100227,
          "meanSmoothness": 0.6342286306776106,
          "peakActuator": 6
        },
        "score": {
          "terms": {
            "survival": 50,
            "velocityTracking": 18.074302856375745,
            "upright": 18.842990425527823,
            "energy": -0.06233095659620046,
            "smoothness": -0.006342286306776106,
            "componentMass": -1.4275,
            "sensorChannels": -0.5,
            "trainingSteps": 0
          },
          "total": 84.9211200390006
        },
        "resultHash": "141d5bfcf6404ec0c638c9d6d1630edeed49cc987c62e1ef073476cfeb306984"
      }
    ]
  },
  "candidate": {
    "assembly": "force-sensing",
    "controller": "force-aware-gait",
    "assemblyHash": "d89572552c790a7256a7fe23403e257b121aab1b617e4b133032638dcb972cea",
    "aggregateScore": 84.16719376718964,
    "cases": [
      {
        "case": {
          "id": "nominal",
          "task": "velocity-track",
          "scenario": "nominal",
          "seed": 42,
          "weight": 1
        },
        "metrics": {
          "durationSeconds": 2.999999999999891,
          "steps": 150,
          "survivalRate": 1,
          "fell": false,
          "meanVelocityTrackingError": 0.19345097817099846,
          "meanUpright": 0.9474881495506846,
          "meanEnergy": 1.5351180681473955,
          "meanSmoothness": 0.443912254326809,
          "peakActuator": 6
        },
        "score": {
          "terms": {
            "survival": 50,
            "velocityTracking": 16.75812443561832,
            "upright": 18.949762991013692,
            "energy": -0.03070236136294791,
            "smoothness": -0.00443912254326809,
            "componentMass": -1.4275,
            "sensorChannels": -0.5,
            "trainingSteps": 0
          },
          "total": 83.7452459427258
        },
        "resultHash": "b10629f976c8267224919e5e7c084f1768215340be7ee67e29a6d8512a1e0206"
      },
      {
        "case": {
          "id": "low-friction",
          "task": "velocity-track",
          "scenario": "low-friction",
          "seed": 43,
          "weight": 1.2
        },
        "metrics": {
          "durationSeconds": 2.999999999999891,
          "steps": 150,
          "survivalRate": 1,
          "fell": false,
          "meanVelocityTrackingError": 0.19345097817099846,
          "meanUpright": 0.9474881495506846,
          "meanEnergy": 1.5351180681473955,
          "meanSmoothness": 0.443912254326809,
          "peakActuator": 6
        },
        "score": {
          "terms": {
            "survival": 50,
            "velocityTracking": 16.75812443561832,
            "upright": 18.949762991013692,
            "energy": -0.03070236136294791,
            "smoothness": -0.00443912254326809,
            "componentMass": -1.4275,
            "sensorChannels": -0.5,
            "trainingSteps": 0
          },
          "total": 83.7452459427258
        },
        "resultHash": "269466bea6f31d1e712d02300ecb83c5377ac6268f5bae1086a5a9c719c6715c"
      },
      {
        "case": {
          "id": "lateral-push",
          "task": "stand",
          "scenario": "lateral-push",
          "seed": 44,
          "weight": 1.5
        },
        "metrics": {
          "durationSeconds": 2.0000000000000013,
          "steps": 100,
          "survivalRate": 1,
          "fell": false,
          "meanVelocityTrackingError": 0.10804074863384816,
          "meanUpright": 0.941736697860388,
          "meanEnergy": 6.77811043916503,
          "meanSmoothness": 3.549887251084052,
          "peakActuator": 6
        },
        "score": {
          "terms": {
            "survival": 50,
            "velocityTracking": 18.04987770048969,
            "upright": 18.83473395720776,
            "energy": -0.1355622087833006,
            "smoothness": -0.035498872510840516,
            "componentMass": -1.4275,
            "sensorChannels": -0.5,
            "trainingSteps": 0
          },
          "total": 84.78605057640331
        },
        "resultHash": "2c758a7ac8b269b271ce28f270140b45e24f4319064ab771c6654013fd016a30"
      }
    ]
  },
  "delta": -0.061209136168386635,
  "gateReasons": []
}
