{
  "durationSeconds": 6.499999999999506,
  "steps": 325,
  "survivalRate": 1.0,
  "fell": false,
  "motionCommand": [
    0.030769230769230813,
    0.0,
    0.0
  ],
  "meanMotionCommand": [
    0.030769230769230813,
    0.0,
    0.0
  ],
  "meanMeasuredMotion": [
    0.04845289758269872,
    0.02096556026742786,
    -0.008373049909605584
  ],
  "planarVelocityTrackingError": 0.027427482372556468,
  "yawRateTrackingError": 0.008373049909605584,
  "meanVelocityTrackingError": 0.5505395911507827,
  "meanPlanarVelocityTrackingError": 0.2450991124038742,
  "meanYawRateTrackingError": 0.3939922812792718,
  "meanUpright": 0.655950208371074,
  "meanEnergy": 610.7243495826175,
  "meanSmoothness": 31.443978623812818,
  "peakActuator": 8.0,
  "motionCommandSchedule": [
    {
      "atStep": 0,
      "atSeconds": 0.0,
      "command": [
        0.2,
        0.0,
        0.0
      ]
    },
    {
      "atStep": 125,
      "atSeconds": 2.5,
      "command": [
        -0.15,
        0.0,
        0.0
      ]
    },
    {
      "atStep": 225,
      "atSeconds": 4.5,
      "command": [
        0.0,
        0.0,
        0.0
      ]
    }
  ],
  "transitionCount": 2,
  "transitions": [
    {
      "index": 1,
      "atStep": 125,
      "atSeconds": 2.5,
      "endStep": 225,
      "fromCommand": [
        0.2,
        0.0,
        0.0
      ],
      "toCommand": [
        -0.15,
        0.0,
        0.0
      ],
      "sampleCount": 100,
      "peakPlanarTrackingError": 0.47836436946205274,
      "peakYawRateTrackingError": 2.12732326949583,
      "terminalMeasuredMotion": [
        -0.09394940703791857,
        0.055631905592265565,
        0.14496208786969694
      ],
      "terminalPlanarTrackingError": 0.07897200701025446,
      "terminalYawRateTrackingError": 0.14496208786969694,
      "planarOvershootMps": 0.3131859376017968,
      "yawRateOvershootRadPerSec": 0.0,
      "planarSettlingTimeSeconds": 1.94,
      "yawRateSettlingTimeSeconds": 1.98,
      "planarSettled": true,
      "yawRateSettled": true,
      "planarBraking": false
    },
    {
      "index": 2,
      "atStep": 225,
      "atSeconds": 4.5,
      "endStep": 325,
      "fromCommand": [
        -0.15,
        0.0,
        0.0
      ],
      "toCommand": [
        0.0,
        0.0,
        0.0
      ],
      "sampleCount": 100,
      "peakPlanarTrackingError": 0.45151588637486356,
      "peakYawRateTrackingError": 1.8854384979694372,
      "terminalMeasuredMotion": [
        0.11521713021285088,
        -0.08985467315668837,
        0.14261752255992832
      ],
      "terminalPlanarTrackingError": 0.14611245457722052,
      "terminalYawRateTrackingError": 0.14261752255992832,
      "planarOvershootMps": 0.325800555578399,
      "yawRateOvershootRadPerSec": 0.0,
      "planarSettlingTimeSeconds": 2.0,
      "yawRateSettlingTimeSeconds": 1.74,
      "planarSettled": false,
      "yawRateSettled": true,
      "planarBraking": true
    }
  ],
  "maximumTransitionTerminalPlanarTrackingError": 0.14611245457722052,
  "maximumTransitionTerminalYawRateTrackingError": 0.14496208786969694,
  "maximumPlanarSettlingTimeSeconds": 2.0,
  "maximumPlanarBrakingSettlingTimeSeconds": 2.0,
  "maximumYawRateSettlingTimeSeconds": 1.98,
  "maximumPlanarOvershootMps": 0.325800555578399,
  "maximumYawRateOvershootRadPerSec": 0.0,
  "unsettledPlanarTransitionCount": 1,
  "unsettledYawRateTransitionCount": 0,
  "initialBasePosition": [
    0.0,
    0.0,
    0.44
  ],
  "finalBasePosition": [
    0.3160784368876109,
    0.13565871997706438,
    0.23210441718639843
  ],
  "netDisplacement": [
    0.3160784368876109,
    0.13565871997706438,
    -0.20789558281360157
  ],
  "targetPlanarDisplacement": [
    0.2,
    0.0
  ],
  "forwardDisplacement": 0.3160784368876109,
  "targetDistance": 0.2,
  "forwardProgress": 1.0,
  "signedForwardProgress": 1.5803921844380544,
  "backwardDisplacement": 0.0,
  "meanForwardVelocity": 0.04862745182886691,
  "lateralDrift": 0.13565871997706438,
  "distanceTraveled": 1.6536067928901201
}
