{
  "durationSeconds": 4.539999999999722,
  "steps": 227,
  "survivalRate": 0.7533333333333333,
  "fell": true,
  "motionCommand": [
    0.16519823788546256,
    0.0,
    0.0
  ],
  "meanMotionCommand": [
    0.16519823788546256,
    0.0,
    0.0
  ],
  "meanMeasuredMotion": [
    0.10425661271071451,
    -0.00420696102906623,
    -0.020072366093887063
  ],
  "planarVelocityTrackingError": 0.06108666139215309,
  "yawRateTrackingError": 0.020072366093887063,
  "meanVelocityTrackingError": 0.4704718668357667,
  "meanPlanarVelocityTrackingError": 0.3420214257825761,
  "meanYawRateTrackingError": 0.21931036202690915,
  "meanUpright": 0.5192718264713052,
  "meanEnergy": 612.7189490290115,
  "meanSmoothness": 28.674832896505478,
  "peakActuator": 8.0,
  "motionCommandSchedule": [
    {
      "atStep": 0,
      "atSeconds": 0.0,
      "command": [
        0.0,
        0.0,
        0.0
      ]
    },
    {
      "atStep": 50,
      "atSeconds": 1.0,
      "command": [
        0.25,
        0.0,
        0.0
      ]
    },
    {
      "atStep": 200,
      "atSeconds": 4.0,
      "command": [
        0.0,
        0.0,
        0.0
      ]
    }
  ],
  "transitionCount": 2,
  "transitions": [
    {
      "index": 1,
      "atStep": 50,
      "atSeconds": 1.0,
      "endStep": 200,
      "fromCommand": [
        0.0,
        0.0,
        0.0
      ],
      "toCommand": [
        0.25,
        0.0,
        0.0
      ],
      "sampleCount": 150,
      "peakPlanarTrackingError": 0.9316535471398648,
      "peakYawRateTrackingError": 1.2001160492034155,
      "terminalMeasuredMotion": [
        0.4915043978718134,
        -0.06930843694641553,
        0.13178232896996958
      ],
      "terminalPlanarTrackingError": 0.25125292759166484,
      "terminalYawRateTrackingError": 0.13178232896996958,
      "planarOvershootMps": 0.8327027576203945,
      "yawRateOvershootRadPerSec": 0.0,
      "planarSettlingTimeSeconds": 3.0,
      "yawRateSettlingTimeSeconds": 2.64,
      "planarSettled": false,
      "yawRateSettled": true
    },
    {
      "index": 2,
      "atStep": 200,
      "atSeconds": 4.0,
      "endStep": 300,
      "fromCommand": [
        0.25,
        0.0,
        0.0
      ],
      "toCommand": [
        0.0,
        0.0,
        0.0
      ],
      "sampleCount": 27,
      "peakPlanarTrackingError": 0.5447286209561796,
      "peakYawRateTrackingError": 1.5351203398408373,
      "terminalMeasuredMotion": [
        0.1392046946431027,
        -0.08563584347130947,
        -0.3135603643560139
      ],
      "terminalPlanarTrackingError": 0.16343636283802354,
      "terminalYawRateTrackingError": 0.3135603643560139,
      "planarOvershootMps": 0.055900771949796715,
      "yawRateOvershootRadPerSec": 0.0,
      "planarSettlingTimeSeconds": 0.54,
      "yawRateSettlingTimeSeconds": 0.54,
      "planarSettled": false,
      "yawRateSettled": false
    }
  ],
  "maximumTransitionTerminalPlanarTrackingError": 0.25125292759166484,
  "maximumTransitionTerminalYawRateTrackingError": 0.3135603643560139,
  "maximumPlanarSettlingTimeSeconds": 3.0,
  "maximumYawRateSettlingTimeSeconds": 2.64,
  "maximumPlanarOvershootMps": 0.8327027576203945,
  "maximumYawRateOvershootRadPerSec": 0.0,
  "unsettledPlanarTransitionCount": 2,
  "unsettledYawRateTransitionCount": 1,
  "initialBasePosition": [
    0.0,
    0.0,
    0.44
  ],
  "finalBasePosition": [
    0.4826077284501499,
    -0.01731717611036243,
    0.1820024301267793
  ],
  "netDisplacement": [
    0.4826077284501499,
    -0.01731717611036243,
    -0.2579975698732207
  ],
  "targetPlanarDisplacement": [
    0.75,
    0.0
  ],
  "forwardDisplacement": 0.4826077284501499,
  "targetDistance": 0.75,
  "forwardProgress": 0.6434769712668665,
  "meanForwardVelocity": 0.10630126177316727,
  "lateralDrift": 0.01731717611036243,
  "distanceTraveled": 1.360743240894186
}
