{
  "terms": {
    "survival": 22.599999999999998,
    "velocityTracking": 13.60107626066793,
    "forwardProgress": 6.434769712668666,
    "upright": 7.789077397069578,
    "lateralDrift": -0.08658588055181216,
    "transitionTracking": 3.732496434842226,
    "energy": -3.0635947451450574,
    "smoothness": -0.02867483289650548,
    "componentMass": -1.2060000000000002,
    "sensorChannels": -1.07,
    "trainingSteps": -0.0
  },
  "total": 48.70256434665502
}
