{
  "durationSeconds": 4.579999999999718,
  "steps": 229,
  "survivalRate": 0.76,
  "fell": true,
  "motionCommand": [
    0.16375545851528384,
    0.0,
    0.0
  ],
  "meanMotionCommand": [
    0.16375545851528384,
    0.0,
    0.0
  ],
  "meanMeasuredMotion": [
    0.10815456715751838,
    -0.0022226919353747917,
    -0.0032838415235581053
  ],
  "planarVelocityTrackingError": 0.055645300603174186,
  "yawRateTrackingError": 0.0032838415235581053,
  "meanVelocityTrackingError": 0.46878799949547856,
  "meanPlanarVelocityTrackingError": 0.34501302265011863,
  "meanYawRateTrackingError": 0.21740525350172307,
  "meanUpright": 0.5156681002026801,
  "meanEnergy": 614.426869440894,
  "meanSmoothness": 28.44516374166233,
  "peakActuator": 8.0,
  "motionCommandSchedule": [
    {
      "atStep": 0,
      "atSeconds": 0.0,
      "command": [
        0.0,
        0.0,
        0.0
      ]
    },
    {
      "atStep": 50,
      "atSeconds": 1.0,
      "command": [
        0.25,
        0.0,
        0.0
      ]
    },
    {
      "atStep": 200,
      "atSeconds": 4.0,
      "command": [
        0.0,
        0.0,
        0.0
      ]
    }
  ],
  "transitionCount": 2,
  "transitions": [
    {
      "index": 1,
      "atStep": 50,
      "atSeconds": 1.0,
      "endStep": 200,
      "fromCommand": [
        0.0,
        0.0,
        0.0
      ],
      "toCommand": [
        0.25,
        0.0,
        0.0
      ],
      "sampleCount": 150,
      "peakPlanarTrackingError": 0.9316535471398648,
      "peakYawRateTrackingError": 1.2001160492034155,
      "terminalMeasuredMotion": [
        0.4915043978718134,
        -0.06930843694641553,
        0.13178232896996958
      ],
      "terminalPlanarTrackingError": 0.25125292759166484,
      "terminalYawRateTrackingError": 0.13178232896996958,
      "planarOvershootMps": 0.8327027576203945,
      "yawRateOvershootRadPerSec": 0.0,
      "planarSettlingTimeSeconds": 3.0,
      "yawRateSettlingTimeSeconds": 2.64,
      "planarSettled": false,
      "yawRateSettled": true
    },
    {
      "index": 2,
      "atStep": 200,
      "atSeconds": 4.0,
      "endStep": 300,
      "fromCommand": [
        0.25,
        0.0,
        0.0
      ],
      "toCommand": [
        0.0,
        0.0,
        0.0
      ],
      "sampleCount": 29,
      "peakPlanarTrackingError": 0.5447286209561796,
      "peakYawRateTrackingError": 1.258203721423056,
      "terminalMeasuredMotion": [
        0.20715396061405258,
        -0.02429162727198906,
        -0.05390599105257051
      ],
      "terminalPlanarTrackingError": 0.2085733601244648,
      "terminalYawRateTrackingError": 0.05390599105257051,
      "planarOvershootMps": 0.04622234023189819,
      "yawRateOvershootRadPerSec": 0.0,
      "planarSettlingTimeSeconds": 0.58,
      "yawRateSettlingTimeSeconds": 0.42,
      "planarSettled": false,
      "yawRateSettled": true
    }
  ],
  "maximumTransitionTerminalPlanarTrackingError": 0.25125292759166484,
  "maximumTransitionTerminalYawRateTrackingError": 0.13178232896996958,
  "maximumPlanarSettlingTimeSeconds": 3.0,
  "maximumYawRateSettlingTimeSeconds": 2.64,
  "maximumPlanarOvershootMps": 0.8327027576203945,
  "maximumYawRateOvershootRadPerSec": 0.0,
  "unsettledPlanarTransitionCount": 2,
  "unsettledYawRateTransitionCount": 0,
  "initialBasePosition": [
    0.0,
    0.0,
    0.44
  ],
  "finalBasePosition": [
    0.5044510984740109,
    -0.0137423407404259,
    0.18350828423160556
  ],
  "netDisplacement": [
    0.5044510984740109,
    -0.0137423407404259,
    -0.25649171576839447
  ],
  "targetPlanarDisplacement": [
    0.75,
    0.0
  ],
  "forwardDisplacement": 0.5044510984740109,
  "targetDistance": 0.75,
  "forwardProgress": 0.6726014646320145,
  "meanForwardVelocity": 0.11014216123887381,
  "lateralDrift": 0.0137423407404259,
  "distanceTraveled": 1.3825667254383431
}
