{
  "terms": {
    "survival": 22.8,
    "velocityTracking": 13.61666898617765,
    "forwardProgress": 6.726014646320145,
    "upright": 7.735021503040201,
    "lateralDrift": -0.0687117037021295,
    "transitionTracking": 3.818864624283645,
    "energy": -3.07213434720447,
    "smoothness": -0.02844516374166233,
    "componentMass": -1.2060000000000002,
    "sensorChannels": -1.07,
    "trainingSteps": -0.0
  },
  "total": 49.25127854517338
}
