{
  "durationSeconds": 1.7000000000000013,
  "steps": 85,
  "survivalRate": 0.336,
  "fell": true,
  "motionCommand": [
    0.25,
    0.0,
    0.0
  ],
  "meanMotionCommand": [
    0.25,
    0.0,
    0.0
  ],
  "meanMeasuredMotion": [
    0.14665225377058108,
    0.001886051784451606,
    -0.013001186994159131
  ],
  "planarVelocityTrackingError": 0.10336495461245075,
  "yawRateTrackingError": 0.013001186994159131,
  "meanVelocityTrackingError": 0.23507584976735174,
  "meanPlanarVelocityTrackingError": 0.18285221420002143,
  "meanYawRateTrackingError": 0.0725323720887061,
  "meanUpright": 0.5058846975686918,
  "meanEnergy": 542.3062537543854,
  "meanSmoothness": 26.586925124434128,
  "peakActuator": 8.0,
  "motionCommandSchedule": [
    {
      "atStep": 0,
      "atSeconds": 0.0,
      "command": [
        0.25,
        0.0,
        0.0
      ]
    }
  ],
  "transitionCount": 0,
  "transitions": [],
  "maximumTransitionTerminalPlanarTrackingError": 0.0,
  "maximumTransitionTerminalYawRateTrackingError": 0.0,
  "maximumPlanarSettlingTimeSeconds": 0.0,
  "maximumPlanarBrakingSettlingTimeSeconds": 0.0,
  "maximumYawRateSettlingTimeSeconds": 0.0,
  "maximumPlanarOvershootMps": 0.0,
  "maximumYawRateOvershootRadPerSec": 0.0,
  "unsettledPlanarTransitionCount": 0,
  "unsettledYawRateTransitionCount": 0,
  "initialBasePosition": [
    0.0,
    0.0,
    0.44
  ],
  "finalBasePosition": [
    0.24621528900348755,
    0.003995727438766057,
    0.17827353065134569
  ],
  "netDisplacement": [
    0.24621528900348755,
    0.003995727438766057,
    -0.2617264693486543
  ],
  "targetPlanarDisplacement": [
    1.25,
    0.0
  ],
  "forwardDisplacement": 0.24621528900348755,
  "targetDistance": 1.25,
  "forwardProgress": 0.19697223120279003,
  "signedForwardProgress": 0.19697223120279003,
  "backwardDisplacement": 0.0,
  "meanForwardVelocity": 0.14483252294322785,
  "lateralDrift": 0.003995727438766057,
  "distanceTraveled": 0.2932613193264561
}
