{
  "terms": {
    "survival": 30.0,
    "velocityTracking": 17.274453899172904,
    "forwardProgress": 1.7516506484161296,
    "upright": 14.407376111141469,
    "lateralDrift": -2.823009250425639e-15,
    "transitionTracking": 7.491804954466112,
    "energy": -0.9556680222233211,
    "smoothness": -0.13236511587673105,
    "componentMass": -1.2060000000000002,
    "sensorChannels": -1.07,
    "trainingSteps": -0.0
  },
  "total": 67.56125247509655
}
