{
  "durationSeconds": 5.999999999999561,
  "steps": 300,
  "survivalRate": 1.0,
  "fell": false,
  "motionCommand": [
    0.125,
    0.0,
    0.0
  ],
  "meanMotionCommand": [
    0.125,
    0.0,
    0.0
  ],
  "meanMeasuredMotion": [
    0.10610940460113268,
    -0.051098527407892586,
    0.028700106005741445
  ],
  "planarVelocityTrackingError": 0.054478565489363404,
  "yawRateTrackingError": 0.028700106005741445,
  "meanVelocityTrackingError": 0.657884449648553,
  "meanPlanarVelocityTrackingError": 0.3081713207475756,
  "meanYawRateTrackingError": 0.48172227573413,
  "meanUpright": 0.5097162731666856,
  "meanEnergy": 634.9032816502319,
  "meanSmoothness": 29.48099074409622,
  "peakActuator": 8.0,
  "motionCommandSchedule": [
    {
      "atStep": 0,
      "atSeconds": 0.0,
      "command": [
        0.0,
        0.0,
        0.0
      ]
    },
    {
      "atStep": 50,
      "atSeconds": 1.0,
      "command": [
        0.25,
        0.0,
        0.0
      ]
    },
    {
      "atStep": 200,
      "atSeconds": 4.0,
      "command": [
        0.0,
        0.0,
        0.0
      ]
    }
  ],
  "transitionCount": 2,
  "transitions": [
    {
      "index": 1,
      "atStep": 50,
      "atSeconds": 1.0,
      "endStep": 200,
      "fromCommand": [
        0.0,
        0.0,
        0.0
      ],
      "toCommand": [
        0.25,
        0.0,
        0.0
      ],
      "sampleCount": 150,
      "peakPlanarTrackingError": 0.8719316941735302,
      "peakYawRateTrackingError": 2.3758952129517565,
      "terminalMeasuredMotion": [
        0.2748244695558263,
        -0.15505273471897293,
        0.4682503033494032
      ],
      "terminalPlanarTrackingError": 0.15702740153412825,
      "terminalYawRateTrackingError": 0.4682503033494032,
      "planarOvershootMps": 0.8719316941735302,
      "yawRateOvershootRadPerSec": 0.0,
      "planarSettlingTimeSeconds": 3.0,
      "yawRateSettlingTimeSeconds": 3.0,
      "planarSettled": false,
      "yawRateSettled": false
    },
    {
      "index": 2,
      "atStep": 200,
      "atSeconds": 4.0,
      "endStep": 300,
      "fromCommand": [
        0.25,
        0.0,
        0.0
      ],
      "toCommand": [
        0.0,
        0.0,
        0.0
      ],
      "sampleCount": 100,
      "peakPlanarTrackingError": 0.648169792059672,
      "peakYawRateTrackingError": 2.5063363216674253,
      "terminalMeasuredMotion": [
        -0.08118052636439368,
        -0.17991577806749243,
        0.1548914962302143
      ],
      "terminalPlanarTrackingError": 0.19738278815142726,
      "terminalYawRateTrackingError": 0.1548914962302143,
      "planarOvershootMps": 0.45327389003604096,
      "yawRateOvershootRadPerSec": 0.0,
      "planarSettlingTimeSeconds": 2.0,
      "yawRateSettlingTimeSeconds": 1.92,
      "planarSettled": false,
      "yawRateSettled": true
    }
  ],
  "maximumTransitionTerminalPlanarTrackingError": 0.19738278815142726,
  "maximumTransitionTerminalYawRateTrackingError": 0.4682503033494032,
  "maximumPlanarSettlingTimeSeconds": 3.0,
  "maximumYawRateSettlingTimeSeconds": 3.0,
  "maximumPlanarOvershootMps": 0.8719316941735302,
  "maximumYawRateOvershootRadPerSec": 0.0,
  "unsettledPlanarTransitionCount": 2,
  "unsettledYawRateTransitionCount": 1,
  "initialBasePosition": [
    0.0,
    0.0,
    0.44
  ],
  "finalBasePosition": [
    0.6475064019679352,
    -0.30398508982950273,
    0.24460202424353772
  ],
  "netDisplacement": [
    0.6475064019679352,
    -0.30398508982950273,
    -0.19539797575646228
  ],
  "targetPlanarDisplacement": [
    0.75,
    0.0
  ],
  "forwardDisplacement": 0.6475064019679352,
  "targetDistance": 0.75,
  "forwardProgress": 0.8633418692905802,
  "meanForwardVelocity": 0.10791773366133042,
  "lateralDrift": 0.30398508982950273,
  "distanceTraveled": 1.7270866333581592
}
