{
  "count": 16384.0001,
  "mean": [
    0.1844211724943485,
    0.4399121986539777,
    -0.3326574872430969,
    -0.19005594335923454,
    0.4387695670447019,
    -0.3354712994455779,
    0.17300322002840715,
    0.31319364262263893,
    -0.4875848587371707,
    -0.17684662615969224,
    0.31104122711059595,
    -0.4836038204910041,
    0.006765943554260326,
    0.05191273098217261,
    0.09518305234495969,
    -0.009550911340316551,
    0.05487373315516451,
    0.07934339300829746,
    0.0031560747081936912,
    0.021855299168041527,
    0.05519524941361914,
    -0.014342508215910378,
    0.01908692458029024,
    0.057762382490383,
    0.33972561341865043,
    0.8825743123548054,
    -0.0048255442037929905,
    0.25563642652747537,
    0.012979170851894263,
    0.14989885974035444,
    0.004756642706775619,
    -0.04441202360610872,
    -0.004508974845517847,
    0.3052717598105708,
    0.013917862116262312,
    -0.004300010407161018,
    0.2985918045322569,
    0.013775704400062762,
    -3.806590340720327,
    -0.012847627588151516,
    5.976890623352238,
    0.1252475546394107,
    -1.570620005331397,
    -0.741951488710858,
    -0.07573386561948985,
    -1.5389665012564575,
    -0.7501678305066165,
    0.1418290630053058,
    0.4133319024245001,
    0.5203400223093589,
    -0.12448307767055075,
    0.4267804608950813,
    0.5108185630529051,
    0.12598106321136543,
    -1.5827131191546622,
    -0.7241615596747023,
    -0.07473432769588083,
    -1.5531802934328538,
    -0.7344440182122369,
    0.13635516171705958,
    0.3975379582358174,
    0.5400178496384244,
    -0.1236742397608395,
    0.41193449723361647,
    0.530208696101121,
    0.1321788791555258,
    -1.5668389340530366,
    -0.7432347297746894,
    -0.06903257624611356,
    -1.5403938554103391,
    -0.747132417565583,
    0.1472129432543034,
    0.41029583544846204,
    0.5300830838291186,
    -0.11823606665741415,
    0.4262900125779942,
    0.519041605222346,
    0.1273483644011965,
    -1.5774819414583934,
    -0.7310630062592753,
    -0.0744298014734409,
    -1.5558374193081559,
    -0.7290178029651829,
    0.14273351451821134,
    0.3938433649326682,
    0.5516555541071254,
    -0.11924988535210636,
    0.4092534981299121,
    0.5411347512649417,
    0.11475676364030056,
    -1.5638767980263524,
    -0.7460809849261154,
    -0.08456244517282414,
    -1.5411341665213603,
    -0.7431390287321464,
    0.14426468492700711,
    0.403879425693096,
    0.5253478837602156,
    -0.12430569845025329,
    0.41793427568857683,
    0.5169724841967487,
    0.1146626661753087,
    -1.5809115473614224,
    -0.726180638463026,
    -0.0852415193469485,
    -1.5507930644109302,
    -0.7313725111852168,
    0.13568207978409752,
    0.39385971641935674,
    0.53745609997335,
    -0.12720531079117262,
    0.4086730007019784,
    0.5289864687265531,
    0.12381561507970992,
    -1.567347933528613,
    -0.7399842990434183,
    -0.07620539833338677,
    -1.5350226318136495,
    -0.7507381902813487,
    0.14087739227026452,
    0.4138798414233986,
    0.5228827843364955,
    -0.12456118499943883,
    0.42722475575145635,
    0.5131826959351736,
    0.12553591879771417,
    -1.5796494989798175,
    -0.7239207621506244,
    -0.07405542965038593,
    -1.5512441281910105,
    -0.732601443846053,
    0.13521847042480895,
    0.3984896085746145,
    0.5438601796786646,
    -0.12471518099569458,
    0.41329484277887707,
    0.5331791868356258,
    0.7685575732433798,
    12.561766965090207,
    12.593824811460724,
    6.900781678735712,
    6.461132576843163
  ],
  "variance": [
    0.013992604253839074,
    0.03371571086077101,
    0.0420992533203876,
    0.01235660065359987,
    0.03239388975573557,
    0.04168866441355475,
    0.011370655718724499,
    0.026316624050832828,
    0.02963369600915234,
    0.010672824384504662,
    0.02600272802568076,
    0.029645360904850232,
    6.6628437346076295,
    17.962837871438506,
    43.21809163916975,
    6.7270209861250665,
    17.947684384360812,
    43.486096703974454,
    9.828994262608234,
    21.68731152466028,
    42.68576189748222,
    9.990395636552892,
    21.96076967415635,
    43.019606874364584,
    0.006886134229340469,
    0.023258759780327615,
    0.008082739486471964,
    0.10022496258373094,
    0.02395037570554698,
    0.1060686306954588,
    0.02523323718577201,
    0.05158227191829588,
    2.120881913956102,
    1.978059079345778,
    0.3243912233774378,
    2.0305492478044,
    1.915843792592208,
    0.3180289323670672,
    106.58643828160345,
    28.977851974821455,
    135.29669262249018,
    16.59692312738173,
    46.22285080943851,
    51.53477812891283,
    16.63082635340846,
    46.23907455155402,
    51.48843464708419,
    23.92638184177596,
    50.45958578060073,
    55.452456152870795,
    24.347967706621183,
    50.44891500864207,
    55.4800360141879,
    16.740916455209547,
    46.400926436250025,
    51.83920135134046,
    16.78315861117291,
    46.41035169760042,
    51.79447026386602,
    24.120724445969525,
    50.720927395100105,
    55.71354176494477,
    24.5351104967805,
    50.71624373447723,
    55.74297427978362,
    16.89322140497899,
    46.72384279536372,
    52.09131864598874,
    16.94501773166021,
    46.717297980470086,
    52.0584567457865,
    24.309310097896674,
    50.9819966459868,
    55.99695111462789,
    24.71856473554485,
    50.98232442247944,
    56.03226463284631,
    17.038222240475633,
    46.90163451337355,
    52.381660482265914,
    17.102170826724628,
    46.889850599326856,
    52.35812693754013,
    24.511513909296255,
    51.24800196445379,
    56.25692214175144,
    24.909251336130946,
    51.23690265677661,
    56.29211462162411,
    16.38154465909473,
    46.02674601023034,
    51.28577971786105,
    16.414366476618387,
    46.014068727331576,
    51.251972122742686,
    23.692074371297803,
    50.2453906843322,
    55.222036429833004,
    24.118552428979672,
    50.22934372317667,
    55.23561516302309,
    16.52676555258764,
    46.18221476232173,
    51.604059331452184,
    16.554645845119204,
    46.19064671060972,
    51.554968738796944,
    23.89676693822235,
    50.49477470073414,
    55.489418513937025,
    24.305206095592013,
    50.49236271297613,
    55.50809919881141,
    16.677293284165707,
    46.49229436292935,
    51.85538032775576,
    16.72342885113185,
    46.509564260232395,
    51.815332128734255,
    24.076368858975027,
    50.74744069042637,
    55.755828131023705,
    24.485180627491726,
    50.73428769478887,
    55.779470107181616,
    16.82510008326691,
    46.66358497989072,
    52.15522286691004,
    16.870946625169065,
    46.67571145337398,
    52.120536271985145,
    24.268706227967805,
    50.996592090900414,
    56.01566575302457,
    24.670699471662004,
    50.99750608427816,
    56.044839641543135,
    0.9872145209117121,
    420.5738179680323,
    422.4767952904168,
    537.9576976533862,
    446.6918233773575
  ]
}
