{
  "durationSeconds": 18.000000000000902,
  "steps": 900,
  "survivalRate": 1.0,
  "fell": false,
  "motionCommand": [
    0.13111111111111284,
    0.02499999999999996,
    0.041666666666666664
  ],
  "meanMotionCommand": [
    0.13111111111111284,
    0.02499999999999996,
    0.041666666666666664
  ],
  "meanMeasuredMotion": [
    0.02278320414931349,
    0.10863583285812331,
    -0.027393085189997612
  ],
  "planarVelocityTrackingError": 0.1368571809025606,
  "yawRateTrackingError": 0.06905975185666427,
  "meanVelocityTrackingError": 0.5051399859958232,
  "meanPlanarVelocityTrackingError": 0.28641605885906674,
  "meanYawRateTrackingError": 0.3656913631859597,
  "meanUpright": 0.2726526734820694,
  "meanAbsolutePitchRad": 0.08486062741565698,
  "minimumPitchRad": -1.0689741533326957,
  "maximumPitchRad": 0.08013520357881722,
  "maximumBackwardPitchRad": 1.0689741533326957,
  "maximumAbsolutePitchRad": 1.0689741533326957,
  "maximumAbsolutePitchRateRadPerSec": 4.533425333009843,
  "meanBodyTiltRad": 2.1806760939911216,
  "maximumBodyTiltRad": 3.138083534872535,
  "initialBodyTiltRad": 0.0,
  "minimumBodyTiltRad": 0.0,
  "finalBodyTiltRad": 3.106749117959656,
  "finalBaseHeightM": 0.06506934123441076,
  "selfRightingTask": true,
  "recoveryTriggered": true,
  "selfRightingSuccess": 0.0,
  "timeToStableStandSeconds": 15.3,
  "stableStandingDwellSeconds": 0.0,
  "finalStableStandingDwellSeconds": 0.0,
  "minimumJointLimitMarginRad": -0.029220416455227688,
  "disallowedCollisionSteps": 2,
  "meanEnergy": 386.7465944822051,
  "meanSmoothness": 65.34955650957498,
  "peakActuator": 8.0,
  "motionQualityFootEvidenceAvailable": true,
  "motionQualityContactThresholdNewton": 1.0,
  "meanJointJerkRadPerSec3": 13202.116064220152,
  "peakJointJerkRadPerSec3": 55022.67464505137,
  "meanBodyAngularJerkRadPerSec3": 3214.1271646407267,
  "peakBodyAngularJerkRadPerSec3": 20077.229220559588,
  "meanActionSlewRatePerSec": 274.94142146481386,
  "peakActionSlewRatePerSec": 800.0,
  "actuatorSaturationRate": 0.7303703703703703,
  "meanFootSlipSpeedMps": 0.1336078907884986,
  "peakFootSlipSpeedMps": 0.8684857117554525,
  "totalFootSlipDistanceM": 0.5077099849962947,
  "meanFootContactImpactNPerSec": 170.07346661786102,
  "peakFootContactImpactNPerSec": 13934.1421274171,
  "peakFootContactForceNewton": 278.68361399065566,
  "motionCommandSchedule": [
    {
      "atStep": 0,
      "atSeconds": 0.0,
      "command": [
        0.2,
        0.0,
        0.0
      ]
    },
    {
      "atStep": 400,
      "atSeconds": 8.0,
      "command": [
        0.2,
        0.0,
        0.0
      ]
    },
    {
      "atStep": 500,
      "atSeconds": 10.0,
      "command": [
        0.12,
        0.0,
        0.25
      ]
    },
    {
      "atStep": 650,
      "atSeconds": 13.0,
      "command": [
        0.0,
        0.15,
        0.0
      ]
    },
    {
      "atStep": 800,
      "atSeconds": 16.0,
      "command": [
        0.0,
        0.0,
        0.0
      ]
    }
  ],
  "transitionCount": 4,
  "transitions": [
    {
      "index": 1,
      "atStep": 400,
      "atSeconds": 8.0,
      "endStep": 500,
      "fromCommand": [
        0.2,
        0.0,
        0.0
      ],
      "toCommand": [
        0.2,
        0.0,
        0.0
      ],
      "sampleCount": 100,
      "peakPlanarTrackingError": 0.4926560073434404,
      "peakYawRateTrackingError": 0.5992117069515073,
      "terminalMeasuredMotion": [
        -0.0470869083616859,
        -0.031924308850453026,
        0.11164381464578729
      ],
      "terminalPlanarTrackingError": 0.24914072685796532,
      "terminalYawRateTrackingError": 0.11164381464578729,
      "planarOvershootMps": 0.0,
      "yawRateOvershootRadPerSec": 0.0,
      "planarSettlingTimeSeconds": 2.0,
      "yawRateSettlingTimeSeconds": 0.2,
      "planarSettled": false,
      "yawRateSettled": true,
      "planarBraking": false
    },
    {
      "index": 2,
      "atStep": 500,
      "atSeconds": 10.0,
      "endStep": 650,
      "fromCommand": [
        0.2,
        0.0,
        0.0
      ],
      "toCommand": [
        0.12,
        0.0,
        0.25
      ],
      "sampleCount": 150,
      "peakPlanarTrackingError": 0.40648472665068924,
      "peakYawRateTrackingError": 1.0206210354538507,
      "terminalMeasuredMotion": [
        0.024399134562906787,
        0.008458523995708296,
        -0.056714344121023275
      ],
      "terminalPlanarTrackingError": 0.0959743304248963,
      "terminalYawRateTrackingError": 0.3067143441210233,
      "planarOvershootMps": 0.3945919360167746,
      "yawRateOvershootRadPerSec": 0.8237979018747157,
      "planarSettlingTimeSeconds": 3.0,
      "yawRateSettlingTimeSeconds": 3.0,
      "planarSettled": true,
      "yawRateSettled": false,
      "planarBraking": false
    },
    {
      "index": 3,
      "atStep": 650,
      "atSeconds": 13.0,
      "endStep": 800,
      "fromCommand": [
        0.12,
        0.0,
        0.25
      ],
      "toCommand": [
        0.0,
        0.15,
        0.0
      ],
      "sampleCount": 150,
      "peakPlanarTrackingError": 0.3707524964199499,
      "peakYawRateTrackingError": 0.8233296740882907,
      "terminalMeasuredMotion": [
        0.015925347956944152,
        0.001954955907559419,
        -0.06424418289375049
      ],
      "terminalPlanarTrackingError": 0.14889913293193624,
      "terminalYawRateTrackingError": 0.06424418289375049,
      "planarOvershootMps": 0.24180871955483252,
      "yawRateOvershootRadPerSec": 0.6317138259526529,
      "planarSettlingTimeSeconds": 3.0,
      "yawRateSettlingTimeSeconds": 2.26,
      "planarSettled": false,
      "yawRateSettled": true,
      "planarBraking": false
    },
    {
      "index": 4,
      "atStep": 800,
      "atSeconds": 16.0,
      "endStep": 900,
      "fromCommand": [
        0.0,
        0.15,
        0.0
      ],
      "toCommand": [
        0.0,
        0.0,
        0.0
      ],
      "sampleCount": 100,
      "peakPlanarTrackingError": 0.3504756143154697,
      "peakYawRateTrackingError": 0.5754842733185421,
      "terminalMeasuredMotion": [
        -0.03836637661199725,
        0.04613525805872574,
        0.0040042063607523964
      ],
      "terminalPlanarTrackingError": 0.06000367397483947,
      "terminalYawRateTrackingError": 0.0040042063607523964,
      "planarOvershootMps": 0.14792469975231382,
      "yawRateOvershootRadPerSec": 0.0,
      "planarSettlingTimeSeconds": 0.2,
      "yawRateSettlingTimeSeconds": 1.62,
      "planarSettled": true,
      "yawRateSettled": true,
      "planarBraking": true
    }
  ],
  "maximumTransitionTerminalPlanarTrackingError": 0.24914072685796532,
  "maximumTransitionTerminalYawRateTrackingError": 0.3067143441210233,
  "maximumPlanarSettlingTimeSeconds": 3.0,
  "maximumPlanarBrakingSettlingTimeSeconds": 0.2,
  "maximumYawRateSettlingTimeSeconds": 3.0,
  "maximumPlanarOvershootMps": 0.3945919360167746,
  "maximumYawRateOvershootRadPerSec": 0.8237979018747157,
  "unsettledPlanarTransitionCount": 2,
  "unsettledYawRateTransitionCount": 1,
  "initialBasePosition": [
    0.39889140568706105,
    1.8365963315225033,
    0.07274466247464523
  ],
  "finalBasePosition": [
    0.41204945838730916,
    1.9465915633536388,
    0.06506934123441076
  ],
  "netDisplacement": [
    0.013158052700248113,
    0.10999523183113546,
    -0.00767532124023447
  ],
  "targetPlanarDisplacement": [
    0.76,
    0.44999999999999996
  ],
  "forwardDisplacement": 0.06736387190577219,
  "targetDistance": 0.8832326986700617,
  "forwardProgress": 0.07626967616485004,
  "signedForwardProgress": 0.07626967616485004,
  "backwardDisplacement": 0.0,
  "meanForwardVelocity": 0.006736387190576611,
  "lateralDrift": 0.08794426722823075,
  "distanceTraveled": 4.267069014800881,
  "episodeInitialBasePosition": [
    0.0,
    0.0,
    0.44
  ],
  "mobilityMeasurementStartedAtSeconds": 8.0,
  "recoveryEvaluationStartedAtSeconds": 2.7,
  "missionStageDurationsSeconds": {
    "approach": 2.48,
    "impact": 0.16,