{
  "durationSeconds": 4.999999999999671,
  "steps": 250,
  "survivalRate": 1.0,
  "fell": false,
  "motionCommand": [
    0.25,
    0.0,
    0.0
  ],
  "meanMotionCommand": [
    0.25,
    0.0,
    0.0
  ],
  "meanMeasuredMotion": [
    0.04319947926661659,
    1.378704421778386e-13,
    2.38791820316653e-13
  ],
  "planarVelocityTrackingError": 0.2068005207333834,
  "yawRateTrackingError": 2.38791820316653e-13,
  "meanVelocityTrackingError": 0.20680052073338348,
  "meanPlanarVelocityTrackingError": 0.20680052073338348,
  "meanYawRateTrackingError": 7.104096886484362e-13,
  "meanUpright": 0.9369178056003369,
  "meanAbsolutePitchRad": 0.12627383416548765,
  "minimumPitchRad": -0.20398722829316032,
  "maximumPitchRad": -0.013754581943502462,
  "maximumBackwardPitchRad": 0.20398722829316032,
  "maximumAbsolutePitchRad": 0.20398722829316032,
  "maximumAbsolutePitchRateRadPerSec": 2.6160996654429307,
  "meanEnergy": 186.911908602475,
  "meanSmoothness": 130.46754205564025,
  "peakActuator": 8.0,
  "motionCommandSchedule": [
    {
      "atStep": 0,
      "atSeconds": 0.0,
      "command": [
        0.25,
        0.0,
        0.0
      ]
    }
  ],
  "transitionCount": 0,
  "transitions": [],
  "maximumTransitionTerminalPlanarTrackingError": 0.0,
  "maximumTransitionTerminalYawRateTrackingError": 0.0,
  "maximumPlanarSettlingTimeSeconds": 0.0,
  "maximumPlanarBrakingSettlingTimeSeconds": 0.0,
  "maximumYawRateSettlingTimeSeconds": 0.0,
  "maximumPlanarOvershootMps": 0.0,
  "maximumYawRateOvershootRadPerSec": 0.0,
  "unsettledPlanarTransitionCount": 0,
  "unsettledYawRateTransitionCount": 0,
  "initialBasePosition": [
    0.0,
    0.0,
    0.44
  ],
  "finalBasePosition": [
    0.21688088090803354,
    6.918937095922175e-13,
    0.4181724110514363
  ],
  "netDisplacement": [
    0.21688088090803354,
    6.918937095922175e-13,
    -0.02182758894856368
  ],
  "targetPlanarDisplacement": [
    1.25,
    0.0
  ],
  "forwardDisplacement": 0.21688088090803354,
  "targetDistance": 1.25,
  "forwardProgress": 0.17350470472642682,
  "signedForwardProgress": 0.17350470472642682,
  "backwardDisplacement": 0.0,
  "meanForwardVelocity": 0.043376176181609556,
  "lateralDrift": 6.918937095922175e-13,
  "distanceTraveled": 0.33293763104892704
}
