{
  "terms": {
    "survival": 25.0,
    "velocityTracking": 16.572747240650692,
    "forwardProgress": 8.67523523632134,
    "upright": 14.053767084005052,
    "lateralDrift": -6.918937095922175e-12,
    "transitionTracking": 0.0,
    "energy": -1.86911908602475,
    "smoothness": -0.6523377102782013,
    "componentMass": -1.5075,
    "sensorChannels": -5.3500000000000005,
    "trainingSteps": -0.0
  },
  "total": 54.922792764667214
}
