{
  "count": 8192.000100000001,
  "mean": [
    0.12863588187749583,
    0.3476139302411552,
    -0.4571747869505471,
    -0.13604992698340554,
    0.3174981503856282,
    -0.4647447460835419,
    0.18773808521416727,
    0.2503872416626069,
    -0.5354559640270341,
    -0.19942507063557738,
    0.23145926879031034,
    -0.5250617956587511,
    -0.0007904153138481476,
    0.013477748227909706,
    0.012400198906131478,
    0.004703085316882381,
    0.015035455127466502,
    0.009737729974608688,
    0.011618934086867117,
    0.019998883477192152,
    -0.015452464646088432,
    -0.009194067830947207,
    0.020969718023597515,
    -0.016647358977008607,
    0.31157869134636856,
    0.7463845599109196,
    0.033051695870910405,
    0.148095720726024,
    0.028714811134839237,
    0.04445960987952132,
    -0.005258212967982511,
    -0.0025327104222571755,
    0.004891255051364622,
    0.02927524457699487,
    -0.0051815843982253515,
    0.005232444449549553,
    0.026936017952689306,
    -0.005412096357637443,
    0.09333786300643777,
    0.07423136619312454,
    5.012621859428936,
    0.1907012317065217,
    -0.1285466496559473,
    0.05943732838511545,
    -0.21617874695323458,
    -0.0800539050405564,
    0.07714594212879948,
    -0.03448568547712507,
    0.1216874010921081,
    0.7794176144640029,
    0.07603221862085192,
    0.08759119012867857,
    0.7330257692917463,
    0.19145968096571472,
    -0.1247997196434279,
    0.054311379598578804,
    -0.21512005483948224,
    -0.0763006806147916,
    0.07205828786893381,
    -0.03311513049835898,
    0.12878666185743917,
    0.7756859701608575,
    0.07608625864637841,
    0.09068967549409086,
    0.7315517793703632,
    0.19416680813406476,
    -0.1273307560084871,
    0.05723903440493837,
    -0.2127721188163808,
    -0.07927285897629513,
    0.07509202738344854,
    -0.03143279944744955,
    0.12474225502698492,
    0.781101616525186,
    0.07961288826139781,
    0.08598188452626802,
    0.7378625830141808,
    0.1936907162257124,
    -0.12050164411566418,
    0.0525120331372122,
    -0.212804455101568,
    -0.07244311765446915,
    0.06930217730923956,
    -0.03251905344280406,
    0.13103842162021115,
    0.7778486231240525,
    0.07909046620352561,
    0.08958388068872877,
    0.7348033186197958,
    0.19069802320016185,
    -0.12657865564169357,
    0.05767580203200691,
    -0.2161812184558961,
    -0.07810225066350178,
    0.07519215884026739,
    -0.03447845556458213,
    0.12362124165936818,
    0.7775457742187971,
    0.07602260763229761,
    0.0862300806971745,
    0.7337716065558847,
    0.1905440863193637,
    -0.12366723330100465,
    0.05453587419232647,
    -0.21604898060054803,
    -0.07516388934990004,
    0.07257788208209108,
    -0.03450563770169054,
    0.12686297109806555,
    0.7775690848794429,
    0.07551029656561961,
    0.09265597590916282,
    0.7295948173799457,
    0.19154260058511674,
    -0.12919412802312039,
    0.05919865785115102,
    -0.21527969792934684,
    -0.08107411000720262,
    0.07705582498581952,
    -0.033868231074608075,
    0.12474034011284346,
    0.7811027806224401,
    0.07735856238385948,
    0.08631358633340992,
    0.7368274806391274,
    0.19427923839043887,
    -0.12246767922915883,
    0.05253184245541344,
    -0.21280727608276429,
    -0.07439909126223711,
    0.07068261973487269,
    -0.03164343303479765,
    0.12936032014755744,
    0.7791849196239257,
    0.07909421038100413,
    0.0908912391102725,
    0.7344890373295802,
    0.3530437999096651,
    0.14873046833215406,
    0.016479492641170438,
    0.045776366628706454,
    10.740677178559848,
    10.722591468552048,
    12.0066915706549,
    11.718682610317051
  ],
  "variance": [
    0.016217399408275286,
    0.06784727200001403,
    0.0975027285085707,
    0.01653597306482787,
    0.09596118653502797,
    0.08969389475358505,
    0.026582473118240982,
    0.10807902025968352,
    0.03373898764262741,
    0.025950637489808796,
    0.13309857154680188,
    0.027829987715001676,
    6.628824324555497,
    12.297009046406835,
    28.578711065156828,
    6.867689633532692,
    12.444522450057002,
    28.338716217294795,
    7.83394884333839,
    12.02008650811928,
    24.018229624212744,
    7.9037008382826945,
    12.709196786564963,
    24.238022642451714,
    0.021947682173898288,
    0.16771129452041517,
    0.1376928495485792,
    0.09863714401206879,
    0.015017125638386,
    0.05791017662330577,
    0.02368194407551275,
    0.051918108224910005,
    2.541627370997372,
    1.1128004166233054,
    0.16840170291121417,
    2.4624807753707727,
    1.042027841052872,
    0.16322327673010437,
    33.556784847049364,
    21.902199245376323,
    245.04619538150146,
    17.463012291881157,
    46.73765377600704,
    49.83932497501142,
    17.655089475959784,
    47.344690620891164,
    49.55528712187072,
    19.366536908662194,
    46.69878561748635,
    46.67839380295616,
    19.484837525007652,
    47.446758640751526,
    46.85538020384554,
    17.48621621119445,
    46.81692607657674,
    49.90689209219075,
    17.679007698201588,
    47.421187366650074,
    49.631212256106664,
    19.391609660523773,
    46.776692628744435,
    46.73313041957585,
    19.510459322253052,
    47.529457380769294,
    46.92400147455167,
    17.504098519032834,
    46.89331676478205,
    49.992282286282006,
    17.69802642221219,
    47.5022952992336,
    49.71495202434931,
    19.40948275818028,
    46.85259907076605,
    46.804530701790796,
    19.528345934798025,
    47.604572356113245,
    46.98780605087605,
    17.528958752307798,
    46.98086601031516,
    50.07612556383517,
    17.729280434888274,
    47.58916374247911,
    49.78041116102498,
    19.43281072866194,
    46.922711487787005,
    46.851677508984466,
    19.560988906327808,
    47.67961654223332,
    47.049614525537415,
    17.43192615580801,
    46.706897749658836,
    49.81097981715981,
    17.62377567613353,
    47.313600003058006,
    49.524236007119356,
    19.33539698568599,
    46.66726260727042,
    46.65136485171012,
    19.45340065526157,
    47.423497817733775,
    46.83469734629537,
    17.462978701875603,
    46.793543806443935,
    49.894363217907554,
    17.65518454377525,
    47.39997350966572,
    49.60588152181552,
    19.366695452747027,
    46.74610691134231,
    46.699923016084036,
    19.486171452098425,
    47.497855781021094,
    46.895532932544945,
    17.486264075374436,
    46.86281511678452,
    49.96072252912457,
    17.679170918136037,
    47.473026960462704,
    49.68360814587025,
    19.392503257761298,
    46.82151918564482,
    46.7732296751517,
    19.512627535561716,
    47.578029604563845,
    46.96594976696293,
    17.504135570015112,
    46.94898336647853,
    50.04483142661293,
    17.697997708741067,
    47.55771516342917,
    49.76317662214437,
    19.409353231660294,
    46.89571577278095,
    46.826570217374986,
    19.52952315413688,
    47.65632040804946,
    47.02792319657965,
    0.22841829705671976,
    0.0058675415427403435,
    0.0022003625237217166,
    0.009348628122481977,
    375.69462941180507,
    367.83244789213677,
    385.4144922669075,
    382.5615120488333
  ]
}
