{
  "previous": {
    "assembly": "force-sensing",
    "controller": "force-aware-gait",
    "assemblyHash": "d89572552c790a7256a7fe23403e257b121aab1b617e4b133032638dcb972cea",
    "aggregateScore": 84.07506901465986,
    "cases": [
      {
        "case": {
          "id": "nominal",
          "task": "velocity-track",
          "scenario": "nominal",
          "seed": 42,
          "weight": 1
        },
        "metrics": {
          "durationSeconds": 2.999999999999891,
          "steps": 150,
          "survivalRate": 1,
          "fell": false,
          "meanVelocityTrackingError": 0.20014925657536645,
          "meanUpright": 0.9411826520466146,
          "meanEnergy": 1.1898567983456754,
          "meanSmoothness": 0.40129449658757127,
          "peakActuator": 6
        },
        "score": {
          "terms": {
            "survival": 50,
            "velocityTracking": 16.664593916485128,
            "upright": 18.823653040932292,
            "energy": -0.023797135966913508,
            "smoothness": -0.004012944965875713,
            "componentMass": -1.4275,
            "sensorChannels": -0.5,
            "trainingSteps": 0
          },
          "total": 83.53293687648463
        },
        "resultHash": "c4442136c28bb68791050f14cca22ade9f21e7a2fbbb3e7584d4f6e6c80b2ef6"
      },
      {
        "case": {
          "id": "low-friction",
          "task": "velocity-track",
          "scenario": "low-friction",
          "seed": 43,
          "weight": 1.2
        },
        "metrics": {
          "durationSeconds": 2.999999999999891,
          "steps": 150,
          "survivalRate": 1,
          "fell": false,
          "meanVelocityTrackingError": 0.20014925657536645,
          "meanUpright": 0.9411826520466146,
          "meanEnergy": 1.1898567983456754,
          "meanSmoothness": 0.40129449658757127,
          "peakActuator": 6
        },
        "score": {
          "terms": {
            "survival": 50,
            "velocityTracking": 16.664593916485128,
            "upright": 18.823653040932292,
            "energy": -0.023797135966913508,
            "smoothness": -0.004012944965875713,
            "componentMass": -1.4275,
            "sensorChannels": -0.5,
            "trainingSteps": 0
          },
          "total": 83.53293687648463
        },
        "resultHash": "161da7e48cb61816414fdfe697186c694a84cabfaa4d52c4275b09c62cadf5b3"
      },
      {
        "case": {
          "id": "lateral-push",
          "task": "stand",
          "scenario": "lateral-push",
          "seed": 44,
          "weight": 1.5
        },
        "metrics": {
          "durationSeconds": 2.0000000000000013,
          "steps": 100,
          "survivalRate": 1,
          "fell": false,
          "meanVelocityTrackingError": 0.0979450608870732,
          "meanUpright": 0.9323098898146401,
          "meanEnergy": 2.904361335665178,
          "meanSmoothness": 0.6262107921321286,
          "peakActuator": 6
        },
        "score": {
          "terms": {
            "survival": 50,
            "velocityTracking": 18.215847688992028,
            "upright": 18.646197796292803,
            "energy": -0.05808722671330356,
            "smoothness": -0.006262107921321286,
            "componentMass": -1.4275,
            "sensorChannels": -0.5,
            "trainingSteps": 0
          },
          "total": 84.8701961506502
        },
        "resultHash": "4cff6144a05165df523002f2dfd75bd28a30966c052c5843a0732deafffe4149"
      }
    ]
  },
  "candidate": {
    "assembly": "force-sensing",
    "controller": "force-aware-gait",
    "assemblyHash": "d89572552c790a7256a7fe23403e257b121aab1b617e4b133032638dcb972cea",
    "aggregateScore": 83.963517891264,
    "cases": [
      {
        "case": {
          "id": "nominal",
          "task": "velocity-track",
          "scenario": "nominal",
          "seed": 42,
          "weight": 1
        },
        "metrics": {
          "durationSeconds": 2.999999999999891,
          "steps": 150,
          "survivalRate": 1,
          "fell": false,
          "meanVelocityTrackingError": 0.20019771872286352,
          "meanUpright": 0.9398546128486658,
          "meanEnergy": 2.0995650599271496,
          "meanSmoothness": 0.9093187962005874,
          "peakActuator": 6
        },
        "score": {
          "terms": {
            "survival": 50,
            "velocityTracking": 16.663921025680754,
            "upright": 18.797092256973315,
            "energy": -0.04199130119854299,
            "smoothness": -0.009093187962005875,
            "componentMass": -1.4275,
            "sensorChannels": -0.5,
            "trainingSteps": 0
          },
          "total": 83.48242879349353
        },
        "resultHash": "367dad036d5d4759eae390526f6bdb8149ae0d8adfd291f1c5f044f2fbfe7508"
      },
      {
        "case": {
          "id": "low-friction",
          "task": "velocity-track",
          "scenario": "low-friction",
          "seed": 43,
          "weight": 1.2
        },
        "metrics": {
          "durationSeconds": 2.999999999999891,
          "steps": 150,
          "survivalRate": 1,
          "fell": false,
          "meanVelocityTrackingError": 0.20019771872286352,
          "meanUpright": 0.9398546128486658,
          "meanEnergy": 2.0995650599271496,
          "meanSmoothness": 0.9093187962005874,
          "peakActuator": 6
        },
        "score": {
          "terms": {
            "survival": 50,
            "velocityTracking": 16.663921025680754,
            "upright": 18.797092256973315,
            "energy": -0.04199130119854299,
            "smoothness": -0.009093187962005875,
            "componentMass": -1.4275,
            "sensorChannels": -0.5,
            "trainingSteps": 0
          },
          "total": 83.48242879349353
        },
        "resultHash": "8dca8f916e4c2a288aa06211c74f1d894be932e02b6efcf8381979267807ad09"
      },
      {
        "case": {
          "id": "lateral-push",
          "task": "stand",
          "scenario": "lateral-push",
          "seed": 44,
          "weight": 1.5
        },
        "metrics": {
          "durationSeconds": 2.0000000000000013,
          "steps": 100,
          "survivalRate": 1,
          "fell": false,
          "meanVelocityTrackingError": 0.10102389612918707,
          "meanUpright": 0.9313452206569812,
          "meanEnergy": 7.659989483160404,
          "meanSmoothness": 4.199940603962535,
          "peakActuator": 6
        },
        "score": {
          "terms": {
            "survival": 50,
            "velocityTracking": 18.16491001722394,
            "upright": 18.626904413139624,
            "energy": -0.15319978966320807,
            "smoothness": -0.04199940603962535,
            "componentMass": -1.4275,
            "sensorChannels": -0.5,
            "trainingSteps": 0
          },
          "total": 84.66911523466072
        },
        "resultHash": "353841af9a2db8806624952a25e76e6874dbcbd9ca5aa918404da985031581c9"
      }
    ]
  },
  "delta": -0.11155112339585571,
  "gateReasons": []
}
