{
  "count": 8192.000100000001,
  "mean": [
    0.27707426806499313,
    -0.5101805248259297,
    0.2790285040286778,
    -0.5110597311339812,
    0.26171042765454744,
    -0.5560703050774015,
    0.24808144559521944,
    -0.5561358032443166,
    -0.007239436804690363,
    0.049287351310290606,
    -0.007512314101116451,
    0.04986213339948277,
    0.06269693272794553,
    0.0021495931785315493,
    0.050598313951018936,
    0.01641184627904596,
    0.4208976400157619,
    0.9898229444596126,
    -0.0006622563072661256,
    -0.07426990250008655,
    0.009716070641256087,
    0.06885582734444318,
    0.0027795128025401147,
    -0.004179371764642019,
    -0.0020327203303183152,
    -0.1066220494140235,
    0.008169959496587567,
    -0.002121007491265956,
    -0.1126524877722563,
    0.008231069170974789,
    1.499950793088653,
    -0.013412880705600446,
    10.224230913399571,
    10.674386767505823,
    12.218238821005086,
    19.614700317361304,
    17.635321198040717
  ],
  "variance": [
    0.01892453527837658,
    0.009336243606612048,
    0.01854670319571092,
    0.009758046990950198,
    0.014163364764449765,
    0.010874159360284701,
    0.013453288793808084,
    0.01097101088168207,
    5.692364431885313,
    15.412872388336025,
    5.595775577201968,
    14.977736624248422,
    3.0248820021694196,
    6.146313205678108,
    3.3082963665060756,
    6.866157050162122,
    0.0006356675782573813,
    0.0031003323343408206,
    0.00025454657038439827,
    0.00984373384913698,
    0.00144179206118682,
    0.07654178267117777,
    0.005350579075773485,
    0.010559834033194023,
    0.029701338507130796,
    0.4675234060465656,
    0.022490426736900847,
    0.02922459020031559,
    0.4472551386852413,
    0.02245846439311055,
    15.678256451028481,
    5.771257275962913,
    55.136643959576475,
    251.88742511849276,
    295.34204491012264,
    340.1745726011244,
    319.28994113465046
  ]
}
