{
  "durationSeconds": 1.6000000000000012,
  "steps": 80,
  "survivalRate": 0.316,
  "fell": true,
  "motionCommand": [
    0.25,
    0.0,
    0.0
  ],
  "meanMotionCommand": [
    0.25,
    0.0,
    0.0
  ],
  "meanMeasuredMotion": [
    -0.3673311326982516,
    -1.611373392481153e-05,
    0.0013916822058816722
  ],
  "planarVelocityTrackingError": 0.6173311329085539,
  "yawRateTrackingError": 0.0013916822058816722,
  "meanVelocityTrackingError": 0.6186582643389252,
  "meanPlanarVelocityTrackingError": 0.6173607612763459,
  "meanYawRateTrackingError": 0.012734470449636198,
  "meanUpright": 0.7049344939337192,
  "meanEnergy": 506.69329503680245,
  "meanSmoothness": 25.45041706650203,
  "peakActuator": 8.0,
  "motionCommandSchedule": [
    {
      "atStep": 0,
      "atSeconds": 0.0,
      "command": [
        0.25,
        0.0,
        0.0
      ]
    }
  ],
  "transitionCount": 0,
  "transitions": [],
  "maximumTransitionTerminalPlanarTrackingError": 0.0,
  "maximumTransitionTerminalYawRateTrackingError": 0.0,
  "maximumPlanarSettlingTimeSeconds": 0.0,
  "maximumPlanarBrakingSettlingTimeSeconds": 0.0,
  "maximumYawRateSettlingTimeSeconds": 0.0,
  "maximumPlanarOvershootMps": 0.0,
  "maximumYawRateOvershootRadPerSec": 0.0,
  "unsettledPlanarTransitionCount": 0,
  "unsettledYawRateTransitionCount": 0,
  "initialBasePosition": [
    0.0,
    0.0,
    0.44
  ],
  "finalBasePosition": [
    -0.5791942578307778,
    0.00033805079958785286,
    0.182940614997796
  ],
  "netDisplacement": [
    -0.5791942578307778,
    0.00033805079958785286,
    -0.257059385002204
  ],
  "targetPlanarDisplacement": [
    1.25,
    0.0
  ],
  "forwardDisplacement": -0.5791942578307778,
  "targetDistance": 1.25,
  "forwardProgress": 0.0,
  "signedForwardProgress": -0.46335540626462224,
  "backwardDisplacement": 0.5791942578307778,
  "meanForwardVelocity": -0.36199641114423586,
  "lateralDrift": 0.00033805079958785286,
  "distanceTraveled": 0.6191998246960587
}
