{
  "terms": {
    "survival": 7.9,
    "velocityTracking": 9.26693442987247,
    "forwardProgress": 0.0,
    "upright": 10.574017409005789,
    "lateralDrift": -0.0033805079958785286,
    "transitionTracking": 0.0,
    "energy": -5.066932950368025,
    "smoothness": -0.12725208533251015,
    "componentMass": -1.5075,
    "sensorChannels": -5.3500000000000005,
    "trainingSteps": -0.0
  },
  "total": 15.685886295181845
}
