{
  "count": 32768.000100000005,
  "mean": [
    0.0973121083310052,
    0.16048358808282714,
    -0.5101235336131498,
    -0.12309927987709977,
    0.19536535423807352,
    -0.52112174489645,
    0.00309422872794434,
    0.05392754263496033,
    0.1697452006540435,
    0.18338397873695514,
    -0.5505028057330689,
    -0.18768459707055496,
    0.21610193515619644,
    -0.5557216337093368,
    -0.006649499815500242,
    -0.0009139142837224995,
    0.01762233407749975,
    0.008021812861289212,
    0.005728672594175405,
    0.016185516541723014,
    -0.00015081185661677425,
    0.003353120406906625,
    0.00866778775603679,
    0.0026534448082756006,
    0.009912640395664932,
    -0.007638518570353288,
    0.00934106609985133,
    0.007048703008406449,
    0.23483681909557858,
    0.5008980562830614,
    -0.1968010044560997,
    -0.09936119387155276,
    0.01033532730289435,
    -0.04352850175020581,
    0.023807732452997315,
    -0.021871698909375677,
    -0.03972783531483091,
    -0.042346514649363676,
    0.027978951589633205,
    -0.039108208075811154,
    -0.044320968124795176,
    0.02764757385944357,
    0.9485035468336108,
    0.013015418549221917,
    -0.33972879558000024,
    1.0875199627597694,
    0.16594238441047157,
    0.012359619594033587,
    0.02059936517151066,
    6.659114784648151,
    6.685174838413457,
    8.667522913246975,
    8.615371008276911
  ],
  "variance": [
    0.04097658867015739,
    0.15903079530220068,
    0.11888388948600137,
    0.0398011499908417,
    0.13127846998869147,
    0.13026949020254336,
    0.0033055865911951247,
    0.022929134484473226,
    0.06322637128612422,
    0.1752346524525224,
    0.058211424648998936,
    0.061600493091347935,
    0.1419673675206957,
    0.06793378818054945,
    13.515440853797598,
    20.59590052900083,
    44.578392078264265,
    13.317271665957245,
    20.304129024050958,
    44.74753572013074,
    3.8339125168603183,
    8.694101101809315,
    18.991299749499518,
    22.203311577863253,
    35.906982049942414,
    18.777357263027223,
    22.373817790517247,
    36.101496994231304,
    0.022429485185555553,
    0.20527101869226455,
    0.24812290457882938,
    0.1688039572740677,
    0.078184552486244,
    0.034685910073484205,
    0.08355749252443045,
    0.08349864052687682,
    4.376090732968413,
    2.6647757499855484,
    0.5536834687390457,
    4.2569125123365845,
    2.528148562354431,
    0.5323199079946069,
    55.51290296251934,
    46.380003457737836,
    278.74643066943355,
    0.07986646123390152,
    0.004860589823672136,
    0.0017011858680226971,
    0.004725510499166245,
    259.40298937306306,
    268.1200334199319,
    495.96941125410734,
    531.9467699537885
  ]
}
