{
  "durationSeconds": 0.5800000000000004,
  "steps": 29,
  "survivalRate": 0.112,
  "fell": true,
  "motionCommand": [
    0.25,
    0.0,
    0.0
  ],
  "meanMotionCommand": [
    0.25,
    0.0,
    0.0
  ],
  "meanMeasuredMotion": [
    0.006364175395226373,
    -1.321269200440997e-14,
    8.10221883884017e-14
  ],
  "planarVelocityTrackingError": 0.24363582460477362,
  "yawRateTrackingError": 8.10221883884017e-14,
  "meanVelocityTrackingError": 0.26070091523719335,
  "meanPlanarVelocityTrackingError": 0.26070091523719335,
  "meanYawRateTrackingError": 1.518175143693103e-13,
  "meanUpright": 0.8986079284932601,
  "meanEnergy": 400.22974753319033,
  "meanSmoothness": 26.244953417160797,
  "peakActuator": 8.0,
  "motionCommandSchedule": [
    {
      "atStep": 0,
      "atSeconds": 0.0,
      "command": [
        0.25,
        0.0,
        0.0
      ]
    }
  ],
  "transitionCount": 0,
  "transitions": [],
  "maximumTransitionTerminalPlanarTrackingError": 0.0,
  "maximumTransitionTerminalYawRateTrackingError": 0.0,
  "maximumPlanarSettlingTimeSeconds": 0.0,
  "maximumPlanarBrakingSettlingTimeSeconds": 0.0,
  "maximumYawRateSettlingTimeSeconds": 0.0,
  "maximumPlanarOvershootMps": 0.0,
  "maximumYawRateOvershootRadPerSec": 0.0,
  "unsettledPlanarTransitionCount": 0,
  "unsettledYawRateTransitionCount": 0,
  "initialBasePosition": [
    0.0,
    0.0,
    0.44
  ],
  "finalBasePosition": [
    0.003610932690331748,
    -7.516173525041258e-15,
    0.17255857086742038
  ],
  "netDisplacement": [
    0.003610932690331748,
    -7.516173525041258e-15,
    -0.2674414291325796
  ],
  "targetPlanarDisplacement": [
    1.25,
    0.0
  ],
  "forwardDisplacement": 0.003610932690331748,
  "targetDistance": 1.25,
  "forwardProgress": 0.0028887461522653984,
  "signedForwardProgress": 0.0028887461522653984,
  "backwardDisplacement": 0.0,
  "meanForwardVelocity": 0.006225746017813354,
  "lateralDrift": 7.516173525041258e-15,
  "distanceTraveled": 0.07548374640429162
}
