{
  "terms": {
    "survival": 2.8000000000000003,
    "velocityTracking": 15.864190910210548,
    "forwardProgress": 0.14443730761326992,
    "upright": 13.479118927398902,
    "lateralDrift": -7.516173525041259e-14,
    "transitionTracking": 0.0,
    "energy": -4.002297475331903,
    "smoothness": -0.131224767085804,
    "componentMass": -1.5075,
    "sensorChannels": -5.3500000000000005,
    "trainingSteps": -0.0
  },
  "total": 21.296724902804936
}
