{
  "durationSeconds": 6.499999999999506,
  "steps": 325,
  "survivalRate": 1.0,
  "fell": false,
  "motionCommand": [
    0.030769230769230813,
    0.0,
    0.0
  ],
  "meanMotionCommand": [
    0.030769230769230813,
    0.0,
    0.0
  ],
  "meanMeasuredMotion": [
    0.08472844914229574,
    -0.009570843227408084,
    0.003995719596919124
  ],
  "planarVelocityTrackingError": 0.05480144421012763,
  "yawRateTrackingError": 0.003995719596919124,
  "meanVelocityTrackingError": 0.1596188444641338,
  "meanPlanarVelocityTrackingError": 0.14557758986605923,
  "meanYawRateTrackingError": 0.028127618882949075,
  "meanUpright": 0.6114354336720312,
  "meanEnergy": 190.75597038123033,
  "meanSmoothness": 131.10982469280097,
  "peakActuator": 8.0,
  "motionCommandSchedule": [
    {
      "atStep": 0,
      "atSeconds": 0.0,
      "command": [
        0.2,
        0.0,
        0.0
      ]
    },
    {
      "atStep": 125,
      "atSeconds": 2.5,
      "command": [
        -0.15,
        0.0,
        0.0
      ]
    },
    {
      "atStep": 225,
      "atSeconds": 4.5,
      "command": [
        0.0,
        0.0,
        0.0
      ]
    }
  ],
  "transitionCount": 2,
  "transitions": [
    {
      "index": 1,
      "atStep": 125,
      "atSeconds": 2.5,
      "endStep": 225,
      "fromCommand": [
        0.2,
        0.0,
        0.0
      ],
      "toCommand": [
        -0.15,
        0.0,
        0.0
      ],
      "sampleCount": 100,
      "peakPlanarTrackingError": 0.7037966665268426,
      "peakYawRateTrackingError": 0.39245908725230133,
      "terminalMeasuredMotion": [
        -0.11294558649057111,
        -0.037377726376410444,
        0.002656719046754113
      ],
      "terminalPlanarTrackingError": 0.05263196737342767,
      "terminalYawRateTrackingError": 0.002656719046754113,
      "planarOvershootMps": 0.22383471844426275,
      "yawRateOvershootRadPerSec": 0.0,
      "planarSettlingTimeSeconds": 1.92,
      "yawRateSettlingTimeSeconds": 0.2,
      "planarSettled": true,
      "yawRateSettled": true
    },
    {
      "index": 2,
      "atStep": 225,
      "atSeconds": 4.5,
      "endStep": 325,
      "fromCommand": [
        -0.15,
        0.0,
        0.0
      ],
      "toCommand": [
        0.0,
        0.0,
        0.0
      ],
      "sampleCount": 100,
      "peakPlanarTrackingError": 0.20125858344018843,
      "peakYawRateTrackingError": 0.04144547023123304,
      "terminalMeasuredMotion": [
        -0.02958275219924401,
        -0.01149585588830131,
        -0.012163552375938767
      ],
      "terminalPlanarTrackingError": 0.031737894232076395,
      "terminalYawRateTrackingError": 0.012163552375938767,
      "planarOvershootMps": 0.04420557742585994,
      "yawRateOvershootRadPerSec": 0.0,
      "planarSettlingTimeSeconds": 0.2,
      "yawRateSettlingTimeSeconds": 0.2,
      "planarSettled": true,
      "yawRateSettled": true
    }
  ],
  "maximumTransitionTerminalPlanarTrackingError": 0.05263196737342767,
  "maximumTransitionTerminalYawRateTrackingError": 0.012163552375938767,
  "maximumPlanarSettlingTimeSeconds": 1.92,
  "maximumYawRateSettlingTimeSeconds": 0.2,
  "maximumPlanarOvershootMps": 0.22383471844426275,
  "maximumYawRateOvershootRadPerSec": 0.0,
  "unsettledPlanarTransitionCount": 0,
  "unsettledYawRateTransitionCount": 0,
  "initialBasePosition": [
    0.0,
    0.0,
    0.44
  ],
  "finalBasePosition": [
    0.5707110518436646,
    -0.05545325350208779,
    0.2527133231646734
  ],
  "netDisplacement": [
    0.5707110518436646,
    -0.05545325350208779,
    -0.18728667683532663
  ],
  "targetPlanarDisplacement": [
    0.2,
    0.0
  ],
  "forwardDisplacement": 0.5707110518436646,
  "targetDistance": 0.2,
  "forwardProgress": 1.0,
  "meanForwardVelocity": 0.08780170028364737,
  "lateralDrift": 0.05545325350208779,
  "distanceTraveled": 1.071430916315833
}
