{
  "durationSeconds": 4.999999999999671,
  "steps": 250,
  "survivalRate": 1.0,
  "fell": false,
  "motionCommand": [
    0.25,
    0.0,
    0.0
  ],
  "meanMotionCommand": [
    0.25,
    0.0,
    0.0
  ],
  "meanMeasuredMotion": [
    0.07187348352720681,
    -0.009279413002515995,
    -0.021251133539553758
  ],
  "planarVelocityTrackingError": 0.17836805593043709,
  "yawRateTrackingError": 0.021251133539553758,
  "meanVelocityTrackingError": 0.18746609733451294,
  "meanPlanarVelocityTrackingError": 0.1821231138999693,
  "meanYawRateTrackingError": 0.02973117066115144,
  "meanUpright": 0.9334289356461967,
  "meanAbsolutePitchRad": 0.13327221777111606,
  "minimumPitchRad": -0.22733595122856848,
  "maximumPitchRad": -0.013582165651806968,
  "maximumBackwardPitchRad": 0.22733595122856848,
  "maximumAbsolutePitchRad": 0.22733595122856848,
  "maximumAbsolutePitchRateRadPerSec": 2.5563431631767966,
  "meanEnergy": 185.94105563310592,
  "meanSmoothness": 128.15441668606033,
  "peakActuator": 8.0,
  "motionCommandSchedule": [
    {
      "atStep": 0,
      "atSeconds": 0.0,
      "command": [
        0.25,
        0.0,
        0.0
      ]
    }
  ],
  "transitionCount": 0,
  "transitions": [],
  "maximumTransitionTerminalPlanarTrackingError": 0.0,
  "maximumTransitionTerminalYawRateTrackingError": 0.0,
  "maximumPlanarSettlingTimeSeconds": 0.0,
  "maximumPlanarBrakingSettlingTimeSeconds": 0.0,
  "maximumYawRateSettlingTimeSeconds": 0.0,
  "maximumPlanarOvershootMps": 0.0,
  "maximumYawRateOvershootRadPerSec": 0.0,
  "unsettledPlanarTransitionCount": 0,
  "unsettledYawRateTransitionCount": 0,
  "initialBasePosition": [
    0.0,
    0.0,
    0.44
  ],
  "finalBasePosition": [
    0.35766470063471395,
    -0.04549993847262332,
    0.4190264573043725
  ],
  "netDisplacement": [
    0.35766470063471395,
    -0.04549993847262332,
    -0.02097354269562751
  ],
  "targetPlanarDisplacement": [
    1.25,
    0.0
  ],
  "forwardDisplacement": 0.35766470063471395,
  "targetDistance": 1.25,
  "forwardProgress": 0.28613176050777117,
  "signedForwardProgress": 0.28613176050777117,
  "backwardDisplacement": 0.0,
  "meanForwardVelocity": 0.0715329401269475,
  "lateralDrift": 0.04549993847262332,
  "distanceTraveled": 0.4622433930108363
}
