{
  "terms": {
    "survival": 25.0,
    "velocityTracking": 16.842586112474027,
    "forwardProgress": 14.306588025388558,
    "upright": 14.00143403469295,
    "lateralDrift": -0.4549993847262332,
    "transitionTracking": 0.0,
    "energy": -1.8594105563310592,
    "smoothness": -0.6407720834303017,
    "componentMass": -1.5075,
    "sensorChannels": -5.3500000000000005,
    "trainingSteps": -0.0
  },
  "total": 60.33792614806794
}
