{
  "durationSeconds": 4.999999999999671,
  "steps": 250,
  "survivalRate": 1.0,
  "fell": false,
  "motionCommand": [
    0.0,
    0.0,
    0.5
  ],
  "meanMotionCommand": [
    0.0,
    0.0,
    0.5
  ],
  "meanMeasuredMotion": [
    -0.011267952286264416,
    0.0013572422144664286,
    0.19194788290416892
  ],
  "planarVelocityTrackingError": 0.011349398889556274,
  "yawRateTrackingError": 0.3080521170958311,
  "meanVelocityTrackingError": 0.4083490210660619,
  "meanPlanarVelocityTrackingError": 0.1527752402949418,
  "meanYawRateTrackingError": 0.3575463665024802,
  "meanUpright": 0.9546289007809348,
  "meanEnergy": 191.85917828909092,
  "meanSmoothness": 130.86019408901322,
  "peakActuator": 8.0,
  "motionCommandSchedule": [
    {
      "atStep": 0,
      "atSeconds": 0.0,
      "command": [
        0.0,
        0.0,
        0.5
      ]
    }
  ],
  "transitionCount": 0,
  "transitions": [],
  "maximumTransitionTerminalPlanarTrackingError": 0.0,
  "maximumTransitionTerminalYawRateTrackingError": 0.0,
  "maximumPlanarSettlingTimeSeconds": 0.0,
  "maximumYawRateSettlingTimeSeconds": 0.0,
  "maximumPlanarOvershootMps": 0.0,
  "maximumYawRateOvershootRadPerSec": 0.0,
  "unsettledPlanarTransitionCount": 0,
  "unsettledYawRateTransitionCount": 0,
  "initialBasePosition": [
    0.0,
    0.0,
    0.44
  ],
  "finalBasePosition": [
    -0.05694187080702026,
    0.0068938215689425125,
    0.4221202439694022
  ],
  "netDisplacement": [
    -0.05694187080702026,
    0.0068938215689425125,
    -0.017879756030597826
  ],
  "targetPlanarDisplacement": [
    0.0,
    0.0
  ],
  "forwardDisplacement": 0.0,
  "targetDistance": 0.0,
  "forwardProgress": 1.0,
  "meanForwardVelocity": 0.0,
  "lateralDrift": 0.05735766232011032,
  "distanceTraveled": 0.7353010362093689
}
