{
  "terms": {
    "survival": 30.0,
    "velocityTracking": 21.30153786544421,
    "forwardProgress": 25.0,
    "upright": 14.31943351171402,
    "lateralDrift": -0.5735766232011031,
    "transitionTracking": 0.0,
    "energy": -0.9592958914454546,
    "smoothness": -0.13086019408901323,
    "componentMass": -1.2060000000000002,
    "sensorChannels": -1.07,
    "trainingSteps": -0.0
  },
  "total": 86.68123866842267
}
