{
  "durationSeconds": 2.6999999999999242,
  "steps": 135,
  "survivalRate": 0.44666666666666666,
  "fell": true,
  "motionCommand": [
    0.1574074074074074,
    0.0,
    0.0
  ],
  "meanMotionCommand": [
    0.1574074074074074,
    0.0,
    0.0
  ],
  "meanMeasuredMotion": [
    -0.4077899508383481,
    0.0006828699780932948,
    0.00028425715537576233
  ],
  "planarVelocityTrackingError": 0.5651977707664707,
  "yawRateTrackingError": 0.00028425715537576233,
  "meanVelocityTrackingError": 0.6133561763684419,
  "meanPlanarVelocityTrackingError": 0.6133396112992072,
  "meanYawRateTrackingError": 0.0012176690236099274,
  "meanUpright": 0.703107870720409,
  "meanEnergy": 505.1483018088353,
  "meanSmoothness": 25.526207988335873,
  "peakActuator": 8.0,
  "motionCommandSchedule": [
    {
      "atStep": 0,
      "atSeconds": 0.0,
      "command": [
        0.0,
        0.0,
        0.0
      ]
    },
    {
      "atStep": 50,
      "atSeconds": 1.0,
      "command": [
        0.25,
        0.0,
        0.0
      ]
    },
    {
      "atStep": 200,
      "atSeconds": 4.0,
      "command": [
        0.0,
        0.0,
        0.0
      ]
    }
  ],
  "transitionCount": 2,
  "transitions": [
    {
      "index": 1,
      "atStep": 50,
      "atSeconds": 1.0,
      "endStep": 200,
      "fromCommand": [
        0.0,
        0.0,
        0.0
      ],
      "toCommand": [
        0.25,
        0.0,
        0.0
      ],
      "sampleCount": 85,
      "peakPlanarTrackingError": 1.8124644664203142,
      "peakYawRateTrackingError": 0.06016557661356279,
      "terminalMeasuredMotion": [
        -1.1032311468642293,
        0.00921874489858141,
        0.003837470178002749
      ],
      "terminalPlanarTrackingError": 1.3532625473650641,
      "terminalYawRateTrackingError": 0.003837470178002749,
      "planarOvershootMps": 0.4297026206386977,
      "yawRateOvershootRadPerSec": 0.0,
      "planarSettlingTimeSeconds": 1.7,
      "yawRateSettlingTimeSeconds": 0.2,
      "planarSettled": false,
      "yawRateSettled": true
    },
    {
      "index": 2,
      "atStep": 200,
      "atSeconds": 4.0,
      "endStep": 300,
      "fromCommand": [
        0.25,
        0.0,
        0.0
      ],
      "toCommand": [
        0.0,
        0.0,
        0.0
      ],
      "sampleCount": 0,
      "peakPlanarTrackingError": 0.0,
      "peakYawRateTrackingError": 0.0,
      "terminalMeasuredMotion": [
        0.0,
        0.0,
        0.0
      ],
      "terminalPlanarTrackingError": 0.0,
      "terminalYawRateTrackingError": 0.0,
      "planarOvershootMps": 0.0,
      "yawRateOvershootRadPerSec": 0.0,
      "planarSettlingTimeSeconds": 0.0,
      "yawRateSettlingTimeSeconds": 0.0,
      "planarSettled": false,
      "yawRateSettled": false
    }
  ],
  "maximumTransitionTerminalPlanarTrackingError": 1.3532625473650641,
  "maximumTransitionTerminalYawRateTrackingError": 0.003837470178002749,
  "maximumPlanarSettlingTimeSeconds": 1.7,
  "maximumYawRateSettlingTimeSeconds": 0.2,
  "maximumPlanarOvershootMps": 0.4297026206386977,
  "maximumYawRateOvershootRadPerSec": 0.0,
  "unsettledPlanarTransitionCount": 2,
  "unsettledYawRateTransitionCount": 1,
  "initialBasePosition": [
    0.0,
    0.0,
    0.44
  ],
  "finalBasePosition": [
    -1.0908577769713106,
    0.0018778200885966774,
    0.1776746638412732
  ],
  "netDisplacement": [
    -1.0908577769713106,
    0.0018778200885966774,
    -0.2623253361587268
  ],
  "targetPlanarDisplacement": [
    0.75,
    0.0
  ],
  "forwardDisplacement": -1.0908577769713106,
  "targetDistance": 0.75,
  "forwardProgress": 0.0,
  "meanForwardVelocity": -0.40402139887827454,
  "lateralDrift": 0.0018778200885966774,
  "distanceTraveled": 1.392300963078808
}
