{
  "terms": {
    "survival": 13.4,
    "velocityTracking": 12.39651869373239,
    "forwardProgress": 0.0,
    "upright": 10.546618060806136,
    "lateralDrift": -0.009389100442983387,
    "transitionTracking": 6.4009522730059825,
    "energy": -2.5257415090441766,
    "smoothness": -0.025526207988335874,
    "componentMass": -1.2060000000000002,
    "sensorChannels": -1.07,
    "trainingSteps": -0.0
  },
  "total": 37.90743221006901
}
