{
  "durationSeconds": 3.999999999999781,
  "steps": 200,
  "survivalRate": 0.6123076923076923,
  "fell": true,
  "motionCommand": [
    0.06875000000000012,
    0.0,
    0.0
  ],
  "meanMotionCommand": [
    0.06875000000000012,
    0.0,
    0.0
  ],
  "meanMeasuredMotion": [
    0.06793802655753939,
    -0.0008007357571272938,
    0.0008552448631477821
  ],
  "planarVelocityTrackingError": 0.0011403852962940842,
  "yawRateTrackingError": 0.0008552448631477821,
  "meanVelocityTrackingError": 0.4101682491801206,
  "meanPlanarVelocityTrackingError": 0.27519701501353316,
  "meanYawRateTrackingError": 0.19012981841095147,
  "meanUpright": 0.6802403981021681,
  "meanEnergy": 573.0410583660187,
  "meanSmoothness": 30.448358810488575,
  "peakActuator": 8.0,
  "motionCommandSchedule": [
    {
      "atStep": 0,
      "atSeconds": 0.0,
      "command": [
        0.2,
        0.0,
        0.0
      ]
    },
    {
      "atStep": 125,
      "atSeconds": 2.5,
      "command": [
        -0.15,
        0.0,
        0.0
      ]
    },
    {
      "atStep": 225,
      "atSeconds": 4.5,
      "command": [
        0.0,
        0.0,
        0.0
      ]
    }
  ],
  "transitionCount": 2,
  "transitions": [
    {
      "index": 1,
      "atStep": 125,
      "atSeconds": 2.5,
      "endStep": 225,
      "fromCommand": [
        0.2,
        0.0,
        0.0
      ],
      "toCommand": [
        -0.15,
        0.0,
        0.0
      ],
      "sampleCount": 75,
      "peakPlanarTrackingError": 0.4523728432675775,
      "peakYawRateTrackingError": 2.3812211757837014,
      "terminalMeasuredMotion": [
        0.1342665995301648,
        0.22925780161966544,
        0.2078596835987972
      ],
      "terminalPlanarTrackingError": 0.3651939747749474,
      "terminalYawRateTrackingError": 0.2078596835987972,
      "planarOvershootMps": 0.3357417539490982,
      "yawRateOvershootRadPerSec": 0.0,
      "planarSettlingTimeSeconds": 1.5,
      "yawRateSettlingTimeSeconds": 1.44,
      "planarSettled": false,
      "yawRateSettled": true,
      "planarBraking": false
    },
    {
      "index": 2,
      "atStep": 225,
      "atSeconds": 4.5,
      "endStep": 325,
      "fromCommand": [
        -0.15,
        0.0,
        0.0
      ],
      "toCommand": [
        0.0,
        0.0,
        0.0
      ],
      "sampleCount": 0,
      "peakPlanarTrackingError": 0.0,
      "peakYawRateTrackingError": 0.0,
      "terminalMeasuredMotion": [
        0.0,
        0.0,
        0.0
      ],
      "terminalPlanarTrackingError": 0.0,
      "terminalYawRateTrackingError": 0.0,
      "planarOvershootMps": 0.0,
      "yawRateOvershootRadPerSec": 0.0,
      "planarSettlingTimeSeconds": 0.0,
      "yawRateSettlingTimeSeconds": 0.0,
      "planarSettled": false,
      "yawRateSettled": false,
      "planarBraking": true
    }
  ],
  "maximumTransitionTerminalPlanarTrackingError": 0.3651939747749474,
  "maximumTransitionTerminalYawRateTrackingError": 0.2078596835987972,
  "maximumPlanarSettlingTimeSeconds": 1.5,
  "maximumPlanarBrakingSettlingTimeSeconds": 0.0,
  "maximumYawRateSettlingTimeSeconds": 1.44,
  "maximumPlanarOvershootMps": 0.3357417539490982,
  "maximumYawRateOvershootRadPerSec": 0.0,
  "unsettledPlanarTransitionCount": 2,
  "unsettledYawRateTransitionCount": 1,
  "initialBasePosition": [
    0.0,
    0.0,
    0.44
  ],
  "finalBasePosition": [
    0.27365196187244495,
    -0.004529042039887501,
    0.18872983112293606
  ],
  "netDisplacement": [
    0.27365196187244495,
    -0.004529042039887501,
    -0.25127016887706394
  ],
  "targetPlanarDisplacement": [
    0.2,
    0.0
  ],
  "forwardDisplacement": 0.27365196187244495,
  "targetDistance": 0.2,
  "forwardProgress": 1.0,
  "signedForwardProgress": 1.3682598093622247,
  "backwardDisplacement": 0.0,
  "meanForwardVelocity": 0.06841299046811498,
  "lateralDrift": 0.004529042039887501,
  "distanceTraveled": 1.1618927926060931
}
