{
  "terms": {
    "survival": 18.36923076923077,
    "velocityTracking": 14.182704802514243,
    "forwardProgress": 10.0,
    "upright": 10.203605971532522,
    "lateralDrift": -0.022645210199437504,
    "transitionTracking": 6.187103692549554,
    "energy": -2.8652052918300934,
    "smoothness": -0.030448358810488574,
    "componentMass": -1.2060000000000002,
    "sensorChannels": -1.07,
    "trainingSteps": -0.0
  },
  "total": 53.74834637498707
}
