{
  "previous": {
    "assembly": "force-sensing",
    "controller": "force-aware-gait",
    "assemblyHash": "d89572552c790a7256a7fe23403e257b121aab1b617e4b133032638dcb972cea",
    "aggregateScore": 84.18923359354169,
    "cases": [
      {
        "case": {
          "id": "nominal",
          "task": "velocity-track",
          "scenario": "nominal",
          "seed": 42,
          "weight": 1
        },
        "metrics": {
          "durationSeconds": 2.999999999999891,
          "steps": 150,
          "survivalRate": 1,
          "fell": false,
          "meanVelocityTrackingError": 0.19504739041994468,
          "meanUpright": 0.9464749359328966,
          "meanEnergy": 1.3573273542439368,
          "meanSmoothness": 0.3728759655515629,
          "peakActuator": 6
        },
        "score": {
          "terms": {
            "survival": 50,
            "velocityTracking": 16.7357379802084,
            "upright": 18.929498718657932,
            "energy": -0.027146547084878736,
            "smoothness": -0.003728759655515629,
            "componentMass": -1.4275,
            "sensorChannels": -0.5,
            "trainingSteps": 0
          },
          "total": 83.70686139212593
        },
        "resultHash": "a6d927f75ad255dc85c4933e93c512ebf41d1c638f930fdec355a62c189ed79b"
      },
      {
        "case": {
          "id": "low-friction",
          "task": "velocity-track",
          "scenario": "low-friction",
          "seed": 43,
          "weight": 1.2
        },
        "metrics": {
          "durationSeconds": 2.999999999999891,
          "steps": 150,
          "survivalRate": 1,
          "fell": false,
          "meanVelocityTrackingError": 0.19504739041994468,
          "meanUpright": 0.9464749359328966,
          "meanEnergy": 1.3573273542439368,
          "meanSmoothness": 0.3728759655515629,
          "peakActuator": 6
        },
        "score": {
          "terms": {
            "survival": 50,
            "velocityTracking": 16.7357379802084,
            "upright": 18.929498718657932,
            "energy": -0.027146547084878736,
            "smoothness": -0.003728759655515629,
            "componentMass": -1.4275,
            "sensorChannels": -0.5,
            "trainingSteps": 0
          },
          "total": 83.70686139212593
        },
        "resultHash": "8b17df6eb216c1d7ed6ea0b42032c8364744bec333e8b3e0a6c49c57fe75c6e3"
      },
      {
        "case": {
          "id": "lateral-push",
          "task": "stand",
          "scenario": "lateral-push",
          "seed": 44,
          "weight": 1.5
        },
        "metrics": {
          "durationSeconds": 2.0000000000000013,
          "steps": 100,
          "survivalRate": 1,
          "fell": false,
          "meanVelocityTrackingError": 0.10565570014073962,
          "meanUpright": 0.9400373021244559,
          "meanEnergy": 2.969177721882318,
          "meanSmoothness": 0.5963387302394467,
          "peakActuator": 6
        },
        "score": {
          "terms": {
            "survival": 50,
            "velocityTracking": 18.088813721535722,
            "upright": 18.800746042489116,
            "energy": -0.05938355443764636,
            "smoothness": -0.005963387302394468,
            "componentMass": -1.4275,
            "sensorChannels": -0.5,
            "trainingSteps": 0
          },
          "total": 84.8967128222848
        },
        "resultHash": "21a3a943b9550e0f141fafbc334be79fecf6d712598065ac620a2596303b82b9"
      }
    ]
  },
  "candidate": {
    "assembly": "force-sensing",
    "controller": "force-aware-gait",
    "assemblyHash": "d89572552c790a7256a7fe23403e257b121aab1b617e4b133032638dcb972cea",
    "aggregateScore": 84.18082797543958,
    "cases": [
      {
        "case": {
          "id": "nominal",
          "task": "velocity-track",
          "scenario": "nominal",
          "seed": 42,
          "weight": 1
        },
        "metrics": {
          "durationSeconds": 2.999999999999891,
          "steps": 150,
          "survivalRate": 1,
          "fell": false,
          "meanVelocityTrackingError": 0.1968698896289692,
          "meanUpright": 0.9466715274654424,
          "meanEnergy": 1.2659610108009494,
          "meanSmoothness": 0.3349478385918364,
          "peakActuator": 6
        },
        "score": {
          "terms": {
            "survival": 50,
            "velocityTracking": 16.71025411642699,
            "upright": 18.93343054930885,
            "energy": -0.025319220216018987,
            "smoothness": -0.003349478385918364,
            "componentMass": -1.4275,
            "sensorChannels": -0.5,
            "trainingSteps": 0
          },
          "total": 83.6875159671339
        },
        "resultHash": "5bfe2e346542f696541de75a3449730db4002fe55c515f891eb5c0d72afdfc71"
      },
      {
        "case": {
          "id": "low-friction",
          "task": "velocity-track",
          "scenario": "low-friction",
          "seed": 43,
          "weight": 1.2
        },
        "metrics": {
          "durationSeconds": 2.999999999999891,
          "steps": 150,
          "survivalRate": 1,
          "fell": false,
          "meanVelocityTrackingError": 0.1968698896289692,
          "meanUpright": 0.9466715274654424,
          "meanEnergy": 1.2659610108009494,
          "meanSmoothness": 0.3349478385918364,
          "peakActuator": 6
        },
        "score": {
          "terms": {
            "survival": 50,
            "velocityTracking": 16.71025411642699,
            "upright": 18.93343054930885,
            "energy": -0.025319220216018987,
            "smoothness": -0.003349478385918364,
            "componentMass": -1.4275,
            "sensorChannels": -0.5,
            "trainingSteps": 0
          },
          "total": 83.6875159671339
        },
        "resultHash": "cc06bd9a982a296719c9c034a6492ded772660465a1427509f1d527452fed87e"
      },
      {
        "case": {
          "id": "lateral-push",
          "task": "stand",
          "scenario": "lateral-push",
          "seed": 44,
          "weight": 1.5
        },
        "metrics": {
          "durationSeconds": 2.0000000000000013,
          "steps": 100,
          "survivalRate": 1,
          "fell": false,
          "meanVelocityTrackingError": 0.10456859915120047,
          "meanUpright": 0.9394684045186712,
          "meanEnergy": 2.9423446243772515,
          "meanSmoothness": 0.5285422980790644,
          "peakActuator": 6
        },
        "score": {
          "terms": {
            "survival": 50,
            "velocityTracking": 18.10661647938289,
            "upright": 18.789368090373422,
            "energy": -0.05884689248754503,
            "smoothness": -0.005285422980790644,
            "componentMass": -1.4275,
            "sensorChannels": -0.5,
            "trainingSteps": 0
          },
          "total": 84.90435225428797
        },
        "resultHash": "4cfd8335e8916bc80856c1add34124ab519237aacf0298e7cd14c297bbd036da"
      }
    ]
  },
  "delta": -0.008405618102102608,
  "gateReasons": []
}
