{
  "durationSeconds": 18.000000000000902,
  "steps": 900,
  "survivalRate": 1.0,
  "fell": false,
  "motionCommand": [
    0.13111111111111284,
    0.02499999999999996,
    0.041666666666666664
  ],
  "meanMotionCommand": [
    0.13111111111111284,
    0.02499999999999996,
    0.041666666666666664
  ],
  "meanMeasuredMotion": [
    0.06410341787536607,
    0.016299746541213012,
    -0.024462359170341487
  ],
  "planarVelocityTrackingError": 0.06757015142074996,
  "yawRateTrackingError": 0.06612902583700815,
  "meanVelocityTrackingError": 0.30657928104617566,
  "meanPlanarVelocityTrackingError": 0.19513964473383866,
  "meanYawRateTrackingError": 0.18173744797922317,
  "meanUpright": 0.8959212202480157,
  "meanAbsolutePitchRad": 0.20270416434018082,
  "minimumPitchRad": -0.6347069051786498,
  "maximumPitchRad": 1.0411296058614832,
  "maximumBackwardPitchRad": 0.6347069051786498,
  "maximumAbsolutePitchRad": 1.0411296058614832,
  "maximumAbsolutePitchRateRadPerSec": 5.6934438997790044,
  "meanBodyTiltRad": 0.2117493896343093,
  "maximumBodyTiltRad": 1.0411296064250561,
  "initialBodyTiltRad": 0.0,
  "minimumBodyTiltRad": 0.0,
  "finalBodyTiltRad": 0.08313650516205875,
  "finalBaseHeightM": 0.42192950709121435,
  "selfRightingTask": true,
  "recoveryTriggered": true,
  "selfRightingSuccess": 0.0,
  "timeToStableStandSeconds": 15.3,
  "stableStandingDwellSeconds": 0.22,
  "finalStableStandingDwellSeconds": 0.0,
  "minimumJointLimitMarginRad": 0.02838196454511377,
  "disallowedCollisionSteps": 0,
  "meanEnergy": 169.77015406500354,
  "meanSmoothness": 114.54561471578484,
  "peakActuator": 8.0,
  "motionQualityFootEvidenceAvailable": true,
  "motionQualityContactThresholdNewton": 1.0,
  "meanJointJerkRadPerSec3": 19799.147810519855,
  "peakJointJerkRadPerSec3": 53950.942748760586,
  "meanBodyAngularJerkRadPerSec3": 2136.2941632486973,
  "peakBodyAngularJerkRadPerSec3": 14735.598911161858,
  "meanActionSlewRatePerSec": 432.67579969017464,
  "peakActionSlewRatePerSec": 800.0,
  "actuatorSaturationRate": 0.3307407407407407,
  "meanFootSlipSpeedMps": 0.0444682285899315,
  "peakFootSlipSpeedMps": 1.0807283034908644,
  "totalFootSlipDistanceM": 1.4016385651546412,
  "meanFootContactImpactNPerSec": 563.2458756661322,
  "peakFootContactImpactNPerSec": 14426.242001327671,
  "peakFootContactForceNewton": 288.5248400265534,
  "motionCommandSchedule": [
    {
      "atStep": 0,
      "atSeconds": 0.0,
      "command": [
        0.2,
        0.0,
        0.0
      ]
    },
    {
      "atStep": 400,
      "atSeconds": 8.0,
      "command": [
        0.2,
        0.0,
        0.0
      ]
    },
    {
      "atStep": 500,
      "atSeconds": 10.0,
      "command": [
        0.12,
        0.0,
        0.25
      ]
    },
    {
      "atStep": 650,
      "atSeconds": 13.0,
      "command": [
        0.0,
        0.15,
        0.0
      ]
    },
    {
      "atStep": 800,
      "atSeconds": 16.0,
      "command": [
        0.0,
        0.0,
        0.0
      ]
    }
  ],
  "transitionCount": 4,
  "transitions": [
    {
      "index": 1,
      "atStep": 400,
      "atSeconds": 8.0,
      "endStep": 500,
      "fromCommand": [
        0.2,
        0.0,
        0.0
      ],
      "toCommand": [
        0.2,
        0.0,
        0.0
      ],
      "sampleCount": 100,
      "peakPlanarTrackingError": 0.7957045051170968,
      "peakYawRateTrackingError": 0.5605975368562629,
      "terminalMeasuredMotion": [
        0.0035971826494671224,
        -0.000582652475952535,
        -0.010980858230508095
      ],
      "terminalPlanarTrackingError": 0.19640368160280122,
      "terminalYawRateTrackingError": 0.010980858230508095,
      "planarOvershootMps": 0.0,
      "yawRateOvershootRadPerSec": 0.0,
      "planarSettlingTimeSeconds": 2.0,
      "yawRateSettlingTimeSeconds": 0.26,
      "planarSettled": false,
      "yawRateSettled": true,
      "planarBraking": false
    },
    {
      "index": 2,
      "atStep": 500,
      "atSeconds": 10.0,
      "endStep": 650,
      "fromCommand": [
        0.2,
        0.0,
        0.0
      ],
      "toCommand": [
        0.12,
        0.0,
        0.25
      ],
      "sampleCount": 150,
      "peakPlanarTrackingError": 0.30544464920852427,
      "peakYawRateTrackingError": 0.6687510400089931,
      "terminalMeasuredMotion": [
        -0.11898320396725877,
        0.03184136431575959,
        -0.09998558483126474
      ],
      "terminalPlanarTrackingError": 0.24109509381143643,
      "terminalYawRateTrackingError": 0.34998558483126474,
      "planarOvershootMps": 0.3016678801259295,
      "yawRateOvershootRadPerSec": 0.6183687284517633,
      "planarSettlingTimeSeconds": 3.0,
      "yawRateSettlingTimeSeconds": 3.0,
      "planarSettled": false,
      "yawRateSettled": false,
      "planarBraking": false
    },
    {
      "index": 3,
      "atStep": 650,
      "atSeconds": 13.0,
      "endStep": 800,
      "fromCommand": [
        0.12,
        0.0,
        0.25
      ],
      "toCommand": [
        0.0,
        0.15,
        0.0
      ],
      "sampleCount": 150,
      "peakPlanarTrackingError": 0.15930596013738288,
      "peakYawRateTrackingError": 0.5374071640699044,
      "terminalMeasuredMotion": [
        0.06312419436823671,
        0.0494405740433954,
        -0.3023633019806629
      ],
      "terminalPlanarTrackingError": 0.11873020703831343,
      "terminalYawRateTrackingError": 0.3023633019806629,
      "planarOvershootMps": 0.0,
      "yawRateOvershootRadPerSec": 0.5374071640699044,
      "planarSettlingTimeSeconds": 2.78,
      "yawRateSettlingTimeSeconds": 3.0,
      "planarSettled": true,
      "yawRateSettled": false,
      "planarBraking": false
    },
    {
      "index": 4,
      "atStep": 800,
      "atSeconds": 16.0,
      "endStep": 900,
      "fromCommand": [
        0.0,
        0.15,
        0.0
      ],
      "toCommand": [
        0.0,
        0.0,
        0.0
      ],
      "sampleCount": 100,
      "peakPlanarTrackingError": 0.09490351053284916,
      "peakYawRateTrackingError": 0.3208300317510318,
      "terminalMeasuredMotion": [
        -0.0010982594345928139,
        0.002192493203695957,
        -0.021005244501345822
      ],
      "terminalPlanarTrackingError": 0.002452182748884163,
      "terminalYawRateTrackingError": 0.021005244501345822,
      "planarOvershootMps": 0.06446535767251688,
      "yawRateOvershootRadPerSec": 0.0,
      "planarSettlingTimeSeconds": 0.2,
      "yawRateSettlingTimeSeconds": 0.2,
      "planarSettled": true,
      "yawRateSettled": true,
      "planarBraking": true
    }
  ],
  "maximumTransitionTerminalPlanarTrackingError": 0.24109509381143643,
  "maximumTransitionTerminalYawRateTrackingError": 0.34998558483126474,
  "maximumPlanarSettlingTimeSeconds": 3.0,
  "maximumPlanarBrakingSettlingTimeSeconds": 0.2,
  "maximumYawRateSettlingTimeSeconds": 3.0,
  "maximumPlanarOvershootMps": 0.3016678801259295,
  "maximumYawRateOvershootRadPerSec": 0.6183687284517633,
  "unsettledPlanarTransitionCount": 2,
  "unsettledYawRateTransitionCount": 2,
  "initialBasePosition": [
    1.0179830559280731,
    0.14308442119829026,
    0.47629785310774786
  ],
  "finalBasePosition": [
    1.139191517369156,
    0.292473093155739,
    0.42192950709121435
  ],
  "netDisplacement": [
    0.12120846144108288,
    0.14938867195744873,
    -0.05436834601653351
  ],
  "targetPlanarDisplacement": [
    0.76,
    0.44999999999999996
  ],
  "forwardDisplacement": 0.1804092322623563,
  "targetDistance": 0.8832326986700617,
  "forwardProgress": 0.20426013725942177,
  "signedForwardProgress": 0.20426013725942177,
  "backwardDisplacement": 0.0,
  "meanForwardVelocity": 0.018040923226234004,
  "lateralDrift": 0.06679053337586012,
  "distanceTraveled": 2.886397867629888,
  "episodeInitialBasePosition": [
    0.0,
    0.0,
    0.44
  ],
  "mobilityMeasurementStartedAtSeconds": 8.0,
  "recoveryEvaluationStartedAtSeconds": 2.7,
  "missionStageDurationsSeconds": {
    "approach": 2.48,
    "impact": 0.16,