{
  "terms": {
    "survival": 10.0,
    "velocityTracking": 4.592143842351312,
    "forwardProgress": 4.085202745188435,
    "upright": 1.7918424404960314,
    "lateralDrift": -0.13358106675172024,
    "transitionTracking": 0.23498677465096604,
    "energy": -0.3395403081300071,
    "smoothness": -0.11454561471578484,
    "jointJerk": 0.0,
    "bodyAngularJerk": 0.0,
    "actionSlew": 0.0,
    "actuatorSaturation": -0.16537037037037036,
    "footSlip": 0.0,
    "footImpact": 0.0,
    "selfRighting": 0.0,
    "recoveryTime": -30.6,
    "jointLimitMargin": 0.05676392909022754,
    "componentMass": -3.015,
    "sensorChannels": -2.14,
    "trainingSteps": -0.0
  },
  "total": -15.747097628190915
}
