{
  "durationSeconds": 18.000000000000902,
  "steps": 900,
  "survivalRate": 1.0,
  "fell": false,
  "motionCommand": [
    0.13111111111111284,
    0.02499999999999996,
    0.041666666666666664
  ],
  "meanMotionCommand": [
    0.13111111111111284,
    0.02499999999999996,
    0.041666666666666664
  ],
  "meanMeasuredMotion": [
    0.04772888081005959,
    0.0089874229818324,
    0.009120016235515851
  ],
  "planarVelocityTrackingError": 0.08490582402132749,
  "yawRateTrackingError": 0.03254665043115081,
  "meanVelocityTrackingError": 0.3140687810250948,
  "meanPlanarVelocityTrackingError": 0.20507377420129086,
  "meanYawRateTrackingError": 0.18060866827045688,
  "meanUpright": 0.8948950141536601,
  "meanAbsolutePitchRad": 0.2049658052774725,
  "minimumPitchRad": -0.6347069051786498,
  "maximumPitchRad": 1.0411296058614832,
  "maximumBackwardPitchRad": 0.6347069051786498,
  "maximumAbsolutePitchRad": 1.0411296058614832,
  "maximumAbsolutePitchRateRadPerSec": 5.6934438997790044,
  "meanBodyTiltRad": 0.2138045520001718,
  "maximumBodyTiltRad": 1.0411296064250561,
  "initialBodyTiltRad": 0.0,
  "minimumBodyTiltRad": 0.0,
  "finalBodyTiltRad": 0.09705209575352805,
  "finalBaseHeightM": 0.42296339080981976,
  "selfRightingTask": true,
  "recoveryTriggered": true,
  "selfRightingSuccess": 1.0,
  "timeToStableStandSeconds": 5.479999999999401,
  "stableStandingDwellSeconds": 1.98,
  "finalStableStandingDwellSeconds": 0.0,
  "minimumJointLimitMarginRad": 0.02838196454511377,
  "disallowedCollisionSteps": 0,
  "meanEnergy": 160.53712481419333,
  "meanSmoothness": 107.9644706628502,
  "peakActuator": 8.0,
  "motionQualityFootEvidenceAvailable": true,
  "motionQualityContactThresholdNewton": 1.0,
  "meanJointJerkRadPerSec3": 18300.613315647002,
  "peakJointJerkRadPerSec3": 53950.942748760586,
  "meanBodyAngularJerkRadPerSec3": 2178.7729818266366,
  "peakBodyAngularJerkRadPerSec3": 14735.598911161858,
  "meanActionSlewRatePerSec": 398.8075823884085,
  "peakActionSlewRatePerSec": 800.0,
  "actuatorSaturationRate": 0.3318518518518518,
  "meanFootSlipSpeedMps": 0.047539503183705034,
  "peakFootSlipSpeedMps": 1.0807283034908644,
  "totalFootSlipDistanceM": 1.5897209864630937,
  "meanFootContactImpactNPerSec": 516.9985147949595,
  "peakFootContactImpactNPerSec": 14426.242001327671,
  "peakFootContactForceNewton": 288.5248400265534,
  "motionCommandSchedule": [
    {
      "atStep": 0,
      "atSeconds": 0.0,
      "command": [
        0.2,
        0.0,
        0.0
      ]
    },
    {
      "atStep": 400,
      "atSeconds": 8.0,
      "command": [
        0.2,
        0.0,
        0.0
      ]
    },
    {
      "atStep": 500,
      "atSeconds": 10.0,
      "command": [
        0.12,
        0.0,
        0.25
      ]
    },
    {
      "atStep": 650,
      "atSeconds": 13.0,
      "command": [
        0.0,
        0.15,
        0.0
      ]
    },
    {
      "atStep": 800,
      "atSeconds": 16.0,
      "command": [
        0.0,
        0.0,
        0.0
      ]
    }
  ],
  "transitionCount": 4,
  "transitions": [
    {
      "index": 1,
      "atStep": 400,
      "atSeconds": 8.0,
      "endStep": 500,
      "fromCommand": [
        0.2,
        0.0,
        0.0
      ],
      "toCommand": [
        0.2,
        0.0,
        0.0
      ],
      "sampleCount": 100,
      "peakPlanarTrackingError": 0.7957045051170968,
      "peakYawRateTrackingError": 0.5605975368562629,
      "terminalMeasuredMotion": [
        -0.008614745701396708,
        0.0010668319574949551,
        0.03241669058496676
      ],
      "terminalPlanarTrackingError": 0.20861747351188956,
      "terminalYawRateTrackingError": 0.03241669058496676,
      "planarOvershootMps": 0.0,
      "yawRateOvershootRadPerSec": 0.0,
      "planarSettlingTimeSeconds": 2.0,
      "yawRateSettlingTimeSeconds": 0.26,
      "planarSettled": false,
      "yawRateSettled": true,
      "planarBraking": false
    },
    {
      "index": 2,
      "atStep": 500,
      "atSeconds": 10.0,
      "endStep": 650,
      "fromCommand": [
        0.2,
        0.0,
        0.0
      ],
      "toCommand": [
        0.12,
        0.0,
        0.25
      ],
      "sampleCount": 150,
      "peakPlanarTrackingError": 0.28374724128279677,
      "peakYawRateTrackingError": 0.5960825203402876,
      "terminalMeasuredMotion": [
        -0.013435703770808822,
        0.01576905025607588,
        -0.029163940980760562
      ],
      "terminalPlanarTrackingError": 0.13436424370638822,
      "terminalYawRateTrackingError": 0.2791639409807606,
      "planarOvershootMps": 0.2834098554390196,
      "yawRateOvershootRadPerSec": 0.5960825203402876,
      "planarSettlingTimeSeconds": 3.0,
      "yawRateSettlingTimeSeconds": 3.0,
      "planarSettled": false,
      "yawRateSettled": false,
      "planarBraking": false
    },
    {
      "index": 3,
      "atStep": 650,
      "atSeconds": 13.0,
      "endStep": 800,
      "fromCommand": [
        0.12,
        0.0,
        0.25
      ],
      "toCommand": [
        0.0,
        0.15,
        0.0
      ],
      "sampleCount": 150,
      "peakPlanarTrackingError": 0.20838266843725886,
      "peakYawRateTrackingError": 0.5753166501989889,
      "terminalMeasuredMotion": [
        -0.054224615011448526,
        0.030062667086635554,
        -0.05985503163693926
      ],
      "terminalPlanarTrackingError": 0.1316255017065881,
      "terminalYawRateTrackingError": 0.05985503163693926,
      "planarOvershootMps": 0.03347931774942542,
      "yawRateOvershootRadPerSec": 0.5753166501989889,
      "planarSettlingTimeSeconds": 3.0,
      "yawRateSettlingTimeSeconds": 2.9,
      "planarSettled": false,
      "yawRateSettled": true,
      "planarBraking": false
    },
    {
      "index": 4,
      "atStep": 800,
      "atSeconds": 16.0,
      "endStep": 900,
      "fromCommand": [
        0.0,
        0.15,
        0.0
      ],
      "toCommand": [
        0.0,
        0.0,
        0.0
      ],
      "sampleCount": 100,
      "peakPlanarTrackingError": 0.10519134544697174,
      "peakYawRateTrackingError": 0.6788915708902086,
      "terminalMeasuredMotion": [
        -0.0372896977014369,
        -0.017407580868469795,
        0.01580717627217532
      ],
      "terminalPlanarTrackingError": 0.04115270861507009,
      "terminalYawRateTrackingError": 0.01580717627217532,
      "planarOvershootMps": 0.061598984404292956,
      "yawRateOvershootRadPerSec": 0.0,
      "planarSettlingTimeSeconds": 0.2,
      "yawRateSettlingTimeSeconds": 0.26,
      "planarSettled": true,
      "yawRateSettled": true,
      "planarBraking": true
    }
  ],
  "maximumTransitionTerminalPlanarTrackingError": 0.20861747351188956,
  "maximumTransitionTerminalYawRateTrackingError": 0.2791639409807606,
  "maximumPlanarSettlingTimeSeconds": 3.0,
  "maximumPlanarBrakingSettlingTimeSeconds": 0.2,
  "maximumYawRateSettlingTimeSeconds": 3.0,
  "maximumPlanarOvershootMps": 0.2834098554390196,
  "maximumYawRateOvershootRadPerSec": 0.5960825203402876,
  "unsettledPlanarTransitionCount": 3,
  "unsettledYawRateTransitionCount": 1,
  "initialBasePosition": [
    1.0179830559280731,
    0.14308442119829026,
    0.47629785310774786
  ],
  "finalBasePosition": [
    0.8577637877235637,
    0.16923293583545884,
    0.42296339080981976
  ],
  "netDisplacement": [
    -0.1602192682045095,
    0.02614851463716858,
    -0.0533344622979281
  ],
  "targetPlanarDisplacement": [
    0.76,
    0.44999999999999996
  ],
  "forwardDisplacement": -0.12454227794593078,
  "targetDistance": 0.8832326986700617,
  "forwardProgress": 0.0,
  "signedForwardProgress": -0.14100732245699443,
  "backwardDisplacement": 0.12454227794593078,
  "meanForwardVelocity": -0.012454227794591955,
  "lateralDrift": 0.1041305897695643,
  "distanceTraveled": 2.785913567821453,
  "episodeInitialBasePosition": [
    0.0,
    0.0,
    0.44
  ],
  "mobilityMeasurementStartedAtSeconds": 8.0,
  "recoveryEvaluationStartedAtSeconds": 2.7,
  "missionStageDurationsSeconds": {
    "approach": 2.48,