{
  "terms": {
    "survival": 10.0,
    "velocityTracking": 4.565971040967465,
    "forwardProgress": 0.0,
    "upright": 1.7897900283073203,
    "lateralDrift": -0.2082611795391286,
    "transitionTracking": 0.23902647984642977,
    "energy": -0.32107424962838665,
    "smoothness": -0.10796447066285021,
    "jointJerk": 0.0,
    "bodyAngularJerk": 0.0,
    "actionSlew": 0.0,
    "actuatorSaturation": -0.1659259259259259,
    "footSlip": 0.0,
    "footImpact": 0.0,
    "selfRighting": 100.0,
    "recoveryTime": -10.959999999998802,
    "jointLimitMargin": 0.05676392909022754,
    "componentMass": -3.015,
    "sensorChannels": -2.14,
    "trainingSteps": -0.0
  },
  "total": 99.73332565245634
}
