{
  "durationSeconds": 6.499999999999506,
  "steps": 325,
  "survivalRate": 1.0,
  "fell": false,
  "motionCommand": [
    0.0,
    0.009230769230769237,
    0.0
  ],
  "meanMotionCommand": [
    0.0,
    0.009230769230769237,
    0.0
  ],
  "meanMeasuredMotion": [
    0.10789869150339575,
    0.16729412459807275,
    -0.04670342743807117
  ],
  "planarVelocityTrackingError": 0.19137960167717835,
  "yawRateTrackingError": 0.04670342743807117,
  "meanVelocityTrackingError": 0.8529926311522246,
  "meanPlanarVelocityTrackingError": 0.3976665425026185,
  "meanYawRateTrackingError": 0.6932638003395023,
  "meanUpright": 0.877128573036887,
  "meanEnergy": 507.8567381761176,
  "meanSmoothness": 39.69992232973241,
  "peakActuator": 8.0,
  "motionCommandSchedule": [
    {
      "atStep": 0,
      "atSeconds": 0.0,
      "command": [
        0.0,
        0.12,
        0.0
      ]
    },
    {
      "atStep": 125,
      "atSeconds": 2.5,
      "command": [
        0.0,
        -0.12,
        0.0
      ]
    },
    {
      "atStep": 225,
      "atSeconds": 4.5,
      "command": [
        0.0,
        0.0,
        0.0
      ]
    }
  ],
  "transitionCount": 2,
  "transitions": [
    {
      "index": 1,
      "atStep": 125,
      "atSeconds": 2.5,
      "endStep": 225,
      "fromCommand": [
        0.0,
        0.12,
        0.0
      ],
      "toCommand": [
        0.0,
        -0.12,
        0.0
      ],
      "sampleCount": 100,
      "peakPlanarTrackingError": 0.5688246129170186,
      "peakYawRateTrackingError": 1.7358746691904687,
      "terminalMeasuredMotion": [
        0.4199330221005832,
        -0.2493755676558907,
        0.3820227211866129
      ],
      "terminalPlanarTrackingError": 0.4394107196653409,
      "terminalYawRateTrackingError": 0.3820227211866129,
      "planarOvershootMps": 0.4052092642473253,
      "yawRateOvershootRadPerSec": 0.0,
      "planarSettlingTimeSeconds": 2.0,
      "yawRateSettlingTimeSeconds": 2.0,
      "planarSettled": false,
      "yawRateSettled": false
    },
    {
      "index": 2,
      "atStep": 225,
      "atSeconds": 4.5,
      "endStep": 325,
      "fromCommand": [
        0.0,
        -0.12,
        0.0
      ],
      "toCommand": [
        0.0,
        0.0,
        0.0
      ],
      "sampleCount": 100,
      "peakPlanarTrackingError": 1.153708082030649,
      "peakYawRateTrackingError": 2.4909032196457654,
      "terminalMeasuredMotion": [
        0.15144936323703212,
        -0.11391914815013997,
        -0.0753699579566444
      ],
      "terminalPlanarTrackingError": 0.1895111657400588,
      "terminalYawRateTrackingError": 0.0753699579566444,
      "planarOvershootMps": 0.6533781709503804,
      "yawRateOvershootRadPerSec": 0.0,
      "planarSettlingTimeSeconds": 2.0,
      "yawRateSettlingTimeSeconds": 1.98,
      "planarSettled": false,
      "yawRateSettled": true
    }
  ],
  "maximumTransitionTerminalPlanarTrackingError": 0.4394107196653409,
  "maximumTransitionTerminalYawRateTrackingError": 0.3820227211866129,
  "maximumPlanarSettlingTimeSeconds": 2.0,
  "maximumYawRateSettlingTimeSeconds": 2.0,
  "maximumPlanarOvershootMps": 0.6533781709503804,
  "maximumYawRateOvershootRadPerSec": 0.0,
  "unsettledPlanarTransitionCount": 2,
  "unsettledYawRateTransitionCount": 1,
  "initialBasePosition": [
    0.0,
    0.0,
    0.44
  ],
  "finalBasePosition": [
    0.7018870569403521,
    1.0905640396172942,
    0.24477175926182768
  ],
  "netDisplacement": [
    0.7018870569403521,
    1.0905640396172942,
    -0.19522824073817233
  ],
  "targetPlanarDisplacement": [
    0.0,
    0.06
  ],
  "forwardDisplacement": 1.0905640396172942,
  "targetDistance": 0.06,
  "forwardProgress": 1.0,
  "meanForwardVelocity": 0.167779083018058,
  "lateralDrift": 0.7018870569403521,
  "distanceTraveled": 2.701919877042105
}
