{
  "terms": {
    "survival": 30.0,
    "velocityTracking": 10.793351070998936,
    "forwardProgress": 10.0,
    "upright": 13.156928595553305,
    "lateralDrift": -3.5094352847017607,
    "transitionTracking": 4.633339438836457,
    "energy": -2.539283690880588,
    "smoothness": -0.039699922329732414,
    "componentMass": -1.2060000000000002,
    "sensorChannels": -1.07,
    "trainingSteps": -0.0
  },
  "total": 60.21920020747662
}
