{
  "previous": {
    "assembly": "force-sensing",
    "controller": "force-aware-gait",
    "assemblyHash": "d89572552c790a7256a7fe23403e257b121aab1b617e4b133032638dcb972cea",
    "aggregateScore": 84.25444528948661,
    "cases": [
      {
        "case": {
          "id": "nominal",
          "task": "velocity-track",
          "scenario": "nominal",
          "seed": 42,
          "weight": 1
        },
        "metrics": {
          "durationSeconds": 2.999999999999891,
          "steps": 150,
          "survivalRate": 1,
          "fell": false,
          "meanVelocityTrackingError": 0.19201303753477256,
          "meanUpright": 0.9480218653247192,
          "meanEnergy": 1.6480993707090124,
          "meanSmoothness": 0.4632488268850761,
          "peakActuator": 6
        },
        "score": {
          "terms": {
            "survival": 50,
            "velocityTracking": 16.778339976349944,
            "upright": 18.960437306494384,
            "energy": -0.03296198741418025,
            "smoothness": -0.004632488268850762,
            "componentMass": -1.4275,
            "sensorChannels": -0.5,
            "trainingSteps": 0
          },
          "total": 83.7736828071613
        },
        "resultHash": "4287f1353ecb95d474901b26dfe47f1fb265c60309ed0f4d1eee337d2d6315d4"
      },
      {
        "case": {
          "id": "low-friction",
          "task": "velocity-track",
          "scenario": "low-friction",
          "seed": 43,
          "weight": 1.2
        },
        "metrics": {
          "durationSeconds": 2.999999999999891,
          "steps": 150,
          "survivalRate": 1,
          "fell": false,
          "meanVelocityTrackingError": 0.19201303753477256,
          "meanUpright": 0.9480218653247192,
          "meanEnergy": 1.6480993707090124,
          "meanSmoothness": 0.4632488268850761,
          "peakActuator": 6
        },
        "score": {
          "terms": {
            "survival": 50,
            "velocityTracking": 16.778339976349944,
            "upright": 18.960437306494384,
            "energy": -0.03296198741418025,
            "smoothness": -0.004632488268850762,
            "componentMass": -1.4275,
            "sensorChannels": -0.5,
            "trainingSteps": 0
          },
          "total": 83.7736828071613
        },
        "resultHash": "d42489399a591c8368a8e4261d3dc02b534303f9c224185998e5790af1a987c9"
      },
      {
        "case": {
          "id": "lateral-push",
          "task": "stand",
          "scenario": "lateral-push",
          "seed": 44,
          "weight": 1.5
        },
        "metrics": {
          "durationSeconds": 2.0000000000000013,
          "steps": 100,
          "survivalRate": 1,
          "fell": false,
          "meanVelocityTrackingError": 0.10380359598361799,
          "meanUpright": 0.9420049531699565,
          "meanEnergy": 3.227784202096481,
          "meanSmoothness": 0.764525064075128,
          "peakActuator": 6
        },
        "score": {
          "terms": {
            "survival": 50,
            "velocityTracking": 18.11916546818065,
            "upright": 18.84009906339913,
            "energy": -0.06455568404192963,
            "smoothness": -0.00764525064075128,
            "componentMass": -1.4275,
            "sensorChannels": -0.5,
            "trainingSteps": 0
          },
          "total": 84.9595635968971
        },
        "resultHash": "57b28b15a5018a086ff2cccca9017f3baac72ba98445f092fdb95c7d9ad0d4f6"
      }
    ]
  },
  "candidate": {
    "assembly": "force-sensing",
    "controller": "force-aware-gait",
    "assemblyHash": "d89572552c790a7256a7fe23403e257b121aab1b617e4b133032638dcb972cea",
    "aggregateScore": 84.23958026056034,
    "cases": [
      {
        "case": {
          "id": "nominal",
          "task": "velocity-track",
          "scenario": "nominal",
          "seed": 42,
          "weight": 1
        },
        "metrics": {
          "durationSeconds": 2.999999999999891,
          "steps": 150,
          "survivalRate": 1,
          "fell": false,
          "meanVelocityTrackingError": 0.19088508083900857,
          "meanUpright": 0.949959606701292,
          "meanEnergy": 1.889573147081179,
          "meanSmoothness": 0.5358212724056546,
          "peakActuator": 6
        },
        "score": {
          "terms": {
            "survival": 50,
            "velocityTracking": 16.794231720418814,
            "upright": 18.99919213402584,
            "energy": -0.03779146294162358,
            "smoothness": -0.005358212724056546,
            "componentMass": -1.4275,
            "sensorChannels": -0.5,
            "trainingSteps": 0
          },
          "total": 83.82277417877897
        },
        "resultHash": "ba0da6648f4cbe36684814395c703d3601d6c9535eb4e07176e75d8776dc7445"
      },
      {
        "case": {
          "id": "low-friction",
          "task": "velocity-track",
          "scenario": "low-friction",
          "seed": 43,
          "weight": 1.2
        },
        "metrics": {
          "durationSeconds": 2.999999999999891,
          "steps": 150,
          "survivalRate": 1,
          "fell": false,
          "meanVelocityTrackingError": 0.19088508083900857,
          "meanUpright": 0.949959606701292,
          "meanEnergy": 1.889573147081179,
          "meanSmoothness": 0.5358212724056546,
          "peakActuator": 6
        },
        "score": {
          "terms": {
            "survival": 50,
            "velocityTracking": 16.794231720418814,
            "upright": 18.99919213402584,
            "energy": -0.03779146294162358,
            "smoothness": -0.005358212724056546,
            "componentMass": -1.4275,
            "sensorChannels": -0.5,
            "trainingSteps": 0
          },
          "total": 83.82277417877897
        },
        "resultHash": "876f5842e3c7a204af5181f0550769cd6d69d259c26328675be3d1a0265e0189"
      },
      {
        "case": {
          "id": "lateral-push",
          "task": "stand",
          "scenario": "lateral-push",
          "seed": 44,
          "weight": 1.5
        },
        "metrics": {
          "durationSeconds": 2.0000000000000013,
          "steps": 100,
          "survivalRate": 1,
          "fell": false,
          "meanVelocityTrackingError": 0.1125805044773376,
          "meanUpright": 0.944048844281798,
          "meanEnergy": 3.5127532050177397,
          "meanSmoothness": 0.8553240177782739,
          "peakActuator": 6
        },
        "score": {
          "terms": {
            "survival": 50,
            "velocityTracking": 17.976227265815247,
            "upright": 18.88097688563596,
            "energy": -0.0702550641003548,
            "smoothness": -0.00855324017778274,
            "componentMass": -1.4275,
            "sensorChannels": -0.5,
            "trainingSteps": 0
          },
          "total": 84.85089584717306
        },
        "resultHash": "123fab0ec16d0769018751969f6e5bf67b8fe1f0db58639ffde525b5ac578424"
      }
    ]
  },
  "delta": -0.014865028926266177,
  "gateReasons": []
}
