{
  "terms": {
    "survival": 0.0,
    "velocityTracking": 0.0,
    "forwardProgress": 0.0,
    "upright": 0.023467781284144316,
    "lateralDrift": 0.0,
    "transitionTracking": 0.0,
    "energy": -0.5381481096924858,
    "smoothness": -0.12403558561450162,
    "jointJerk": 0.0,
    "bodyAngularJerk": 0.0,
    "actionSlew": 0.0,
    "actuatorSaturation": -0.27375,
    "footSlip": 0.0,
    "footImpact": 0.0,
    "selfRighting": 0.0,
    "recoveryTime": -12.0,
    "jointLimitMargin": -0.06357435186760707,
    "componentMass": -3.015,
    "sensorChannels": -0.2,
    "trainingSteps": -0.0
  },
  "total": -16.19104026589045
}
