{
  "count": 2048.0001,
  "mean": [
    0.16851141069058723,
    0.379628170323692,
    -0.38550304352511394,
    -0.17449082166794624,
    0.36593607429150027,
    -0.3934249647660709,
    0.20000485154862063,
    0.3463166920629546,
    -0.4882747007040524,
    -0.19773411154049503,
    0.3352908041085467,
    -0.49503269365335184,
    -0.0020465780900604234,
    0.05695346642490608,
    0.0545848054457571,
    -0.014722398011872804,
    0.02836669213236267,
    0.08544343466773223,
    0.010191226343653373,
    0.03756322567627622,
    0.011344594842686708,
    -0.019398586796583062,
    0.07158974551310138,
    0.007588289389201981,
    0.4163215305460724,
    0.990352972787905,
    0.0030833225663676063,
    -0.03354741828689989,
    9.924188187027138e-05,
    0.1188747147268263,
    0.019911809032079737,
    -0.006207069546941172,
    0.04687905429716179,
    0.05043052143835841,
    0.04388222842098074,
    0.04531339560447895,
    0.03975077810422605,
    0.0440384953004013,
    1.2469403906132106,
    0.006155394212807524,
    10.734770588452884,
    0.41953629234950895,
    -0.766353144383241,
    -0.4620890065501718,
    -0.3101279426592446,
    -0.5565982179556646,
    -0.3122766590728187,
    -0.09359577421790803,
    0.3853689702718735,
    1.2088721787900574,
    -0.0006631052678697086,
    0.5797509535373837,
    1.3650493723165649,
    0.42545430253268857,
    -0.79558621643208,
    -0.42695345269741974,
    -0.31058073719499224,
    -0.5775641595312283,
    -0.2982025254999163,
    -0.08908885166551625,
    0.35443015560032287,
    1.2440006407923714,
    0.0060855405717352255,
    0.5449692993340662,
    1.4001866924679,
    0.4287465870023918,
    -0.7682540752119912,
    -0.45187998300356763,
    -0.30530499507563097,
    -0.5715238161764201,
    -0.3177829522658742,
    -0.0869916264920016,
    0.3785632539854555,
    1.2257186810573224,
    0.007669886082346647,
    0.5681808922969562,
    1.3734044761887405,
    0.4332452420721314,
    -0.7959490596239195,
    -0.4167000701707407,
    -0.30535568289806614,
    -0.5979918818953184,
    -0.29906836140533233,
    -0.08093391999811918,
    0.35446160187101206,
    1.2570964646235079,
    0.016073601551789152,
    0.5333732488888858,
    1.4085138139322089,
    0.4078028069617574,
    -0.7718035466409567,
    -0.46599207800646025,
    -0.3127860675555897,
    -0.5683401710394104,
    -0.3005997376977682,
    -0.09709164958238233,
    0.37966635015860517,
    1.197159574455545,
    -0.003211717521368739,
    0.5680388603018018,
    1.36892725650337,
    0.41375307694470975,
    -0.7931751136973019,
    -0.4386383405247786,
    -0.32027986810310677,
    -0.5860530669696393,
    -0.28642627437040574,
    -0.1004566424111198,
    0.3564988068097445,
    1.2322735517958905,
    -0.004342924018854649,
    0.5410469656878937,
    1.396256147611422,
    0.4170607327795915,
    -0.7580227190857661,
    -0.4635959905056138,
    -0.31702192180934213,
    -0.5722796560433782,
    -0.3135276164862312,
    -0.09869241801680192,
    0.3885064080040501,
    1.2139629283311573,
    -0.00401139325201373,
    0.5720802471799002,
    1.3617056681210282,
    0.4223316595042013,
    -0.7842354868209229,
    -0.4284245327560325,
    -0.3170783901781439,
    -0.5909246292770488,
    -0.30259423199405866,
    -0.09259822789662929,
    0.3662142752595986,
    1.2490903788681496,
    0.004348752394844118,
    0.5450747020866742,
    1.3968590802991347,
    0.22561122429597724,
    0.24999998779296959,
    0.0,
    0.0,
    17.057667926321024,
    15.71682489049971,
    16.99113711547295,
    17.428093069773432
  ],
  "variance": [
    0.012580178937316874,
    0.022990689802101925,
    0.026231700206282252,
    0.010206163008945245,
    0.023706318612510817,
    0.02608481082640744,
    0.007529113144943137,
    0.027179588913520177,
    0.01481056691099748,
    0.006450796521257762,
    0.026773967109364024,
    0.01439575511663228,
    2.4544308666634604,
    12.619901018359135,
    24.567127489238764,
    2.1549938301414633,
    11.911582220878715,
    24.644008545896302,
    3.2217809359736127,
    11.553707064137022,
    21.025720785732535,
    3.0345875759659213,
    12.239031763507667,
    20.088629215081976,
    0.0006297224331606099,
    0.001463511357541486,
    0.0013587169134618416,
    0.005450277528857246,
    0.009823467222082261,
    0.035911200100979465,
    0.018792015351177135,
    0.018443044957505098,
    1.0020820054223074,
    0.7326812175808678,
    0.4880103256103586,
    0.976612621604279,
    0.6292490771225272,
    0.4805393682673332,
    19.964104384630005,
    17.907634202171696,
    112.10563952332173,
    5.76337612554182,
    47.9590425776117,
    54.86746806931161,
    5.402218635577299,
    47.576849013114774,
    54.64848795724616,
    7.372380309755589,
    48.34106042430198,
    49.97166810423817,
    7.069026634949326,
    47.44633601573145,
    48.3994879929054,
    5.791471308872625,
    48.11945602036624,
    55.1801033897618,
    5.439808894491203,
    47.72409819958538,
    54.87515683423902,
    7.409050665902169,
    48.594212991823944,
    50.166550633437275,
    7.119044253488285,
    47.76096856843268,
    48.58446149558051,
    5.8304515235238386,
    48.443780196009094,
    55.406321740508176,
    5.489206782913264,
    47.88725236991413,
    55.10000729521526,
    7.457815416927397,
    48.813338835679936,
    50.38625099617799,
    7.184666714644595,
    47.95977756448588,
    48.93060597189513,
    5.8477308895772415,
    48.59692517966069,
    55.7176251829567,
    5.526356499398206,
    48.06517895180901,
    55.29780493881409,
    7.495981705080313,
    48.98842854657287,
    50.55811814464427,
    7.239620335628567,
    48.27426369772678,
    49.11412013646341,
    5.679383566250786,
    47.87606059502546,
    54.77056141126023,
    5.342360006832691,
    47.47047292620204,
    54.56196393687712,
    7.283723393357567,
    48.27362464955064,
    49.90647559442526,
    6.9927946608103975,
    47.36614152644805,
    48.295612739456445,
    5.707541047753926,
    48.04939564557711,
    55.076601153939045,
    5.364161260035631,
    47.65097093145504,
    54.78844270391504,
    7.319013570007542,
    48.52030543292678,
    50.10162061408212,
    7.0428967756333,
    47.671803563896745,
    48.501383085458386,
    5.74664384356914,
    48.38465701760412,
    55.30177911178492,
    5.388215717594542,
    47.82265434957157,
    55.014749152670085,
    7.361882835135022,
    48.73396961828915,
    50.32149651653828,
    7.090993675448081,
    47.86183859718768,
    48.86935848987689,
    5.774607702817023,
    48.52146500586547,
    55.6151068581422,
    5.425260446382807,
    48.01030547972855,
    55.207659625659915,
    7.400212253161756,
    48.886083423699716,
    50.51544639279995,
    7.146091235348626,
    48.16749800691405,
    49.052646391389054,
    0.6258581400572176,
    1e-06,
    1e-06,
    1e-06,
    368.09138677900876,
    342.8732359766381,
    559.9462201282458,
    503.30496108726476
  ]
}
