{
  "durationSeconds": 4.999999999999671,
  "steps": 250,
  "survivalRate": 1.0,
  "fell": false,
  "motionCommand": [
    0.25,
    0.0,
    0.0
  ],
  "meanMotionCommand": [
    0.25,
    0.0,
    0.0
  ],
  "meanMeasuredMotion": [
    0.02775791439516193,
    0.11244428781572634,
    0.19438221740238637
  ],
  "planarVelocityTrackingError": 0.249068790651045,
  "yawRateTrackingError": 0.19438221740238637,
  "meanVelocityTrackingError": 0.687719420329145,
  "meanPlanarVelocityTrackingError": 0.33912904678814454,
  "meanYawRateTrackingError": 0.5092967646490173,
  "meanUpright": 0.48114505238320054,
  "meanEnergy": 652.0857693403955,
  "meanSmoothness": 30.44269696777303,
  "peakActuator": 8.0,
  "motionCommandSchedule": [
    {
      "atStep": 0,
      "atSeconds": 0.0,
      "command": [
        0.25,
        0.0,
        0.0
      ]
    }
  ],
  "transitionCount": 0,
  "transitions": [],
  "maximumTransitionTerminalPlanarTrackingError": 0.0,
  "maximumTransitionTerminalYawRateTrackingError": 0.0,
  "maximumPlanarSettlingTimeSeconds": 0.0,
  "maximumPlanarBrakingSettlingTimeSeconds": 0.0,
  "maximumYawRateSettlingTimeSeconds": 0.0,
  "maximumPlanarOvershootMps": 0.0,
  "maximumYawRateOvershootRadPerSec": 0.0,
  "unsettledPlanarTransitionCount": 0,
  "unsettledYawRateTransitionCount": 0,
  "initialBasePosition": [
    0.0,
    0.0,
    0.44
  ],
  "finalBasePosition": [
    0.14155160403938885,
    0.5591041645648417,
    0.255744649509745
  ],
  "netDisplacement": [
    0.14155160403938885,
    0.5591041645648417,
    -0.184255350490255
  ],
  "targetPlanarDisplacement": [
    1.25,
    0.0
  ],
  "forwardDisplacement": 0.14155160403938885,
  "targetDistance": 1.25,
  "forwardProgress": 0.11324128323151109,
  "signedForwardProgress": 0.11324128323151109,
  "backwardDisplacement": 0.0,
  "meanForwardVelocity": 0.02831032080787963,
  "lateralDrift": 0.5591041645648417,
  "distanceTraveled": 1.3897556846916035
}
