{
  "terms": {
    "survival": 25.0,
    "velocityTracking": 11.850310993103065,
    "forwardProgress": 5.662064161575555,
    "upright": 7.217175785748008,
    "lateralDrift": -5.591041645648417,
    "transitionTracking": 0.0,
    "energy": -6.520857693403955,
    "smoothness": -0.15221348483886515,
    "componentMass": -1.5075,
    "sensorChannels": -5.3500000000000005,
    "trainingSteps": -0.0
  },
  "total": 30.60793811653539
}
