{
  "durationSeconds": 3.999999999999781,
  "steps": 200,
  "survivalRate": 1.0,
  "fell": false,
  "motionCommand": [
    0.20000000000000015,
    0.0,
    0.0
  ],
  "meanMotionCommand": [
    0.20000000000000015,
    0.0,
    0.0
  ],
  "meanMeasuredMotion": [
    -0.0760185975392539,
    0.0011258652655382706,
    0.009820942673693022
  ],
  "planarVelocityTrackingError": 0.27602089370214866,
  "yawRateTrackingError": 0.009820942673693022,
  "meanVelocityTrackingError": 0.29602144179609735,
  "meanPlanarVelocityTrackingError": 0.27821694710613376,
  "meanYawRateTrackingError": 0.06162393251627996,
  "meanUpright": 0.8783462568123938,
  "meanAbsolutePitchRad": 0.24466244295575781,
  "minimumPitchRad": -0.5546603716459293,
  "maximumPitchRad": 0.0014374932285776854,
  "maximumBackwardPitchRad": 0.5546603716459293,
  "maximumAbsolutePitchRad": 0.5546603716459293,
  "maximumAbsolutePitchRateRadPerSec": 0.9096000231206146,
  "meanBodyTiltRad": 0.24538439944974072,
  "maximumBodyTiltRad": 0.5557390670823739,
  "meanEnergy": 5.288279779870127,
  "meanSmoothness": 0.025355632459367186,
  "peakActuator": 6.0,
  "motionQualityFootEvidenceAvailable": true,
  "motionQualityContactThresholdNewton": 1.0,
  "meanJointJerkRadPerSec3": 126.5648695163664,
  "peakJointJerkRadPerSec3": 5879.110468254464,
  "meanBodyAngularJerkRadPerSec3": 27.555488561493565,
  "peakBodyAngularJerkRadPerSec3": 1277.7117368060408,
  "meanActionSlewRatePerSec": 4.2475109340016886,
  "peakActionSlewRatePerSec": 148.13569366594612,
  "actuatorSaturationRate": 0.04125,
  "meanFootSlipSpeedMps": 0.031102449812180293,
  "peakFootSlipSpeedMps": 0.2473592074691601,
  "totalFootSlipDistanceM": 0.4180169254757032,
  "meanFootContactImpactNPerSec": 44.21105684689248,
  "peakFootContactImpactNPerSec": 4937.385177218664,
  "peakFootContactForceNewton": 98.74770354437328,
  "motionCommandSchedule": [
    {
      "atStep": 0,
      "atSeconds": 0.0,
      "command": [
        0.2,
        0.0,
        0.0
      ]
    }
  ],
  "transitionCount": 0,
  "transitions": [],
  "maximumTransitionTerminalPlanarTrackingError": 0.0,
  "maximumTransitionTerminalYawRateTrackingError": 0.0,
  "maximumPlanarSettlingTimeSeconds": 0.0,
  "maximumPlanarBrakingSettlingTimeSeconds": 0.0,
  "maximumYawRateSettlingTimeSeconds": 0.0,
  "maximumPlanarOvershootMps": 0.0,
  "maximumYawRateOvershootRadPerSec": 0.0,
  "unsettledPlanarTransitionCount": 0,
  "unsettledYawRateTransitionCount": 0,
  "initialBasePosition": [
    0.0,
    0.0,
    0.38
  ],
  "finalBasePosition": [
    -0.30284300326430635,
    0.004676936976673697,
    0.24650603018342224
  ],
  "netDisplacement": [
    -0.30284300326430635,
    0.004676936976673697,
    -0.13349396981657777
  ],
  "targetPlanarDisplacement": [
    0.8,
    0.0
  ],
  "forwardDisplacement": -0.30284300326430635,
  "targetDistance": 0.8,
  "forwardProgress": 0.0,
  "signedForwardProgress": -0.37855375408038294,
  "backwardDisplacement": 0.30284300326430635,
  "meanForwardVelocity": -0.07571075081608074,
  "lateralDrift": 0.004676936976673697,
  "distanceTraveled": 0.37731416300537796
}
