{
  "terms": {
    "survival": 10.0,
    "velocityTracking": 1.5431843451820448,
    "forwardProgress": 0.0,
    "upright": 1.7566925136247875,
    "lateralDrift": -0.004676936976673697,
    "transitionTracking": 0.0,
    "energy": -0.005288279779870127,
    "smoothness": -2.5355632459367186e-05,
    "jointJerk": 0.0,
    "bodyAngularJerk": 0.0,
    "actionSlew": 0.0,
    "actuatorSaturation": 0.0,
    "footSlip": 0.0,
    "footImpact": 0.0,
    "componentMass": 0.0,
    "sensorChannels": 0,
    "trainingSteps": 0
  },
  "total": 13.289886286417829
}
