{
  "durationSeconds": 18.000000000000902,
  "steps": 900,
  "survivalRate": 1.0,
  "fell": false,
  "motionCommand": [
    0.13111111111111284,
    0.02499999999999996,
    0.041666666666666664
  ],
  "meanMotionCommand": [
    0.13111111111111284,
    0.02499999999999996,
    0.041666666666666664
  ],
  "meanMeasuredMotion": [
    0.05783351713149403,
    0.008892254036480139,
    -7.892406070973937e-06
  ],
  "planarVelocityTrackingError": 0.07502709683485798,
  "yawRateTrackingError": 0.041674559072737635,
  "meanVelocityTrackingError": 0.3235346019324152,
  "meanPlanarVelocityTrackingError": 0.2034495103554281,
  "meanYawRateTrackingError": 0.19360674672615563,
  "meanUpright": 0.8962990504403777,
  "meanAbsolutePitchRad": 0.20184615446087456,
  "minimumPitchRad": -0.6347069051786498,
  "maximumPitchRad": 1.0411296058614832,
  "maximumBackwardPitchRad": 0.6347069051786498,
  "maximumAbsolutePitchRad": 1.0411296058614832,
  "maximumAbsolutePitchRateRadPerSec": 5.6934438997790044,
  "meanBodyTiltRad": 0.2109932377583638,
  "maximumBodyTiltRad": 1.0411296064250561,
  "initialBodyTiltRad": 0.0,
  "minimumBodyTiltRad": 0.0,
  "finalBodyTiltRad": 0.08852858883862853,
  "finalBaseHeightM": 0.4206949078752441,
  "selfRightingTask": true,
  "recoveryTriggered": true,
  "selfRightingSuccess": 1.0,
  "timeToStableStandSeconds": 5.479999999999401,
  "stableStandingDwellSeconds": 1.98,
  "finalStableStandingDwellSeconds": 0.0,
  "minimumJointLimitMarginRad": 0.02838196454511377,
  "disallowedCollisionSteps": 0,
  "meanEnergy": 164.79637126665054,
  "meanSmoothness": 110.47356394981499,
  "peakActuator": 8.0,
  "motionQualityFootEvidenceAvailable": true,
  "motionQualityContactThresholdNewton": 1.0,
  "meanJointJerkRadPerSec3": 18516.65261103267,
  "peakJointJerkRadPerSec3": 53950.942748760586,
  "meanBodyAngularJerkRadPerSec3": 2108.6431929929313,
  "peakBodyAngularJerkRadPerSec3": 14735.598911161858,
  "meanActionSlewRatePerSec": 402.6850870140314,
  "peakActionSlewRatePerSec": 800.0,
  "actuatorSaturationRate": 0.34425925925925926,
  "meanFootSlipSpeedMps": 0.040168874502601544,
  "peakFootSlipSpeedMps": 1.0807283034908644,
  "totalFootSlipDistanceM": 1.42438828986225,
  "meanFootContactImpactNPerSec": 476.0981113217653,
  "peakFootContactImpactNPerSec": 14426.242001327671,
  "peakFootContactForceNewton": 288.5248400265534,
  "motionCommandSchedule": [
    {
      "atStep": 0,
      "atSeconds": 0.0,
      "command": [
        0.2,
        0.0,
        0.0
      ]
    },
    {
      "atStep": 400,
      "atSeconds": 8.0,
      "command": [
        0.2,
        0.0,
        0.0
      ]
    },
    {
      "atStep": 500,
      "atSeconds": 10.0,
      "command": [
        0.12,
        0.0,
        0.25
      ]
    },
    {
      "atStep": 650,
      "atSeconds": 13.0,
      "command": [
        0.0,
        0.15,
        0.0
      ]
    },
    {
      "atStep": 800,
      "atSeconds": 16.0,
      "command": [
        0.0,
        0.0,
        0.0
      ]
    }
  ],
  "transitionCount": 4,
  "transitions": [
    {
      "index": 1,
      "atStep": 400,
      "atSeconds": 8.0,
      "endStep": 500,
      "fromCommand": [
        0.2,
        0.0,
        0.0
      ],
      "toCommand": [
        0.2,
        0.0,
        0.0
      ],
      "sampleCount": 100,
      "peakPlanarTrackingError": 0.7957045051170968,
      "peakYawRateTrackingError": 0.5605975368562629,
      "terminalMeasuredMotion": [
        -0.008614745701396708,
        0.0010668319574949551,
        0.03241669058496676
      ],
      "terminalPlanarTrackingError": 0.20861747351188956,
      "terminalYawRateTrackingError": 0.03241669058496676,
      "planarOvershootMps": 0.0,
      "yawRateOvershootRadPerSec": 0.0,
      "planarSettlingTimeSeconds": 2.0,
      "yawRateSettlingTimeSeconds": 0.26,
      "planarSettled": false,
      "yawRateSettled": true,
      "planarBraking": false
    },
    {
      "index": 2,
      "atStep": 500,
      "atSeconds": 10.0,
      "endStep": 650,
      "fromCommand": [
        0.2,
        0.0,
        0.0
      ],
      "toCommand": [
        0.12,
        0.0,
        0.25
      ],
      "sampleCount": 150,
      "peakPlanarTrackingError": 0.23699336097631146,
      "peakYawRateTrackingError": 0.6990989268239769,
      "terminalMeasuredMotion": [
        -0.013046061551453058,
        0.013936883991939292,
        0.005976124724472814
      ],
      "terminalPlanarTrackingError": 0.13377403047586553,
      "terminalYawRateTrackingError": 0.24402387527552719,
      "planarOvershootMps": 0.23552598461879468,
      "yawRateOvershootRadPerSec": 0.6170878855085379,
      "planarSettlingTimeSeconds": 3.0,
      "yawRateSettlingTimeSeconds": 3.0,
      "planarSettled": false,
      "yawRateSettled": true,
      "planarBraking": false
    },
    {
      "index": 3,
      "atStep": 650,
      "atSeconds": 13.0,
      "endStep": 800,
      "fromCommand": [
        0.12,
        0.0,
        0.25
      ],
      "toCommand": [
        0.0,
        0.15,
        0.0
      ],
      "sampleCount": 150,
      "peakPlanarTrackingError": 0.18113347008738395,
      "peakYawRateTrackingError": 0.5007172068364637,
      "terminalMeasuredMotion": [
        0.07012830061097192,
        0.0430992646196172,
        -0.18555545378271876
      ],
      "terminalPlanarTrackingError": 0.12785048209314454,
      "terminalYawRateTrackingError": 0.18555545378271876,
      "planarOvershootMps": 0.017279619057730185,
      "yawRateOvershootRadPerSec": 0.5007172068364637,
      "planarSettlingTimeSeconds": 3.0,
      "yawRateSettlingTimeSeconds": 2.96,
      "planarSettled": false,
      "yawRateSettled": true,
      "planarBraking": false
    },
    {
      "index": 4,
      "atStep": 800,
      "atSeconds": 16.0,
      "endStep": 900,
      "fromCommand": [
        0.0,
        0.15,
        0.0
      ],
      "toCommand": [
        0.0,
        0.0,
        0.0
      ],
      "sampleCount": 100,
      "peakPlanarTrackingError": 0.1092387763767946,
      "peakYawRateTrackingError": 0.4778893868616154,
      "terminalMeasuredMotion": [
        -0.022905621322838722,
        -0.003732140675441104,
        -0.0093200963531267
      ],
      "terminalPlanarTrackingError": 0.023207678949144522,
      "terminalYawRateTrackingError": 0.0093200963531267,
      "planarOvershootMps": 0.10493534082180493,
      "yawRateOvershootRadPerSec": 0.0,
      "planarSettlingTimeSeconds": 0.2,
      "yawRateSettlingTimeSeconds": 0.2,
      "planarSettled": true,
      "yawRateSettled": true,
      "planarBraking": true
    }
  ],
  "maximumTransitionTerminalPlanarTrackingError": 0.20861747351188956,
  "maximumTransitionTerminalYawRateTrackingError": 0.24402387527552719,
  "maximumPlanarSettlingTimeSeconds": 3.0,
  "maximumPlanarBrakingSettlingTimeSeconds": 0.2,
  "maximumYawRateSettlingTimeSeconds": 3.0,
  "maximumPlanarOvershootMps": 0.23552598461879468,
  "maximumYawRateOvershootRadPerSec": 0.6170878855085379,
  "unsettledPlanarTransitionCount": 3,
  "unsettledYawRateTransitionCount": 0,
  "initialBasePosition": [
    1.0179830559280731,
    0.14308442119829026,
    0.47629785310774786
  ],
  "finalBasePosition": [
    1.0332429367757072,
    0.16404115931116325,
    0.4206949078752441
  ],
  "netDisplacement": [
    0.015259880847634077,
    0.02095673811287299,
    -0.05560294523250375
  ],
  "targetPlanarDisplacement": [
    0.76,
    0.44999999999999996
  ],
  "forwardDisplacement": 0.023808042463393818,
  "targetDistance": 0.8832326986700617,
  "forwardProgress": 0.02695557184334668,
  "signedForwardProgress": 0.02695557184334668,
  "backwardDisplacement": 0.0,
  "meanForwardVelocity": 0.0023808042463391668,
  "lateralDrift": 0.010257970066088595,
  "distanceTraveled": 2.706074327505984,
  "episodeInitialBasePosition": [
    0.0,
    0.0,
    0.44
  ],
  "mobilityMeasurementStartedAtSeconds": 8.0,
  "recoveryEvaluationStartedAtSeconds": 2.7,
  "missionStageDurationsSeconds": {
    "approach": 2.48,