{
  "terms": {
    "survival": 10.0,
    "velocityTracking": 4.533315556117499,
    "forwardProgress": 0.5391114368669335,
    "upright": 1.7925981008807554,
    "lateralDrift": -0.02051594013217719,
    "transitionTracking": 0.24081138354967266,
    "energy": -0.32959274253330106,
    "smoothness": -0.11047356394981499,
    "jointJerk": 0.0,
    "bodyAngularJerk": 0.0,
    "actionSlew": 0.0,
    "actuatorSaturation": -0.17212962962962963,
    "footSlip": 0.0,
    "footImpact": 0.0,
    "selfRighting": 100.0,
    "recoveryTime": -10.959999999998802,
    "jointLimitMargin": 0.05676392909022754,
    "componentMass": -3.015,
    "sensorChannels": -2.14,
    "trainingSteps": -0.08192
  },
  "total": 100.33296853026137
}
