{
  "durationSeconds": 2.039999999999997,
  "steps": 102,
  "survivalRate": 0.404,
  "fell": true,
  "motionCommand": [
    0.25,
    0.0,
    0.0
  ],
  "meanMotionCommand": [
    0.25,
    0.0,
    0.0
  ],
  "meanMeasuredMotion": [
    -0.5708403778631059,
    -0.0007395812459773148,
    -0.0041905026387001835
  ],
  "planarVelocityTrackingError": 0.8208407110462211,
  "yawRateTrackingError": 0.0041905026387001835,
  "meanVelocityTrackingError": 0.825194112328971,
  "meanPlanarVelocityTrackingError": 0.8212064006492428,
  "meanYawRateTrackingError": 0.029842787307026213,
  "meanUpright": 0.6593208234825996,
  "meanEnergy": 525.1571822917308,
  "meanSmoothness": 25.127382736084023,
  "peakActuator": 8.0,
  "motionCommandSchedule": [
    {
      "atStep": 0,
      "atSeconds": 0.0,
      "command": [
        0.25,
        0.0,
        0.0
      ]
    }
  ],
  "transitionCount": 0,
  "transitions": [],
  "maximumTransitionTerminalPlanarTrackingError": 0.0,
  "maximumTransitionTerminalYawRateTrackingError": 0.0,
  "maximumPlanarSettlingTimeSeconds": 0.0,
  "maximumPlanarBrakingSettlingTimeSeconds": 0.0,
  "maximumYawRateSettlingTimeSeconds": 0.0,
  "maximumPlanarOvershootMps": 0.0,
  "maximumYawRateOvershootRadPerSec": 0.0,
  "unsettledPlanarTransitionCount": 0,
  "unsettledYawRateTransitionCount": 0,
  "initialBasePosition": [
    0.0,
    0.0,
    0.44
  ],
  "finalBasePosition": [
    -1.1589675152127048,
    -0.0005898662952845897,
    0.1861184848888459
  ],
  "netDisplacement": [
    -1.1589675152127048,
    -0.0005898662952845897,
    -0.2538815151111541
  ],
  "targetPlanarDisplacement": [
    1.25,
    0.0
  ],
  "forwardDisplacement": -1.1589675152127048,
  "targetDistance": 1.25,
  "forwardProgress": 0.0,
  "signedForwardProgress": -0.9271740121701638,
  "backwardDisplacement": 1.1589675152127048,
  "meanForwardVelocity": -0.5681213309866209,
  "lateralDrift": 0.0005898662952845897,
  "distanceTraveled": 1.2185546772804365
}
