{
  "terms": {
    "survival": 10.100000000000001,
    "velocityTracking": 8.218303959385343,
    "forwardProgress": 0.0,
    "upright": 9.889812352238994,
    "lateralDrift": -0.0058986629528458975,
    "transitionTracking": 0.0,
    "energy": -5.251571822917308,
    "smoothness": -0.12563691368042013,
    "componentMass": -1.5075,
    "sensorChannels": -5.3500000000000005,
    "trainingSteps": -0.0
  },
  "total": 15.967508912073765
}
