{
  "durationSeconds": 6.499999999999506,
  "steps": 325,
  "survivalRate": 1.0,
  "fell": false,
  "motionCommand": [
    0.0,
    0.0,
    0.038461538461538464
  ],
  "meanMotionCommand": [
    0.0,
    0.0,
    0.038461538461538464
  ],
  "meanMeasuredMotion": [
    0.08065443692850227,
    0.04617123865776295,
    0.09627452635035683
  ],
  "planarVelocityTrackingError": 0.09293503900814727,
  "yawRateTrackingError": 0.05781298788881836,
  "meanVelocityTrackingError": 0.5518513997499008,
  "meanPlanarVelocityTrackingError": 0.18461663322127825,
  "meanYawRateTrackingError": 0.4994888343305349,
  "meanUpright": 0.8125423373584907,
  "meanEnergy": 196.29865057595168,
  "meanSmoothness": 135.6083809740894,
  "peakActuator": 8.0,
  "motionCommandSchedule": [
    {
      "atStep": 0,
      "atSeconds": 0.0,
      "command": [
        0.0,
        0.0,
        0.5
      ]
    },
    {
      "atStep": 125,
      "atSeconds": 2.5,
      "command": [
        0.0,
        0.0,
        -0.5
      ]
    },
    {
      "atStep": 225,
      "atSeconds": 4.5,
      "command": [
        0.0,
        0.0,
        0.0
      ]
    }
  ],
  "transitionCount": 2,
  "transitions": [
    {
      "index": 1,
      "atStep": 125,
      "atSeconds": 2.5,
      "endStep": 225,
      "fromCommand": [
        0.0,
        0.0,
        0.5
      ],
      "toCommand": [
        0.0,
        0.0,
        -0.5
      ],
      "sampleCount": 100,
      "peakPlanarTrackingError": 0.4811615608251233,
      "peakYawRateTrackingError": 1.6243197603685904,
      "terminalMeasuredMotion": [
        0.3061624865329272,
        0.22000402712719982,
        -0.050386988975363145
      ],
      "terminalPlanarTrackingError": 0.37701092837238886,
      "terminalYawRateTrackingError": 0.44961301102463685,
      "planarOvershootMps": 0.0,
      "yawRateOvershootRadPerSec": 0.10019454293447927,
      "planarSettlingTimeSeconds": 2.0,
      "yawRateSettlingTimeSeconds": 2.0,
      "planarSettled": false,
      "yawRateSettled": false
    },
    {
      "index": 2,
      "atStep": 225,
      "atSeconds": 4.5,
      "endStep": 325,
      "fromCommand": [
        0.0,
        0.0,
        -0.5
      ],
      "toCommand": [
        0.0,
        0.0,
        0.0
      ],
      "sampleCount": 100,
      "peakPlanarTrackingError": 0.9512035495212409,
      "peakYawRateTrackingError": 1.7033597613763685,
      "terminalMeasuredMotion": [
        -0.03986602108732816,
        -0.03299441130481595,
        -0.052390133350902535
      ],
      "terminalPlanarTrackingError": 0.051748727662490994,
      "terminalYawRateTrackingError": 0.052390133350902535,
      "planarOvershootMps": 0.0,
      "yawRateOvershootRadPerSec": 1.7033597613763685,
      "planarSettlingTimeSeconds": 0.98,
      "yawRateSettlingTimeSeconds": 0.62,
      "planarSettled": true,
      "yawRateSettled": true
    }
  ],
  "maximumTransitionTerminalPlanarTrackingError": 0.37701092837238886,
  "maximumTransitionTerminalYawRateTrackingError": 0.44961301102463685,
  "maximumPlanarSettlingTimeSeconds": 2.0,
  "maximumYawRateSettlingTimeSeconds": 2.0,
  "maximumPlanarOvershootMps": 0.0,
  "maximumYawRateOvershootRadPerSec": 1.7033597613763685,
  "unsettledPlanarTransitionCount": 1,
  "unsettledYawRateTransitionCount": 1,
  "initialBasePosition": [
    0.0,
    0.0,
    0.44
  ],
  "finalBasePosition": [
    0.5320224540835082,
    0.29931225141534634,
    0.2523063400263479
  ],
  "netDisplacement": [
    0.5320224540835082,
    0.29931225141534634,
    -0.18769365997365212
  ],
  "targetPlanarDisplacement": [
    0.0,
    0.0
  ],
  "forwardDisplacement": 0.0,
  "targetDistance": 0.0,
  "forwardProgress": 1.0,
  "meanForwardVelocity": 0.0,
  "lateralDrift": 0.6104389531282896,
  "distanceTraveled": 1.1219621369230823
}
