{
  "terms": {
    "survival": 30.0,
    "velocityTracking": 12.88783191691114,
    "forwardProgress": 10.0,
    "upright": 12.18813506037736,
    "lateralDrift": -3.0521947656414476,
    "transitionTracking": 3.984072368831123,
    "energy": -0.9814932528797584,
    "smoothness": -0.13560838097408942,
    "componentMass": -1.2060000000000002,
    "sensorChannels": -1.07,
    "trainingSteps": -0.0
  },
  "total": 62.614742946624325
}
