{
  "proposal": {
    "strategy": "coordinate-neutral-knee-increase",
    "hypothesis": "Increase neutralKnee by one bounded step.",
    "expectedEffect": "Test whether neutralKnee=-0.49 improves the complete locked quadruped score.",
    "values": {
      "/config/neutralKnee": -0.49
    }
  },
  "previous": {
    "assembly": "force-sensing",
    "controller": "force-aware-gait",
    "assemblyHash": "d89572552c790a7256a7fe23403e257b121aab1b617e4b133032638dcb972cea",
    "aggregateScore": 84.1563495527771,
    "cases": [
      {
        "case": {
          "id": "nominal",
          "task": "velocity-track",
          "scenario": "nominal",
          "seed": 42,
          "weight": 1
        },
        "metrics": {
          "durationSeconds": 2.999999999999891,
          "steps": 150,
          "survivalRate": 1,
          "fell": false,
          "meanVelocityTrackingError": 0.19646036184790114,
          "meanUpright": 0.9448694360672864,
          "meanEnergy": 1.2962238106596744,
          "meanSmoothness": 0.3702222641580656,
          "peakActuator": 6
        },
        "score": {
          "terms": {
            "survival": 50,
            "velocityTracking": 16.71597374869196,
            "upright": 18.897388721345727,
            "energy": -0.02592447621319349,
            "smoothness": -0.003702222641580656,
            "componentMass": -1.4275,
            "sensorChannels": -0.5,
            "trainingSteps": 0
          },
          "total": 83.65623577118292
        },
        "resultHash": "c33d1020414b376b40b5bf00b39b64c51bc5eff6bd37ea1e2f62954cd7335eec"
      },
      {
        "case": {
          "id": "low-friction",
          "task": "velocity-track",
          "scenario": "low-friction",
          "seed": 43,
          "weight": 1.2
        },
        "metrics": {
          "durationSeconds": 2.999999999999891,
          "steps": 150,
          "survivalRate": 1,
          "fell": false,
          "meanVelocityTrackingError": 0.19646036184790114,
          "meanUpright": 0.9448694360672864,
          "meanEnergy": 1.2962238106596744,
          "meanSmoothness": 0.3702222641580656,
          "peakActuator": 6
        },
        "score": {
          "terms": {
            "survival": 50,
            "velocityTracking": 16.71597374869196,
            "upright": 18.897388721345727,
            "energy": -0.02592447621319349,
            "smoothness": -0.003702222641580656,
            "componentMass": -1.4275,
            "sensorChannels": -0.5,
            "trainingSteps": 0
          },
          "total": 83.65623577118292
        },
        "resultHash": "0c4177033cafd15009be6e820a3ba3322f00123fc1ed064b9a66592974e70ae5"
      },
      {
        "case": {
          "id": "lateral-push",
          "task": "stand",
          "scenario": "lateral-push",
          "seed": 44,
          "weight": 1.5
        },
        "metrics": {
          "durationSeconds": 2.0000000000000013,
          "steps": 100,
          "survivalRate": 1,
          "fell": false,
          "meanVelocityTrackingError": 0.10345212164061295,
          "meanUpright": 0.9378689813472728,
          "meanEnergy": 2.9554898441546458,
          "meanSmoothness": 0.5856894583502279,
          "peakActuator": 6
        },
        "score": {
          "terms": {
            "survival": 50,
            "velocityTracking": 18.12493683030306,
            "upright": 18.757379626945458,
            "energy": -0.05910979688309292,
            "smoothness": -0.005856894583502279,
            "componentMass": -1.4275,
            "sensorChannels": -0.5,
            "trainingSteps": 0
          },
          "total": 84.88984976578192
        },
        "resultHash": "8170a79ddeea35f24c4d809cf6bd5ff64f99014c724d83275530c78939700036"
      }
    ]
  },
  "candidate": {
    "assembly": "force-sensing",
    "controller": "force-aware-gait",
    "assemblyHash": "d89572552c790a7256a7fe23403e257b121aab1b617e4b133032638dcb972cea",
    "aggregateScore": 84.18923359354169,
    "cases": [
      {
        "case": {
          "id": "nominal",
          "task": "velocity-track",
          "scenario": "nominal",
          "seed": 42,
          "weight": 1
        },
        "metrics": {
          "durationSeconds": 2.999999999999891,
          "steps": 150,
          "survivalRate": 1,
          "fell": false,
          "meanVelocityTrackingError": 0.19504739041994468,
          "meanUpright": 0.9464749359328966,
          "meanEnergy": 1.3573273542439368,
          "meanSmoothness": 0.3728759655515629,
          "peakActuator": 6
        },
        "score": {
          "terms": {
            "survival": 50,
            "velocityTracking": 16.7357379802084,
            "upright": 18.929498718657932,
            "energy": -0.027146547084878736,
            "smoothness": -0.003728759655515629,
            "componentMass": -1.4275,
            "sensorChannels": -0.5,
            "trainingSteps": 0
          },
          "total": 83.70686139212593
        },
        "resultHash": "a6d927f75ad255dc85c4933e93c512ebf41d1c638f930fdec355a62c189ed79b"
      },
      {
        "case": {
          "id": "low-friction",
          "task": "velocity-track",
          "scenario": "low-friction",
          "seed": 43,
          "weight": 1.2
        },
        "metrics": {
          "durationSeconds": 2.999999999999891,
          "steps": 150,
          "survivalRate": 1,
          "fell": false,
          "meanVelocityTrackingError": 0.19504739041994468,
          "meanUpright": 0.9464749359328966,
          "meanEnergy": 1.3573273542439368,
          "meanSmoothness": 0.3728759655515629,
          "peakActuator": 6
        },
        "score": {
          "terms": {
            "survival": 50,
            "velocityTracking": 16.7357379802084,
            "upright": 18.929498718657932,
            "energy": -0.027146547084878736,
            "smoothness": -0.003728759655515629,
            "componentMass": -1.4275,
            "sensorChannels": -0.5,
            "trainingSteps": 0
          },
          "total": 83.70686139212593
        },
        "resultHash": "8b17df6eb216c1d7ed6ea0b42032c8364744bec333e8b3e0a6c49c57fe75c6e3"
      },
      {
        "case": {
          "id": "lateral-push",
          "task": "stand",
          "scenario": "lateral-push",
          "seed": 44,
          "weight": 1.5
        },
        "metrics": {
          "durationSeconds": 2.0000000000000013,
          "steps": 100,
          "survivalRate": 1,
          "fell": false,
          "meanVelocityTrackingError": 0.10565570014073962,
          "meanUpright": 0.9400373021244559,
          "meanEnergy": 2.969177721882318,
          "meanSmoothness": 0.5963387302394467,
          "peakActuator": 6
        },
        "score": {
          "terms": {
            "survival": 50,
            "velocityTracking": 18.088813721535722,
            "upright": 18.800746042489116,
            "energy": -0.05938355443764636,
            "smoothness": -0.005963387302394468,
            "componentMass": -1.4275,
            "sensorChannels": -0.5,
            "trainingSteps": 0
          },
          "total": 84.8967128222848
        },
        "resultHash": "21a3a943b9550e0f141fafbc334be79fecf6d712598065ac620a2596303b82b9"
      }
    ]
  },
  "scoreDelta": 0.03288404076458562
}
