{
  "durationSeconds": 7.999999999999341,
  "steps": 400,
  "survivalRate": 1.0,
  "fell": false,
  "motionCommand": [
    0.0,
    0.007500000000000004,
    0.0
  ],
  "meanMotionCommand": [
    0.0,
    0.007500000000000004,
    0.0
  ],
  "meanMeasuredMotion": [
    -0.013949529226283503,
    -0.1302976535846256,
    0.11614506525045953
  ],
  "planarVelocityTrackingError": 0.13850192308796086,
  "yawRateTrackingError": 0.11614506525045953,
  "meanVelocityTrackingError": 1.132151478266688,
  "meanPlanarVelocityTrackingError": 0.45210291327917185,
  "meanYawRateTrackingError": 0.9792071147036553,
  "meanUpright": 0.9352881519491796,
  "meanEnergy": 513.863745354734,
  "meanSmoothness": 40.683350480008514,
  "peakActuator": 8.0,
  "motionCommandSchedule": [
    {
      "atStep": 0,
      "atSeconds": 0.0,
      "command": [
        0.0,
        0.12,
        0.0
      ]
    },
    {
      "atStep": 125,
      "atSeconds": 2.5,
      "command": [
        0.0,
        -0.12,
        0.0
      ]
    },
    {
      "atStep": 225,
      "atSeconds": 4.5,
      "command": [
        0.0,
        0.0,
        0.0
      ]
    }
  ],
  "transitionCount": 2,
  "transitions": [
    {
      "index": 1,
      "atStep": 125,
      "atSeconds": 2.5,
      "endStep": 225,
      "fromCommand": [
        0.0,
        0.12,
        0.0
      ],
      "toCommand": [
        0.0,
        -0.12,
        0.0
      ],
      "sampleCount": 100,
      "peakPlanarTrackingError": 0.6237178072359709,
      "peakYawRateTrackingError": 3.6385700472603877,
      "terminalMeasuredMotion": [
        -0.04515604557941557,
        -0.15429888487880764,
        0.10693085823572361
      ],
      "terminalPlanarTrackingError": 0.05670521983292152,
      "terminalYawRateTrackingError": 0.10693085823572361,
      "planarOvershootMps": 0.43173039136283664,
      "yawRateOvershootRadPerSec": 0.0,
      "planarSettlingTimeSeconds": 1.9,
      "yawRateSettlingTimeSeconds": 2.0,
      "planarSettled": true,
      "yawRateSettled": true
    },
    {
      "index": 2,
      "atStep": 225,
      "atSeconds": 4.5,
      "endStep": 400,
      "fromCommand": [
        0.0,
        -0.12,
        0.0
      ],
      "toCommand": [
        0.0,
        0.0,
        0.0
      ],
      "sampleCount": 175,
      "peakPlanarTrackingError": 1.0031910045379822,
      "peakYawRateTrackingError": 2.980087276599164,
      "terminalMeasuredMotion": [
        -0.2437929025369549,
        -0.5969283291971696,
        -1.2360404207986102
      ],
      "terminalPlanarTrackingError": 0.6447933075998212,
      "terminalYawRateTrackingError": 1.2360404207986102,
      "planarOvershootMps": 0.0,
      "yawRateOvershootRadPerSec": 0.0,
      "planarSettlingTimeSeconds": 3.5,
      "yawRateSettlingTimeSeconds": 3.5,
      "planarSettled": false,
      "yawRateSettled": false
    }
  ],
  "maximumTransitionTerminalPlanarTrackingError": 0.6447933075998212,
  "maximumTransitionTerminalYawRateTrackingError": 1.2360404207986102,
  "maximumPlanarSettlingTimeSeconds": 3.5,
  "maximumYawRateSettlingTimeSeconds": 3.5,
  "maximumPlanarOvershootMps": 0.43173039136283664,
  "maximumYawRateOvershootRadPerSec": 0.0,
  "unsettledPlanarTransitionCount": 1,
  "unsettledYawRateTransitionCount": 1,
  "initialBasePosition": [
    0.0,
    0.0,
    0.44
  ],
  "finalBasePosition": [
    -0.10651132731408836,
    -1.0363999120135385,
    0.42729296832296754
  ],
  "netDisplacement": [
    -0.10651132731408836,
    -1.0363999120135385,
    -0.012707031677032465
  ],
  "targetPlanarDisplacement": [
    0.0,
    0.06
  ],
  "forwardDisplacement": -1.0363999120135385,
  "targetDistance": 0.06,
  "forwardProgress": 0.0,
  "meanForwardVelocity": -0.129549989001703,
  "lateralDrift": 0.10651132731408836,
  "distanceTraveled": 3.7340047805332057
}
