{
  "terms": {
    "survival": 30.0,
    "velocityTracking": 9.380196577899243,
    "forwardProgress": 0.0,
    "upright": 14.029322279237693,
    "lateralDrift": -0.5325566365704417,
    "transitionTracking": 2.9090728214249864,
    "energy": -2.5693187267736697,
    "smoothness": -0.04068335048000851,
    "componentMass": -1.2060000000000002,
    "sensorChannels": -1.07,
    "trainingSteps": -0.0
  },
  "total": 50.900032964737804
}
