{
  "terms": {
    "survival": 30.0,
    "velocityTracking": 21.060471371592058,
    "forwardProgress": 25.0,
    "upright": 14.334370211181492,
    "lateralDrift": -2.6732765405949444,
    "energy": -0.9645792525542924,
    "smoothness": -0.13066352508095783,
    "componentMass": -1.2060000000000002,
    "sensorChannels": -1.07,
    "trainingSteps": -0.0
  },
  "total": 84.35032226454335
}
