{
  "durationSeconds": 6.499999999999506,
  "steps": 325,
  "survivalRate": 1.0,
  "fell": false,
  "motionCommand": [
    0.0,
    0.009230769230769237,
    0.0
  ],
  "meanMotionCommand": [
    0.0,
    0.009230769230769237,
    0.0
  ],
  "meanMeasuredMotion": [
    0.18210945594120048,
    0.1527732022414018,
    0.03684631305967428
  ],
  "planarVelocityTrackingError": 0.23187989136148046,
  "yawRateTrackingError": 0.03684631305967428,
  "meanVelocityTrackingError": 0.873209269562861,
  "meanPlanarVelocityTrackingError": 0.4381589149634874,
  "meanYawRateTrackingError": 0.6849314371970775,
  "meanUpright": 0.9428842481001473,
  "meanEnergy": 510.5462448884861,
  "meanSmoothness": 39.64361401605929,
  "peakActuator": 8.0,
  "motionCommandSchedule": [
    {
      "atStep": 0,
      "atSeconds": 0.0,
      "command": [
        0.0,
        0.12,
        0.0
      ]
    },
    {
      "atStep": 125,
      "atSeconds": 2.5,
      "command": [
        0.0,
        -0.12,
        0.0
      ]
    },
    {
      "atStep": 225,
      "atSeconds": 4.5,
      "command": [
        0.0,
        0.0,
        0.0
      ]
    }
  ],
  "transitionCount": 2,
  "transitions": [
    {
      "index": 1,
      "atStep": 125,
      "atSeconds": 2.5,
      "endStep": 225,
      "fromCommand": [
        0.0,
        0.12,
        0.0
      ],
      "toCommand": [
        0.0,
        -0.12,
        0.0
      ],
      "sampleCount": 100,
      "peakPlanarTrackingError": 0.5526259593418655,
      "peakYawRateTrackingError": 1.7358746691904687,
      "terminalMeasuredMotion": [
        0.41735329651208397,
        -0.12155963923369366,
        0.6561207845883729
      ],
      "terminalPlanarTrackingError": 0.41735621066906714,
      "terminalYawRateTrackingError": 0.6561207845883729,
      "planarOvershootMps": 0.39467392335525153,
      "yawRateOvershootRadPerSec": 0.0,
      "planarSettlingTimeSeconds": 2.0,
      "yawRateSettlingTimeSeconds": 2.0,
      "planarSettled": false,
      "yawRateSettled": false
    },
    {
      "index": 2,
      "atStep": 225,
      "atSeconds": 4.5,
      "endStep": 325,
      "fromCommand": [
        0.0,
        -0.12,
        0.0
      ],
      "toCommand": [
        0.0,
        0.0,
        0.0
      ],
      "sampleCount": 100,
      "peakPlanarTrackingError": 1.1909320403687988,
      "peakYawRateTrackingError": 3.1392518534327913,
      "terminalMeasuredMotion": [
        1.0536718281703725,
        0.374495536825525,
        0.4710293616318212
      ],
      "terminalPlanarTrackingError": 1.1182447087208296,
      "terminalYawRateTrackingError": 0.4710293616318212,
      "planarOvershootMps": 0.616141505158257,
      "yawRateOvershootRadPerSec": 0.0,
      "planarSettlingTimeSeconds": 2.0,
      "yawRateSettlingTimeSeconds": 2.0,
      "planarSettled": false,
      "yawRateSettled": false
    }
  ],
  "maximumTransitionTerminalPlanarTrackingError": 1.1182447087208296,
  "maximumTransitionTerminalYawRateTrackingError": 0.6561207845883729,
  "maximumPlanarSettlingTimeSeconds": 2.0,
  "maximumYawRateSettlingTimeSeconds": 2.0,
  "maximumPlanarOvershootMps": 0.616141505158257,
  "maximumYawRateOvershootRadPerSec": 0.0,
  "unsettledPlanarTransitionCount": 2,
  "unsettledYawRateTransitionCount": 2,
  "initialBasePosition": [
    0.0,
    0.0,
    0.44
  ],
  "finalBasePosition": [
    1.1719702724804035,
    0.9900885134189713,
    0.2588747008998654
  ],
  "netDisplacement": [
    1.1719702724804035,
    0.9900885134189713,
    -0.18112529910013458
  ],
  "targetPlanarDisplacement": [
    0.0,
    0.06
  ],
  "forwardDisplacement": 0.9900885134189713,
  "targetDistance": 0.06,
  "forwardProgress": 1.0,
  "meanForwardVelocity": 0.15232130975677638,
  "lateralDrift": 1.1719702724804035,
  "distanceTraveled": 2.952186347971622
}
