{
  "terms": {
    "survival": 30.0,
    "velocityTracking": 10.676863671866876,
    "forwardProgress": 10.0,
    "upright": 14.143263721502208,
    "lateralDrift": -5.859851362402018,
    "transitionTracking": 4.059261429049588,
    "energy": -2.5527312244424305,
    "smoothness": -0.039643614016059286,
    "componentMass": -1.2060000000000002,
    "sensorChannels": -1.07,
    "trainingSteps": -0.0
  },
  "total": 58.151162621558164
}
