{
  "durationSeconds": 2.939999999999898,
  "steps": 147,
  "survivalRate": 0.584,
  "fell": true,
  "motionCommand": [
    0.25,
    0.0,
    0.0
  ],
  "meanMotionCommand": [
    0.25,
    0.0,
    0.0
  ],
  "meanMeasuredMotion": [
    0.07578268301844873,
    -7.258533467857161e-13,
    5.268720959108646e-13
  ],
  "planarVelocityTrackingError": 0.17421731698155127,
  "yawRateTrackingError": 5.268720959108646e-13,
  "meanVelocityTrackingError": 0.22719323587620344,
  "meanPlanarVelocityTrackingError": 0.22719323587620344,
  "meanYawRateTrackingError": 7.755557540656774e-12,
  "meanUpright": 0.682120053520201,
  "meanEnergy": 594.276501854781,
  "meanSmoothness": 42.020142278564826,
  "peakActuator": 8.0,
  "motionCommandSchedule": [
    {
      "atStep": 0,
      "atSeconds": 0.0,
      "command": [
        0.25,
        0.0,
        0.0
      ]
    }
  ],
  "transitionCount": 0,
  "transitions": [],
  "maximumTransitionTerminalPlanarTrackingError": 0.0,
  "maximumTransitionTerminalYawRateTrackingError": 0.0,
  "maximumPlanarSettlingTimeSeconds": 0.0,
  "maximumPlanarBrakingSettlingTimeSeconds": 0.0,
  "maximumYawRateSettlingTimeSeconds": 0.0,
  "maximumPlanarOvershootMps": 0.0,
  "maximumYawRateOvershootRadPerSec": 0.0,
  "unsettledPlanarTransitionCount": 0,
  "unsettledYawRateTransitionCount": 0,
  "initialBasePosition": [
    0.0,
    0.0,
    0.44
  ],
  "finalBasePosition": [
    0.22989480018636418,
    -2.067963626425725e-12,
    0.18762584267982435
  ],
  "netDisplacement": [
    0.22989480018636418,
    -2.067963626425725e-12,
    -0.25237415732017565
  ],
  "targetPlanarDisplacement": [
    1.25,
    0.0
  ],
  "forwardDisplacement": 0.22989480018636418,
  "targetDistance": 1.25,
  "forwardProgress": 0.18391584014909135,
  "signedForwardProgress": 0.18391584014909135,
  "backwardDisplacement": 0.0,
  "meanForwardVelocity": 0.07819551026747353,
  "lateralDrift": 2.067963626425725e-12,
  "distanceTraveled": 0.4576233281343465
}
