{
  "durationSeconds": 4.999999999999671,
  "steps": 250,
  "survivalRate": 1.0,
  "fell": false,
  "motionCommand": [
    0.25,
    0.0,
    0.0
  ],
  "meanMotionCommand": [
    0.25,
    0.0,
    0.0
  ],
  "meanMeasuredMotion": [
    0.08939712993370107,
    1.4991839239573937e-13,
    2.8848318763357565e-13
  ],
  "planarVelocityTrackingError": 0.16060287006629892,
  "yawRateTrackingError": 2.8848318763357565e-13,
  "meanVelocityTrackingError": 0.1657494489714071,
  "meanPlanarVelocityTrackingError": 0.1657494489714071,
  "meanYawRateTrackingError": 8.011827351970163e-13,
  "meanUpright": 0.9315720345606724,
  "meanAbsolutePitchRad": 0.13701225864239447,
  "minimumPitchRad": -0.2649347654498529,
  "maximumPitchRad": -0.013754581943502462,
  "maximumBackwardPitchRad": 0.2649347654498529,
  "maximumAbsolutePitchRad": 0.2649347654498529,
  "maximumAbsolutePitchRateRadPerSec": 2.672573918756121,
  "meanEnergy": 185.23117766369234,
  "meanSmoothness": 127.83807976220577,
  "peakActuator": 8.0,
  "motionCommandSchedule": [
    {
      "atStep": 0,
      "atSeconds": 0.0,
      "command": [
        0.25,
        0.0,
        0.0
      ]
    }
  ],
  "transitionCount": 0,
  "transitions": [],
  "maximumTransitionTerminalPlanarTrackingError": 0.0,
  "maximumTransitionTerminalYawRateTrackingError": 0.0,
  "maximumPlanarSettlingTimeSeconds": 0.0,
  "maximumPlanarBrakingSettlingTimeSeconds": 0.0,
  "maximumYawRateSettlingTimeSeconds": 0.0,
  "maximumPlanarOvershootMps": 0.0,
  "maximumYawRateOvershootRadPerSec": 0.0,
  "unsettledPlanarTransitionCount": 0,
  "unsettledYawRateTransitionCount": 0,
  "initialBasePosition": [
    0.0,
    0.0,
    0.44
  ],
  "finalBasePosition": [
    0.44571301634243643,
    7.330669507403096e-13,
    0.41895807900795895
  ],
  "netDisplacement": [
    0.44571301634243643,
    7.330669507403096e-13,
    -0.021041920992041052
  ],
  "targetPlanarDisplacement": [
    1.25,
    0.0
  ],
  "forwardDisplacement": 0.44571301634243643,
  "targetDistance": 1.25,
  "forwardProgress": 0.35657041307394916,
  "signedForwardProgress": 0.35657041307394916,
  "backwardDisplacement": 0.0,
  "meanForwardVelocity": 0.08914260326849315,
  "lateralDrift": 7.330669507403096e-13,
  "distanceTraveled": 0.5235268476335563
}
