{
  "terms": {
    "survival": 25.0,
    "velocityTracking": 17.156345231513423,
    "forwardProgress": 17.828520653697456,
    "upright": 13.973580518410087,
    "lateralDrift": -7.330669507403096e-12,
    "transitionTracking": 0.0,
    "energy": -1.8523117766369235,
    "smoothness": -0.6391903988110288,
    "componentMass": -1.5075,
    "sensorChannels": -5.3500000000000005,
    "trainingSteps": -0.0
  },
  "total": 64.60944422816569
}
