{
  "durationSeconds": 3.91999999999979,
  "steps": 196,
  "survivalRate": 0.78,
  "fell": true,
  "motionCommand": [
    0.25,
    0.0,
    0.0
  ],
  "meanMotionCommand": [
    0.25,
    0.0,
    0.0
  ],
  "meanMeasuredMotion": [
    0.049829530973973586,
    0.007249896054863765,
    0.0023801484815257627
  ],
  "planarVelocityTrackingError": 0.2003017165750352,
  "yawRateTrackingError": 0.0023801484815257627,
  "meanVelocityTrackingError": 0.33558975084260356,
  "meanPlanarVelocityTrackingError": 0.2783423996064164,
  "meanYawRateTrackingError": 0.11612972091754092,
  "meanUpright": 0.446436482088161,
  "meanEnergy": 619.5603705722742,
  "meanSmoothness": 29.789282547647332,
  "peakActuator": 8.0,
  "motionCommandSchedule": [
    {
      "atStep": 0,
      "atSeconds": 0.0,
      "command": [
        0.25,
        0.0,
        0.0
      ]
    }
  ],
  "transitionCount": 0,
  "transitions": [],
  "maximumTransitionTerminalPlanarTrackingError": 0.0,
  "maximumTransitionTerminalYawRateTrackingError": 0.0,
  "maximumPlanarSettlingTimeSeconds": 0.0,
  "maximumPlanarBrakingSettlingTimeSeconds": 0.0,
  "maximumYawRateSettlingTimeSeconds": 0.0,
  "maximumPlanarOvershootMps": 0.0,
  "maximumYawRateOvershootRadPerSec": 0.0,
  "unsettledPlanarTransitionCount": 0,
  "unsettledYawRateTransitionCount": 0,
  "initialBasePosition": [
    0.0,
    0.0,
    0.44
  ],
  "finalBasePosition": [
    0.1995294627827089,
    0.026870471955664353,
    0.18742467728267223
  ],
  "netDisplacement": [
    0.1995294627827089,
    0.026870471955664353,
    -0.25257532271732774
  ],
  "targetPlanarDisplacement": [
    1.25,
    0.0
  ],
  "forwardDisplacement": 0.1995294627827089,
  "targetDistance": 1.25,
  "forwardProgress": 0.1596235702261671,
  "signedForwardProgress": 0.1596235702261671,
  "backwardDisplacement": 0.0,
  "meanForwardVelocity": 0.05090037315885704,
  "lateralDrift": 0.026870471955664353,
  "distanceTraveled": 0.840646526173358
}
