{
  "terms": {
    "survival": 19.5,
    "velocityTracking": 14.974658189299745,
    "forwardProgress": 7.9811785113083555,
    "upright": 6.696547231322415,
    "lateralDrift": -0.26870471955664355,
    "transitionTracking": 0.0,
    "energy": -6.195603705722743,
    "smoothness": -0.14894641273823667,
    "componentMass": -1.5075,
    "sensorChannels": -5.3500000000000005,
    "trainingSteps": -0.0
  },
  "total": 35.681629093912896
}
