{
  "durationSeconds": 6.499999999999506,
  "steps": 325,
  "survivalRate": 1.0,
  "fell": false,
  "motionCommand": [
    0.0,
    0.009230769230769237,
    0.0
  ],
  "meanMotionCommand": [
    0.0,
    0.009230769230769237,
    0.0
  ],
  "meanMeasuredMotion": [
    -0.11501200072654734,
    0.004203101908788353,
    0.03500585345759014
  ],
  "planarVelocityTrackingError": 0.1151218387180462,
  "yawRateTrackingError": 0.03500585345759014,
  "meanVelocityTrackingError": 0.37806565745204024,
  "meanPlanarVelocityTrackingError": 0.15255277754543595,
  "meanYawRateTrackingError": 0.3019060400507127,
  "meanUpright": 0.9438476914941,
  "meanEnergy": 198.14664815240303,
  "meanSmoothness": 140.78234072156334,
  "peakActuator": 8.0,
  "motionCommandSchedule": [
    {
      "atStep": 0,
      "atSeconds": 0.0,
      "command": [
        0.0,
        0.12,
        0.0
      ]
    },
    {
      "atStep": 125,
      "atSeconds": 2.5,
      "command": [
        0.0,
        -0.12,
        0.0
      ]
    },
    {
      "atStep": 225,
      "atSeconds": 4.5,
      "command": [
        0.0,
        0.0,
        0.0
      ]
    }
  ],
  "transitionCount": 2,
  "transitions": [
    {
      "index": 1,
      "atStep": 125,
      "atSeconds": 2.5,
      "endStep": 225,
      "fromCommand": [
        0.0,
        0.12,
        0.0
      ],
      "toCommand": [
        0.0,
        -0.12,
        0.0
      ],
      "sampleCount": 100,
      "peakPlanarTrackingError": 0.2723107437684817,
      "peakYawRateTrackingError": 1.843596547268683,
      "terminalMeasuredMotion": [
        -0.04750062356171397,
        -0.04460077196623384,
        -0.289424491292026
      ],
      "terminalPlanarTrackingError": 0.08911426836842416,
      "terminalYawRateTrackingError": 0.289424491292026,
      "planarOvershootMps": 0.13222750711916176,
      "yawRateOvershootRadPerSec": 0.0,
      "planarSettlingTimeSeconds": 1.34,
      "yawRateSettlingTimeSeconds": 2.0,
      "planarSettled": true,
      "yawRateSettled": false
    },
    {
      "index": 2,
      "atStep": 225,
      "atSeconds": 4.5,
      "endStep": 325,
      "fromCommand": [
        0.0,
        -0.12,
        0.0
      ],
      "toCommand": [
        0.0,
        0.0,
        0.0
      ],
      "sampleCount": 100,
      "peakPlanarTrackingError": 0.3271532421885378,
      "peakYawRateTrackingError": 0.33629296271108117,
      "terminalMeasuredMotion": [
        -0.18018997456140748,
        -0.0694367029118601,
        -0.011086268709314994
      ],
      "terminalPlanarTrackingError": 0.1931058845393133,
      "terminalYawRateTrackingError": 0.011086268709314994,
      "planarOvershootMps": 0.034492243682210696,
      "yawRateOvershootRadPerSec": 0.0,
      "planarSettlingTimeSeconds": 2.0,
      "yawRateSettlingTimeSeconds": 0.2,
      "planarSettled": false,
      "yawRateSettled": true
    }
  ],
  "maximumTransitionTerminalPlanarTrackingError": 0.1931058845393133,
  "maximumTransitionTerminalYawRateTrackingError": 0.289424491292026,
  "maximumPlanarSettlingTimeSeconds": 2.0,
  "maximumYawRateSettlingTimeSeconds": 2.0,
  "maximumPlanarOvershootMps": 0.13222750711916176,
  "maximumYawRateOvershootRadPerSec": 0.0,
  "unsettledPlanarTransitionCount": 1,
  "unsettledYawRateTransitionCount": 1,
  "initialBasePosition": [
    0.0,
    0.0,
    0.44
  ],
  "finalBasePosition": [
    -0.735602323390836,
    0.027585358550375024,
    0.41998050122706737
  ],
  "netDisplacement": [
    -0.735602323390836,
    0.027585358550375024,
    -0.02001949877293263
  ],
  "targetPlanarDisplacement": [
    0.0,
    0.06
  ],
  "forwardDisplacement": 0.027585358550375024,
  "targetDistance": 0.06,
  "forwardProgress": 0.4597559758395838,
  "meanForwardVelocity": 0.004243901315442633,
  "lateralDrift": 0.735602323390836,
  "distanceTraveled": 1.0081632658852342
}
