{
  "terms": {
    "survival": 30.0,
    "velocityTracking": 14.51309659438055,
    "forwardProgress": 4.597559758395838,
    "upright": 14.1577153724115,
    "lateralDrift": -3.67801161695418,
    "transitionTracking": 5.343062091973108,
    "energy": -0.9907332407620152,
    "smoothness": -0.14078234072156334,
    "componentMass": -1.2060000000000002,
    "sensorChannels": -1.07,
    "trainingSteps": -0.0
  },
  "total": 61.52590661872323
}
