{
  "durationSeconds": 4.539999999999722,
  "steps": 227,
  "survivalRate": 0.7533333333333333,
  "fell": true,
  "motionCommand": [
    0.16519823788546256,
    0.0,
    0.0
  ],
  "meanMotionCommand": [
    0.16519823788546256,
    0.0,
    0.0
  ],
  "meanMeasuredMotion": [
    0.11477307352640413,
    -0.0021233482960586938,
    0.011957438398313579
  ],
  "planarVelocityTrackingError": 0.05046985049140162,
  "yawRateTrackingError": 0.011957438398313579,
  "meanVelocityTrackingError": 0.4710033777689663,
  "meanPlanarVelocityTrackingError": 0.3478399463677625,
  "meanYawRateTrackingError": 0.2181620098718017,
  "meanUpright": 0.5187053109743326,
  "meanEnergy": 616.4800337196549,
  "meanSmoothness": 30.06375658969379,
  "peakActuator": 8.0,
  "motionCommandSchedule": [
    {
      "atStep": 0,
      "atSeconds": 0.0,
      "command": [
        0.0,
        0.0,
        0.0
      ]
    },
    {
      "atStep": 50,
      "atSeconds": 1.0,
      "command": [
        0.25,
        0.0,
        0.0
      ]
    },
    {
      "atStep": 200,
      "atSeconds": 4.0,
      "command": [
        0.0,
        0.0,
        0.0
      ]
    }
  ],
  "transitionCount": 2,
  "transitions": [
    {
      "index": 1,
      "atStep": 50,
      "atSeconds": 1.0,
      "endStep": 200,
      "fromCommand": [
        0.0,
        0.0,
        0.0
      ],
      "toCommand": [
        0.25,
        0.0,
        0.0
      ],
      "sampleCount": 150,
      "peakPlanarTrackingError": 0.9316535471398648,
      "peakYawRateTrackingError": 1.2001160492034155,
      "terminalMeasuredMotion": [
        0.4915043978718134,
        -0.06930843694641553,
        0.13178232896996958
      ],
      "terminalPlanarTrackingError": 0.25125292759166484,
      "terminalYawRateTrackingError": 0.13178232896996958,
      "planarOvershootMps": 0.8327027576203945,
      "yawRateOvershootRadPerSec": 0.0,
      "planarSettlingTimeSeconds": 3.0,
      "yawRateSettlingTimeSeconds": 2.64,
      "planarSettled": false,
      "yawRateSettled": true
    },
    {
      "index": 2,
      "atStep": 200,
      "atSeconds": 4.0,
      "endStep": 300,
      "fromCommand": [
        0.25,
        0.0,
        0.0
      ],
      "toCommand": [
        0.0,
        0.0,
        0.0
      ],
      "sampleCount": 27,
      "peakPlanarTrackingError": 0.5447286209561796,
      "peakYawRateTrackingError": 1.2848652204839206,
      "terminalMeasuredMotion": [
        0.24454426784188868,
        -0.01887800978215782,
        0.0836777556504978
      ],
      "terminalPlanarTrackingError": 0.2452718454850875,
      "terminalYawRateTrackingError": 0.0836777556504978,
      "planarOvershootMps": 0.016444284840669898,
      "yawRateOvershootRadPerSec": 0.0,
      "planarSettlingTimeSeconds": 0.54,
      "yawRateSettlingTimeSeconds": 0.2,
      "planarSettled": false,
      "yawRateSettled": true
    }
  ],
  "maximumTransitionTerminalPlanarTrackingError": 0.25125292759166484,
  "maximumTransitionTerminalYawRateTrackingError": 0.13178232896996958,
  "maximumPlanarSettlingTimeSeconds": 3.0,
  "maximumYawRateSettlingTimeSeconds": 2.64,
  "maximumPlanarOvershootMps": 0.8327027576203945,
  "maximumYawRateOvershootRadPerSec": 0.0,
  "unsettledPlanarTransitionCount": 2,
  "unsettledYawRateTransitionCount": 0,
  "initialBasePosition": [
    0.0,
    0.0,
    0.44
  ],
  "finalBasePosition": [
    0.5280259908441145,
    -0.008299334019975893,
    0.18699144680530386
  ],
  "netDisplacement": [
    0.5280259908441145,
    -0.008299334019975893,
    -0.2530085531946962
  ],
  "targetPlanarDisplacement": [
    0.75,
    0.0
  ],
  "forwardDisplacement": 0.5280259908441145,
  "targetDistance": 0.75,
  "forwardProgress": 0.7040346544588193,
  "meanForwardVelocity": 0.11630528432690458,
  "lateralDrift": 0.008299334019975893,
  "distanceTraveled": 1.3829536410959284
}
