{
  "terms": {
    "survival": 22.599999999999998,
    "velocityTracking": 13.596161845891539,
    "forwardProgress": 7.040346544588193,
    "upright": 7.780579664614989,
    "lateralDrift": -0.041496670099879465,
    "transitionTracking": 3.818864624283645,
    "energy": -3.0824001685982747,
    "smoothness": -0.03006375658969379,
    "componentMass": -1.2060000000000002,
    "sensorChannels": -1.07,
    "trainingSteps": -0.0
  },
  "total": 49.405992084090514
}
