{
  "count": 4096.0001,
  "mean": [
    0.18077680984980754,
    0.4307422142041232,
    -0.3781778884292885,
    -0.18375701282735504,
    0.446513859835385,
    -0.372884105613529,
    0.12941181673003693,
    0.3393003455763251,
    -0.47834558678091116,
    -0.15527069436970628,
    0.35034732437755034,
    -0.4748481670393843,
    -0.0007536890677950427,
    0.07742116290192687,
    0.10684079915195219,
    -0.007758190351986103,
    0.07238058480213432,
    0.1095645013457252,
    -0.015089872290406349,
    0.03163095907181093,
    0.05068173110699724,
    -0.011268275171429278,
    0.0345157348119886,
    0.08918156554642924,
    0.3673778972463643,
    0.9157458048813492,
    0.005365203514810835,
    0.13681782650204327,
    -0.010763552246472682,
    0.018555505544805215,
    -0.013752916253118013,
    -0.04006086850905488,
    0.07182576342113275,
    0.20489260944724472,
    0.038253590405273555,
    0.07059254018537311,
    0.20194482612751444,
    0.03803340504451287,
    -2.0992874435523805,
    0.0517530586925252,
    7.576024226795376,
    0.13904185127000654,
    -0.947039926161094,
    -0.11797404646032028,
    -0.09423614037486863,
    -0.898613227246674,
    -0.1402187292558502,
    0.2781315969096825,
    0.019497057622975017,
    0.493394192967448,
    -0.24561278814065324,
    -0.05817615195141639,
    0.46428782306122046,
    0.13415337339947445,
    -0.9503824191092667,
    -0.10588110182245662,
    -0.10614318051673036,
    -0.9027747938446942,
    -0.14753341073485912,
    0.27399718840486925,
    0.017543949900126043,
    0.5020302364837707,
    -0.2542989102384726,
    -0.06662131325642609,
    0.4686298259094323,
    0.12837913054781788,
    -0.953846689669743,
    -0.12011900869522867,
    -0.1092941476951532,
    -0.9086443456124148,
    -0.1477847071279797,
    0.27356749980446543,
    0.004905563113031627,
    0.5152349641526424,
    -0.25870804319457286,
    -0.06454601172195544,
    0.47193087227192587,
    0.1362823569988433,
    -0.9493243129699556,
    -0.1272385541180631,
    -0.1091114670303728,
    -0.907429534005472,
    -0.15037455635425792,
    0.28468675572197627,
    0.003211697273433472,
    0.5268378083884412,
    -0.2605584215579608,
    -0.05526614347032659,
    0.46620765134419695,
    0.14026984835246373,
    -0.9276244548740824,
    -0.13241326327198166,
    -0.0809013138431081,
    -0.8918994583921225,
    -0.13564227780409974,
    0.2872405666290296,
    -0.0037337840060645278,
    0.5081411670480535,
    -0.23744108863910604,
    -0.04093081053794945,
    0.4482702926366852,
    0.13889878429355457,
    -0.9464007071068463,
    -0.12330277794159519,
    -0.0843107272060772,
    -0.8988713834552139,
    -0.1376352364806123,
    0.28121925154411487,
    0.008135208013183907,
    0.49532089711387256,
    -0.23826307956226087,
    -0.05116490508048866,
    0.4604006890139888,
    0.13024856911844496,
    -0.9523355323036377,
    -0.11469525731347172,
    -0.10021156349330182,
    -0.9033129663229178,
    -0.1413513780738668,
    0.2699076215093214,
    0.006153881959160568,
    0.4975957309980729,
    -0.24970000781233134,
    -0.06406232398498117,
    0.47014712015273663,
    0.12824967047033595,
    -0.955083859071528,
    -0.12435949352902767,
    -0.10564029662125046,
    -0.9103755954813918,
    -0.14037331929797106,
    0.26519006412991,
    -0.007592394610531489,
    0.5188718715298348,
    -0.2576084183175478,
    -0.07040534967524824,
    0.4729114107095766,
    1.5170898067116736,
    0.24999999389648467,
    0.0,
    0.0,
    14.919480949400402,
    15.37086005207277,
    11.068336159982747,
    10.514253840423583
  ],
  "variance": [
    0.029919609151618357,
    0.052550896461931035,
    0.091989288289332,
    0.033856996221903315,
    0.051980826989625015,
    0.08882354080390979,
    0.029905255392814845,
    0.04906713219246155,
    0.0757027358086362,
    0.02702810273844955,
    0.05222350107949809,
    0.07669285287591704,
    18.813135986341994,
    38.0490700365781,
    100.80589517445819,
    17.40154716237729,
    39.299020387796304,
    100.66788343297847,
    22.902111892637556,
    44.49487534930721,
    97.70227047427123,
    23.335592010329936,
    47.84021223362252,
    100.51700039817742,
    0.007090807218616885,
    0.015840633352316412,
    0.01246878236345658,
    0.06307891964707496,
    0.05115760040468329,
    0.12620888246560602,
    0.05968745430356333,
    0.08109052984162303,
    5.80143785696003,
    2.7276197608079764,
    0.9055563840344323,
    5.579300863125564,
    2.627396074527944,
    0.8861345510110288,
    123.46927227013202,
    58.25939166526765,
    199.76912400407667,
    29.83686929142971,
    49.40591571073287,
    54.738207667387385,
    29.691822677299083,
    49.32673337613097,
    54.510382447853736,
    43.63520818993608,
    51.54151693472025,
    54.64384482327985,
    43.572747487518875,
    51.17763048442444,
    55.17913407264251,
    30.090186046232454,
    49.68311130802009,
    55.02870601735321,
    29.96133555923294,
    49.53684618448254,
    54.80514808600952,
    43.870432570730294,
    51.783179752151845,
    54.87768238604002,
    43.838132027027584,
    51.48045915017403,
    55.458205417327264,
    30.312305793477297,
    49.89274716145183,
    55.287764190185634,
    30.209902313830725,
    49.75150283078278,
    55.0782121015869,
    44.07867909034054,
    52.05765562650145,
    55.15185831691361,
    44.062270505912345,
    51.73254148849534,
    55.695743039029146,
    30.56103217917587,
    50.20554961112345,
    55.567526736854546,
    30.44849280202449,
    50.03800089621085,
    55.37597281302988,
    44.31686980466958,
    52.31977012052253,
    55.40631980494492,
    44.34080270428802,
    51.98403427362488,
    55.936354430375545,
    29.38803969984621,
    48.95229916099998,
    54.21739530085001,
    29.23354167392965,
    48.86446597245015,
    54.011473259129,
    43.134396176557125,
    51.0834241599318,
    54.14978402202538,
    43.09479754140113,
    50.71692619909032,
    54.70749999017368,
    29.62679542732026,
    49.186704253932554,
    54.50988472627893,
    29.48730000685055,
    49.107247052018934,
    54.30780782145456,
    43.42185777682142,
    51.33530004333137,
    54.40798627526107,
    43.35667873201081,
    50.957018295272185,
    54.963979273073505,
    29.872470556395747,
    49.44502144434312,
    54.80573248107143,
    29.760765998555396,
    49.353686266487195,
    54.59910609708186,
    43.660163787100885,
    51.57925178315187,
    54.66222350034107,
    43.63384324826608,
    51.254610151725046,
    55.25178340979911,
    30.098674488103082,
    49.69277680525146,
    55.06752132040462,
    30.000495844627643,
    49.543115190881174,
    54.860940480359886,
    43.87540951694602,
    51.864276014664085,
    54.92905237534337,
    43.839136307448044,
    51.49737758465545,
    55.48955333028852,
    0.6266611275457852,
    1e-06,
    1e-06,
    1e-06,
    1173.4797709085422,
    1093.6728464411856,
    1450.8476198957032,
    1262.114390612818
  ]
}
