{
  "durationSeconds": 6.499999999999506,
  "steps": 325,
  "survivalRate": 1.0,
  "fell": false,
  "motionCommand": [
    0.030769230769230813,
    0.0,
    0.0
  ],
  "meanMotionCommand": [
    0.030769230769230813,
    0.0,
    0.0
  ],
  "meanMeasuredMotion": [
    0.052128933631742085,
    0.018527722318745814,
    -0.03276612270673158
  ],
  "planarVelocityTrackingError": 0.028275667997331628,
  "yawRateTrackingError": 0.03276612270673158,
  "meanVelocityTrackingError": 0.5688039589744296,
  "meanPlanarVelocityTrackingError": 0.2473917134974233,
  "meanYawRateTrackingError": 0.4127767738859218,
  "meanUpright": 0.6532334672945667,
  "meanEnergy": 609.978820170594,
  "meanSmoothness": 31.708958015962004,
  "peakActuator": 8.0,
  "motionCommandSchedule": [
    {
      "atStep": 0,
      "atSeconds": 0.0,
      "command": [
        0.2,
        0.0,
        0.0
      ]
    },
    {
      "atStep": 125,
      "atSeconds": 2.5,
      "command": [
        -0.15,
        0.0,
        0.0
      ]
    },
    {
      "atStep": 225,
      "atSeconds": 4.5,
      "command": [
        0.0,
        0.0,
        0.0
      ]
    }
  ],
  "transitionCount": 2,
  "transitions": [
    {
      "index": 1,
      "atStep": 125,
      "atSeconds": 2.5,
      "endStep": 225,
      "fromCommand": [
        0.2,
        0.0,
        0.0
      ],
      "toCommand": [
        -0.15,
        0.0,
        0.0
      ],
      "sampleCount": 100,
      "peakPlanarTrackingError": 0.47836436946205274,
      "peakYawRateTrackingError": 2.12732326949583,
      "terminalMeasuredMotion": [
        -0.09394940703791857,
        0.055631905592265565,
        0.14496208786969694
      ],
      "terminalPlanarTrackingError": 0.07897200701025446,
      "terminalYawRateTrackingError": 0.14496208786969694,
      "planarOvershootMps": 0.3131859376017968,
      "yawRateOvershootRadPerSec": 0.0,
      "planarSettlingTimeSeconds": 1.94,
      "yawRateSettlingTimeSeconds": 1.98,
      "planarSettled": true,
      "yawRateSettled": true,
      "planarBraking": false
    },
    {
      "index": 2,
      "atStep": 225,
      "atSeconds": 4.5,
      "endStep": 325,
      "fromCommand": [
        -0.15,
        0.0,
        0.0
      ],
      "toCommand": [
        0.0,
        0.0,
        0.0
      ],
      "sampleCount": 100,
      "peakPlanarTrackingError": 0.4835896865189885,
      "peakYawRateTrackingError": 2.067571761841859,
      "terminalMeasuredMotion": [
        0.047399412936188025,
        -0.051540779632517006,
        -0.3027265265565581
      ],
      "terminalPlanarTrackingError": 0.0700225414550411,
      "terminalYawRateTrackingError": 0.3027265265565581,
      "planarOvershootMps": 0.3231403746055345,
      "yawRateOvershootRadPerSec": 0.0,
      "planarSettlingTimeSeconds": 1.6,
      "yawRateSettlingTimeSeconds": 2.0,
      "planarSettled": true,
      "yawRateSettled": false,
      "planarBraking": true
    }
  ],
  "maximumTransitionTerminalPlanarTrackingError": 0.07897200701025446,
  "maximumTransitionTerminalYawRateTrackingError": 0.3027265265565581,
  "maximumPlanarSettlingTimeSeconds": 1.94,
  "maximumPlanarBrakingSettlingTimeSeconds": 1.6,
  "maximumYawRateSettlingTimeSeconds": 2.0,
  "maximumPlanarOvershootMps": 0.3231403746055345,
  "maximumYawRateOvershootRadPerSec": 0.0,
  "unsettledPlanarTransitionCount": 0,
  "unsettledYawRateTransitionCount": 1,
  "initialBasePosition": [
    0.0,
    0.0,
    0.44
  ],
  "finalBasePosition": [
    0.338426030731856,
    0.11998865008376432,
    0.22986838681572194
  ],
  "netDisplacement": [
    0.338426030731856,
    0.11998865008376432,
    -0.21013161318427806
  ],
  "targetPlanarDisplacement": [
    0.2,
    0.0
  ],
  "forwardDisplacement": 0.338426030731856,
  "targetDistance": 0.2,
  "forwardProgress": 1.0,
  "signedForwardProgress": 1.6921301536592799,
  "backwardDisplacement": 0.0,
  "meanForwardVelocity": 0.052065543189520266,
  "lateralDrift": 0.11998865008376432,
  "distanceTraveled": 1.6622285404681392
}
