{
  "count": 8192.000100000001,
  "mean": [
    0.13099585182649592,
    0.336004553434301,
    -0.42877841973836955,
    -0.17446938991870287,
    0.34526803009261414,
    -0.446709540599241,
    0.19474753579730736,
    0.2345049905429305,
    -0.5297593928968931,
    -0.2408425666914608,
    0.25160851041556437,
    -0.5356248349225409,
    -0.00855009450184787,
    0.002964000160765099,
    0.0027253031118073734,
    -0.000416684927091575,
    0.015497788689384107,
    -0.0025962174794249464,
    0.008786536864881943,
    0.011328154554368091,
    -0.02398750736641502,
    -0.018565199761456312,
    0.015906527702602227,
    -0.019851335162306888,
    0.3520480311061785,
    0.8697706386150293,
    -0.02694283366256999,
    -0.08815357140572211,
    0.0038817296917527675,
    0.02930653450714448,
    0.0206846496869017,
    -0.0018472845525362915,
    -0.011427211521396346,
    -0.033626666907092956,
    -0.018606153767098812,
    -0.01123539721230414,
    -0.037919928248959976,
    -0.01809532162577137,
    0.132828667386664,
    -0.020875513168983565,
    8.201208889918435,
    0.18546085420270164,
    -0.26925152689626375,
    -0.04494730015510381,
    -0.15217049994297924,
    -0.255628734548835,
    -0.0173356990994366,
    -0.050482086412813994,
    0.1706428390517972,
    0.8985470116855666,
    0.11226216379569867,
    0.18353396836389546,
    0.8802887741442837,
    0.18526847642646005,
    -0.2635651790096494,
    -0.0510401884048518,
    -0.15292296578378003,
    -0.2514065403460713,
    -0.020970255031016825,
    -0.050238742777459065,
    0.1783027094903468,
    0.8951680326578284,
    0.11061935444930127,
    0.189020640618254,
    0.8763955633296989,
    0.18446708975248566,
    -0.26758726080262246,
    -0.04699174560793292,
    -0.15399139806989226,
    -0.2546962210499874,
    -0.018682271449120602,
    -0.05096810383426872,
    0.17273541185683658,
    0.9024289827793767,
    0.11130902167932305,
    0.18314197958770784,
    0.8829999368767157,
    0.1850960465508357,
    -0.2613116573120867,
    -0.05417190691752916,
    -0.1533805508876624,
    -0.25115763600757274,
    -0.021903742885055515,
    -0.05064470632813658,
    0.17594030970102856,
    0.9018780342113384,
    0.11110580646927244,
    0.18835148422276524,
    0.8767142714962685,
    0.1853645151329406,
    -0.26849990200945223,
    -0.046827068292940234,
    -0.15226374988057426,
    -0.25569443885985915,
    -0.017322803272338056,
    -0.05073073166529271,
    0.16864788947750087,
    0.9004319674428795,
    0.11198094996005017,
    0.18380872018267227,
    0.8799732298310247,
    0.18535766922499355,
    -0.26339103792639323,
    -0.05079796545163585,
    -0.15216101134743018,
    -0.2512533519715286,
    -0.021152969511781954,
    -0.05053595677047172,
    0.17675967709838852,
    0.8960117039149307,
    0.11146404973341176,
    0.18943894684823365,
    0.8759471024274672,
    0.18536643079710102,
    -0.2689721175456723,
    -0.0454398341516001,
    -0.15296708658214425,
    -0.2552601482241551,
    -0.017072529833480145,
    -0.05089518554881591,
    0.17305072297175333,
    0.9015321731573167,
    0.11214206428223394,
    0.1835728067370093,
    0.8825762070660913,
    0.18456447016238606,
    -0.26171665836070257,
    -0.05265818146993735,
    -0.15390622037175788,
    -0.2507163180652669,
    -0.02236848272766681,
    -0.051191540615513155,
    0.17830074810677957,
    0.8994321457507661,
    0.11055347886208614,
    0.18890063261920112,
    0.8785206134964814,
    0.24316839208390512,
    0.14873046833215406,
    0.016479492641170438,
    0.045776366628706454,
    13.189395822435586,
    12.750287837724365,
    14.086258318980146,
    14.005697396893375
  ],
  "variance": [
    0.018880987695788568,
    0.10102411945355043,
    0.09181189739190956,
    0.013537702535341672,
    0.08113513185669191,
    0.09519190585192219,
    0.028255855187777772,
    0.13015029480583237,
    0.025711446849822583,
    0.018133457958356743,
    0.11260345371507999,
    0.030887022010332353,
    2.7604280106526966,
    9.509887144714767,
    21.062660640918576,
    2.668677721077646,
    9.438244192515223,
    20.942081180441026,
    3.0381937955770284,
    9.500462249590349,
    16.419377622693688,
    2.9623938802702723,
    9.524232654095595,
    16.68874967323906,
    0.014397562783875073,
    0.08628913719708681,
    0.021411065339962114,
    0.10229836603923151,
    0.0249949556280618,
    0.058926735459496324,
    0.02410585353168816,
    0.05469248306965133,
    0.8880410853405037,
    0.9993025911116593,
    0.13436357800949922,
    0.8223625625878055,
    0.9237873956849421,
    0.12905035410070687,
    42.45341904499489,
    20.545473513219054,
    169.59187567033666,
    8.74600794238132,
    42.86385560289203,
    46.24517201032861,
    8.773923075008772,
    42.84449642213071,
    45.675972949510374,
    10.4937761228926,
    43.10502522813477,
    42.81267808077214,
    10.866262435602513,
    44.22663285900965,
    43.26150569490327,
    8.757759883098737,
    42.94527517363995,
    46.31709106104705,
    8.782231151515186,
    42.91909277389508,
    45.75292781030513,
    10.510131016540697,
    43.17172651485913,
    42.85006880341696,
    10.877321400588889,
    44.30140147925461,
    43.32770378968227,
    8.768388485822395,
    43.012044776033534,
    46.39324614947111,
    8.792832784811406,
    42.98392295854024,
    45.8320209567381,
    10.51378926110117,
    43.24426415341619,
    42.90438395229369,
    10.8903290538899,
    44.37733262791419,
    43.39107033211717,
    8.786012889548227,
    43.087025291591175,
    46.469429826073686,
    8.811022212962554,
    43.064086166335265,
    45.89524802083942,
    10.531916176203577,
    43.30764846127371,
    42.95095631955998,
    10.910090360163316,
    44.44590023599052,
    43.46187355628879,
    8.730363344428971,
    42.85609221466419,
    46.231619465331455,
    8.758256016474164,
    42.82886201102941,
    45.66029817526144,
    10.47759955864419,
    43.09007375623805,
    42.79359400460589,
    10.850021972871852,
    44.21028697238184,
    43.245685145392116,
    8.74617339777256,
    42.92949611161475,
    46.30688780689608,
    8.774058168547324,
    42.903335128238204,
    45.73701890730048,
    10.493764475636121,
    43.15997115238971,
    42.84000828173266,
    10.86828985520036,
    44.28423120037166,
    43.311289273711445,
    8.757849900447196,
    42.998026719104466,
    46.37648411948615,
    8.782241704321322,
    42.978778408522544,
    45.81553787319714,
    10.510935575261087,
    43.22778652016515,
    42.8950973275846,
    10.880042523997663,
    44.36004414137547,
    43.37468373624537,
    8.768350445486846,
    43.077326984688305,
    46.45225239777881,
    8.792924758506588,
    43.047123772769226,
    45.87792349587535,
    10.513793406347396,
    43.29014957485392,
    42.93764724967026,
    10.89209223837273,
    44.43364690408169,
    43.442998841997394,
    0.18403958868415937,
    0.0058675415427403435,
    0.0022003625237217166,
    0.009348628122481977,
    454.5912606075332,
    386.1106597271336,
    428.76746797086736,
    445.76007345505076
  ]
}
