{
  "durationSeconds": 18.000000000000902,
  "steps": 900,
  "survivalRate": 1.0,
  "fell": false,
  "motionCommand": [
    0.13111111111111284,
    0.02499999999999996,
    0.041666666666666664
  ],
  "meanMotionCommand": [
    0.13111111111111284,
    0.02499999999999996,
    0.041666666666666664
  ],
  "meanMeasuredMotion": [
    0.18157996618479744,
    0.046308029288141726,
    -0.1902830472085761
  ],
  "planarVelocityTrackingError": 0.05478263816751514,
  "yawRateTrackingError": 0.23194971387524277,
  "meanVelocityTrackingError": 0.9989504545044409,
  "meanPlanarVelocityTrackingError": 0.40645856203431224,
  "meanYawRateTrackingError": 0.8455240578959844,
  "meanUpright": 0.9155865143738231,
  "meanAbsolutePitchRad": 0.13987003912402726,
  "minimumPitchRad": -1.0689741533326957,
  "maximumPitchRad": 0.0026995731284405757,
  "maximumBackwardPitchRad": 1.0689741533326957,
  "maximumAbsolutePitchRad": 1.0689741533326957,
  "maximumAbsolutePitchRateRadPerSec": 4.618677168731554,
  "meanBodyTiltRad": 0.17071783210509697,
  "maximumBodyTiltRad": 1.0827969560311441,
  "initialBodyTiltRad": 0.0,
  "minimumBodyTiltRad": 0.0,
  "finalBodyTiltRad": 0.09439195015505089,
  "finalBaseHeightM": 0.42420949280988024,
  "selfRightingTask": true,
  "recoveryTriggered": true,
  "selfRightingSuccess": 0.0,
  "timeToStableStandSeconds": 15.3,
  "stableStandingDwellSeconds": 0.0,
  "finalStableStandingDwellSeconds": 0.0,
  "minimumJointLimitMarginRad": -0.03583625581494876,
  "disallowedCollisionSteps": 0,
  "meanEnergy": 324.93468845028326,
  "meanSmoothness": 65.65111920521815,
  "peakActuator": 8.0,
  "motionQualityFootEvidenceAvailable": true,
  "motionQualityContactThresholdNewton": 1.0,
  "meanJointJerkRadPerSec3": 13284.874984352464,
  "peakJointJerkRadPerSec3": 55022.67464505137,
  "meanBodyAngularJerkRadPerSec3": 3163.727081680472,
  "peakBodyAngularJerkRadPerSec3": 20077.229220559588,
  "meanActionSlewRatePerSec": 290.64373257261394,
  "peakActionSlewRatePerSec": 800.0,
  "actuatorSaturationRate": 0.6288888888888889,
  "meanFootSlipSpeedMps": 0.14466973826678703,
  "peakFootSlipSpeedMps": 0.943819475265158,
  "totalFootSlipDistanceM": 1.692635937721408,
  "meanFootContactImpactNPerSec": 678.9052259302651,
  "peakFootContactImpactNPerSec": 13934.1421274171,
  "peakFootContactForceNewton": 278.68361399065566,
  "motionCommandSchedule": [
    {
      "atStep": 0,
      "atSeconds": 0.0,
      "command": [
        0.2,
        0.0,
        0.0
      ]
    },
    {
      "atStep": 400,
      "atSeconds": 8.0,
      "command": [
        0.2,
        0.0,
        0.0
      ]
    },
    {
      "atStep": 500,
      "atSeconds": 10.0,
      "command": [
        0.12,
        0.0,
        0.25
      ]
    },
    {
      "atStep": 650,
      "atSeconds": 13.0,
      "command": [
        0.0,
        0.15,
        0.0
      ]
    },
    {
      "atStep": 800,
      "atSeconds": 16.0,
      "command": [
        0.0,
        0.0,
        0.0
      ]
    }
  ],
  "transitionCount": 4,
  "transitions": [
    {
      "index": 1,
      "atStep": 400,
      "atSeconds": 8.0,
      "endStep": 500,
      "fromCommand": [
        0.2,
        0.0,
        0.0
      ],
      "toCommand": [
        0.2,
        0.0,
        0.0
      ],
      "sampleCount": 100,
      "peakPlanarTrackingError": 0.4152706774114493,
      "peakYawRateTrackingError": 1.7166128034045136,
      "terminalMeasuredMotion": [
        0.25089488204321614,
        0.2587115895286929,
        0.25498387597329625
      ],
      "terminalPlanarTrackingError": 0.26367020228811555,
      "terminalYawRateTrackingError": 0.25498387597329625,
      "planarOvershootMps": 0.0,
      "yawRateOvershootRadPerSec": 0.0,
      "planarSettlingTimeSeconds": 2.0,
      "yawRateSettlingTimeSeconds": 2.0,
      "planarSettled": false,
      "yawRateSettled": false,
      "planarBraking": false
    },
    {
      "index": 2,
      "atStep": 500,
      "atSeconds": 10.0,
      "endStep": 650,
      "fromCommand": [
        0.2,
        0.0,
        0.0
      ],
      "toCommand": [
        0.12,
        0.0,
        0.25
      ],
      "sampleCount": 150,
      "peakPlanarTrackingError": 0.49329419572916966,
      "peakYawRateTrackingError": 3.416120744789861,
      "terminalMeasuredMotion": [
        0.43961692934088176,
        -0.1519440072008882,
        -1.0074112420435248
      ],
      "terminalPlanarTrackingError": 0.3538954122979807,
      "terminalYawRateTrackingError": 1.2574112420435248,
      "planarOvershootMps": 0.0,
      "yawRateOvershootRadPerSec": 1.7077929538416583,
      "planarSettlingTimeSeconds": 3.0,
      "yawRateSettlingTimeSeconds": 3.0,
      "planarSettled": false,
      "yawRateSettled": false,
      "planarBraking": false
    },
    {
      "index": 3,
      "atStep": 650,
      "atSeconds": 13.0,
      "endStep": 800,
      "fromCommand": [
        0.12,
        0.0,
        0.25
      ],
      "toCommand": [
        0.0,
        0.15,
        0.0
      ],
      "sampleCount": 150,
      "peakPlanarTrackingError": 0.7165835631652444,
      "peakYawRateTrackingError": 3.091088438860907,
      "terminalMeasuredMotion": [
        0.31770019797519605,
        -0.10631581271293848,
        -0.3612176904748287
      ],
      "terminalPlanarTrackingError": 0.40820486479238943,
      "terminalYawRateTrackingError": 0.3612176904748287,
      "planarOvershootMps": 0.0,
      "yawRateOvershootRadPerSec": 2.052455938437532,
      "planarSettlingTimeSeconds": 3.0,
      "yawRateSettlingTimeSeconds": 3.0,
      "planarSettled": false,
      "yawRateSettled": false,
      "planarBraking": false
    },
    {
      "index": 4,
      "atStep": 800,
      "atSeconds": 16.0,
      "endStep": 900,
      "fromCommand": [
        0.0,
        0.15,
        0.0
      ],
      "toCommand": [
        0.0,
        0.0,
        0.0
      ],
      "sampleCount": 100,
      "peakPlanarTrackingError": 0.473109740265062,
      "peakYawRateTrackingError": 1.8600621260517143,
      "terminalMeasuredMotion": [
        0.3124552206096719,
        -0.15272555421602677,
        -0.28266445789910744
      ],
      "terminalPlanarTrackingError": 0.3477834955785442,
      "terminalYawRateTrackingError": 0.28266445789910744,
      "planarOvershootMps": 0.26525635618370613,
      "yawRateOvershootRadPerSec": 0.0,
      "planarSettlingTimeSeconds": 2.0,
      "yawRateSettlingTimeSeconds": 2.0,
      "planarSettled": false,
      "yawRateSettled": false,
      "planarBraking": true
    }
  ],
  "maximumTransitionTerminalPlanarTrackingError": 0.40820486479238943,
  "maximumTransitionTerminalYawRateTrackingError": 1.2574112420435248,
  "maximumPlanarSettlingTimeSeconds": 3.0,
  "maximumPlanarBrakingSettlingTimeSeconds": 2.0,
  "maximumYawRateSettlingTimeSeconds": 3.0,
  "maximumPlanarOvershootMps": 0.26525635618370613,
  "maximumYawRateOvershootRadPerSec": 2.052455938437532,
  "unsettledPlanarTransitionCount": 4,
  "unsettledYawRateTransitionCount": 4,
  "initialBasePosition": [
    -0.16744623949729281,
    1.304059329867414,
    0.40783191235488603
  ],
  "finalBasePosition": [
    3.2620449662599817,
    0.8387287168427642,
    0.42420949280988024
  ],
  "netDisplacement": [
    3.4294912057572744,
    -0.46533061302464973,
    0.01637758045499421
  ],
  "targetPlanarDisplacement": [
    0.76,
    0.44999999999999996
  ],
  "forwardDisplacement": 2.7139105516856086,
  "targetDistance": 0.8832326986700617,
  "forwardProgress": 1.0,
  "signedForwardProgress": 3.0727016286558593,
  "backwardDisplacement": 0.0,
  "meanForwardVelocity": 0.27139105516853634,
  "lateralDrift": 2.1477038965448414,
  "distanceTraveled": 7.101596673561381,
  "episodeInitialBasePosition": [
    0.0,
    0.0,
    0.44
  ],
  "mobilityMeasurementStartedAtSeconds": 8.0,
  "recoveryEvaluationStartedAtSeconds": 2.7,
  "missionStageDurationsSeconds": {
    "approach": 2.48,
    "impact": 0.16,
    "recover": 5.34,
    "resume": 2.0,
    "redirect": 3.0,