{
  "terms": {
    "survival": 10.0,
    "velocityTracking": 3.0015751448364227,
    "forwardProgress": 20.0,
    "upright": 1.8311730287476462,
    "lateralDrift": -4.295407793089683,
    "transitionTracking": 0.1820941637085768,
    "energy": -0.6498693769005666,
    "smoothness": -0.06565111920521816,
    "jointJerk": 0.0,
    "bodyAngularJerk": 0.0,
    "actionSlew": 0.0,
    "actuatorSaturation": -0.31444444444444447,
    "footSlip": 0.0,
    "footImpact": 0.0,
    "selfRighting": 0.0,
    "recoveryTime": -30.6,
    "jointLimitMargin": -0.07167251162989752,
    "componentMass": -3.015,
    "sensorChannels": -2.14,
    "trainingSteps": -0.0
  },
  "total": -6.1372029079771675
}
