{
  "durationSeconds": 14.000000000001345,
  "steps": 700,
  "survivalRate": 1.0,
  "fell": false,
  "motionCommand": [
    0.20000000000000084,
    0.0,
    0.0
  ],
  "meanMotionCommand": [
    0.20000000000000084,
    0.0,
    0.0
  ],
  "meanMeasuredMotion": [
    0.08950239385327123,
    0.00861936635270821,
    0.011931017624481195
  ],
  "planarVelocityTrackingError": 0.11083327316505624,
  "yawRateTrackingError": 0.011931017624481195,
  "meanVelocityTrackingError": 0.3136882514338059,
  "meanPlanarVelocityTrackingError": 0.2557632567796229,
  "meanYawRateTrackingError": 0.11364075682175563,
  "meanUpright": 0.8802814886563962,
  "meanAbsolutePitchRad": 0.23469014552241008,
  "minimumPitchRad": -0.6347069051786498,
  "maximumPitchRad": 1.0411296058614832,
  "maximumBackwardPitchRad": 0.6347069051786498,
  "maximumAbsolutePitchRad": 1.0411296058614832,
  "maximumAbsolutePitchRateRadPerSec": 5.6934438997790044,
  "meanBodyTiltRad": 0.2440448666194905,
  "maximumBodyTiltRad": 1.0411296064250561,
  "initialBodyTiltRad": 0.0,
  "minimumBodyTiltRad": 0.0,
  "finalBodyTiltRad": 0.09556657948536765,
  "finalBaseHeightM": 0.42125554361447937,
  "selfRightingTask": true,
  "recoveryTriggered": true,
  "selfRightingSuccess": 1.0,
  "timeToStableStandSeconds": 5.479999999999401,
  "stableStandingDwellSeconds": 1.98,
  "finalStableStandingDwellSeconds": 0.0,
  "minimumJointLimitMarginRad": 0.02838196454511377,
  "disallowedCollisionSteps": 0,
  "meanEnergy": 152.8844497773959,
  "meanSmoothness": 98.51670253103748,
  "peakActuator": 8.0,
  "motionQualityFootEvidenceAvailable": true,
  "motionQualityContactThresholdNewton": 1.0,
  "meanJointJerkRadPerSec3": 16998.050069239755,
  "peakJointJerkRadPerSec3": 53950.942748760586,
  "meanBodyAngularJerkRadPerSec3": 1482.6260946352313,
  "peakBodyAngularJerkRadPerSec3": 14735.598911161858,
  "meanActionSlewRatePerSec": 364.14151468232086,
  "peakActionSlewRatePerSec": 800.0,
  "actuatorSaturationRate": 0.35690476190476195,
  "meanFootSlipSpeedMps": 0.053556361715468216,
  "peakFootSlipSpeedMps": 1.0807283034908644,
  "totalFootSlipDistanceM": 1.4149590765226698,
  "meanFootContactImpactNPerSec": 386.08925779456365,
  "peakFootContactImpactNPerSec": 14426.242001327671,
  "peakFootContactForceNewton": 288.5248400265534,
  "motionCommandSchedule": [
    {
      "atStep": 0,
      "atSeconds": 0.0,
      "command": [
        0.2,
        0.0,
        0.0
      ]
    }
  ],
  "transitionCount": 0,
  "transitions": [],
  "maximumTransitionTerminalPlanarTrackingError": 0.0,
  "maximumTransitionTerminalYawRateTrackingError": 0.0,
  "maximumPlanarSettlingTimeSeconds": 0.0,
  "maximumPlanarBrakingSettlingTimeSeconds": 0.0,
  "maximumYawRateSettlingTimeSeconds": 0.0,
  "maximumPlanarOvershootMps": 0.0,
  "maximumYawRateOvershootRadPerSec": 0.0,
  "unsettledPlanarTransitionCount": 0,
  "unsettledYawRateTransitionCount": 0,
  "initialBasePosition": [
    1.0179830559280731,
    0.14308442119829026,
    0.47629785310774786
  ],
  "finalBasePosition": [
    1.249976342673652,
    0.12393700346539326,
    0.42125554361447937
  ],
  "netDisplacement": [
    0.23199328674557895,
    -0.019147417732897007,
    -0.05504230949326849
  ],
  "targetPlanarDisplacement": [
    1.2000000000000002,
    0.0
  ],
  "forwardDisplacement": 0.23199328674557895,
  "targetDistance": 1.2000000000000002,
  "forwardProgress": 0.1933277389546491,
  "signedForwardProgress": 0.1933277389546491,
  "backwardDisplacement": 0.0,
  "meanForwardVelocity": 0.038665547790921156,
  "lateralDrift": 0.019147417732897007,
  "distanceTraveled": 2.970202306901563,
  "episodeInitialBasePosition": [
    0.0,
    0.0,
    0.44
  ],
  "mobilityMeasurementStartedAtSeconds": 8.0,
  "recoveryEvaluationStartedAtSeconds": 2.7,
  "missionStageDurationsSeconds": {
    "approach": 2.48,
    "disturbance": 0.18,
    "post-disturbance": 0.02,
    "recovery": 5.96,
    "resume": 5.36
  }
}
