{
  "terms": {
    "survival": 10.0,
    "velocityTracking": 3.0448624288405246,
    "forwardProgress": 3.866554779092982,
    "upright": 1.7605629773127924,
    "lateralDrift": -0.038294835465794014,
    "transitionTracking": 1.0,
    "energy": -0.3057688995547918,
    "smoothness": -0.09851670253103749,
    "jointJerk": 0.0,
    "bodyAngularJerk": 0.0,
    "actionSlew": 0.0,
    "actuatorSaturation": -0.17845238095238097,
    "footSlip": 0.0,
    "footImpact": 0.0,
    "selfRighting": 100.0,
    "recoveryTime": -10.959999999998802,
    "jointLimitMargin": 0.05676392909022754,
    "componentMass": -3.015,
    "sensorChannels": -2.14,
    "trainingSteps": -0.08192
  },
  "total": 102.91079129583372
}
