{
  "count": 8192.000100000001,
  "mean": [
    0.09702257834671747,
    0.2968860620785036,
    -0.44600605739144994,
    -0.12300470896018195,
    0.33973031749983584,
    -0.4666908395414606,
    0.13557245926015138,
    0.19934456427775615,
    -0.5369854182565925,
    -0.16261587365533606,
    0.24737666806338307,
    -0.5478284340636453,
    -0.011786034855579618,
    0.014535390234042034,
    0.014102564332485754,
    0.006667947740961617,
    0.015441964420786136,
    0.01386128778345484,
    -0.0075339676131962185,
    0.020907464537162572,
    -0.012040983505193706,
    0.005150108740143961,
    0.021749678877452425,
    -0.012013080472691258,
    0.24653814795512616,
    0.5294598816110585,
    -0.10973588356779668,
    0.1946746899337802,
    -0.0716820261094042,
    -0.004227439248945441,
    0.03709651491428679,
    -0.005617960339935068,
    -0.007755235326893402,
    0.033557150903487896,
    -0.019405140964011584,
    -0.008222216759834654,
    0.026334040367244543,
    -0.01932910658084702,
    -0.0026542521203462084,
    -0.01609360216070637,
    0.7362969051391703,
    0.1907505066152436,
    -0.17225232093430104,
    -0.016131374742889792,
    -0.15327841769784317,
    -0.1633286940439583,
    0.00036534170696329773,
    0.04497144988932864,
    0.08514489801887934,
    0.6481002267241894,
    0.04526728296278837,
    0.0028743297410003814,
    0.6276590887275554,
    0.18760640007811163,
    -0.17185466718399747,
    -0.015806094621328627,
    -0.15726870417953775,
    -0.16174266419873684,
    -0.00017624104247201112,
    0.04165993144988109,
    0.086804862975384,
    0.6482090001889275,
    0.04250575977299154,
    0.0030233090947009754,
    0.6295064675545802,
    0.18616199255812327,
    -0.1658081643283322,
    -0.023408188835764336,
    -0.15938230211396887,
    -0.15915642857533663,
    -0.0022193528375463586,
    0.040014527339734075,
    0.08639111341747881,
    0.6520846285344173,
    0.04051273859952016,
    0.003084189440783199,
    0.6305446962856395,
    0.18724969100808375,
    -0.16714998428688427,
    -0.020124846736065564,
    -0.1583704787934908,
    -0.16054972706907072,
    -0.00025913715421236835,
    0.040623921409747875,
    0.08533443148402128,
    0.6548122534366738,
    0.04141235911218544,
    0.002210654388774374,
    0.633441739978158,
    0.19086091248028217,
    -0.17053607186156866,
    -0.017636490914401382,
    -0.15259970847056464,
    -0.16358322566579783,
    0.001335249154615236,
    0.04520387006028988,
    0.08378861332780252,
    0.6480638567835247,
    0.045802967357759114,
    0.0023312764331938135,
    0.6284290673230342,
    0.18977344528870527,
    -0.17440838412004533,
    -0.013561045115437317,
    -0.1546672940019365,
    -0.1637705556557968,
    0.0011293421391699052,
    0.043827054287478566,
    0.08605781481171088,
    0.648930306761524,
    0.044679006128485875,
    0.0038769708615663066,
    0.6285939247263251,
    0.18761349344059708,
    -0.16992146923888143,
    -0.018515979264276877,
    -0.1578365919707551,
    -0.16153087804284474,
    -0.0011746069323068226,
    0.04119284501850476,
    0.08792095642934071,
    0.6491168461291285,
    0.04205672090458347,
    0.0037515531983224526,
    0.6300956670773659,
    0.18718339066344217,
    -0.1681503486723122,
    -0.0206622273806452,
    -0.158802036755696,
    -0.15986026375910262,
    -0.0012822957149434967,
    0.0408446922442095,
    0.08705690669573615,
    0.65287552526434,
    0.041900367057637285,
    0.003884901046611779,
    0.6314111946683844,
    0.7253319170509954,
    0.13904296844684397,
    0.021972656854893996,
    0.03790283156856896,
    7.960392690244408,
    7.5291787705748145,
    9.510084627224524,
    9.76043854247019
  ],
  "variance": [
    0.028031956373216625,
    0.14617895947660442,
    0.07760446071206864,
    0.024970607860953193,
    0.09337929225094553,
    0.0933617656007473,
    0.03893037117059796,
    0.17193753052973273,
    0.032370891109749216,
    0.03366730805829586,
    0.12973259591292238,
    0.04684976442632779,
    13.533041403756194,
    16.3404306436016,
    38.782759542818056,
    13.32632389848616,
    16.175335910814283,
    38.78898192607042,
    15.102702975011875,
    16.0227165737074,
    34.496047342378866,
    14.933923802209375,
    16.199947370382553,
    34.44664452800097,
    0.026171530827823385,
    0.21299751376618592,
    0.24606483593255707,
    0.15633686672996625,
    0.049198159105688116,
    0.04698211803521537,
    0.04149732249946134,
    0.04650441239030056,
    4.859370827150369,
    1.1753522313420317,
    0.31028772304354635,
    4.651041083849582,
    1.134804351612816,
    0.28994644393568786,
    57.17075317954575,
    44.826141753051736,
    307.2543708794434,
    35.37525733391088,
    48.143198805541104,
    53.205569578965886,
    35.2434031797936,
    48.217627576522275,
    53.0380551091851,
    37.86347109675095,
    47.735528231560075,
    50.423271044570384,
    37.852270920271415,
    47.69658028091049,
    50.78218462949052,
    35.42932435870494,
    48.204861485964436,
    53.26501232554496,
    35.29156234018159,
    48.27851233767828,
    53.095944770687474,
    37.92005440005724,
    47.80214510460455,
    50.49406600825236,
    37.90825864697583,
    47.763181250150446,
    50.85374474389586,
    35.459065678126315,
    48.26392307469502,
    53.341052090695584,
    35.3218058432606,
    48.32862334200297,
    53.15578558087513,
    37.94791829028822,
    47.85640966319575,
    50.55826431069642,
    37.93926001604367,
    47.820210121470645,
    50.918778873953684,
    35.51440268657791,
    48.318088309125876,
    53.41074523446007,
    35.37885663733959,
    48.39612735448695,
    53.231352900052364,
    38.00296852255964,
    47.90146232677819,
    50.62111908875969,
    37.996515270504474,
    47.86233257889345,
    50.96837786371703,
    35.34019836343,
    48.110407486608835,
    53.15736213471721,
    35.2000897459237,
    48.17035886974513,
    52.98329623101806,
    37.83148568698395,
    47.68616483812932,
    50.37841742586002,
    37.816211935382114,
    47.66025607683587,
    50.75212766772468,
    35.38434896099122,
    48.15466685313103,
    53.22448851508949,
    35.25169902478145,
    48.23102773454625,
    53.05634164776423,
    37.87246820570502,
    47.75054214115747,
    50.441421050768504,
    37.86098986222408,
    47.71022361040692,
    50.79995730225204,
    35.431474963450945,
    48.217650279658166,
    53.286676866907015,
    35.29562082410754,
    48.28961639881778,
    53.11931815867014,
    37.92044395923183,
    47.81508660145878,
    50.50724168923605,
    37.91088382810173,
    47.77985333166723,
    50.87072024858191,
    35.4676105263723,
    48.27832349298356,
    53.361782775272964,
    35.33043813549023,
    48.34525705727687,
    53.17690316145548,
    37.95626979638291,
    47.869368350344445,
    50.578073011900614,
    37.94774010610342,
    47.83232792747263,
    50.93698145738197,
    0.19921104768820153,
    0.007020190433550561,
    0.002813113216969511,
    0.008039095458257987,
    483.51849195846313,
    498.2327640903615,
    563.5251106922627,
    651.7132142816735
  ]
}
