{
  "previous": {
    "assembly": "force-sensing",
    "controller": "force-aware-gait",
    "assemblyHash": "d89572552c790a7256a7fe23403e257b121aab1b617e4b133032638dcb972cea",
    "aggregateScore": 84.18923359354169,
    "cases": [
      {
        "case": {
          "id": "nominal",
          "task": "velocity-track",
          "scenario": "nominal",
          "seed": 42,
          "weight": 1
        },
        "metrics": {
          "durationSeconds": 2.999999999999891,
          "steps": 150,
          "survivalRate": 1,
          "fell": false,
          "meanVelocityTrackingError": 0.19504739041994468,
          "meanUpright": 0.9464749359328966,
          "meanEnergy": 1.3573273542439368,
          "meanSmoothness": 0.3728759655515629,
          "peakActuator": 6
        },
        "score": {
          "terms": {
            "survival": 50,
            "velocityTracking": 16.7357379802084,
            "upright": 18.929498718657932,
            "energy": -0.027146547084878736,
            "smoothness": -0.003728759655515629,
            "componentMass": -1.4275,
            "sensorChannels": -0.5,
            "trainingSteps": 0
          },
          "total": 83.70686139212593
        },
        "resultHash": "a6d927f75ad255dc85c4933e93c512ebf41d1c638f930fdec355a62c189ed79b"
      },
      {
        "case": {
          "id": "low-friction",
          "task": "velocity-track",
          "scenario": "low-friction",
          "seed": 43,
          "weight": 1.2
        },
        "metrics": {
          "durationSeconds": 2.999999999999891,
          "steps": 150,
          "survivalRate": 1,
          "fell": false,
          "meanVelocityTrackingError": 0.19504739041994468,
          "meanUpright": 0.9464749359328966,
          "meanEnergy": 1.3573273542439368,
          "meanSmoothness": 0.3728759655515629,
          "peakActuator": 6
        },
        "score": {
          "terms": {
            "survival": 50,
            "velocityTracking": 16.7357379802084,
            "upright": 18.929498718657932,
            "energy": -0.027146547084878736,
            "smoothness": -0.003728759655515629,
            "componentMass": -1.4275,
            "sensorChannels": -0.5,
            "trainingSteps": 0
          },
          "total": 83.70686139212593
        },
        "resultHash": "8b17df6eb216c1d7ed6ea0b42032c8364744bec333e8b3e0a6c49c57fe75c6e3"
      },
      {
        "case": {
          "id": "lateral-push",
          "task": "stand",
          "scenario": "lateral-push",
          "seed": 44,
          "weight": 1.5
        },
        "metrics": {
          "durationSeconds": 2.0000000000000013,
          "steps": 100,
          "survivalRate": 1,
          "fell": false,
          "meanVelocityTrackingError": 0.10565570014073962,
          "meanUpright": 0.9400373021244559,
          "meanEnergy": 2.969177721882318,
          "meanSmoothness": 0.5963387302394467,
          "peakActuator": 6
        },
        "score": {
          "terms": {
            "survival": 50,
            "velocityTracking": 18.088813721535722,
            "upright": 18.800746042489116,
            "energy": -0.05938355443764636,
            "smoothness": -0.005963387302394468,
            "componentMass": -1.4275,
            "sensorChannels": -0.5,
            "trainingSteps": 0
          },
          "total": 84.8967128222848
        },
        "resultHash": "21a3a943b9550e0f141fafbc334be79fecf6d712598065ac620a2596303b82b9"
      }
    ]
  },
  "candidate": {
    "assembly": "force-sensing",
    "controller": "force-aware-gait",
    "assemblyHash": "d89572552c790a7256a7fe23403e257b121aab1b617e4b133032638dcb972cea",
    "aggregateScore": 84.1932367008918,
    "cases": [
      {
        "case": {
          "id": "nominal",
          "task": "velocity-track",
          "scenario": "nominal",
          "seed": 42,
          "weight": 1
        },
        "metrics": {
          "durationSeconds": 2.999999999999891,
          "steps": 150,
          "survivalRate": 1,
          "fell": false,
          "meanVelocityTrackingError": 0.1953304886182291,
          "meanUpright": 0.9470963608976265,
          "meanEnergy": 1.4562248732504628,
          "meanSmoothness": 0.3561829991857251,
          "peakActuator": 6
        },
        "score": {
          "terms": {
            "survival": 50,
            "velocityTracking": 16.731774342273724,
            "upright": 18.94192721795253,
            "energy": -0.029124497465009256,
            "smoothness": -0.003561829991857251,
            "componentMass": -1.4275,
            "sensorChannels": -0.5,
            "trainingSteps": 0
          },
          "total": 83.71351523276938
        },
        "resultHash": "62ac09f293b58ba234f0f9efb571aa563b021fca6800734fce819adfadb8a2c3"
      },
      {
        "case": {
          "id": "low-friction",
          "task": "velocity-track",
          "scenario": "low-friction",
          "seed": 43,
          "weight": 1.2
        },
        "metrics": {
          "durationSeconds": 2.999999999999891,
          "steps": 150,
          "survivalRate": 1,
          "fell": false,
          "meanVelocityTrackingError": 0.1953304886182291,
          "meanUpright": 0.9470963608976265,
          "meanEnergy": 1.4562248732504628,
          "meanSmoothness": 0.3561829991857251,
          "peakActuator": 6
        },
        "score": {
          "terms": {
            "survival": 50,
            "velocityTracking": 16.731774342273724,
            "upright": 18.94192721795253,
            "energy": -0.029124497465009256,
            "smoothness": -0.003561829991857251,
            "componentMass": -1.4275,
            "sensorChannels": -0.5,
            "trainingSteps": 0
          },
          "total": 83.71351523276938
        },
        "resultHash": "0844c5f2a99752e329ed9ed6d709f8ce8267c19512ea9b7040ee89233be2c0d5"
      },
      {
        "case": {
          "id": "lateral-push",
          "task": "stand",
          "scenario": "lateral-push",
          "seed": 44,
          "weight": 1.5
        },
        "metrics": {
          "durationSeconds": 2.0000000000000013,
          "steps": 100,
          "survivalRate": 1,
          "fell": false,
          "meanVelocityTrackingError": 0.10568550359526493,
          "meanUpright": 0.9402154330717966,
          "meanEnergy": 3.1360466597792422,
          "meanSmoothness": 0.5585683209736375,
          "peakActuator": 6
        },
        "score": {
          "terms": {
            "survival": 50,
            "velocityTracking": 18.088326142440753,
            "upright": 18.804308661435932,
            "energy": -0.06272093319558485,
            "smoothness": -0.005585683209736375,
            "componentMass": -1.4275,
            "sensorChannels": -0.5,
            "trainingSteps": 0
          },
          "total": 84.89682818747137
        },
        "resultHash": "788f44d64bfe2e56bfbbbc31167afbef7cfec41ae8ebebf64212f3db837226c7"
      }
    ]
  },
  "delta": 0.004003107350115442,
  "gateReasons": []
}
