{
  "count": 8192.000100000001,
  "mean": [
    0.41027569312654905,
    0.05021216515569085,
    -1.3714511716813786,
    -0.4249926926995338,
    0.042094266969452176,
    -1.3673989922309222,
    0.44891867860584705,
    0.08903454714120883,
    -1.2520907546156348,
    -0.4588195638146944,
    0.07738277003032881,
    -1.2714195640958599,
    0.06001979567502361,
    -0.16378473643991026,
    -0.07144045051924243,
    -0.05901384419069608,
    -0.16762390240719283,
    -0.08440617703890946,
    0.06795726370695093,
    -0.1514141874022349,
    -0.011568017011900295,
    -0.07240314707188912,
    -0.15288805863210989,
    -0.02154609904223354,
    0.080783524038672,
    0.0763107114568527,
    0.011875173906025323,
    0.019073008044532415,
    -0.0004964207426304334,
    -0.00564805857667618,
    0.0023732092444078553,
    -0.012204037003829698,
    0.0005034165706623748,
    -0.0027819228201614553,
    -0.003014589607259347,
    -0.0012427028722320117,
    0.001749142340505991,
    -0.002661965368821661,
    0.10729520412018628,
    0.10655045387965745,
    -11.405248744989247,
    0.0,
    0.0,
    0.0,
    1.143631037421477,
    1.4886409142525734,
    8.991360775391561,
    9.051659848976373
  ],
  "variance": [
    0.027774976642400098,
    0.48500697843275814,
    0.16494364535544856,
    0.02564991945002412,
    0.4816000091129803,
    0.16351177194105776,
    0.031628723542998546,
    0.4309680376119834,
    0.17002330070451183,
    0.029880490408289738,
    0.43020603857868017,
    0.17304328045947584,
    8.613321252635835,
    18.330204290722275,
    30.876404557623673,
    8.697349873329177,
    18.190037346713183,
    30.62458482080285,
    8.614791368335721,
    16.900330998874256,
    27.444105653942046,
    8.727220099674044,
    16.60747650894971,
    26.354034144669626,
    0.0034290039946156853,
    0.043149802039188105,
    0.4590753873495459,
    0.49130941895281016,
    0.00013705847263545217,
    0.011259001752988298,
    0.009806002256835712,
    0.06137839046091635,
    1.4389780722688028,
    0.5643000905193296,
    0.07713736458088621,
    1.3518033295698084,
    0.56733396976316,
    0.07289595054842458,
    207.2806281385622,
    17.376841174628996,
    102.05194720794317,
    1e-06,
    1e-06,
    1e-06,
    62.84663763453493,
    73.15265047045898,
    576.8779025133657,
    570.0417780011288
  ]
}
